WigleWifi-1.6,appRelease=2.111,model=RMX3461,release=13,device=RE54BFL1,display=RMX3461_13.1.0.100(EX01),board=lahaina,brand=realme,star=Sol,body=3,subBody=0
MAC,SSID,AuthMode,FirstSeen,Channel,Frequency,RSSI,CurrentLatitude,CurrentLongitude,AltitudeMeters,AccuracyMeters,RCOIs,MfgrId,Type
3c:78:95:cc:28:7e,"barak_library ",[WPA2-PSK-CCMP][RSN-PSK-CCMP][ESS][WPS],2026-09-26 08:11:21,4,2427,-71,26.188918005890102,91.70188192753096,6.270416259765625,4.0098137855529785,,,WIFI
ec:75:0c:e4:4e:f8,remotephotoplethysmography,[WPA2-PSK-CCMP][RSN-PSK-CCMP][ESS][WPS],2026-09-26 08:11:21,3,2422,-74,26.188918005890102,91.70188192753096,6.270416259765625,4.0098137855529785,,,WIFI
e6:6a:6a:39:af:8d,DIRECT-L6DESKTOP-1O1QS8SmsHE,[WPA2-PSK-CCMP][RSN-PSK-CCMP][ESS][WPS],2026-09-26 08:11:21,157,5785,-86,26.188918005890102,91.70188192753096,6.270416259765625,4.0098137855529785,,,WIFI
40:86:cb:27:5f:04,DIR-615-5F03,[WPA2-PSK-CCMP][RSN-PSK-CCMP][ESS],2026-09-26 08:11:21,1,2412,-72,26.188918005890102,91.70188192753096,6.270416259765625,4.0098137855529785,,,WIFI
d0:32:c3:2e:d5:6b,DIR-615-D56A,[WPA2-PSK-CCMP][RSN-PSK-CCMP][ESS],2026-09-26 08:11:21,1,2412,-73,26.188918005890102,91.70188192753096,6.270416259765625,4.0098137855529785,,,WIFI
c8:78:7d:6e:30:dd,MN,[WPA2-PSK-CCMP][RSN-PSK-CCMP][ESS],2026-09-26 08:11:21,1,2412,-83,26.188918005890102,91.70188192753096,6.270416259765625,4.0098137855529785,,,WIFI
bc:22:28:45:5f:b4,Benstoke,[WPA-PSK-TKIP+CCMP][WPA2-PSK-TKIP+CCMP][RSN-PSK-TKIP+CCMP][ESS][WPS],2026-09-26 08:11:21,8,2447,-68,26.188918005890102,91.70188192753096,6.270416259765625,4.0098137855529785,,,WIFI
a0:47:d7:32:67:c8,Way_Of_White,[WPA-PSK-CCMP][WPA2-PSK-CCMP][RSN-PSK-CCMP][ESS],2026-09-26 08:11:21,6,2437,-83,26.188918005890102,91.70188192753096,6.270416259765625,4.0098137855529785,,,WIFI
40:86:cb:28:40:6c,Office,[WPA2-PSK-CCMP][RSN-PSK-CCMP][ESS],2026-09-26 08:11:21,1,2412,-81,26.188918005890102,91.70188192753096,6.270416259765625,4.0098137855529785,,,WIFI
bc:22:28:43:8f:90,bhang bhosda,[WPA-PSK-TKIP+CCMP][WPA2-PSK-TKIP+CCMP][RSN-PSK-TKIP+CCMP][ESS][WPS],2026-09-26 08:11:28,10,2457,-72,26.18896349560381,91.70196897768733,9.14080810546875,3.7900924682617188,,,WIFI
7e:78:95:cc:28:7e,,[WPA2-PSK-CCMP][RSN-PSK-CCMP][ESS],2026-09-26 08:11:28,4,2427,-78,26.18896349560381,91.70196897768733,9.14080810546875,3.7900924682617188,,,WIFI
64:29:43:99:fd:96,HatsuneSignal,[WPA2-PSK-CCMP][RSN-PSK-CCMP][ESS],2026-09-26 08:11:31,6,2437,-73,26.18899402612205,91.70195833533234,10.310821533203125,4.0631303787231445,,,WIFI
c4:e9:0a:6d:90:fc,Vikrant,[WPA-PSK-CCMP][WPA2-PSK-CCMP][RSN-PSK-CCMP][ESS],2026-09-26 08:11:31,6,2437,-78,26.18899402612205,91.70195833533234,10.310821533203125,4.0631303787231445,,,WIFI
3c:78:95:cc:28:7f,"barak_library ",[WPA2-PSK-CCMP][RSN-PSK-CCMP][ESS][WPS],2026-09-26 08:11:31,149,5745,-84,26.18899402612205,91.70195833533234,10.310821533203125,4.0631303787231445,,,WIFI
c2:07:1d:66:c1:58,IITG_CONNECT,[WPA2-EAP/SHA1+FT/EAP-CCMP][RSN-EAP/SHA1+FT/EAP-CCMP][ESS],2026-09-26 08:11:31,1,2412,-71,26.18899402612205,91.70195833533234,10.310821533203125,4.0631303787231445,,,WIFI
64:29:43:99:78:4a,R03-7849,[WPA2-PSK-CCMP][RSN-PSK-CCMP][ESS],2026-09-26 08:11:31,4,2427,-70,26.18899402612205,91.70195833533234,10.310821533203125,4.0631303787231445,,,WIFI
04:d5:90:66:f9:80,eduroam,[WPA2-EAP/SHA1-CCMP][RSN-EAP/SHA1-CCMP][ESS],2026-09-26 08:11:31,11,2462,-87,26.18899402612205,91.70195833533234,10.310821533203125,4.0631303787231445,,,WIFI
40:3f:8c:99:1d:ac,larry,[WPA2-PSK-CCMP][RSN-PSK-CCMP][ESS][WPS],2026-09-26 08:11:31,149,5745,-80,26.18899402612205,91.70195833533234,10.310821533203125,4.0631303787231445,,,WIFI
04:d5:90:66:f9:89,IITG_CONNECT,[WPA2-EAP/SHA1-CCMP][RSN-EAP/SHA1-CCMP][ESS],2026-09-26 08:11:31,36,5180,-86,26.18899402612205,91.70195833533234,10.310821533203125,4.0631303787231445,,,WIFI
04:d5:90:66:f9:88,eduroam,[WPA2-EAP/SHA1-CCMP][RSN-EAP/SHA1-CCMP][ESS],2026-09-26 08:11:31,36,5180,-86,26.18899402612205,91.70195833533234,10.310821533203125,4.0631303787231445,,,WIFI
40:ae:30:2d:01:9a,Star,[WPA2-PSK-TKIP+CCMP][RSN-PSK-TKIP+CCMP][ESS][WPS],2026-09-26 08:11:38,3,2422,-70,26.189079717719203,91.7019333541255,11.31414794921875,3.7900924682617188,,,WIFI
64:29:43:99:fd:96,HatsuneSignal,[WPA2-PSK-CCMP][RSN-PSK-CCMP][ESS],2026-09-26 08:11:38,6,2437,-66,26.189079717719203,91.7019333541255,11.31414794921875,3.7900924682617188,,,WIFI
c2:07:1d:66:c8:9e,IITG_CONNECT,[WPA2-EAP/SHA1+FT/EAP-CCMP][RSN-EAP/SHA1+FT/EAP-CCMP][ESS],2026-09-26 08:11:38,11,2462,-77,26.189079717719203,91.7019333541255,11.31414794921875,3.7900924682617188,,,WIFI
98:ba:5f:0b:ca:03,TP-Link_CA01,[WPA2-PSK-CCMP][RSN-PSK+SAE-CCMP][ESS][WPS][MFPC],2026-09-26 08:11:38,157,5785,-71,26.189079717719203,91.7019333541255,11.31414794921875,3.7900924682617188,,,WIFI
c2:07:1d:66:bf:5a,IITG_CONNECT,[WPA2-EAP/SHA1+FT/EAP-CCMP][RSN-EAP/SHA1+FT/EAP-CCMP][ESS],2026-09-26 08:11:38,11,2462,-74,26.189079717719203,91.7019333541255,11.31414794921875,3.7900924682617188,,,WIFI
c2:07:1d:66:bf:5b,IITG_CONNECT,[WPA2-EAP/SHA1+FT/EAP-CCMP][RSN-EAP/SHA1+FT/EAP-CCMP][ESS],2026-09-26 08:11:38,161,5805,-84,26.189079717719203,91.7019333541255,11.31414794921875,3.7900924682617188,,,WIFI
40:86:cb:7a:a3:80,ItHurtsWhenIP,[WPA2-PSK-CCMP][RSN-PSK-CCMP][ESS][WPS],2026-09-26 08:11:47,13,2472,-75,26.189173012984536,91.70189473551973,14.23699951171875,3.7900924682617188,,,WIFI
28:87:ba:9f:d1:7c,TP-Link_D17D_5G,[WPA2-PSK-CCMP][RSN-PSK-CCMP][ESS][WPS],2026-09-26 08:11:47,149,5745,-76,26.189173012984536,91.70189473551973,14.23699951171875,3.7900924682617188,,,WIFI
e6:6a:6a:39:af:8d,DIRECT-L6DESKTOP-1O1QS8SmsHE,[WPA2-PSK-CCMP][RSN-PSK-CCMP][ESS][WPS],2026-09-26 08:11:47,157,5785,-78,26.189173012984536,91.70189473551973,14.23699951171875,3.7900924682617188,,,WIFI
98:ba:5f:0b:ca:01,TP-Link_CA01,[WPA2-PSK-CCMP][RSN-PSK+SAE-CCMP][ESS][WPS][MFPC],2026-09-26 08:11:47,8,2447,-65,26.189173012984536,91.70189473551973,14.23699951171875,3.7900924682617188,,,WIFI
f2:75:0c:7c:d0:ff,IITG_CONNECT,[WPA2-EAP/SHA1+FT/EAP-CCMP][RSN-EAP/SHA1+FT/EAP-CCMP][ESS],2026-09-26 08:11:47,36,5180,-86,26.189173012984536,91.70189473551973,14.23699951171875,3.7900924682617188,,,WIFI
64:29:43:99:7a:1a,Barbie,[WPA2-PSK-CCMP][RSN-PSK-CCMP][ESS],2026-09-26 08:11:47,5,2432,-66,26.189173012984536,91.70189473551973,14.23699951171875,3.7900924682617188,,,WIFI
c2:07:1d:66:c8:9f,IITG_CONNECT,[WPA2-EAP/SHA1+FT/EAP-CCMP][RSN-EAP/SHA1+FT/EAP-CCMP][ESS],2026-09-26 08:11:47,161,5805,-83,26.189173012984536,91.70189473551973,14.23699951171875,3.7900924682617188,,,WIFI
3c:78:95:cc:28:7e,"barak_library ",[WPA2-PSK-CCMP][RSN-PSK-CCMP][ESS][WPS],2026-09-26 08:11:59,4,2427,-65,26.189298569581428,91.70188426779764,14.114013671875,3.7900924682617188,,,WIFI
c2:07:1d:66:c8:25,IITG_CONNECT,[WPA2-EAP/SHA1+FT/EAP-CCMP][RSN-EAP/SHA1+FT/EAP-CCMP][ESS],2026-09-26 08:11:59,48,5240,-87,26.189298569581428,91.70188426779764,14.114013671875,3.7900924682617188,,,WIFI
3c:6a:d2:4e:9d:94,Lanja-Wifi,[WPA2-PSK-CCMP][RSN-PSK-CCMP][ESS][WPS],2026-09-26 08:11:59,2,2417,-80,26.189298569581428,91.70188426779764,14.114013671875,3.7900924682617188,,,WIFI
f2:75:0c:7c:d1:15,IITG_CONNECT,[WPA2-EAP/SHA1+FT/EAP-CCMP][RSN-EAP/SHA1+FT/EAP-CCMP][ESS],2026-09-26 08:11:59,153,5765,-86,26.189298569581428,91.70188426779764,14.114013671875,3.7900924682617188,,,WIFI
c4:e9:0a:ce:a7:e7,Bhai log ke liye ^_^,[ESS][WPS],2026-09-26 08:11:59,7,2442,-79,26.189298569581428,91.70188426779764,14.114013671875,3.7900924682617188,,,WIFI
40:86:cb:28:40:6c,Office,[WPA2-PSK-CCMP][RSN-PSK-CCMP][ESS],2026-09-26 08:11:59,1,2412,-70,26.189298569581428,91.70188426779764,14.114013671875,3.7900924682617188,,,WIFI
405855_5_4870848512,Assam,NR;405855,2026-09-26 08:11:59,634080,634080,-85,26.189298569581428,91.70188426779764,14.114013671875,3.7900924682617188,,,NR
56:4e:c5:23:9e:1d,LAPTOP-T04CAJGT,Uncategorized;10,2026-09-26 08:12:03,,7936,-102,26.18931021717202,91.70188615648911,14.4830322265625,4.433391094207764,,,BLE
32:6c:69:42:03:a2,,Uncategorized;10,2026-09-26 08:12:04,,7936,-97,26.18931047145725,91.70188548775974,14.59228515625,4.706908702850342,,,BLE
6e:fe:76:c5:8e:e4,LAPTOP-5TDTU01O,Uncategorized;10,2026-09-26 08:12:04,,7936,-77,26.18931047145725,91.70188548775974,14.59228515625,4.706908702850342,,,BLE
6f:69:eb:97:c7:aa,,Uncategorized;10,2026-09-26 08:12:04,,7936,-94,26.18931047145725,91.70188548775974,14.59228515625,4.706908702850342,,,BLE
4e:77:cc:9d:c6:4d,,Uncategorized;10,2026-09-26 08:12:05,,7936,-80,26.189310099172445,91.70188516320108,14.482666015625,5.143039703369141,,,BLE
7f:33:4d:83:f5:a7,,Uncategorized;10,2026-09-26 08:12:05,,7936,-83,26.189310099172445,91.70188516320108,14.482666015625,5.143039703369141,,,BLE
5c:58:9c:3e:22:5f,,Uncategorized;10,2026-09-26 08:12:05,,7936,-102,26.189310099172445,91.70188516320108,14.482666015625,5.143039703369141,,,BLE
03:75:88:86:87:dc,,Uncategorized;10,2026-09-26 08:12:05,,7936,-91,26.189310099172445,91.70188516320108,14.482666015625,5.143039703369141,,,BLE
13:a5:41:8c:02:3d,,Uncategorized;10,2026-09-26 08:12:05,,7936,-97,26.189310099172445,91.70188516320108,14.482666015625,5.143039703369141,,,BLE
02:17:67:0a:50:20,,Misc,2026-09-26 08:12:09,,,-92,26.189340144170213,91.701896414547,16.47918701171875,4.6147236824035645,,,BLE
6e:fe:76:c5:8e:e4,LAPTOP-5TDTU01O,Uncategorized;10,2026-09-26 08:12:09,,7936,-87,26.189340144170213,91.701896414547,16.47918701171875,4.6147236824035645,,6,BLE
7f:33:4d:83:f5:a7,,Uncategorized;10,2026-09-26 08:12:09,,7936,-80,26.189340144170213,91.701896414547,16.47918701171875,4.6147236824035645,,76,BLE
5c:58:9c:3e:22:5f,,Uncategorized;10,2026-09-26 08:12:09,,7936,-105,26.189340144170213,91.701896414547,16.47918701171875,4.6147236824035645,,76,BLE
62:a0:d9:08:2d:48,realme Buds Air7,Uncategorized,2026-09-26 08:12:09,,7936,-96,26.189340144170213,91.701896414547,16.47918701171875,4.6147236824035645,,,BLE
1a:47:c1:10:21:af,,Misc,2026-09-26 08:12:09,,,-91,26.189340144170213,91.701896414547,16.47918701171875,4.6147236824035645,,6,BLE
c8:db:8e:63:2a:c6,,Misc,2026-09-26 08:12:09,,,-96,26.189340144170213,91.701896414547,16.47918701171875,4.6147236824035645,,76,BLE
00:b5:a8:02:0c:3e,,Misc,2026-09-26 08:12:09,,,-101,26.189340144170213,91.701896414547,16.47918701171875,4.6147236824035645,,,BLE
18:d8:7d:d1:1f:10,,Misc,2026-09-26 08:12:09,,,-88,26.189340144170213,91.701896414547,16.47918701171875,4.6147236824035645,,6,BLE
5d:9e:24:c1:c6:f0,,Misc,2026-09-26 08:12:09,,7936,-90,26.189340144170213,91.701896414547,16.47918701171875,4.6147236824035645,,76,BLE
2f:a2:f6:1d:0b:f8,,Misc,2026-09-26 08:12:09,,,-85,26.189340144170213,91.701896414547,16.47918701171875,4.6147236824035645,,6,BLE
6c:0f:0a:2e:5b:f2,,Misc,2026-09-26 08:12:09,,,-84,26.189340144170213,91.701896414547,16.47918701171875,4.6147236824035645,,76,BLE
e4:41:17:78:20:a9,,Misc,2026-09-26 08:12:09,,,-102,26.189340144170213,91.701896414547,16.47918701171875,4.6147236824035645,,76,BLE
43:28:8b:a7:d5:76,,Misc,2026-09-26 08:12:09,,,-104,26.189340144170213,91.701896414547,16.47918701171875,4.6147236824035645,,,BLE
4e:77:cc:9d:c6:4d,,Uncategorized;10,2026-09-26 08:12:09,,7936,-80,26.189340144170213,91.701896414547,16.47918701171875,4.6147236824035645,,1946,BLE
25:52:7b:dd:76:1c,,Misc,2026-09-26 08:12:09,,,-101,26.189340144170213,91.701896414547,16.47918701171875,4.6147236824035645,,6,BLE
30:ed:f6:90:e1:1f,,Misc,2026-09-26 08:12:09,,7936,-103,26.189340144170213,91.701896414547,16.47918701171875,4.6147236824035645,,,BLE
0c:03:61:38:18:80,,Misc,2026-09-26 08:12:09,,7936,-104,26.189340144170213,91.701896414547,16.47918701171875,4.6147236824035645,,,BLE
80:c3:ba:a6:42:ae,MOMENTUM 4,Uncategorized,2026-09-26 08:12:09,,7936,-102,26.189340144170213,91.701896414547,16.47918701171875,4.6147236824035645,,,BLE
7f:01:00:a8:1f:81,,Misc,2026-09-26 08:12:09,,,-93,26.189340144170213,91.701896414547,16.47918701171875,4.6147236824035645,,,BLE
56:4e:c5:23:9e:1d,LAPTOP-T04CAJGT,Uncategorized;10,2026-09-26 08:12:09,,7936,-93,26.189340144170213,91.701896414547,16.47918701171875,4.6147236824035645,,,BLE
32:6c:69:42:03:a2,,Uncategorized;10,2026-09-26 08:12:09,,7936,-92,26.189340144170213,91.701896414547,16.47918701171875,4.6147236824035645,,,BLE
98:47:44:a4:1c:25,realme Buds T310,Uncategorized,2026-09-26 08:12:09,,7936,-50,26.189340144170213,91.701896414547,16.47918701171875,4.6147236824035645,,41992,BLE
04:8d:03:13:67:dd,,Misc,2026-09-26 08:12:09,,,-89,26.189340144170213,91.701896414547,16.47918701171875,4.6147236824035645,,6,BLE
0a:56:90:76:cc:b2,,Misc,2026-09-26 08:12:09,,,-99,26.189340144170213,91.701896414547,16.47918701171875,4.6147236824035645,,,BLE
55:64:92:48:6a:79,realme,Uncategorized,2026-09-26 08:12:09,,7936,-103,26.189340144170213,91.701896414547,16.47918701171875,4.6147236824035645,,,BLE
0c:73:d2:8d:1e:92,,Misc,2026-09-26 08:12:09,,,-93,26.189340144170213,91.701896414547,16.47918701171875,4.6147236824035645,,,BLE
0d:13:67:aa:ff:94,,Misc,2026-09-26 08:12:09,,,-87,26.189340144170213,91.701896414547,16.47918701171875,4.6147236824035645,,6,BLE
6e:fe:76:c5:8e:e4,LAPTOP-5TDTU01O,Uncategorized;10,2026-09-26 08:12:09,,7936,-78,26.189340144170213,91.701896414547,16.47918701171875,4.6147236824035645,,6,BLE
80:32:53:02:90:58,DESKTOP-TOHCBK9,Laptop;10,2026-09-26 08:12:09,,268,0,26.189340144170213,91.701896414547,16.47918701171875,4.6147236824035645,,,BT
79:a5:ed:42:2f:bb,,Uncategorized;10,2026-09-26 08:12:09,,7936,-91,26.189340144170213,91.701896414547,16.47918701171875,4.6147236824035645,,,BLE
03:75:88:86:87:dc,,Uncategorized;10,2026-09-26 08:12:09,,7936,-83,26.189340144170213,91.701896414547,16.47918701171875,4.6147236824035645,,,BLE
5d:9e:24:c1:c6:f0,,Misc,2026-09-26 08:12:09,,7936,-81,26.189340144170213,91.701896414547,16.47918701171875,4.6147236824035645,,76,BLE
30:ed:f6:90:e1:1f,,Misc,2026-09-26 08:12:09,,7936,-94,26.189340144170213,91.701896414547,16.47918701171875,4.6147236824035645,,,BLE
13:a5:41:8c:02:3d,,Uncategorized;10,2026-09-26 08:12:09,,7936,-91,26.189340144170213,91.701896414547,16.47918701171875,4.6147236824035645,,,BLE
03:85:d1:20:c6:2d,,Uncategorized;10,2026-09-26 08:12:09,,7936,-99,26.189340144170213,91.701896414547,16.47918701171875,4.6147236824035645,,,BLE
3c:78:95:cc:28:7e,"barak_library ",[WPA2-PSK-CCMP][RSN-PSK-CCMP][ESS][WPS],2026-09-26 08:12:10,4,2427,-55,26.18934696361139,91.70189626638839,16.2845458984375,4.48068904876709,,,WIFI
04:d5:90:66:e4:b8,eduroam,[WPA2-EAP/SHA1-CCMP][RSN-EAP/SHA1-CCMP][ESS],2026-09-26 08:12:10,36,5180,-85,26.18934696361139,91.70189626638839,16.2845458984375,4.48068904876709,,,WIFI
e6:6a:6a:39:af:8d,DIRECT-L6DESKTOP-1O1QS8SmsHE,[WPA2-PSK-CCMP][RSN-PSK-CCMP][ESS][WPS],2026-09-26 08:12:10,157,5785,-69,26.18934696361139,91.70189626638839,16.2845458984375,4.48068904876709,,,WIFI
b2:7d:07:1c:e8:ac,"ONE PLUS 13 ",[WPA2-PSK-CCMP][RSN-PSK-CCMP][ESS],2026-09-26 08:12:10,36,5180,-82,26.18934696361139,91.70189626638839,16.2845458984375,4.48068904876709,,,WIFI
3c:78:95:cc:28:7f,"barak_library ",[WPA2-PSK-CCMP][RSN-PSK-CCMP][ESS][WPS],2026-09-26 08:12:10,149,5745,-67,26.18934696361139,91.70189626638839,16.2845458984375,4.48068904876709,,,WIFI
04:d5:90:66:f9:81,IITG_CONNECT,[WPA2-EAP/SHA1-CCMP][RSN-EAP/SHA1-CCMP][ESS],2026-09-26 08:12:10,11,2462,-49,26.18934696361139,91.70189626638839,16.2845458984375,4.48068904876709,,,WIFI
04:d5:90:66:f9:80,eduroam,[WPA2-EAP/SHA1-CCMP][RSN-EAP/SHA1-CCMP][ESS],2026-09-26 08:12:10,11,2462,-54,26.18934696361139,91.70189626638839,16.2845458984375,4.48068904876709,,,WIFI
04:d5:90:66:f9:89,IITG_CONNECT,[WPA2-EAP/SHA1-CCMP][RSN-EAP/SHA1-CCMP][ESS],2026-09-26 08:12:10,36,5180,-60,26.18934696361139,91.70189626638839,16.2845458984375,4.48068904876709,,,WIFI
7e:78:95:cc:28:7e,,[WPA2-PSK-CCMP][RSN-PSK-CCMP][ESS],2026-09-26 08:12:10,4,2427,-54,26.18934696361139,91.70189626638839,16.2845458984375,4.48068904876709,,,WIFI
04:d5:90:66:f9:88,eduroam,[WPA2-EAP/SHA1-CCMP][RSN-EAP/SHA1-CCMP][ESS],2026-09-26 08:12:10,36,5180,-61,26.18934696361139,91.70189626638839,16.2845458984375,4.48068904876709,,,WIFI
32:6c:69:42:03:a2,,Uncategorized;10,2026-09-26 08:12:10,,7936,-82,26.18934696361139,91.70189626638839,16.2845458984375,4.48068904876709,,,BLE
56:4e:c5:23:9e:1d,LAPTOP-T04CAJGT,Uncategorized;10,2026-09-26 08:12:11,,7936,-88,26.189356624895687,91.70189528989656,16.5863037109375,4.592385292053223,,,BLE
7e:6a:4e:23:1f:85,,Uncategorized;10,2026-09-26 08:12:11,,7936,-89,26.189356624895687,91.70189528989656,16.5863037109375,4.592385292053223,,,BLE
a8:ef:5f:98:bb:bc,realme C65 5G,Smartphone;10,2026-09-26 08:12:12,,524,-79,26.189362004934996,91.70189421791795,17.289306640625,5.118881702423096,,,BT
09:df:9f:9f:c2:82,,Uncategorized;10,2026-09-26 08:12:12,,7936,-97,26.189362004934996,91.70189421791795,17.289306640625,5.118881702423096,,,BLE
50:a5:48:dc:41:80,,Uncategorized;10,2026-09-26 08:12:13,,7936,-90,26.189366197287907,91.70189546383506,17.32659912109375,5.351309776306152,,,BLE
00:13:fe:3f:63:cf,,Uncategorized;10,2026-09-26 08:12:13,,7936,-92,26.189366197287907,91.70189546383506,17.32659912109375,5.351309776306152,,,BLE
0c:03:61:38:18:80,,Misc,2026-09-26 08:12:13,,7936,-93,26.189366197287907,91.70189546383506,17.32659912109375,5.351309776306152,,,BLE
5b:2d:1b:07:4a:a4,,Uncategorized;10,2026-09-26 08:12:13,,7936,-96,26.189366197287907,91.70189546383506,17.32659912109375,5.351309776306152,,,BLE
c2:50:67:49:df:e7,JBL Tune 770NC-LE,Uncategorized,2026-09-26 08:12:14,,7936,-99,26.18937187104024,91.70189959821325,17.891845703125,5.169558525085449,,,BLE
49:54:33:e2:83:bf,,Misc,2026-09-26 08:12:14,,,-99,26.18937187104024,91.70189959821325,17.891845703125,5.169558525085449,,,BLE
d0:48:92:cd:b9:d7,,Misc,2026-09-26 08:12:14,,,-104,26.18937187104024,91.70189959821325,17.891845703125,5.169558525085449,,,BLE
6c:fd:d7:a6:8f:d2,realme Buds T310-GFP,Uncategorized,2026-09-26 08:12:14,,7936,-94,26.18937187104024,91.70189959821325,17.891845703125,5.169558525085449,,,BLE
60:4e:c0:a0:00:34,OnePlus Buds 3,Uncategorized,2026-09-26 08:12:14,,7936,-100,26.18937187104024,91.70189959821325,17.891845703125,5.169558525085449,,,BLE
c2:50:67:49:df:e7,JBL Tune 770NC-LE,Uncategorized,2026-09-26 08:12:14,,7936,-92,26.18937187104024,91.70189959821325,17.891845703125,5.169558525085449,,,BLE
63:cc:a8:9c:f3:89,,Misc,2026-09-26 08:12:14,,,-99,26.18937187104024,91.70189959821325,17.891845703125,5.169558525085449,,76,BLE
79:a5:ed:42:2f:bb,,Uncategorized;10,2026-09-26 08:12:14,,7936,-91,26.18937187104024,91.70189959821325,17.891845703125,5.169558525085449,,76,BLE
6c:fd:d7:76:86:6c,realme Buds T310-GFP,Uncategorized,2026-09-26 08:12:14,,7936,-82,26.18937187104024,91.70189959821325,17.891845703125,5.169558525085449,,,BLE
25:52:7b:dd:76:1c,,Misc,2026-09-26 08:12:14,,,-91,26.18937187104024,91.70189959821325,17.891845703125,5.169558525085449,,6,BLE
00:b5:a8:02:0c:3e,,Misc,2026-09-26 08:12:14,,,-94,26.18937187104024,91.70189959821325,17.891845703125,5.169558525085449,,,BLE
64:6d:90:61:ec:8f,OnePlus Nord Buds 3 Pro,Misc,2026-09-26 08:12:14,,,-102,26.18937187104024,91.70189959821325,17.891845703125,5.169558525085449,,,BLE
50:a5:48:dc:41:80,,Uncategorized;10,2026-09-26 08:12:14,,7936,-90,26.18937187104024,91.70189959821325,17.891845703125,5.169558525085449,,76,BLE
0d:13:67:aa:ff:94,,Misc,2026-09-26 08:12:14,,,-78,26.18937187104024,91.70189959821325,17.891845703125,5.169558525085449,,6,BLE
04:8d:03:13:67:dd,,Misc,2026-09-26 08:12:14,,,-84,26.18937187104024,91.70189959821325,17.891845703125,5.169558525085449,,6,BLE
4c:f0:44:9d:9f:c8,,Misc,2026-09-26 08:12:14,,,-98,26.18937187104024,91.70189959821325,17.891845703125,5.169558525085449,,76,BLE
54:ae:f4:4b:90:a3,,Misc,2026-09-26 08:12:14,,,-97,26.18937187104024,91.70189959821325,17.891845703125,5.169558525085449,,6,BLE
6f:69:eb:97:c7:aa,,Uncategorized;10,2026-09-26 08:12:14,,7936,-91,26.18937187104024,91.70189959821325,17.891845703125,5.169558525085449,,76,BLE
01:06:38:38:0c:fd,,Misc,2026-09-26 08:12:14,,,-97,26.18937187104024,91.70189959821325,17.891845703125,5.169558525085449,,,BLE
06:81:c4:45:0d:80,,Misc,2026-09-26 08:12:14,,,-96,26.18937187104024,91.70189959821325,17.891845703125,5.169558525085449,,,BLE
25:f1:9f:21:8e:83,,Misc,2026-09-26 08:12:14,,,-99,26.18937187104024,91.70189959821325,17.891845703125,5.169558525085449,,,BLE
3f:34:28:12:98:75,,Misc,2026-09-26 08:12:14,,,-104,26.18937187104024,91.70189959821325,17.891845703125,5.169558525085449,,,BLE
05:83:b1:e8:9a:80,,Misc,2026-09-26 08:12:14,,,-104,26.18937187104024,91.70189959821325,17.891845703125,5.169558525085449,,,BLE
0a:56:90:76:cc:b2,,Misc,2026-09-26 08:12:14,,,-91,26.18937187104024,91.70189959821325,17.891845703125,5.169558525085449,,,BLE
e5:4e:c2:6b:91:fd,,Misc,2026-09-26 08:12:14,,,-94,26.18937187104024,91.70189959821325,17.891845703125,5.169558525085449,,76,BLE
5b:2d:1b:07:4a:a4,,Uncategorized;10,2026-09-26 08:12:14,,7936,-96,26.18937187104024,91.70189959821325,17.891845703125,5.169558525085449,,76,BLE
84:9d:4b:86:13:5e,realme Buds T310,Uncategorized,2026-09-26 08:12:14,,7936,-96,26.18937187104024,91.70189959821325,17.891845703125,5.169558525085449,,41992,BLE
74:e0:fe:6d:76:1e,,Misc,2026-09-26 08:12:14,,7936,-104,26.18937187104024,91.70189959821325,17.891845703125,5.169558525085449,,76,BLE
20:71:d2:32:48:87,,Misc,2026-09-26 08:12:14,,,-101,26.18937187104024,91.70189959821325,17.891845703125,5.169558525085449,,6,BLE
55:64:92:48:6a:79,realme,Uncategorized,2026-09-26 08:12:14,,7936,-94,26.18937187104024,91.70189959821325,17.891845703125,5.169558525085449,,,BLE
48:9b:e0:34:4e:56,YES,Smartphone;10,2026-09-26 08:12:14,,524,-74,26.18937187104024,91.70189959821325,17.891845703125,5.169558525085449,,,BT
52:c8:80:e4:6b:9b,,Uncategorized;10,2026-09-26 08:12:15,,7936,-105,26.189377429384972,91.70189944947428,17.90545654296875,4.864834785461426,,,BLE
18:9c:2c:65:d7:58,,Uncategorized;10,2026-09-26 08:12:15,,7936,-94,26.189377429384972,91.70189944947428,17.90545654296875,4.864834785461426,,,BLE
6d:a5:3e:63:f3:93,,Uncategorized;10,2026-09-26 08:12:15,,7936,-102,26.189377429384972,91.70189944947428,17.90545654296875,4.864834785461426,,,BLE
72:c5:56:55:e7:ef,,Uncategorized;10,2026-09-26 08:12:16,,7936,-98,26.18938312665008,91.70190107831263,17.78802490234375,4.542119979858398,,,BLE
4e:2a:0c:80:0a:f7,OnePlus Nord Buds 3r,Misc,2026-09-26 08:12:19,,,-96,26.18939243622294,91.70190365599119,18.48004150390625,4.087617874145508,,,BLE
28:bd:ce:ae:69:2d,,Misc,2026-09-26 08:12:19,,,-101,26.18939243622294,91.70190365599119,18.48004150390625,4.087617874145508,,6,BLE
03:75:88:86:87:dc,,Uncategorized;10,2026-09-26 08:12:19,,7936,-70,26.18939243622294,91.70190365599119,18.48004150390625,4.087617874145508,,,BLE
88:0e:85:dc:bb:19,realme Buds T310,Uncategorized,2026-09-26 08:12:19,,7936,-89,26.18939243622294,91.70190365599119,18.48004150390625,4.087617874145508,,41992,BLE
7f:33:4d:83:f5:a7,,Uncategorized;10,2026-09-26 08:12:19,,7936,-72,26.18939243622294,91.70190365599119,18.48004150390625,4.087617874145508,,76,BLE
6e:fe:76:c5:8e:e4,LAPTOP-5TDTU01O,Uncategorized;10,2026-09-26 08:12:19,,7936,-67,26.18939243622294,91.70190365599119,18.48004150390625,4.087617874145508,,6,BLE
32:6c:69:42:03:a2,,Uncategorized;10,2026-09-26 08:12:19,,7936,-77,26.18939243622294,91.70190365599119,18.48004150390625,4.087617874145508,,,BLE
55:64:92:48:6a:79,realme,Uncategorized,2026-09-26 08:12:19,,7936,-88,26.18939243622294,91.70190365599119,18.48004150390625,4.087617874145508,,,BLE
d0:1a:f2:57:42:08,,Misc,2026-09-26 08:12:19,,,-93,26.18939243622294,91.70190365599119,18.48004150390625,4.087617874145508,,76,BLE
57:b7:00:40:2a:f5,BLE,Misc,2026-09-26 08:12:19,,7936,-103,26.18939243622294,91.70190365599119,18.48004150390625,4.087617874145508,,,BLE
63:cc:a8:9c:f3:89,,Misc,2026-09-26 08:12:19,,,-91,26.18939243622294,91.70190365599119,18.48004150390625,4.087617874145508,,76,BLE
52:c8:80:e4:6b:9b,,Uncategorized;10,2026-09-26 08:12:19,,7936,-105,26.18939243622294,91.70190365599119,18.48004150390625,4.087617874145508,,76,BLE
3c:78:95:cc:28:7e,"barak_library ",[WPA2-PSK-CCMP][RSN-PSK-CCMP][ESS][WPS],2026-09-26 08:12:19,4,2427,-43,26.18939243622294,91.70190365599119,18.48004150390625,4.087617874145508,,,WIFI
92:25:4a:26:42:44,,[WPA2-PSK-CCMP][RSN-PSK-CCMP][ESS],2026-09-26 08:12:19,157,5785,-86,26.18939243622294,91.70190365599119,18.48004150390625,4.087617874145508,,,WIFI
98:25:4a:26:41:d6,Barak_Music_5G,[WPA2-PSK-CCMP][RSN-PSK-CCMP][ESS][WPS],2026-09-26 08:12:19,157,5785,-83,26.18939243622294,91.70190365599119,18.48004150390625,4.087617874145508,,,WIFI
3c:78:95:cc:28:7f,"barak_library ",[WPA2-PSK-CCMP][RSN-PSK-CCMP][ESS][WPS],2026-09-26 08:12:19,149,5745,-62,26.18939243622294,91.70190365599119,18.48004150390625,4.087617874145508,,,WIFI
98:25:4a:26:42:42,BarakMess,[WPA2-PSK-CCMP][RSN-PSK-CCMP][ESS][WPS],2026-09-26 08:12:19,157,5785,-85,26.18939243622294,91.70190365599119,18.48004150390625,4.087617874145508,,,WIFI
58:d5:6e:90:26:fa,Design,[WPA-PSK-CCMP][WPA2-PSK-CCMP][RSN-PSK-CCMP][ESS],2026-09-26 08:12:19,3,2422,-76,26.18939243622294,91.70190365599119,18.48004150390625,4.087617874145508,,,WIFI
04:d5:90:66:fb:f1,IITG_CONNECT,[WPA2-EAP/SHA1-CCMP][RSN-EAP/SHA1-CCMP][ESS],2026-09-26 08:12:19,6,2437,-68,26.18939243622294,91.70190365599119,18.48004150390625,4.087617874145508,,,WIFI
04:d5:90:66:f9:80,eduroam,[WPA2-EAP/SHA1-CCMP][RSN-EAP/SHA1-CCMP][ESS],2026-09-26 08:12:19,11,2462,-48,26.18939243622294,91.70190365599119,18.48004150390625,4.087617874145508,,,WIFI
04:d5:90:66:f9:89,IITG_CONNECT,[WPA2-EAP/SHA1-CCMP][RSN-EAP/SHA1-CCMP][ESS],2026-09-26 08:12:19,36,5180,-49,26.18939243622294,91.70190365599119,18.48004150390625,4.087617874145508,,,WIFI
7e:78:95:cc:28:7f,,[WPA2-PSK-CCMP][RSN-PSK-CCMP][ESS],2026-09-26 08:12:19,149,5745,-60,26.18939243622294,91.70190365599119,18.48004150390625,4.087617874145508,,,WIFI
04:d5:90:66:f9:88,eduroam,[WPA2-EAP/SHA1-CCMP][RSN-EAP/SHA1-CCMP][ESS],2026-09-26 08:12:19,36,5180,-55,26.18939243622294,91.70190365599119,18.48004150390625,4.087617874145508,,,WIFI
e7:e3:68:22:07:d1,,Misc,2026-09-26 08:12:24,,,-73,26.18939777020548,91.70190817062188,18.64483642578125,4.941720008850098,,76,BLE
7b:64:55:0a:d5:4d,,Misc,2026-09-26 08:12:24,,,-96,26.18939777020548,91.70190817062188,18.64483642578125,4.941720008850098,,,BLE
48:4f:32:73:a2:95,,Misc,2026-09-26 08:12:24,,,-96,26.18939777020548,91.70190817062188,18.64483642578125,4.941720008850098,,1839,BLE
5d:19:34:a7:e0:65,,Misc,2026-09-26 08:12:24,,,-98,26.18939777020548,91.70190817062188,18.64483642578125,4.941720008850098,,,BLE
43:8d:bf:82:26:fb,realme Buds T200-GFP,Misc,2026-09-26 08:12:24,,7936,-101,26.18939777020548,91.70190817062188,18.64483642578125,4.941720008850098,,,BLE
02:44:3c:87:0f:dd,,Misc,2026-09-26 08:12:29,,,-105,26.18941949816788,91.70190235036294,18.4986572265625,8.978678703308105,,,BLE
09:df:9f:9f:c2:82,,Uncategorized;10,2026-09-26 08:12:29,,7936,-77,26.18941949816788,91.70190235036294,18.4986572265625,8.978678703308105,,,BLE
6d:a5:3e:63:f3:93,,Uncategorized;10,2026-09-26 08:12:29,,7936,-97,26.18941949816788,91.70190235036294,18.4986572265625,8.978678703308105,,,BLE
7b:64:55:0a:d5:4d,,Misc,2026-09-26 08:12:29,,,-91,26.18941949816788,91.70190235036294,18.4986572265625,8.978678703308105,,,BLE
43:ba:d7:49:24:4b,,Misc,2026-09-26 08:12:29,,,-104,26.18941949816788,91.70190235036294,18.4986572265625,8.978678703308105,,76,BLE
7f:7a:36:73:73:86,OnePlus Nord Buds 3 Pro,Misc,2026-09-26 08:12:29,,7936,-104,26.18941949816788,91.70190235036294,18.4986572265625,8.978678703308105,,,BLE
75:7e:8a:5f:7a:fd,,Misc,2026-09-26 08:12:29,,,-104,26.18941949816788,91.70190235036294,18.4986572265625,8.978678703308105,,76,BLE
45:86:db:ce:6a:39,,Misc,2026-09-26 08:12:29,,,-98,26.18941949816788,91.70190235036294,18.4986572265625,8.978678703308105,,76,BLE
71:70:55:63:d0:6e,,Misc,2026-09-26 08:12:29,,,-73,26.18941949816788,91.70190235036294,18.4986572265625,8.978678703308105,,,BLE
57:37:8d:35:69:0b,,Misc,2026-09-26 08:12:29,,7936,-98,26.18941949816788,91.70190235036294,18.4986572265625,8.978678703308105,,76,BLE
5b:4e:51:90:5f:bc,,Misc,2026-09-26 08:12:29,,,-105,26.18941949816788,91.70190235036294,18.4986572265625,8.978678703308105,,76,BLE
12:e2:19:8d:24:9f,,Misc,2026-09-26 08:12:29,,,-81,26.18941949816788,91.70190235036294,18.4986572265625,8.978678703308105,,,BLE
59:d1:03:aa:92:48,,Misc,2026-09-26 08:12:29,,,-89,26.18941949816788,91.70190235036294,18.4986572265625,8.978678703308105,,,BLE
5d:19:34:a7:e0:65,,Misc,2026-09-26 08:12:29,,,-74,26.18941949816788,91.70190235036294,18.4986572265625,8.978678703308105,,,BLE
7a:ba:c7:5a:3a:21,,Uncategorized;10,2026-09-26 08:12:30,,7936,-94,26.18942686666573,91.70190020426091,18.52410888671875,9.988570213317871,,,BLE
5d:75:c3:8a:eb:d9,,Uncategorized;10,2026-09-26 08:12:30,,7936,-97,26.18942686666573,91.70190020426091,18.52410888671875,9.988570213317871,,,BLE
40:dd:c7:59:5f:80,,Uncategorized;10,2026-09-26 08:12:31,,7936,-104,26.1894340303108,91.70189866813139,18.52410888671875,11.313132286071777,,,BLE
0e:f8:ae:38:25:87,,Uncategorized;10,2026-09-26 08:12:31,,7936,-102,26.1894340303108,91.70189866813139,18.52410888671875,11.313132286071777,,,BLE
04:d5:90:66:e4:b8,eduroam,[WPA2-EAP/SHA1-CCMP][RSN-EAP/SHA1-CCMP][ESS],2026-09-26 08:12:31,36,5180,-64,26.1894340303108,91.70189866813139,18.52410888671875,11.313132286071777,,,WIFI
de:0c:18:71:ac:e6,Android_iqoo_neo10,[WPA2-PSK-CCMP][RSN-PSK+SAE-CCMP][ESS],2026-09-26 08:12:31,157,5785,-83,26.1894340303108,91.70189866813139,18.52410888671875,11.313132286071777,,,WIFI
04:d5:90:66:e4:b9,IITG_CONNECT,[WPA2-EAP/SHA1-CCMP][RSN-EAP/SHA1-CCMP][ESS],2026-09-26 08:12:31,36,5180,-64,26.1894340303108,91.70189866813139,18.52410888671875,11.313132286071777,,,WIFI
98:25:4a:26:42:42,BarakMess,[WPA2-PSK-CCMP][RSN-PSK-CCMP][ESS][WPS],2026-09-26 08:12:31,157,5785,-78,26.1894340303108,91.70189866813139,18.52410888671875,11.313132286071777,,,WIFI
04:d5:90:66:fb:f9,IITG_CONNECT,[WPA2-EAP/SHA1-CCMP][RSN-EAP/SHA1-CCMP][ESS],2026-09-26 08:12:31,104,5520,-70,26.1894340303108,91.70189866813139,18.52410888671875,11.313132286071777,,,WIFI
04:d5:90:66:fb:f8,eduroam,[WPA2-EAP/SHA1-CCMP][RSN-EAP/SHA1-CCMP][ESS],2026-09-26 08:12:31,104,5520,-70,26.1894340303108,91.70189866813139,18.52410888671875,11.313132286071777,,,WIFI
f2:75:0c:7c:ce:c5,IITG_CONNECT,[WPA2-EAP/SHA1+FT/EAP-CCMP][RSN-EAP/SHA1+FT/EAP-CCMP][ESS],2026-09-26 08:12:31,153,5765,-80,26.1894340303108,91.70189866813139,18.52410888671875,11.313132286071777,,,WIFI
58:d5:6e:90:26:fa,Design,[WPA-PSK-CCMP][WPA2-PSK-CCMP][RSN-PSK-CCMP][ESS],2026-09-26 08:12:31,3,2422,-63,26.1894340303108,91.70189866813139,18.52410888671875,11.313132286071777,,,WIFI
04:d5:90:66:fb:f0,eduroam,[WPA2-EAP/SHA1-CCMP][RSN-EAP/SHA1-CCMP][ESS],2026-09-26 08:12:31,6,2437,-65,26.1894340303108,91.70189866813139,18.52410888671875,11.313132286071777,,,WIFI
40:86:cb:28:40:6c,Office,[WPA2-PSK-CCMP][RSN-PSK-CCMP][ESS],2026-09-26 08:12:31,1,2412,-61,26.1894340303108,91.70189866813139,18.52410888671875,11.313132286071777,,,WIFI
57:37:8d:35:69:0b,,Misc,2026-09-26 08:12:32,,7936,-79,26.18943434906227,91.7019001587082,18.05816650390625,7.886290073394775,,76,BLE
51:ae:bc:5d:bc:48,,Uncategorized;10,2026-09-26 08:12:33,,7936,-73,26.189436541533222,91.70190196043984,18.01910400390625,8.945197105407715,,,BLE
60:4e:c0:a0:00:34,OnePlus Buds 3,Uncategorized,2026-09-26 08:12:34,,7936,-91,26.18944003520647,91.70190407731258,18.01910400390625,10.337307929992676,,,BLE
7a:ba:c7:5a:3a:21,,Uncategorized;10,2026-09-26 08:12:34,,7936,-94,26.18944003520647,91.70190407731258,18.01910400390625,10.337307929992676,,76,BLE
65:e4:de:8b:3e:55,realme Buds T310-GFP,Uncategorized,2026-09-26 08:12:34,,7936,-51,26.18944003520647,91.70190407731258,18.01910400390625,10.337307929992676,,,BLE
7f:2f:3c:f9:95:08,"300_BLE ",Uncategorized,2026-09-26 08:12:34,,7936,-92,26.18944003520647,91.70190407731258,18.01910400390625,10.337307929992676,,30316,BLE
41:a7:55:be:e1:9f,219_BLE,Misc,2026-09-26 08:12:34,,7936,-104,26.18944003520647,91.70190407731258,18.01910400390625,10.337307929992676,,,BLE
05:83:b1:e8:9a:80,,Misc,2026-09-26 08:12:34,,,-85,26.18944003520647,91.70190407731258,18.01910400390625,10.337307929992676,,,BLE
28:54:61:48:6c:22,,Misc,2026-09-26 08:12:34,,,-98,26.18944003520647,91.70190407731258,18.01910400390625,10.337307929992676,,,BLE
f9:60:e8:52:a8:2a,,Misc,2026-09-26 08:12:34,,,-101,26.18944003520647,91.70190407731258,18.01910400390625,10.337307929992676,,76,BLE
77:af:88:85:df:0a,,Misc,2026-09-26 08:12:34,,,-98,26.18944003520647,91.70190407731258,18.01910400390625,10.337307929992676,,76,BLE
c0:bc:66:98:f2:94,,Misc,2026-09-26 08:12:34,,,-88,26.18944003520647,91.70190407731258,18.01910400390625,10.337307929992676,,,BLE
5d:75:c3:8a:eb:d9,,Uncategorized;10,2026-09-26 08:12:34,,7936,-97,26.18944003520647,91.70190407731258,18.01910400390625,10.337307929992676,,76,BLE
57:b7:00:40:2a:f5,BLE,Misc,2026-09-26 08:12:34,,7936,-101,26.18944003520647,91.70190407731258,18.01910400390625,10.337307929992676,,1602,BLE
63:e7:f7:1b:11:7f,CMF Buds 2,Uncategorized,2026-09-26 08:12:34,,7936,-99,26.18944003520647,91.70190407731258,18.01910400390625,10.337307929992676,,3275,BLE
40:dd:c7:59:5f:80,,Uncategorized;10,2026-09-26 08:12:34,,7936,-105,26.18944003520647,91.70190407731258,18.01910400390625,10.337307929992676,,76,BLE
4d:f5:cf:58:95:96,"Ivy_BLE ",Uncategorized,2026-09-26 08:12:34,,,-105,26.18944003520647,91.70190407731258,18.01910400390625,10.337307929992676,,37449,BLE
7f:7a:36:73:73:86,OnePlus Nord Buds 3 Pro,Misc,2026-09-26 08:12:34,,7936,-94,26.18944003520647,91.70190407731258,18.01910400390625,10.337307929992676,,,BLE
6d:74:a2:cb:7f:7e,23272,Uncategorized,2026-09-26 08:12:34,,7936,-102,26.18944003520647,91.70190407731258,18.01910400390625,10.337307929992676,,3275,BLE
63:cc:a8:9c:f3:89,,Misc,2026-09-26 08:12:34,,,-84,26.18944003520647,91.70190407731258,18.01910400390625,10.337307929992676,,76,BLE
6f:5a:32:ed:b0:3c,,Misc,2026-09-26 08:12:34,,,-104,26.18944003520647,91.70190407731258,18.01910400390625,10.337307929992676,,,BLE
02:44:3c:87:0f:dd,,Misc,2026-09-26 08:12:34,,,-86,26.18944003520647,91.70190407731258,18.01910400390625,10.337307929992676,,,BLE
0f:11:3d:73:8b:de,,Misc,2026-09-26 08:12:34,,,-89,26.18944003520647,91.70190407731258,18.01910400390625,10.337307929992676,,,BLE
09:df:9f:9f:c2:82,,Uncategorized;10,2026-09-26 08:12:39,,7936,-71,26.189466309015415,91.70193549464446,17.9654541015625,27.680849075317383,,,BLE
52:e1:00:3e:62:d9,,Misc,2026-09-26 08:12:39,,,-100,26.189466309015415,91.70193549464446,17.9654541015625,27.680849075317383,,,BLE
60:4e:c0:a0:00:34,OnePlus Buds 3,Uncategorized,2026-09-26 08:12:39,,7936,-82,26.189466309015415,91.70193549464446,17.9654541015625,27.680849075317383,,,BLE
21:e4:b5:74:b3:38,,Misc,2026-09-26 08:12:39,,,-93,26.189466309015415,91.70193549464446,17.9654541015625,27.680849075317383,,,BLE
07:50:1b:35:83:38,,Misc,2026-09-26 08:12:39,,,-97,26.189466309015415,91.70193549464446,17.9654541015625,27.680849075317383,,,BLE
7f:7a:36:73:73:86,OnePlus Nord Buds 3 Pro,Misc,2026-09-26 08:12:39,,7936,-85,26.189466309015415,91.70193549464446,17.9654541015625,27.680849075317383,,,BLE
3f:fc:c7:01:2b:a5,,Uncategorized;10,2026-09-26 08:12:39,,7936,-97,26.189466309015415,91.70193549464446,17.9654541015625,27.680849075317383,,,BLE
07:50:1b:35:83:38,,Misc,2026-09-26 08:12:44,,,-90,26.189478176497722,91.70196298919753,17.9080810546875,48.82950210571289,,,BLE
57:ca:31:ed:b0:3c,,Misc,2026-09-26 08:12:44,,,-102,26.189478176497722,91.70196298919753,17.9080810546875,48.82950210571289,,,BLE
6f:5a:32:ed:b0:3c,,Misc,2026-09-26 08:12:44,,,-98,26.189478176497722,91.70196298919753,17.9080810546875,48.82950210571289,,,BLE
39:d6:1e:39:be:01,,Uncategorized;10,2026-09-26 08:12:46,,7936,-103,26.1894824818993,91.70197994142441,17.9080810546875,56.43327713012695,,,BLE
98:25:4a:26:41:d7,Barak_Music,[WPA2-PSK-CCMP][RSN-PSK-CCMP][ESS][WPS],2026-09-26 08:12:47,4,2427,-38,26.18948393870259,91.70198810616998,17.90802001953125,63.17917251586914,,,WIFI
c2:07:1d:66:c8:83,IITG_CONNECT,[WPA2-EAP/SHA1+FT/EAP-CCMP][RSN-EAP/SHA1+FT/EAP-CCMP][ESS],2026-09-26 08:12:47,36,5180,-46,26.18948393870259,91.70198810616998,17.90802001953125,63.17917251586914,,,WIFI
98:25:4a:26:41:d6,Barak_Music_5G,[WPA2-PSK-CCMP][RSN-PSK-CCMP][ESS][WPS],2026-09-26 08:12:47,157,5785,-44,26.18948393870259,91.70198810616998,17.90802001953125,63.17917251586914,,,WIFI
c2:07:1d:66:c8:9f,IITG_CONNECT,[WPA2-EAP/SHA1+FT/EAP-CCMP][RSN-EAP/SHA1+FT/EAP-CCMP][ESS],2026-09-26 08:12:47,161,5805,-75,26.18948393870259,91.70198810616998,17.90802001953125,63.17917251586914,,,WIFI
8a:25:4a:26:41:da,TP-Link_Guest_41D8,[ESS],2026-09-26 08:12:47,4,2427,-37,26.18948393870259,91.70198810616998,17.90802001953125,63.17917251586914,,,WIFI
f2:75:0c:7c:ce:c5,IITG_CONNECT,[WPA2-EAP/SHA1+FT/EAP-CCMP][RSN-EAP/SHA1+FT/EAP-CCMP][ESS],2026-09-26 08:12:47,153,5765,-61,26.18948393870259,91.70198810616998,17.90802001953125,63.17917251586914,,,WIFI
f2:75:0c:7c:cb:9c,IITG_CONNECT,[WPA2-EAP/SHA1+FT/EAP-CCMP][RSN-EAP/SHA1+FT/EAP-CCMP][ESS],2026-09-26 08:12:47,1,2412,-57,26.18948393870259,91.70198810616998,17.90802001953125,63.17917251586914,,,WIFI
f2:75:0c:7c:cb:9d,IITG_CONNECT,[WPA2-EAP/SHA1+FT/EAP-CCMP][RSN-EAP/SHA1+FT/EAP-CCMP][ESS],2026-09-26 08:12:47,44,5220,-66,26.18948393870259,91.70198810616998,17.90802001953125,63.17917251586914,,,WIFI
f2:75:0c:7c:d1:23,IITG_CONNECT,[WPA2-EAP/SHA1+FT/EAP-CCMP][RSN-EAP/SHA1+FT/EAP-CCMP][ESS],2026-09-26 08:12:47,161,5805,-64,26.18948393870259,91.70198810616998,17.90802001953125,63.17917251586914,,,WIFI
82:25:4a:26:41:d9,TP-Link_Guest_41D8_5G,[ESS],2026-09-26 08:12:47,157,5785,-45,26.18948393870259,91.70198810616998,17.90802001953125,63.17917251586914,,,WIFI
c2:07:1d:66:bf:5b,IITG_CONNECT,[WPA2-EAP/SHA1+FT/EAP-CCMP][RSN-EAP/SHA1+FT/EAP-CCMP][ESS],2026-09-26 08:12:47,161,5805,-76,26.18948393870259,91.70198810616998,17.90802001953125,63.17917251586914,,,WIFI
82:25:4a:26:41:d8,,[WPA2-PSK-CCMP][RSN-PSK-CCMP][ESS],2026-09-26 08:12:47,157,5785,-45,26.18948393870259,91.70198810616998,17.90802001953125,63.17917251586914,,,WIFI
31:b7:62:c4:8b:4b,,Misc,2026-09-26 08:12:48,,,-103,26.189488153840404,91.70200178198273,15.24627685546875,24.94814682006836,,,BLE
41:a7:55:be:e1:9f,219_BLE,Misc,2026-09-26 08:12:48,,7936,-98,26.189488153840404,91.70200178198273,15.24627685546875,24.94814682006836,,,BLE
52:e1:00:3e:62:d9,,Misc,2026-09-26 08:12:48,,,-91,26.189488153840404,91.70200178198273,15.24627685546875,24.94814682006836,,,BLE
4a:f2:7a:bd:23:49,,Uncategorized;10,2026-09-26 08:12:48,,7936,-105,26.189488153840404,91.70200178198273,15.24627685546875,24.94814682006836,,,BLE
77:bc:7a:e5:2b:ee,,Uncategorized;10,2026-09-26 08:12:48,,7936,-104,26.189488153840404,91.70200178198273,15.24627685546875,24.94814682006836,,,BLE
5c:d9:1a:2f:2b:51,,Uncategorized;10,2026-09-26 08:12:48,,7936,-96,26.189488153840404,91.70200178198273,15.24627685546875,24.94814682006836,,,BLE
6a:e7:94:ca:9d:b6,,Uncategorized;10,2026-09-26 08:12:48,,7936,-95,26.189488153840404,91.70200178198273,15.24627685546875,24.94814682006836,,,BLE
43:52:67:61:54:5e,,Uncategorized;10,2026-09-26 08:12:48,,7936,-95,26.189488153840404,91.70200178198273,15.24627685546875,24.94814682006836,,,BLE
ef:9f:ed:3f:10:c7,realme Watch S2,Uncategorized;10,2026-09-26 08:12:48,,7936,-103,26.189488153840404,91.70200178198273,15.24627685546875,24.94814682006836,,,BLE
4f:36:c9:e4:90:fd,,Uncategorized;10,2026-09-26 08:12:48,,7936,-102,26.189488153840404,91.70200178198273,15.24627685546875,24.94814682006836,,,BLE
7a:96:06:42:73:b7,4,Uncategorized;10,2026-09-26 08:12:48,,7936,-91,26.189488153840404,91.70200178198273,15.24627685546875,24.94814682006836,,,BLE
0f:f8:1d:c1:04:21,,Uncategorized;10,2026-09-26 08:12:48,,7936,-88,26.189488153840404,91.70200178198273,15.24627685546875,24.94814682006836,,,BLE
41:4b:fd:6d:2d:15,,Uncategorized;10,2026-09-26 08:12:54,,7936,-101,26.189491364340014,91.70206245593862,17.7132568359375,34.09457778930664,,,BLE
43:52:67:61:54:5e,,Uncategorized;10,2026-09-26 08:12:54,,7936,-96,26.189491364340014,91.70206245593862,17.7132568359375,34.09457778930664,,76,BLE
c3:19:4e:b1:6f:95,LE_SRS-XB43,Uncategorized,2026-09-26 08:12:54,,7936,-98,26.189491364340014,91.70206245593862,17.7132568359375,34.09457778930664,,301,BLE
5c:d9:1a:2f:2b:51,,Uncategorized;10,2026-09-26 08:12:54,,7936,-96,26.189491364340014,91.70206245593862,17.7132568359375,34.09457778930664,,76,BLE
56:8b:74:2f:e2:57,,Misc,2026-09-26 08:12:54,,,-102,26.189491364340014,91.70206245593862,17.7132568359375,34.09457778930664,,117,BLE
c3:19:4e:b1:6f:97,LE_SRS-XB43,Uncategorized,2026-09-26 08:12:54,,7936,-100,26.189491364340014,91.70206245593862,17.7132568359375,34.09457778930664,,,BLE
4f:36:c9:e4:90:fd,,Uncategorized;10,2026-09-26 08:12:54,,7936,-101,26.189491364340014,91.70206245593862,17.7132568359375,34.09457778930664,,76,BLE
c2:61:2d:fa:fa:51,,Misc,2026-09-26 08:12:54,,,-128,26.189491364340014,91.70206245593862,17.7132568359375,34.09457778930664,,76,BLE
41:a7:55:be:e1:9f,219_BLE,Misc,2026-09-26 08:12:54,,7936,-90,26.189491364340014,91.70206245593862,17.7132568359375,34.09457778930664,,,BLE
06:78:3d:03:ef:4c,,Misc,2026-09-26 08:12:54,,7936,-101,26.189491364340014,91.70206245593862,17.7132568359375,34.09457778930664,,,BLE
2f:44:7c:a4:18:89,,Misc,2026-09-26 08:12:54,,,-89,26.189491364340014,91.70206245593862,17.7132568359375,34.09457778930664,,6,BLE
41:4b:fd:6d:2d:15,,Uncategorized;10,2026-09-26 08:12:54,,7936,-101,26.189491364340014,91.70206245593862,17.7132568359375,34.09457778930664,,76,BLE
23:d0:cd:a8:46:62,,Misc,2026-09-26 08:12:54,,,-91,26.189491364340014,91.70206245593862,17.7132568359375,34.09457778930664,,,BLE
21:51:49:f2:68:da,,Misc,2026-09-26 08:12:54,,,-92,26.189491364340014,91.70206245593862,17.7132568359375,34.09457778930664,,6,BLE
40:01:08:13:61:9d,,Misc,2026-09-26 08:12:54,,,-94,26.189491364340014,91.70206245593862,17.7132568359375,34.09457778930664,,,BLE
73:e1:0e:c2:15:09,RAHULPC,Misc,2026-09-26 08:12:54,,7936,-102,26.189491364340014,91.70206245593862,17.7132568359375,34.09457778930664,,,BLE
33:f0:c0:e9:43:c8,,Misc,2026-09-26 08:12:54,,,-128,26.189491364340014,91.70206245593862,17.7132568359375,34.09457778930664,,6,BLE
70:cd:12:40:2f:7f,,Misc,2026-09-26 08:12:54,,7936,-97,26.189491364340014,91.70206245593862,17.7132568359375,34.09457778930664,,76,BLE
3b:7d:a7:dc:42:ef,,Misc,2026-09-26 08:12:54,,,-95,26.189491364340014,91.70206245593862,17.7132568359375,34.09457778930664,,6,BLE
77:bc:7a:e5:2b:ee,,Uncategorized;10,2026-09-26 08:12:54,,7936,-104,26.189491364340014,91.70206245593862,17.7132568359375,34.09457778930664,,76,BLE
4a:f2:7a:bd:23:49,,Uncategorized;10,2026-09-26 08:12:54,,7936,-105,26.189491364340014,91.70206245593862,17.7132568359375,34.09457778930664,,76,BLE
cb:b5:1d:31:26:32,,Misc,2026-09-26 08:12:54,,,-104,26.189491364340014,91.70206245593862,17.7132568359375,34.09457778930664,,,BLE
25:e4:fe:11:a1:2a,,Misc,2026-09-26 08:12:54,,,-98,26.189491364340014,91.70206245593862,17.7132568359375,34.09457778930664,,6,BLE
6f:2c:fd:af:49:17,,Misc,2026-09-26 08:12:54,,,-98,26.189491364340014,91.70206245593862,17.7132568359375,34.09457778930664,,,BLE
fe:2b:91:d9:a4:d8,,Misc,2026-09-26 08:12:54,,,-101,26.189491364340014,91.70206245593862,17.7132568359375,34.09457778930664,,76,BLE
5b:bf:b3:cd:eb:11,,Misc,2026-09-26 08:12:54,,7936,-103,26.189491364340014,91.70206245593862,17.7132568359375,34.09457778930664,,76,BLE
31:b7:62:c4:8b:4b,,Misc,2026-09-26 08:12:54,,,-90,26.189491364340014,91.70206245593862,17.7132568359375,34.09457778930664,,,BLE
65:af:27:e2:bd:49,,Misc,2026-09-26 08:12:54,,7936,-101,26.189491364340014,91.70206245593862,17.7132568359375,34.09457778930664,,76,BLE
6a:24:fc:79:7a:20,,Misc,2026-09-26 08:12:54,,7936,-100,26.189491364340014,91.70206245593862,17.7132568359375,34.09457778930664,,76,BLE
37:fc:35:50:78:ca,,Misc,2026-09-26 08:12:54,,,-104,26.189491364340014,91.70206245593862,17.7132568359375,34.09457778930664,,6,BLE
6a:e7:94:ca:9d:b6,,Uncategorized;10,2026-09-26 08:12:54,,7936,-95,26.189491364340014,91.70206245593862,17.7132568359375,34.09457778930664,,76,BLE
58:d9:7a:63:b8:3f,,Misc,2026-09-26 08:12:54,,7936,-128,26.189491364340014,91.70206245593862,17.7132568359375,34.09457778930664,,76,BLE
46:fd:f2:1f:85:27,,Uncategorized;10,2026-09-26 08:12:55,,7936,-100,26.18948547460402,91.7020713529993,17.7474365234375,26.351919174194336,,,BLE
1d:b0:58:b4:8b:aa,,Uncategorized;10,2026-09-26 08:12:55,,7936,-102,26.18948547460402,91.7020713529993,17.7474365234375,26.351919174194336,,,BLE
54:8d:5a:0e:1a:9f,LAPTOP-MOAEH8R3,Laptop;10,2026-09-26 08:12:56,,268,-94,26.189477649176887,91.70207100907314,17.66351318359375,19.521644592285156,,,BT
4f:36:c9:e4:90:fd,,Uncategorized;10,2026-09-26 08:12:59,,7936,-90,26.189451429093875,91.70204025918791,17.87176513671875,13.04566478729248,,76,BLE
78:a6:f4:e1:3b:4a,,Misc,2026-09-26 08:12:59,,7936,-104,26.189451429093875,91.70204025918791,17.87176513671875,13.04566478729248,,76,BLE
5b:bf:b3:cd:eb:11,,Misc,2026-09-26 08:12:59,,7936,-85,26.189451429093875,91.70204025918791,17.87176513671875,13.04566478729248,,76,BLE
33:f0:c0:e9:43:c8,,Misc,2026-09-26 08:12:59,,,-98,26.189451429093875,91.70204025918791,17.87176513671875,13.04566478729248,,6,BLE
46:fd:f2:1f:85:27,,Uncategorized;10,2026-09-26 08:12:59,,7936,-100,26.189451429093875,91.70204025918791,17.87176513671875,13.04566478729248,,76,BLE
28:bd:ce:ae:69:2d,,Misc,2026-09-26 08:12:59,,,-89,26.189451429093875,91.70204025918791,17.87176513671875,13.04566478729248,,6,BLE
da:99:c1:f6:4e:1d,,Misc,2026-09-26 08:12:59,,,-99,26.189451429093875,91.70204025918791,17.87176513671875,13.04566478729248,,76,BLE
15:51:9f:94:36:48,,Misc,2026-09-26 08:12:59,,,-103,26.189451429093875,91.70204025918791,17.87176513671875,13.04566478729248,,6,BLE
c3:19:4e:b1:6f:97,LE_SRS-XB43,Uncategorized,2026-09-26 08:12:59,,7936,-90,26.189451429093875,91.70204025918791,17.87176513671875,13.04566478729248,,,BLE
7c:4b:3f:91:9c:8a,,Misc,2026-09-26 08:12:59,,,-103,26.189451429093875,91.70204025918791,17.87176513671875,13.04566478729248,,117,BLE
51:c8:64:ff:dd:af,Bedroom speaker,Misc,2026-09-26 08:12:59,,7936,-97,26.189451429093875,91.70204025918791,17.87176513671875,13.04566478729248,,,BLE
f5:99:54:da:37:50,,Misc,2026-09-26 08:12:59,,,-104,26.189451429093875,91.70204025918791,17.87176513671875,13.04566478729248,,76,BLE
f1:57:53:bd:7d:4d,,Misc,2026-09-26 08:12:59,,,-93,26.189451429093875,91.70204025918791,17.87176513671875,13.04566478729248,,76,BLE
1f:4e:5a:68:a5:94,,Misc,2026-09-26 08:12:59,,7936,-104,26.189451429093875,91.70204025918791,17.87176513671875,13.04566478729248,,,BLE
70:cd:12:40:2f:7f,,Misc,2026-09-26 08:12:59,,7936,-91,26.189451429093875,91.70204025918791,17.87176513671875,13.04566478729248,,76,BLE
77:bc:7a:e5:2b:ee,,Uncategorized;10,2026-09-26 08:12:59,,7936,-93,26.189451429093875,91.70204025918791,17.87176513671875,13.04566478729248,,76,BLE
40:01:08:13:61:9d,,Misc,2026-09-26 08:12:59,,,-85,26.189451429093875,91.70204025918791,17.87176513671875,13.04566478729248,,,BLE
14:f1:87:44:77:0f,,Misc,2026-09-26 08:12:59,,,-100,26.189451429093875,91.70204025918791,17.87176513671875,13.04566478729248,,6,BLE
cb:4e:fd:00:4b:25,"Mivi DuoPods i2 ",Misc,2026-09-26 08:12:59,,,-98,26.189451429093875,91.70204025918791,17.87176513671875,13.04566478729248,,1760,BLE
7a:96:06:42:73:b7,4,Uncategorized;10,2026-09-26 08:12:59,,7936,-84,26.189451429093875,91.70204025918791,17.87176513671875,13.04566478729248,,,BLE
58:cb:2e:6d:4c:3b,,Uncategorized;10,2026-09-26 08:12:59,,7936,-91,26.189451429093875,91.70204025918791,17.87176513671875,13.04566478729248,,,BLE
76:e9:19:17:d6:9d,,Uncategorized;10,2026-09-26 08:12:59,,7936,-104,26.189451429093875,91.70204025918791,17.87176513671875,13.04566478729248,,,BLE
98:59:7a:db:ce:4a,ARJUN-VERMA,Laptop;10,2026-09-26 08:13:00,,268,-88,26.189440843928992,91.7020392099577,16.86505126953125,11.094403266906738,,,BT
0c:03:61:38:18:80,,Misc,2026-09-26 08:13:02,,7936,-81,26.189421721814494,91.70202268384934,17.2713623046875,7.905693531036377,,,BLE
54:8d:5a:0e:1a:9f,LAPTOP-MOAEH8R3,Laptop;10,2026-09-26 08:13:03,,268,-87,26.189417377663638,91.70202643639202,16.59051513671875,7.570720195770264,,,BT
0d:e4:7a:2f:b5:43,,Uncategorized;10,2026-09-26 08:13:03,,7936,-97,26.189417377663638,91.70202643639202,16.59051513671875,7.570720195770264,,,BLE
39:29:c3:8f:61:c3,,Uncategorized;10,2026-09-26 08:13:03,,7936,-106,26.189417377663638,91.70202643639202,16.59051513671875,7.570720195770264,,,BLE
58:cb:2e:6d:4c:3b,,Uncategorized;10,2026-09-26 08:13:04,,7936,-90,26.189415034871573,91.70203482719401,16.7557373046875,7.206517696380615,,76,BLE
73:e1:0e:c2:15:09,RAHULPC,Misc,2026-09-26 08:13:04,,7936,-97,26.189415034871573,91.70203482719401,16.7557373046875,7.206517696380615,,,BLE
02:0f:21:c0:41:15,Colorfit Pro 3,Misc,2026-09-26 08:13:04,,,-99,26.189415034871573,91.70203482719401,16.7557373046875,7.206517696380615,,,BLE
15:51:9f:94:36:48,,Misc,2026-09-26 08:13:04,,,-96,26.189415034871573,91.70203482719401,16.7557373046875,7.206517696380615,,6,BLE
c3:19:4e:b1:6f:95,LE_SRS-XB43,Uncategorized,2026-09-26 08:13:04,,7936,-84,26.189415034871573,91.70203482719401,16.7557373046875,7.206517696380615,,301,BLE
d9:41:2a:11:eb:98,,Misc,2026-09-26 08:13:04,,,-95,26.189415034871573,91.70203482719401,16.7557373046875,7.206517696380615,,76,BLE
6f:69:eb:97:c7:aa,,Uncategorized;10,2026-09-26 08:13:04,,7936,-81,26.189415034871573,91.70203482719401,16.7557373046875,7.206517696380615,,76,BLE
04:8d:03:13:67:dd,,Misc,2026-09-26 08:13:04,,,-79,26.189415034871573,91.70203482719401,16.7557373046875,7.206517696380615,,6,BLE
5b:2d:1b:07:4a:a4,,Uncategorized;10,2026-09-26 08:13:04,,7936,-90,26.189415034871573,91.70203482719401,16.7557373046875,7.206517696380615,,76,BLE
27:6b:11:f9:2b:69,,Misc,2026-09-26 08:13:04,,,-85,26.189415034871573,91.70203482719401,16.7557373046875,7.206517696380615,,6,BLE
76:e9:19:17:d6:9d,,Uncategorized;10,2026-09-26 08:13:04,,7936,-102,26.189415034871573,91.70203482719401,16.7557373046875,7.206517696380615,,76,BLE
61:8e:13:d7:8d:d8,,Misc,2026-09-26 08:13:04,,7936,-99,26.189415034871573,91.70203482719401,16.7557373046875,7.206517696380615,,76,BLE
46:fd:f2:1f:85:27,,Uncategorized;10,2026-09-26 08:13:04,,7936,-91,26.189415034871573,91.70203482719401,16.7557373046875,7.206517696380615,,76,BLE
30:68:93:71:ec:8a,nyetwark,[WPA2-PSK-CCMP][RSN-PSK-CCMP][ESS][WPS],2026-09-26 08:13:06,7,2442,-65,26.189401314623048,91.70205991914438,18.29486083984375,6.79362678527832,,,WIFI
e6:6a:6a:39:af:8d,DIRECT-L6DESKTOP-1O1QS8SmsHE,[WPA2-PSK-CCMP][RSN-PSK-CCMP][ESS][WPS],2026-09-26 08:13:06,157,5785,-64,26.189401314623048,91.70205991914438,18.29486083984375,6.79362678527832,,,WIFI
c2:07:1d:66:c8:82,IITG_CONNECT,[WPA2-EAP/SHA1+FT/EAP-CCMP][RSN-EAP/SHA1+FT/EAP-CCMP][ESS],2026-09-26 08:13:06,11,2462,-69,26.189401314623048,91.70205991914438,18.29486083984375,6.79362678527832,,,WIFI
f2:75:0c:7c:d0:19,IITG_CONNECT,[WPA2-EAP/SHA1+FT/EAP-CCMP][RSN-EAP/SHA1+FT/EAP-CCMP][ESS],2026-09-26 08:13:06,157,5785,-88,26.189401314623048,91.70205991914438,18.29486083984375,6.79362678527832,,,WIFI
b2:7d:07:1c:e8:ac,"ONE PLUS 13 ",[WPA2-PSK-CCMP][RSN-PSK-CCMP][ESS],2026-09-26 08:13:06,36,5180,-75,26.189401314623048,91.70205991914438,18.29486083984375,6.79362678527832,,,WIFI
f2:75:0c:7c:d1:15,IITG_CONNECT,[WPA2-EAP/SHA1+FT/EAP-CCMP][RSN-EAP/SHA1+FT/EAP-CCMP][ESS],2026-09-26 08:13:06,153,5765,-64,26.189401314623048,91.70205991914438,18.29486083984375,6.79362678527832,,,WIFI
f2:75:0c:7c:d0:ff,IITG_CONNECT,[WPA2-EAP/SHA1+FT/EAP-CCMP][RSN-EAP/SHA1+FT/EAP-CCMP][ESS],2026-09-26 08:13:06,36,5180,-69,26.189401314623048,91.70205991914438,18.29486083984375,6.79362678527832,,,WIFI
f2:75:0c:7c:d0:fe,IITG_CONNECT,[WPA2-EAP/SHA1+FT/EAP-CCMP][RSN-EAP/SHA1+FT/EAP-CCMP][ESS],2026-09-26 08:13:06,1,2412,-65,26.189401314623048,91.70205991914438,18.29486083984375,6.79362678527832,,,WIFI
f2:75:0c:7c:ce:c4,IITG_CONNECT,[WPA2-EAP/SHA1+FT/EAP-CCMP][RSN-EAP/SHA1+FT/EAP-CCMP][ESS],2026-09-26 08:13:06,6,2437,-64,26.189401314623048,91.70205991914438,18.29486083984375,6.79362678527832,,,WIFI
88:76:b9:f3:ba:8d,DIR-615-B18,[WPA2-PSK-CCMP][RSN-PSK-CCMP][ESS],2026-09-26 08:13:06,13,2472,-61,26.189401314623048,91.70205991914438,18.29486083984375,6.79362678527832,,,WIFI
c2:07:1d:66:c8:6f,IITG_CONNECT,[WPA2-EAP/SHA1+FT/EAP-CCMP][RSN-EAP/SHA1+FT/EAP-CCMP][ESS],2026-09-26 08:13:06,44,5220,-78,26.189401314623048,91.70205991914438,18.29486083984375,6.79362678527832,,,WIFI
fa:8f:ca:72:8a:de,"Bedroom speaker.o,",[ESS],2026-09-26 08:13:06,6,2437,-80,26.189401314623048,91.70205991914438,18.29486083984375,6.79362678527832,,,WIFI
5d:69:6b:8c:9f:2b,,Uncategorized;10,2026-09-26 08:13:08,,7936,-97,26.189390913030575,91.7020902076733,18.5865478515625,6.493402481079102,,,BLE
2c:a9:fd:70:2e:89,,Uncategorized;10,2026-09-26 08:13:09,,7936,-104,26.18938622439544,91.70210469875651,17.05535888671875,5.973707675933838,,,BLE
06:ad:ef:36:23:80,,Misc,2026-09-26 08:13:09,,,-105,26.18938622439544,91.70210469875651,17.05535888671875,5.973707675933838,,,BLE
25:e4:fe:11:a1:2a,,Misc,2026-09-26 08:13:09,,,-91,26.18938622439544,91.70210469875651,17.05535888671875,5.973707675933838,,6,BLE
62:a0:d9:08:2d:48,realme Buds Air7,Uncategorized,2026-09-26 08:13:09,,7936,-87,26.18938622439544,91.70210469875651,17.05535888671875,5.973707675933838,,,BLE
7a:b3:2a:ca:b4:2f,,Misc,2026-09-26 08:13:09,,7936,-98,26.18938622439544,91.70210469875651,17.05535888671875,5.973707675933838,,76,BLE
39:29:c3:8f:61:c3,,Uncategorized;10,2026-09-26 08:13:09,,7936,-92,26.18938622439544,91.70210469875651,17.05535888671875,5.973707675933838,,,BLE
7f:1e:0f:57:7f:3f,LAPTOP-5FNPRE88,Misc,2026-09-26 08:13:09,,7936,-100,26.18938622439544,91.70210469875651,17.05535888671875,5.973707675933838,,,BLE
2f:a2:f6:1d:0b:f8,,Misc,2026-09-26 08:13:09,,,-72,26.18938622439544,91.70210469875651,17.05535888671875,5.973707675933838,,6,BLE
6a:24:fc:79:7a:20,,Misc,2026-09-26 08:13:09,,7936,-86,26.18938622439544,91.70210469875651,17.05535888671875,5.973707675933838,,76,BLE
db:3b:6b:db:ce:da,,Misc,2026-09-26 08:13:09,,,-100,26.18938622439544,91.70210469875651,17.05535888671875,5.973707675933838,,76,BLE
88:92:cc:c0:97:cd,WH-CH720N,Misc,2026-09-26 08:13:09,,7936,-99,26.18938622439544,91.70210469875651,17.05535888671875,5.973707675933838,,,BLE
0d:2c:4d:e9:e2:be,,Misc,2026-09-26 08:13:09,,,-104,26.18938622439544,91.70210469875651,17.05535888671875,5.973707675933838,,6,BLE
6c:fd:d7:a6:8f:d2,realme Buds T310-GFP,Uncategorized,2026-09-26 08:13:09,,7936,-88,26.18938622439544,91.70210469875651,17.05535888671875,5.973707675933838,,,BLE
1f:4e:5a:68:a5:94,,Misc,2026-09-26 08:13:09,,7936,-99,26.18938622439544,91.70210469875651,17.05535888671875,5.973707675933838,,,BLE
5d:69:6b:8c:9f:2b,,Uncategorized;10,2026-09-26 08:13:09,,7936,-102,26.18938622439544,91.70210469875651,17.05535888671875,5.973707675933838,,1839,BLE
08:aa:8e:51:ef:ae,,Misc,2026-09-26 08:13:09,,,-102,26.18938622439544,91.70210469875651,17.05535888671875,5.973707675933838,,6,BLE
64:6d:90:e0:e2:86,OnePlus Nord Buds 3,Misc,2026-09-26 08:13:09,,7936,-95,26.18938622439544,91.70210469875651,17.05535888671875,5.973707675933838,,,BLE
1e:8d:19:f9:df:e4,,Misc,2026-09-26 08:13:09,,,-101,26.18938622439544,91.70210469875651,17.05535888671875,5.973707675933838,,,BLE
15:51:9f:94:36:48,,Misc,2026-09-26 08:13:09,,,-91,26.18938622439544,91.70210469875651,17.05535888671875,5.973707675933838,,6,BLE
3c:b0:ed:45:8a:b7,CMF Watch Pro 2-8AB7,Uncategorized,2026-09-26 08:13:09,,7936,-100,26.18938622439544,91.70210469875651,17.05535888671875,5.973707675933838,,,BLE
7f:1e:0f:57:7f:3f,LAPTOP-5FNPRE88,Misc,2026-09-26 08:13:10,,7936,-91,26.189382073466046,91.7021182509426,16.3582763671875,5.606427192687988,,,BLE
0d:2e:ac:05:32:cb,,Uncategorized;10,2026-09-26 08:13:12,,7936,-91,26.18937346585341,91.70213790863045,16.28338623046875,5.2525105476379395,,,BLE
d3:51:71:8f:18:f8,,Misc,2026-09-26 08:13:14,,,-100,26.189359852317047,91.70214889600253,14.55462646484375,6.218642711639404,,76,BLE
1a:84:1b:7b:77:9b,,Misc,2026-09-26 08:13:14,,7936,-104,26.189359852317047,91.70214889600253,14.55462646484375,6.218642711639404,,,BLE
62:a0:d9:08:2d:48,realme Buds Air7,Uncategorized,2026-09-26 08:13:14,,7936,-81,26.189359852317047,91.70214889600253,14.55462646484375,6.218642711639404,,,BLE
6c:0f:0a:2e:5b:f2,,Misc,2026-09-26 08:13:14,,,-79,26.189359852317047,91.70214889600253,14.55462646484375,6.218642711639404,,76,BLE
6f:2c:fd:af:49:17,,Misc,2026-09-26 08:13:14,,,-91,26.189359852317047,91.70214889600253,14.55462646484375,6.218642711639404,,,BLE
fe:2b:91:d9:a4:d8,,Misc,2026-09-26 08:13:14,,,-96,26.189359852317047,91.70214889600253,14.55462646484375,6.218642711639404,,76,BLE
2c:a9:fd:70:2e:89,,Uncategorized;10,2026-09-26 08:13:14,,7936,-96,26.189359852317047,91.70214889600253,14.55462646484375,6.218642711639404,,,BLE
12:f3:20:bd:8e:e0,,Misc,2026-09-26 08:13:14,,,-103,26.189359852317047,91.70214889600253,14.55462646484375,6.218642711639404,,6,BLE
25:52:7b:dd:76:1c,,Misc,2026-09-26 08:13:14,,,-83,26.189359852317047,91.70214889600253,14.55462646484375,6.218642711639404,,6,BLE
66:b5:0a:2a:83:3b,,Uncategorized;10,2026-09-26 08:13:16,,7936,-95,26.189337460747552,91.7021545532469,14.3983154296875,5.287603378295898,,,BLE
c2:07:1d:66:c8:25,IITG_CONNECT,[WPA2-EAP/SHA1+FT/EAP-CCMP][RSN-EAP/SHA1+FT/EAP-CCMP][ESS],2026-09-26 08:13:16,48,5240,-80,26.189337460747552,91.7021545532469,14.3983154296875,5.287603378295898,,,WIFI
30:68:93:71:ec:8b,nyetwark,[WPA2-PSK-CCMP][RSN-PSK-CCMP][ESS][WPS],2026-09-26 08:13:16,149,5745,-77,26.189337460747552,91.7021545532469,14.3983154296875,5.287603378295898,,,WIFI
dc:ea:e7:33:93:d2,DIR-615-93D1,[WPA2-PSK-CCMP][RSN-PSK-CCMP][ESS][WPS],2026-09-26 08:13:16,1,2412,-73,26.189337460747552,91.7021545532469,14.3983154296875,5.287603378295898,,,WIFI
f2:75:0c:7c:d1:15,IITG_CONNECT,[WPA2-EAP/SHA1+FT/EAP-CCMP][RSN-EAP/SHA1+FT/EAP-CCMP][ESS],2026-09-26 08:13:16,153,5765,-48,26.189337460747552,91.7021545532469,14.3983154296875,5.287603378295898,,,WIFI
f2:75:0c:7c:d0:fe,IITG_CONNECT,[WPA2-EAP/SHA1+FT/EAP-CCMP][RSN-EAP/SHA1+FT/EAP-CCMP][ESS],2026-09-26 08:13:16,1,2412,-58,26.189337460747552,91.7021545532469,14.3983154296875,5.287603378295898,,,WIFI
f2:75:0c:7c:d1:14,IITG_CONNECT,[WPA2-EAP/SHA1+FT/EAP-CCMP][RSN-EAP/SHA1+FT/EAP-CCMP][ESS],2026-09-26 08:13:16,11,2462,-62,26.189337460747552,91.7021545532469,14.3983154296875,5.287603378295898,,,WIFI
1a:b5:cd:47:41:6f,LAPTOP-G1EAIC8P 0339,[WPA2-PSK-CCMP][RSN-PSK-CCMP][ESS][WPS],2026-09-26 08:13:16,36,5180,-76,26.189337460747552,91.7021545532469,14.3983154296875,5.287603378295898,,,WIFI
ce:4d:65:65:24:7b,OPPO F29 5G p2x8,[WPA2-PSK-CCMP][RSN-PSK+SAE-CCMP][ESS],2026-09-26 08:13:16,11,2462,-69,26.189337460747552,91.7021545532469,14.3983154296875,5.287603378295898,,,WIFI
c2:07:1d:66:c8:6e,IITG_CONNECT,[WPA2-EAP/SHA1+FT/EAP-CCMP][RSN-EAP/SHA1+FT/EAP-CCMP][ESS],2026-09-26 08:13:16,6,2437,-64,26.189337460747552,91.7021545532469,14.3983154296875,5.287603378295898,,,WIFI
ec:75:0c:8e:10:50,TP-Link_1051_5G,[WPA2-PSK-CCMP][RSN-PSK-CCMP][ESS][WPS],2026-09-26 08:13:16,157,5785,-85,26.189337460747552,91.7021545532469,14.3983154296875,5.287603378295898,,,WIFI
72:6f:32:ea:1d:94,,Uncategorized;10,2026-09-26 08:13:16,,7936,-98,26.189337460747552,91.7021545532469,14.3983154296875,5.287603378295898,,,BLE
ef:9f:ed:3f:10:c7,realme Watch S2,Uncategorized;10,2026-09-26 08:13:17,,7936,-88,26.189329199091333,91.7021615378523,14.02099609375,5.220498561859131,,,BLE
28:bd:ce:ae:69:2d,,Misc,2026-09-26 08:13:19,,,-83,26.189317820108762,91.70216821110202,15.010986328125,5.5776214599609375,,6,BLE
66:b5:0a:2a:83:3b,,Uncategorized;10,2026-09-26 08:13:19,,7936,-95,26.189317820108762,91.70216821110202,15.010986328125,5.5776214599609375,,76,BLE
1f:d7:6f:d0:09:4c,,Misc,2026-09-26 08:13:19,,,-105,26.189317820108762,91.70216821110202,15.010986328125,5.5776214599609375,,6,BLE
48:69:57:ae:cf:67,,Misc,2026-09-26 08:13:19,,7936,-101,26.189317820108762,91.70216821110202,15.010986328125,5.5776214599609375,,76,BLE
12:f3:20:bd:8e:e0,,Misc,2026-09-26 08:13:19,,,-87,26.189317820108762,91.70216821110202,15.010986328125,5.5776214599609375,,6,BLE
f3:b5:c9:b9:73:bb,,Misc,2026-09-26 08:13:19,,,-84,26.189317820108762,91.70216821110202,15.010986328125,5.5776214599609375,,76,BLE
e0:35:fd:89:83:9a,,Misc,2026-09-26 08:13:19,,,-102,26.189317820108762,91.70216821110202,15.010986328125,5.5776214599609375,,76,BLE
08:aa:8e:51:ef:ae,,Misc,2026-09-26 08:13:19,,,-92,26.189317820108762,91.70216821110202,15.010986328125,5.5776214599609375,,6,BLE
37:fc:35:50:78:ca,,Misc,2026-09-26 08:13:19,,,-91,26.189317820108762,91.70216821110202,15.010986328125,5.5776214599609375,,6,BLE
68:65:9a:83:7b:99,,Uncategorized;10,2026-09-26 08:13:22,,7936,-101,26.189325204853432,91.70215517011397,17.3970947265625,5.251055717468262,,,BLE
72:6f:32:ea:1d:94,,Uncategorized;10,2026-09-26 08:13:22,,7936,-88,26.189325204853432,91.70215517011397,17.3970947265625,5.251055717468262,,,BLE
63:32:e2:01:86:05,,Misc,2026-09-26 08:13:24,,7936,-104,26.189333572928604,91.70216392567603,23.99786376953125,4.627634048461914,,76,BLE
08:aa:8e:51:ef:ae,,Misc,2026-09-26 08:13:24,,,-84,26.189333572928604,91.70216392567603,23.99786376953125,4.627634048461914,,6,BLE
68:65:9a:83:7b:99,,Uncategorized;10,2026-09-26 08:13:24,,7936,-101,26.189333572928604,91.70216392567603,23.99786376953125,4.627634048461914,,76,BLE
06:ad:ef:36:23:80,,Misc,2026-09-26 08:13:24,,,-97,26.189333572928604,91.70216392567603,23.99786376953125,4.627634048461914,,,BLE
d5:05:44:06:aa:e8,,Misc,2026-09-26 08:13:24,,,-79,26.189333572928604,91.70216392567603,23.99786376953125,4.627634048461914,,76,BLE
75:5c:e9:34:b3:09,,Misc,2026-09-26 08:13:24,,,-103,26.189333572928604,91.70216392567603,23.99786376953125,4.627634048461914,,,BLE
59:6e:4c:b4:fa:91,,Misc,2026-09-26 08:13:24,,,-102,26.189333572928604,91.70216392567603,23.99786376953125,4.627634048461914,,76,BLE
88:92:cc:c0:97:cd,WH-CH720N,Misc,2026-09-26 08:13:24,,7936,-91,26.189333572928604,91.70216392567603,23.99786376953125,4.627634048461914,,,BLE
7f:35:b4:a3:7e:dc,,Uncategorized;10,2026-09-26 08:13:24,,7936,-95,26.189333572928604,91.70216392567603,23.99786376953125,4.627634048461914,,,BLE
36:b6:d7:f0:34:96,,Uncategorized;10,2026-09-26 08:13:25,,7936,-102,26.189332783276086,91.7021603172577,24.40386962890625,5.00627326965332,,,BLE
98:59:7a:db:ce:4a,ARJUN-VERMA,Laptop;10,2026-09-26 08:13:25,,268,-83,26.189332783276086,91.7021603172577,24.40386962890625,5.00627326965332,,,BT
c2:07:1d:66:c8:25,IITG_CONNECT,[WPA2-EAP/SHA1+FT/EAP-CCMP][RSN-EAP/SHA1+FT/EAP-CCMP][ESS],2026-09-26 08:13:27,48,5240,-52,26.18933809408336,91.7021827777901,25.25201416015625,4.728239059448242,,,WIFI
c2:07:1d:66:c8:24,IITG_CONNECT,[WPA2-EAP/SHA1+FT/EAP-CCMP][RSN-EAP/SHA1+FT/EAP-CCMP][ESS],2026-09-26 08:13:27,6,2437,-69,26.18933809408336,91.7021827777901,25.25201416015625,4.728239059448242,,,WIFI
dc:ea:e7:33:93:d2,DIR-615-93D1,[WPA2-PSK-CCMP][RSN-PSK-CCMP][ESS][WPS],2026-09-26 08:13:27,1,2412,-68,26.18933809408336,91.7021827777901,25.25201416015625,4.728239059448242,,,WIFI
40:86:cb:7a:f5:68,DIR-615-F567,[WPA2-PSK-CCMP][RSN-PSK-CCMP][ESS],2026-09-26 08:13:27,1,2412,-79,26.18933809408336,91.7021827777901,25.25201416015625,4.728239059448242,,,WIFI
f2:75:0c:7c:d0:19,IITG_CONNECT,[WPA2-EAP/SHA1+FT/EAP-CCMP][RSN-EAP/SHA1+FT/EAP-CCMP][ESS],2026-09-26 08:13:27,157,5785,-61,26.18933809408336,91.7021827777901,25.25201416015625,4.728239059448242,,,WIFI
f2:75:0c:7c:d0:18,IITG_CONNECT,[WPA2-EAP/SHA1+FT/EAP-CCMP][RSN-EAP/SHA1+FT/EAP-CCMP][ESS],2026-09-26 08:13:27,11,2462,-61,26.18933809408336,91.7021827777901,25.25201416015625,4.728239059448242,,,WIFI
d0:32:c3:31:6d:f7,Y4U,[WPA2-PSK-CCMP][RSN-PSK-CCMP][ESS],2026-09-26 08:13:27,13,2472,-64,26.18933809408336,91.7021827777901,25.25201416015625,4.728239059448242,,,WIFI
f2:75:0c:7c:d1:15,IITG_CONNECT,[WPA2-EAP/SHA1+FT/EAP-CCMP][RSN-EAP/SHA1+FT/EAP-CCMP][ESS],2026-09-26 08:13:27,153,5765,-38,26.18933809408336,91.7021827777901,25.25201416015625,4.728239059448242,,,WIFI
f2:75:0c:7c:d0:ff,IITG_CONNECT,[WPA2-EAP/SHA1+FT/EAP-CCMP][RSN-EAP/SHA1+FT/EAP-CCMP][ESS],2026-09-26 08:13:27,36,5180,-42,26.18933809408336,91.7021827777901,25.25201416015625,4.728239059448242,,,WIFI
f2:75:0c:7c:d0:fe,IITG_CONNECT,[WPA2-EAP/SHA1+FT/EAP-CCMP][RSN-EAP/SHA1+FT/EAP-CCMP][ESS],2026-09-26 08:13:27,1,2412,-46,26.18933809408336,91.7021827777901,25.25201416015625,4.728239059448242,,,WIFI
f2:75:0c:7c:d1:14,IITG_CONNECT,[WPA2-EAP/SHA1+FT/EAP-CCMP][RSN-EAP/SHA1+FT/EAP-CCMP][ESS],2026-09-26 08:13:27,11,2462,-36,26.18933809408336,91.7021827777901,25.25201416015625,4.728239059448242,,,WIFI
72:68:93:71:ec:8b,,[WPA2-PSK-CCMP][RSN-PSK-CCMP][ESS],2026-09-26 08:13:27,149,5745,-75,26.18933809408336,91.7021827777901,25.25201416015625,4.728239059448242,,,WIFI
a4:2a:95:db:56:1c,R04-561C,[WPA2-PSK-CCMP][RSN-PSK-CCMP][ESS],2026-09-26 08:13:27,5,2432,-65,26.18933809408336,91.7021827777901,25.25201416015625,4.728239059448242,,,WIFI
c2:07:1d:66:c8:6f,IITG_CONNECT,[WPA2-EAP/SHA1+FT/EAP-CCMP][RSN-EAP/SHA1+FT/EAP-CCMP][ESS],2026-09-26 08:13:27,44,5220,-69,26.18933809408336,91.7021827777901,25.25201416015625,4.728239059448242,,,WIFI
2c:a9:fd:70:2e:89,,Uncategorized;10,2026-09-26 08:13:29,,7936,-85,26.18935627915929,91.70222023249444,26.22894287109375,4.334201812744141,,,BLE
73:e1:0e:c2:15:09,RAHULPC,Misc,2026-09-26 08:13:29,,7936,-89,26.18935627915929,91.70222023249444,26.22894287109375,4.334201812744141,,,BLE
49:65:17:bf:10:25,,Misc,2026-09-26 08:13:29,,7936,-103,26.18935627915929,91.70222023249444,26.22894287109375,4.334201812744141,,76,BLE
f5:99:54:da:37:50,,Misc,2026-09-26 08:13:29,,,-98,26.18935627915929,91.70222023249444,26.22894287109375,4.334201812744141,,76,BLE
06:ad:ef:36:23:80,,Misc,2026-09-26 08:13:29,,,-84,26.18935627915929,91.70222023249444,26.22894287109375,4.334201812744141,,,BLE
e0:35:fd:89:83:9a,,Misc,2026-09-26 08:13:29,,,-93,26.18935627915929,91.70222023249444,26.22894287109375,4.334201812744141,,76,BLE
73:e1:0e:c2:15:09,RAHULPC,Misc,2026-09-26 08:13:30,,7936,-83,26.189368543161674,91.70223459475162,27.0653076171875,4.192514896392822,,,BLE
7f:35:b4:a3:7e:dc,,Uncategorized;10,2026-09-26 08:13:30,,7936,-84,26.189368543161674,91.70223459475162,27.0653076171875,4.192514896392822,,,BLE
6a:24:fc:79:7a:20,,Misc,2026-09-26 08:13:30,,7936,-75,26.189368543161674,91.70223459475162,27.0653076171875,4.192514896392822,,76,BLE
1a:84:1b:7b:77:9b,,Misc,2026-09-26 08:13:33,,7936,-96,26.18939131709383,91.7022727729036,28.03253173828125,4.245332717895508,,,BLE
78:60:da:ac:94:45,,Uncategorized;10,2026-09-26 08:13:34,,7936,-103,26.189399531406103,91.7022829889357,28.07330322265625,4.127543926239014,,,BLE
3e:e9:c7:94:53:94,,Uncategorized;10,2026-09-26 08:13:34,,7936,-104,26.189399531406103,91.7022829889357,28.07330322265625,4.127543926239014,,,BLE
15:51:9f:94:36:48,,Misc,2026-09-26 08:13:34,,,-71,26.189399531406103,91.7022829889357,28.07330322265625,4.127543926239014,,6,BLE
78:60:da:ac:94:45,,Uncategorized;10,2026-09-26 08:13:34,,7936,-103,26.189399531406103,91.7022829889357,28.07330322265625,4.127543926239014,,76,BLE
63:32:e2:01:86:05,,Misc,2026-09-26 08:13:34,,7936,-99,26.189399531406103,91.7022829889357,28.07330322265625,4.127543926239014,,76,BLE
48:69:57:ae:cf:67,,Misc,2026-09-26 08:13:34,,7936,-94,26.189399531406103,91.7022829889357,28.07330322265625,4.127543926239014,,76,BLE
c3:79:f7:93:52:31,,Misc,2026-09-26 08:13:34,,,-101,26.189399531406103,91.7022829889357,28.07330322265625,4.127543926239014,,76,BLE
ff:0a:a8:ba:8b:dd,,Misc,2026-09-26 08:13:34,,,-95,26.189399531406103,91.7022829889357,28.07330322265625,4.127543926239014,,76,BLE
7c:4b:3f:91:9c:8a,,Misc,2026-09-26 08:13:34,,,-96,26.189399531406103,91.7022829889357,28.07330322265625,4.127543926239014,,117,BLE
7f:17:1e:85:12:90,,Misc,2026-09-26 08:13:34,,,-103,26.189399531406103,91.7022829889357,28.07330322265625,4.127543926239014,,76,BLE
c2:07:1d:66:c8:24,IITG_CONNECT,[WPA2-EAP/SHA1+FT/EAP-CCMP][RSN-EAP/SHA1+FT/EAP-CCMP][ESS],2026-09-26 08:13:34,6,2437,-54,26.189399531406103,91.7022829889357,28.07330322265625,4.127543926239014,,,WIFI
72:68:93:71:ec:8b,,[WPA2-PSK-CCMP][RSN-PSK-CCMP][ESS],2026-09-26 08:13:34,149,5745,-68,26.189399531406103,91.7022829889357,28.07330322265625,4.127543926239014,,,WIFI
51:c8:64:ff:dd:af,Bedroom speaker,Misc,2026-09-26 08:13:34,,7936,-89,26.189399531406103,91.7022829889357,28.07330322265625,4.127543926239014,,,BLE
1f:4e:5a:68:a5:94,,Misc,2026-09-26 08:13:35,,7936,-85,26.18940788286238,91.70229288982874,28.50482177734375,4.027655124664307,,,BLE
74:e0:fe:6d:76:1e,,Misc,2026-09-26 08:13:37,,7936,-97,26.18942391687213,91.70231658060658,28.8304443359375,4.11147928237915,,76,BLE
28:bd:ce:ae:69:2d,,Misc,2026-09-26 08:13:39,,,-78,26.18944261418597,91.70233296237717,30.57159423828125,3.7900924682617188,,6,BLE
07:53:11:2d:67:fb,,Misc,2026-09-26 08:13:39,,,-103,26.18944261418597,91.70233296237717,30.57159423828125,3.7900924682617188,,6,BLE
3e:e9:c7:94:53:94,,Uncategorized;10,2026-09-26 08:13:39,,7936,-94,26.18944261418597,91.70233296237717,30.57159423828125,3.7900924682617188,,,BLE
43:28:8b:a7:d5:76,,Misc,2026-09-26 08:13:39,,,-94,26.18944261418597,91.70233296237717,30.57159423828125,3.7900924682617188,,,BLE
51:67:ed:9d:88:a5,,Misc,2026-09-26 08:13:39,,7936,-102,26.18944261418597,91.70233296237717,30.57159423828125,3.7900924682617188,,76,BLE
7f:2c:36:af:78:5e,OnePlus Nord Buds 3r,Misc,2026-09-26 08:13:39,,,-97,26.18944261418597,91.70233296237717,30.57159423828125,3.7900924682617188,,,BLE
6b:11:01:46:cf:35,,Misc,2026-09-26 08:13:39,,,-103,26.18944261418597,91.70233296237717,30.57159423828125,3.7900924682617188,,,BLE
06:78:3d:03:ef:4c,,Misc,2026-09-26 08:13:39,,7936,-91,26.18944261418597,91.70233296237717,30.57159423828125,3.7900924682617188,,,BLE
15:6c:62:26:34:aa,,Misc,2026-09-26 08:13:39,,,-95,26.18944261418597,91.70233296237717,30.57159423828125,3.7900924682617188,,,BLE
15:54:5e:8c:bf:db,,Misc,2026-09-26 08:13:39,,,-100,26.18944261418597,91.70233296237717,30.57159423828125,3.7900924682617188,,6,BLE
d5:dc:b4:fe:b6:dd,,Misc,2026-09-26 08:13:39,,,-97,26.18944261418597,91.70233296237717,30.57159423828125,3.7900924682617188,,76,BLE
36:b6:d7:f0:34:96,,Uncategorized;10,2026-09-26 08:13:39,,7936,-87,26.18944261418597,91.70233296237717,30.57159423828125,3.7900924682617188,,,BLE
33:f0:c0:e9:43:c8,,Misc,2026-09-26 08:13:39,,,-88,26.18944261418597,91.70233296237717,30.57159423828125,3.7900924682617188,,6,BLE
1d:b0:58:b4:8b:aa,,Uncategorized;10,2026-09-26 08:13:39,,7936,-95,26.18944261418597,91.70233296237717,30.57159423828125,3.7900924682617188,,,BLE
62:1a:cc:05:81:89,,Misc,2026-09-26 08:13:44,,7936,-98,26.189473104586188,91.70238037057374,29.63714599609375,3.9008398056030273,,76,BLE
43:28:8b:a7:d5:76,,Misc,2026-09-26 08:13:44,,,-88,26.189473104586188,91.70238037057374,29.63714599609375,3.9008398056030273,,,BLE
3e:e9:c7:94:53:94,,Uncategorized;10,2026-09-26 08:13:44,,7936,-82,26.189473104586188,91.70238037057374,29.63714599609375,3.9008398056030273,,,BLE
12:84:f9:dd:9c:b0,,Misc,2026-09-26 08:13:44,,,-105,26.189473104586188,91.70238037057374,29.63714599609375,3.9008398056030273,,,BLE
ca:f7:cd:84:7e:2d,,Misc,2026-09-26 08:13:44,,,-103,26.189473104586188,91.70238037057374,29.63714599609375,3.9008398056030273,,6,BLE
0d:2c:4d:e9:e2:be,,Misc,2026-09-26 08:13:44,,,-98,26.189473104586188,91.70238037057374,29.63714599609375,3.9008398056030273,,6,BLE
15:6c:62:26:34:aa,,Misc,2026-09-26 08:13:44,,,-87,26.189473104586188,91.70238037057374,29.63714599609375,3.9008398056030273,,,BLE
40:01:08:13:61:9d,,Misc,2026-09-26 08:13:44,,,-69,26.189473104586188,91.70238037057374,29.63714599609375,3.9008398056030273,,,BLE
14:f1:87:44:77:0f,,Misc,2026-09-26 08:13:44,,,-92,26.189473104586188,91.70238037057374,29.63714599609375,3.9008398056030273,,6,BLE
37:fc:35:50:78:ca,,Misc,2026-09-26 08:13:44,,,-85,26.189473104586188,91.70238037057374,29.63714599609375,3.9008398056030273,,6,BLE
1a:84:1b:7b:77:9b,,Misc,2026-09-26 08:13:44,,7936,-87,26.189473104586188,91.70238037057374,29.63714599609375,3.9008398056030273,,,BLE
1f:26:c1:ed:a4:d4,,Uncategorized;10,2026-09-26 08:13:46,,7936,-102,26.189481925614547,91.70240616095245,27.8983154296875,4.053186893463135,,,BLE
60:22:ed:d4:bf:66,,Uncategorized;10,2026-09-26 08:13:46,,7936,-97,26.189481925614547,91.70240616095245,27.8983154296875,4.053186893463135,,,BLE
4b:24:ef:e8:8f:b6,,Uncategorized;10,2026-09-26 08:13:46,,7936,-102,26.189481925614547,91.70240616095245,27.8983154296875,4.053186893463135,,,BLE
42:3c:01:81:8c:52,ARYA_KSHIRSAGAR,Uncategorized;10,2026-09-26 08:13:47,,7936,-86,26.18948814507572,91.70242124003818,24.394775390625,4.139040946960449,,,BLE
7e:f9:bb:74:16:5f,,Uncategorized;10,2026-09-26 08:13:47,,7936,-94,26.18948814507572,91.70242124003818,24.394775390625,4.139040946960449,,,BLE
7a:b3:2a:ca:b4:2f,,Misc,2026-09-26 08:13:48,,7936,-93,26.189492872473856,91.70243695747894,22.95501708984375,4.13522481918335,,76,BLE
51:67:ed:9d:88:a5,,Misc,2026-09-26 08:13:48,,7936,-93,26.189492872473856,91.70243695747894,22.95501708984375,4.13522481918335,,76,BLE
5b:ca:c5:95:5f:65,,Uncategorized;10,2026-09-26 08:13:48,,7936,-99,26.189492872473856,91.70243695747894,22.95501708984375,4.13522481918335,,,BLE
78:91:01:72:26:cc,Echo Dot-6WP,Uncategorized;10,2026-09-26 08:13:48,,7936,-101,26.189492872473856,91.70243695747894,22.95501708984375,4.13522481918335,,,BLE
66:3f:14:46:52:d5,,Uncategorized;10,2026-09-26 08:13:48,,7936,-91,26.189492872473856,91.70243695747894,22.95501708984375,4.13522481918335,,,BLE
66:3f:14:46:52:d5,,Uncategorized;10,2026-09-26 08:13:49,,7936,-91,26.189493707297345,91.70245426299783,19.24945068359375,4.231496810913086,,76,BLE
60:04:b2:23:dc:24,,Misc,2026-09-26 08:13:49,,7936,-99,26.189493707297345,91.70245426299783,19.24945068359375,4.231496810913086,,76,BLE
7a:ca:14:36:5b:8c,DESKTOP-O8EOM27,Misc,2026-09-26 08:13:49,,7936,-104,26.189493707297345,91.70245426299783,19.24945068359375,4.231496810913086,,,BLE
12:84:f9:dd:9c:b0,,Misc,2026-09-26 08:13:49,,,-100,26.189493707297345,91.70245426299783,19.24945068359375,4.231496810913086,,,BLE
60:22:ed:d4:bf:66,,Uncategorized;10,2026-09-26 08:13:49,,7936,-97,26.189493707297345,91.70245426299783,19.24945068359375,4.231496810913086,,76,BLE
4b:24:ef:e8:8f:b6,,Uncategorized;10,2026-09-26 08:13:49,,7936,-101,26.189493707297345,91.70245426299783,19.24945068359375,4.231496810913086,,76,BLE
68:3d:7f:e3:c1:b1,,Misc,2026-09-26 08:13:49,,7936,-99,26.189493707297345,91.70245426299783,19.24945068359375,4.231496810913086,,76,BLE
7e:f9:bb:74:16:5f,,Uncategorized;10,2026-09-26 08:13:49,,7936,-95,26.189493707297345,91.70245426299783,19.24945068359375,4.231496810913086,,76,BLE
76:8b:f1:59:a1:57,,Misc,2026-09-26 08:13:49,,7936,-105,26.189493707297345,91.70245426299783,19.24945068359375,4.231496810913086,,76,BLE
2d:a2:c8:63:53:86,,Misc,2026-09-26 08:13:49,,,-103,26.189493707297345,91.70245426299783,19.24945068359375,4.231496810913086,,6,BLE
5b:ca:c5:95:5f:65,,Uncategorized;10,2026-09-26 08:13:49,,7936,-98,26.189493707297345,91.70245426299783,19.24945068359375,4.231496810913086,,76,BLE
19:63:4a:dd:bf:47,,Misc,2026-09-26 08:13:49,,,-93,26.189493707297345,91.70245426299783,19.24945068359375,4.231496810913086,,6,BLE
2c:a7:ef:64:64:52,,Uncategorized;10,2026-09-26 08:13:50,,7936,-94,26.189493941179432,91.70247203896172,17.58880615234375,4.203262805938721,,,BLE
47:5e:43:58:c6:91,,Uncategorized;10,2026-09-26 08:13:50,,7936,-97,26.189493941179432,91.70247203896172,17.58880615234375,4.203262805938721,,,BLE
76:8b:f1:59:a1:57,,Misc,2026-09-26 08:13:50,,7936,-97,26.189493941179432,91.70247203896172,17.58880615234375,4.203262805938721,,76,BLE
63:f4:37:2b:d9:27,,Uncategorized;10,2026-09-26 08:13:51,,7936,-93,26.18949682886111,91.70248781175272,17.26611328125,4.2680439949035645,,,BLE
1f:26:c1:ed:a4:d4,,Uncategorized;10,2026-09-26 08:13:51,,7936,-88,26.18949682886111,91.70248781175272,17.26611328125,4.2680439949035645,,,BLE
60:04:b2:23:dc:24,,Misc,2026-09-26 08:13:51,,7936,-94,26.18949682886111,91.70248781175272,17.26611328125,4.2680439949035645,,76,BLE
22:9a:0f:3f:bf:15,,Uncategorized;10,2026-09-26 08:13:54,,7936,-102,26.189504229122683,91.7025192942544,14.42364501953125,10.275103569030762,,,BLE
ef:c3:9e:ae:0b:fb,,Misc,2026-09-26 08:13:54,,,-128,26.189504229122683,91.7025192942544,14.42364501953125,10.275103569030762,,76,BLE
5b:ca:c5:95:5f:65,,Uncategorized;10,2026-09-26 08:13:54,,7936,-91,26.189504229122683,91.7025192942544,14.42364501953125,10.275103569030762,,76,BLE
22:9a:0f:3f:bf:15,,Uncategorized;10,2026-09-26 08:13:54,,7936,-90,26.189504229122683,91.7025192942544,14.42364501953125,10.275103569030762,,,BLE
66:3f:14:46:52:d5,,Uncategorized;10,2026-09-26 08:13:54,,7936,-81,26.189504229122683,91.7025192942544,14.42364501953125,10.275103569030762,,76,BLE
61:a1:a1:84:c2:55,,Misc,2026-09-26 08:13:54,,,-98,26.189504229122683,91.7025192942544,14.42364501953125,10.275103569030762,,,BLE
ee:b6:b4:b0:72:5e,,Misc,2026-09-26 08:13:54,,,-96,26.189504229122683,91.7025192942544,14.42364501953125,10.275103569030762,,76,BLE
98:47:44:eb:0d:9d,realme Buds T310,Uncategorized,2026-09-26 08:13:54,,7936,-93,26.189504229122683,91.7025192942544,14.42364501953125,10.275103569030762,,41992,BLE
5b:23:54:3e:de:36,Echo Dot-049,Misc,2026-09-26 08:13:54,,7936,-103,26.189504229122683,91.7025192942544,14.42364501953125,10.275103569030762,,,BLE
53:42:19:3a:ca:bf,realme Buds T310-GFP,Uncategorized,2026-09-26 08:13:54,,7936,-96,26.189504229122683,91.7025192942544,14.42364501953125,10.275103569030762,,,BLE
d7:8d:12:d1:c2:cf,,Misc,2026-09-26 08:13:54,,,-95,26.189504229122683,91.7025192942544,14.42364501953125,10.275103569030762,,76,BLE
64:6d:90:e0:e2:86,OnePlus Nord Buds 3,Misc,2026-09-26 08:13:54,,7936,-89,26.189504229122683,91.7025192942544,14.42364501953125,10.275103569030762,,,BLE
f1:6a:fc:23:6f:bd,,Misc,2026-09-26 08:13:54,,,-94,26.189504229122683,91.7025192942544,14.42364501953125,10.275103569030762,,76,BLE
7a:ca:14:36:5b:8c,DESKTOP-O8EOM27,Misc,2026-09-26 08:13:54,,7936,-99,26.189504229122683,91.7025192942544,14.42364501953125,10.275103569030762,,,BLE
f2:c1:d5:eb:dd:61,,Misc,2026-09-26 08:13:54,,,-95,26.189504229122683,91.7025192942544,14.42364501953125,10.275103569030762,,76,BLE
47:5e:43:58:c6:91,,Uncategorized;10,2026-09-26 08:13:54,,7936,-97,26.189504229122683,91.7025192942544,14.42364501953125,10.275103569030762,,76,BLE
33:f0:c0:e9:43:c8,,Misc,2026-09-26 08:13:54,,,-74,26.189504229122683,91.7025192942544,14.42364501953125,10.275103569030762,,6,BLE
ca:f7:cd:84:7e:2d,,Misc,2026-09-26 08:13:54,,,-98,26.189504229122683,91.7025192942544,14.42364501953125,10.275103569030762,,6,BLE
60:22:ed:d4:bf:66,,Uncategorized;10,2026-09-26 08:13:54,,7936,-91,26.189504229122683,91.7025192942544,14.42364501953125,10.275103569030762,,76,BLE
7e:f9:bb:74:16:5f,,Uncategorized;10,2026-09-26 08:13:56,,7936,-88,26.18950863751086,91.70254529077215,13.05230712890625,10.29665756225586,,76,BLE
c2:07:1d:66:c8:25,IITG_CONNECT,[WPA2-EAP/SHA1+FT/EAP-CCMP][RSN-EAP/SHA1+FT/EAP-CCMP][ESS],2026-09-26 08:13:57,48,5240,-42,26.18951157207641,91.70255738405032,13.00506591796875,10.284540176391602,,,WIFI
c2:07:1d:66:c8:24,IITG_CONNECT,[WPA2-EAP/SHA1+FT/EAP-CCMP][RSN-EAP/SHA1+FT/EAP-CCMP][ESS],2026-09-26 08:13:57,6,2437,-46,26.18951157207641,91.70255738405032,13.00506591796875,10.284540176391602,,,WIFI
30:68:93:71:ec:8b,nyetwark,[WPA2-PSK-CCMP][RSN-PSK-CCMP][ESS][WPS],2026-09-26 08:13:57,149,5745,-69,26.18951157207641,91.70255738405032,13.00506591796875,10.284540176391602,,,WIFI
88:76:b9:f4:76:1d,DLINK_B230_EXT,[WPA2-PSK-CCMP][RSN-PSK-CCMP][ESS],2026-09-26 08:13:57,1,2412,-81,26.18951157207641,91.70255738405032,13.00506591796875,10.284540176391602,,,WIFI
f2:75:0c:7c:d0:19,IITG_CONNECT,[WPA2-EAP/SHA1+FT/EAP-CCMP][RSN-EAP/SHA1+FT/EAP-CCMP][ESS],2026-09-26 08:13:57,157,5785,-48,26.18951157207641,91.70255738405032,13.00506591796875,10.284540176391602,,,WIFI
72:68:93:71:ec:8a,,[WPA2-PSK-CCMP][RSN-PSK-CCMP][ESS],2026-09-26 08:13:57,7,2442,-61,26.18951157207641,91.70255738405032,13.00506591796875,10.284540176391602,,,WIFI
e8:65:d4:07:85:60,GRC/PRC,[WPA-PSK-CCMP][WPA2-PSK-CCMP][RSN-PSK-CCMP][ESS],2026-09-26 08:13:57,6,2437,-70,26.18951157207641,91.70255738405032,13.00506591796875,10.284540176391602,,,WIFI
9a:75:1b:6b:5c:a5,pranshu,[WPA2-PSK-CCMP][RSN-PSK-CCMP][ESS],2026-09-26 08:13:57,1,2412,-58,26.18951157207641,91.70255738405032,13.00506591796875,10.284540176391602,,,WIFI
64:29:43:99:81:86,Gunga,[WPA2-PSK-CCMP][RSN-PSK-CCMP][ESS],2026-09-26 08:13:57,9,2452,-70,26.18951157207641,91.70255738405032,13.00506591796875,10.284540176391602,,,WIFI
30:de:4b:90:ac:a9,LXZY8,[WPA2-PSK-CCMP][RSN-PSK-CCMP][ESS][WPS],2026-09-26 08:13:57,9,2452,-63,26.18951157207641,91.70255738405032,13.00506591796875,10.284540176391602,,,WIFI
ec:75:0c:bc:23:33,SyntaxError,[WPA2-PSK-CCMP][RSN-PSK-CCMP][ESS][WPS],2026-09-26 08:13:57,4,2427,-63,26.18951157207641,91.70255738405032,13.00506591796875,10.284540176391602,,,WIFI
24:2f:d0:c1:43:4c,B54_baby,[WPA2-PSK-TKIP+CCMP][RSN-PSK-TKIP+CCMP][ESS][WPS],2026-09-26 08:13:57,3,2422,-70,26.18951157207641,91.70255738405032,13.00506591796875,10.284540176391602,,,WIFI
cc:2d:21:35:c5:50,WiFi_Name,[WPA-PSK-CCMP][WPA2-PSK-CCMP][RSN-PSK-CCMP][ESS],2026-09-26 08:13:57,7,2442,-70,26.18951157207641,91.70255738405032,13.00506591796875,10.284540176391602,,,WIFI
8c:53:c3:5c:1a:b9,Mi_wifi,[WPA-PSK-TKIP+CCMP][WPA2-PSK-TKIP+CCMP][RSN-PSK-TKIP+CCMP][ESS][WPS],2026-09-26 08:13:57,2,2417,-78,26.18951157207641,91.70255738405032,13.00506591796875,10.284540176391602,,,WIFI
ee:75:0c:9c:23:33,TP-Link_Guest_2333,[ESS],2026-09-26 08:13:57,4,2427,-64,26.18951157207641,91.70255738405032,13.00506591796875,10.284540176391602,,,WIFI
00:1e:a6:af:f2:80,iBall-Baton,[WPA-PSK-CCMP][ESS][WPS],2026-09-26 08:13:57,6,2437,-78,26.18951157207641,91.70255738405032,13.00506591796875,10.284540176391602,,,WIFI
62:b3:0c:c2:61:32,,Uncategorized;10,2026-09-26 08:13:57,,7936,-103,26.18951157207641,91.70255738405032,13.00506591796875,10.284540176391602,,,BLE
db:3b:6b:db:ce:da,,Misc,2026-09-26 08:13:59,,,-90,26.18951505291579,91.70258353718215,12.42437744140625,10.209810256958008,,76,BLE
41:a7:55:be:e1:9f,219_BLE,Misc,2026-09-26 08:13:59,,7936,-83,26.18951505291579,91.70258353718215,12.42437744140625,10.209810256958008,,,BLE
2e:8b:11:25:d8:c7,,Misc,2026-09-26 08:13:59,,,-101,26.18951505291579,91.70258353718215,12.42437744140625,10.209810256958008,,6,BLE
66:3f:14:46:52:d5,,Uncategorized;10,2026-09-26 08:13:59,,7936,-74,26.18951505291579,91.70258353718215,12.42437744140625,10.209810256958008,,76,BLE
12:84:f9:dd:9c:b0,,Misc,2026-09-26 08:13:59,,,-94,26.18951505291579,91.70258353718215,12.42437744140625,10.209810256958008,,,BLE
7a:ca:14:36:5b:8c,DESKTOP-O8EOM27,Misc,2026-09-26 08:13:59,,7936,-100,26.18951505291579,91.70258353718215,12.42437744140625,10.209810256958008,,6,BLE
62:b3:0c:c2:61:32,,Uncategorized;10,2026-09-26 08:13:59,,7936,-104,26.18951505291579,91.70258353718215,12.42437744140625,10.209810256958008,,76,BLE
60:04:b2:23:dc:24,,Misc,2026-09-26 08:13:59,,7936,-88,26.18951505291579,91.70258353718215,12.42437744140625,10.209810256958008,,76,BLE
ef:c3:9e:ae:0b:fb,,Misc,2026-09-26 08:13:59,,,-66,26.18951505291579,91.70258353718215,12.42437744140625,10.209810256958008,,76,BLE
22:9a:0f:3f:bf:15,,Uncategorized;10,2026-09-26 08:13:59,,7936,-84,26.18951505291579,91.70258353718215,12.42437744140625,10.209810256958008,,,BLE
51:67:ed:9d:88:a5,,Misc,2026-09-26 08:13:59,,7936,-75,26.18951505291579,91.70258353718215,12.42437744140625,10.209810256958008,,76,BLE
62:1a:cc:05:81:89,,Misc,2026-09-26 08:13:59,,7936,-79,26.18951505291579,91.70258353718215,12.42437744140625,10.209810256958008,,76,BLE
c8:43:2d:0a:1e:f7,,Misc,2026-09-26 08:13:59,,,-99,26.18951505291579,91.70258353718215,12.42437744140625,10.209810256958008,,76,BLE
12:84:f9:dd:9c:b0,,Misc,2026-09-26 08:13:59,,,-93,26.18951505291579,91.70258353718215,12.42437744140625,10.209810256958008,,6,BLE
7e:f9:bb:74:16:5f,,Uncategorized;10,2026-09-26 08:13:59,,7936,-74,26.18951505291579,91.70258353718215,12.42437744140625,10.209810256958008,,76,BLE
62:3e:0d:c3:5a:70,,Uncategorized;10,2026-09-26 08:14:01,,7936,-81,26.1895203807822,91.70260953219892,10.797943115234375,9.935046195983887,,,BLE
2c:c6:94:4c:ea:12,,Uncategorized;10,2026-09-26 08:14:01,,7936,-84,26.1895203807822,91.70260953219892,10.797943115234375,9.935046195983887,,,BLE
37:67:bb:96:70:43,,Uncategorized;10,2026-09-26 08:14:01,,7936,-94,26.1895203807822,91.70260953219892,10.797943115234375,9.935046195983887,,,BLE
47:5e:43:58:c6:91,,Uncategorized;10,2026-09-26 08:14:01,,7936,-92,26.1895203807822,91.70260953219892,10.797943115234375,9.935046195983887,,76,BLE
13:64:0a:e3:cc:bf,,Uncategorized;10,2026-09-26 08:14:03,,7936,-102,26.189527672552714,91.70263047580343,10.400299072265625,9.935046195983887,,,BLE
37:fc:35:50:78:ca,,Misc,2026-09-26 08:14:04,,,-67,26.18953340972652,91.70264209363532,10.459808349609375,9.935046195983887,,6,BLE
f2:c1:d5:eb:dd:61,,Misc,2026-09-26 08:14:04,,,-90,26.18953340972652,91.70264209363532,10.459808349609375,9.935046195983887,,76,BLE
84:0f:2a:8b:90:60,,Misc,2026-09-26 08:14:04,,,-99,26.18953340972652,91.70264209363532,10.459808349609375,9.935046195983887,,41992,BLE
62:3e:0d:c3:5a:70,,Uncategorized;10,2026-09-26 08:14:04,,7936,-94,26.18953340972652,91.70264209363532,10.459808349609375,9.935046195983887,,76,BLE
62:3e:0d:c3:5a:70,,Uncategorized;10,2026-09-26 08:14:04,,7936,-81,26.18953340972652,91.70264209363532,10.459808349609375,9.935046195983887,,76,BLE
ca:f7:cd:84:7e:2d,,Misc,2026-09-26 08:14:04,,,-88,26.18953340972652,91.70264209363532,10.459808349609375,9.935046195983887,,6,BLE
61:8e:13:d7:8d:d8,,Misc,2026-09-26 08:14:04,,7936,-94,26.18953340972652,91.70264209363532,10.459808349609375,9.935046195983887,,76,BLE
c4:90:55:d2:37:c5,,Misc,2026-09-26 08:14:04,,,-103,26.18953340972652,91.70264209363532,10.459808349609375,9.935046195983887,,76,BLE
f3:a9:e6:0b:50:bd,,Misc,2026-09-26 08:14:04,,,-84,26.18953340972652,91.70264209363532,10.459808349609375,9.935046195983887,,76,BLE
61:a1:a1:84:c2:55,,Misc,2026-09-26 08:14:04,,,-88,26.18953340972652,91.70264209363532,10.459808349609375,9.935046195983887,,,BLE
19:63:4a:dd:bf:47,,Misc,2026-09-26 08:14:04,,,-87,26.18953340972652,91.70264209363532,10.459808349609375,9.935046195983887,,6,BLE
53:42:19:3a:ca:bf,realme Buds T310-GFP,Uncategorized,2026-09-26 08:14:04,,7936,-90,26.18953340972652,91.70264209363532,10.459808349609375,9.935046195983887,,,BLE
2e:4d:5e:0b:93:d8,,Uncategorized;10,2026-09-26 08:14:05,,7936,-96,26.189539046231232,91.70265267541728,11.079132080078125,9.935046195983887,,,BLE
33:68:8f:ed:91:24,,Uncategorized;10,2026-09-26 08:14:05,,7936,-93,26.189539046231232,91.70265267541728,11.079132080078125,9.935046195983887,,,BLE
37:67:bb:96:70:43,,Uncategorized;10,2026-09-26 08:14:05,,7936,-80,26.189539046231232,91.70265267541728,11.079132080078125,9.935046195983887,,,BLE
c2:07:1d:66:c8:24,IITG_CONNECT,[WPA2-EAP/SHA1+FT/EAP-CCMP][RSN-EAP/SHA1+FT/EAP-CCMP][ESS],2026-09-26 08:14:08,6,2437,-40,26.18955614442001,91.70268309066375,13.9161376953125,9.935046195983887,,,WIFI
6c:5a:b0:93:da:f0,Manas,[WPA2-PSK-CCMP][RSN-PSK-CCMP][ESS][WPS],2026-09-26 08:14:08,9,2452,-82,26.18955614442001,91.70268309066375,13.9161376953125,9.935046195983887,,,WIFI
c0:06:c3:c0:b1:d6,TP-Link_B1D7,[WPA2-PSK-CCMP][RSN-PSK-CCMP][ESS][WPS],2026-09-26 08:14:08,153,5765,-79,26.18955614442001,91.70268309066375,13.9161376953125,9.935046195983887,,,WIFI
c0:06:c3:c0:b1:d7,TP-Link_B1D7,[WPA2-PSK-CCMP][RSN-PSK-CCMP][ESS][WPS],2026-09-26 08:14:08,4,2427,-59,26.18955614442001,91.70268309066375,13.9161376953125,9.935046195983887,,,WIFI
e8:65:d4:07:85:60,GRC/PRC,[WPA-PSK-CCMP][WPA2-PSK-CCMP][RSN-PSK-CCMP][ESS],2026-09-26 08:14:08,6,2437,-64,26.18955614442001,91.70268309066375,13.9161376953125,9.935046195983887,,,WIFI
40:ed:00:2d:5c:82,FREE FREE FREE_5G,[WPA2-PSK-CCMP][RSN-PSK-CCMP][ESS],2026-09-26 08:14:08,153,5765,-88,26.18955614442001,91.70268309066375,13.9161376953125,9.935046195983887,,,WIFI
dc:ea:e7:b2:95:77,Aakash,[WPA2-PSK-CCMP][RSN-PSK-CCMP][ESS],2026-09-26 08:14:08,1,2412,-58,26.18955614442001,91.70268309066375,13.9161376953125,9.935046195983887,,,WIFI
40:ed:00:2d:5c:80,FREE FREE FREE,[WPA2-PSK-CCMP][RSN-PSK-CCMP][ESS],2026-09-26 08:14:08,9,2452,-76,26.18955614442001,91.70268309066375,13.9161376953125,9.935046195983887,,,WIFI
c2:06:c3:e0:b1:d6,,[WPA2-PSK-CCMP][RSN-PSK-CCMP][ESS],2026-09-26 08:14:08,153,5765,-80,26.18955614442001,91.70268309066375,13.9161376953125,9.935046195983887,,,WIFI
bc:22:28:41:10:58,dlink-1058,[WPA-PSK-TKIP+CCMP][WPA2-PSK-TKIP+CCMP][RSN-PSK-TKIP+CCMP][ESS][WPS],2026-09-26 08:14:08,6,2437,-66,26.18955614442001,91.70268309066375,13.9161376953125,9.935046195983887,,,WIFI
f2:75:0c:7c:d1:22,IITG_CONNECT,[WPA2-EAP/SHA1+FT/EAP-CCMP][RSN-EAP/SHA1+FT/EAP-CCMP][ESS],2026-09-26 08:14:08,11,2462,-69,26.18955614442001,91.70268309066375,13.9161376953125,9.935046195983887,,,WIFI
7d:95:ab:3b:5d:9b,,Uncategorized;10,2026-09-26 08:14:09,,7936,-104,26.18956670243188,91.70268663889273,14.90435791015625,9.935046195983887,,,BLE
13:64:0a:e3:cc:bf,,Uncategorized;10,2026-09-26 08:14:09,,7936,-97,26.18956670243188,91.70268663889273,14.90435791015625,9.935046195983887,,,BLE
ca:f7:cd:84:7e:2d,,Misc,2026-09-26 08:14:09,,,-78,26.18956670243188,91.70268663889273,14.90435791015625,9.935046195983887,,6,BLE
3d:51:e9:06:c5:aa,,Misc,2026-09-26 08:14:09,,,-102,26.18956670243188,91.70268663889273,14.90435791015625,9.935046195983887,,,BLE
7d:95:ab:3b:5d:9b,,Uncategorized;10,2026-09-26 08:14:09,,7936,-104,26.18956670243188,91.70268663889273,14.90435791015625,9.935046195983887,,76,BLE
2d:a2:c8:63:53:86,,Misc,2026-09-26 08:14:09,,,-86,26.18956670243188,91.70268663889273,14.90435791015625,9.935046195983887,,6,BLE
c2:61:2d:fa:fa:51,,Misc,2026-09-26 08:14:09,,,-92,26.18956670243188,91.70268663889273,14.90435791015625,9.935046195983887,,76,BLE
37:fc:35:50:78:ca,,Misc,2026-09-26 08:14:09,,,-58,26.18956670243188,91.70268663889273,14.90435791015625,9.935046195983887,,6,BLE
f1:6a:fc:23:6f:bd,,Misc,2026-09-26 08:14:09,,,-84,26.18956670243188,91.70268663889273,14.90435791015625,9.935046195983887,,76,BLE
2e:8b:11:25:d8:c7,,Misc,2026-09-26 08:14:09,,,-96,26.18956670243188,91.70268663889273,14.90435791015625,9.935046195983887,,6,BLE
98:59:7a:db:ce:4a,ARJUN-VERMA,Laptop;10,2026-09-26 08:14:10,,268,0,26.189573607992525,91.70267917167297,13.522216796875,9.935046195983887,,,BT
2c:c6:94:4c:ea:12,,Uncategorized;10,2026-09-26 08:14:14,,7936,-73,26.18957216038545,91.70263596515137,12.862060546875,9.935046195983887,,,BLE
f3:3c:78:0e:85:5c,,Misc,2026-09-26 08:14:14,,,-77,26.18957216038545,91.70263596515137,12.862060546875,9.935046195983887,,76,BLE
5b:ca:c5:95:5f:65,,Uncategorized;10,2026-09-26 08:14:14,,7936,-81,26.18957216038545,91.70263596515137,12.862060546875,9.935046195983887,,76,BLE
e2:7a:ff:b1:9b:5e,,Misc,2026-09-26 08:14:14,,,-103,26.18957216038545,91.70263596515137,12.862060546875,9.935046195983887,,76,BLE
2e:4d:5e:0b:93:d8,,Uncategorized;10,2026-09-26 08:14:14,,7936,-91,26.18957216038545,91.70263596515137,12.862060546875,9.935046195983887,,,BLE
49:32:dd:a7:48:c5,,Misc,2026-09-26 08:14:14,,7936,-102,26.18957216038545,91.70263596515137,12.862060546875,9.935046195983887,,1946,BLE
60:22:ed:d4:bf:66,,Uncategorized;10,2026-09-26 08:14:14,,7936,-81,26.18957216038545,91.70263596515137,12.862060546875,9.935046195983887,,76,BLE
ca:f7:cd:84:7e:2d,,Misc,2026-09-26 08:14:14,,,-73,26.18957216038545,91.70263596515137,12.862060546875,9.935046195983887,,6,BLE
12:77:43:e3:97:0c,,Misc,2026-09-26 08:14:14,,,-103,26.18957216038545,91.70263596515137,12.862060546875,9.935046195983887,,,BLE
f8:36:b5:b4:95:64,,Misc,2026-09-26 08:14:14,,,-93,26.18957216038545,91.70263596515137,12.862060546875,9.935046195983887,,76,BLE
51:67:ed:9d:88:a5,,Misc,2026-09-26 08:14:19,,7936,-61,26.189580407131217,91.70259085165233,12.6953125,9.935046195983887,,76,BLE
2c:a7:ef:64:64:52,,Uncategorized;10,2026-09-26 08:14:20,,7936,-79,26.189588892714855,91.70257965326242,10.91064453125,9.935046195983887,,,BLE
ee:75:0c:ac:23:33,,[WPA2-PSK-CCMP][RSN-PSK-CCMP][ESS],2026-09-26 08:14:20,4,2427,-77,26.189588892714855,91.70257965326242,10.91064453125,9.935046195983887,,,WIFI
f2:75:0c:7c:d0:18,IITG_CONNECT,[WPA2-EAP/SHA1+FT/EAP-CCMP][RSN-EAP/SHA1+FT/EAP-CCMP][ESS],2026-09-26 08:14:20,11,2462,-44,26.189588892714855,91.70257965326242,10.91064453125,9.935046195983887,,,WIFI
0c:0e:76:9f:36:9c,wifi:):,[WPA2-PSK-CCMP][RSN-PSK-CCMP][ESS][WPS],2026-09-26 08:14:20,9,2452,-81,26.189588892714855,91.70257965326242,10.91064453125,9.935046195983887,,,WIFI
e8:65:d4:07:85:60,GRC/PRC,[WPA-PSK-CCMP][WPA2-PSK-CCMP][RSN-PSK-CCMP][ESS],2026-09-26 08:14:20,6,2437,-58,26.189588892714855,91.70257965326242,10.91064453125,9.935046195983887,,,WIFI
04:ba:d6:4a:3f:61,R04-3F60,[WPA2-PSK-CCMP][RSN-PSK-CCMP][ESS],2026-09-26 08:14:20,7,2442,-81,26.189588892714855,91.70257965326242,10.91064453125,9.935046195983887,,,WIFI
e4:c3:2a:5d:53:78,TP-Link_5378,[WPA2-PSK-CCMP][RSN-PSK-CCMP][ESS][WPS],2026-09-26 08:14:20,3,2422,-63,26.189588892714855,91.70257965326242,10.91064453125,9.935046195983887,,,WIFI
cc:2d:21:35:c5:50,WiFi_Name,[WPA-PSK-CCMP][WPA2-PSK-CCMP][RSN-PSK-CCMP][ESS],2026-09-26 08:14:20,7,2442,-57,26.189588892714855,91.70257965326242,10.91064453125,9.935046195983887,,,WIFI
00:1e:a6:af:f2:80,iBall-Baton,[WPA-PSK-CCMP][ESS][WPS],2026-09-26 08:14:20,6,2437,-69,26.189588892714855,91.70257965326242,10.91064453125,9.935046195983887,,,WIFI
12:84:f9:dd:9c:b0,,Misc,2026-09-26 08:14:24,,,-80,26.189594589699176,91.70252879644958,8.331573486328125,9.935046195983887,,6,BLE
c6:c3:ee:cb:14:82,,Misc,2026-09-26 08:14:24,,,-90,26.189594589699176,91.70252879644958,8.331573486328125,9.935046195983887,,76,BLE
21:ea:2f:d0:31:d5,,Misc,2026-09-26 08:14:24,,,-101,26.189594589699176,91.70252879644958,8.331573486328125,9.935046195983887,,6,BLE
3b:9e:5f:cf:2f:8a,,Uncategorized;10,2026-09-26 08:14:27,,7936,-99,26.189604210850053,91.70250350746072,5.5601806640625,9.935046195983887,,,BLE
30:75:bf:5b:a5:9c,,Misc,2026-09-26 08:14:29,,,-102,26.18960186219975,91.70248265884474,4.849456787109375,9.935046195983887,,6,BLE
d5:dc:b4:fe:b6:dd,,Misc,2026-09-26 08:14:29,,,-87,26.18960186219975,91.70248265884474,4.849456787109375,9.935046195983887,,76,BLE
6a:c4:4e:63:b5:39,,Misc,2026-09-26 08:14:29,,,-92,26.18960186219975,91.70248265884474,4.849456787109375,9.935046195983887,,76,BLE
29:0d:fe:40:41:fb,,Misc,2026-09-26 08:14:29,,,-128,26.18960186219975,91.70248265884474,4.849456787109375,9.935046195983887,,6,BLE
39:fc:f3:f9:f0:2f,,Misc,2026-09-26 08:14:29,,,-97,26.18960186219975,91.70248265884474,4.849456787109375,9.935046195983887,,6,BLE
ee:75:0c:ac:23:33,,[WPA2-PSK-CCMP][RSN-PSK-CCMP][ESS],2026-09-26 08:14:31,4,2427,-57,26.18960540466205,91.70246371922359,4.78460693359375,9.935046195983887,,,WIFI
30:68:93:71:ec:8a,nyetwark,[WPA2-PSK-CCMP][RSN-PSK-CCMP][ESS][WPS],2026-09-26 08:14:31,7,2442,-60,26.18960540466205,91.70246371922359,4.78460693359375,9.935046195983887,,,WIFI
ee:75:0c:ac:23:35,,[WPA2-PSK-CCMP][RSN-PSK-CCMP][ESS],2026-09-26 08:14:31,153,5765,-68,26.18960540466205,91.70246371922359,4.78460693359375,9.935046195983887,,,WIFI
0c:0e:76:9f:36:9c,wifi:):,[WPA2-PSK-CCMP][RSN-PSK-CCMP][ESS][WPS],2026-09-26 08:14:31,9,2452,-64,26.18960540466205,91.70246371922359,4.78460693359375,9.935046195983887,,,WIFI
14:eb:b6:50:50:58,Harsh,[WPA2-PSK-CCMP][RSN-PSK-CCMP][ESS][WPS],2026-09-26 08:14:31,9,2452,-69,26.18960540466205,91.70246371922359,4.78460693359375,9.935046195983887,,,WIFI
40:3f:8c:7d:46:2d,TP-Link_462D,[WPA2-PSK-CCMP][RSN-PSK-CCMP][ESS][WPS],2026-09-26 08:14:31,10,2457,-73,26.18960540466205,91.70246371922359,4.78460693359375,9.935046195983887,,,WIFI
ec:75:0c:bc:23:33,SyntaxError,[WPA2-PSK-CCMP][RSN-PSK-CCMP][ESS][WPS],2026-09-26 08:14:31,4,2427,-58,26.18960540466205,91.70246371922359,4.78460693359375,9.935046195983887,,,WIFI
1c:3b:f3:ae:e3:37,Sid_Wifi,[WPA2-PSK-TKIP+CCMP][RSN-PSK-TKIP+CCMP][ESS][WPS],2026-09-26 08:14:31,10,2457,-63,26.18960540466205,91.70246371922359,4.78460693359375,9.935046195983887,,,WIFI
ec:75:0c:bc:23:35,SyntaxError,[WPA2-PSK-CCMP][RSN-PSK-CCMP][ESS][WPS],2026-09-26 08:14:31,153,5765,-68,26.18960540466205,91.70246371922359,4.78460693359375,9.935046195983887,,,WIFI
ee:75:0c:9c:23:33,TP-Link_Guest_2333,[ESS],2026-09-26 08:14:31,4,2427,-57,26.18960540466205,91.70246371922359,4.78460693359375,9.935046195983887,,,WIFI
73:69:ab:7e:0f:63,,Misc,2026-09-26 08:14:34,,,-98,26.189620008816654,91.7024432684337,8.228759765625,9.935046195983887,,76,BLE
c3:e4:e0:51:5c:7d,,Misc,2026-09-26 08:14:34,,,-102,26.189620008816654,91.7024432684337,8.228759765625,9.935046195983887,,76,BLE
7a:b3:2a:ca:b4:2f,,Misc,2026-09-26 08:14:34,,7936,-87,26.189620008816654,91.7024432684337,8.228759765625,9.935046195983887,,76,BLE
30:75:bf:5b:a5:9c,,Misc,2026-09-26 08:14:34,,,-97,26.189620008816654,91.7024432684337,8.228759765625,9.935046195983887,,6,BLE
2a:d6:89:69:82:b4,,Misc,2026-09-26 08:14:34,,,-100,26.189620008816654,91.7024432684337,8.228759765625,9.935046195983887,,,BLE
21:ea:2f:d0:31:d5,,Misc,2026-09-26 08:14:34,,,-95,26.189620008816654,91.7024432684337,8.228759765625,9.935046195983887,,6,BLE
f5:99:54:da:37:50,,Misc,2026-09-26 08:14:39,,,-93,26.189659102479474,91.70244378925425,13.74359130859375,9.98194694519043,,76,BLE
47:66:40:77:f1:42,,Misc,2026-09-26 08:14:39,,,-99,26.189659102479474,91.70244378925425,13.74359130859375,9.98194694519043,,,BLE
47:8c:8c:75:69:16,,Misc,2026-09-26 08:14:39,,,-102,26.189659102479474,91.70244378925425,13.74359130859375,9.98194694519043,,,BLE
15:6c:62:26:34:aa,,Misc,2026-09-26 08:14:39,,,-81,26.189659102479474,91.70244378925425,13.74359130859375,9.98194694519043,,,BLE
32:be:ca:5c:41:c6,,Misc,2026-09-26 08:14:39,,,-90,26.189659102479474,91.70244378925425,13.74359130859375,9.98194694519043,,6,BLE
64:6d:90:e0:e2:86,OnePlus Nord Buds 3,Misc,2026-09-26 08:14:39,,7936,-82,26.189659102479474,91.70244378925425,13.74359130859375,9.98194694519043,,,BLE
7c:4b:3f:91:9c:8a,,Misc,2026-09-26 08:14:39,,,-91,26.189659102479474,91.70244378925425,13.74359130859375,9.98194694519043,,117,BLE
28:bd:ce:ae:69:2d,,Misc,2026-09-26 08:14:39,,,-60,26.189659102479474,91.70244378925425,13.74359130859375,9.98194694519043,,6,BLE
70:ae:d5:32:b2:dd,,Laptop;10,2026-09-26 08:14:39,,268,-90,26.189659102479474,91.70244378925425,13.74359130859375,9.98194694519043,,,BT
405751_53815_205093376,Assam,LTE;405751,2026-09-26 08:14:40,1351,1351,-104,26.1896675488173,91.70244578028738,14.73114013671875,9.97881031036377,,,LTE
36:b6:d7:f0:34:96,,Uncategorized;10,2026-09-26 08:14:40,,7936,-78,26.1896675488173,91.70244578028738,14.73114013671875,9.97881031036377,,,BLE
1f:4e:5a:68:a5:94,,Misc,2026-09-26 08:14:44,,7936,-74,26.189703769504842,91.70245656941287,15.218017578125,9.99222469329834,,,BLE
30:75:bf:5b:a5:9c,,Misc,2026-09-26 08:14:44,,,-90,26.189703769504842,91.70245656941287,15.218017578125,9.99222469329834,,6,BLE
65:71:6d:0f:49:aa,,Misc,2026-09-26 08:14:44,,,-83,26.189703769504842,91.70245656941287,15.218017578125,9.99222469329834,,76,BLE
7c:4b:3f:91:9c:8a,,Misc,2026-09-26 08:14:44,,,-81,26.189703769504842,91.70245656941287,15.218017578125,9.99222469329834,,117,BLE
ff:5b:29:c4:03:30,,Misc,2026-09-26 08:14:44,,,-99,26.189703769504842,91.70245656941287,15.218017578125,9.99222469329834,,76,BLE
51:c8:64:ff:dd:af,Bedroom speaker,Misc,2026-09-26 08:14:44,,7936,-75,26.189703769504842,91.70245656941287,15.218017578125,9.99222469329834,,,BLE
32:be:ca:5c:41:c6,,Misc,2026-09-26 08:14:44,,,-81,26.189703769504842,91.70245656941287,15.218017578125,9.99222469329834,,6,BLE
70:cd:12:40:2f:7f,,Misc,2026-09-26 08:14:47,,7936,-81,26.18973883312209,91.70246610672145,16.19354248046875,10.033026695251465,,76,BLE
5b:bf:b3:cd:eb:11,,Misc,2026-09-26 08:14:47,,7936,-80,26.18973883312209,91.70246610672145,16.19354248046875,10.033026695251465,,76,BLE
405751_53815_205093376,Assam,LTE;405751,2026-09-26 08:14:48,1351,1351,-97,26.18974138572018,91.70246679772049,15.3389892578125,9.998682022094727,,,LTE
f2:ef:7c:31:fa:17,,Misc,2026-09-26 08:14:49,,,-99,26.189753017942596,91.70246799274634,14.765380859375,10.057781219482422,,76,BLE
b0:a3:f2:5b:6d:4a,,Misc,2026-09-26 08:14:49,,,-103,26.189753017942596,91.70246799274634,14.765380859375,10.057781219482422,,1946,BLE
06:78:3d:03:ef:4c,,Misc,2026-09-26 08:14:49,,7936,-84,26.189753017942596,91.70246799274634,14.765380859375,10.057781219482422,,,BLE
52:c8:80:e4:6b:9b,,Uncategorized;10,2026-09-26 08:14:55,,7936,-100,26.189812513326874,91.70246564943628,15.36065673828125,9.935046195983887,,76,BLE
7f:1e:0f:57:7f:3f,LAPTOP-5FNPRE88,Misc,2026-09-26 08:14:55,,7936,-86,26.189812513326874,91.70246564943628,15.36065673828125,9.935046195983887,,,BLE
76:e9:19:17:d6:9d,,Uncategorized;10,2026-09-26 08:14:56,,7936,-89,26.189811659494783,91.70246155711604,15.86004638671875,9.935046195983887,,76,BLE
77:bc:7a:e5:2b:ee,,Uncategorized;10,2026-09-26 08:14:56,,7936,-87,26.189811659494783,91.70246155711604,15.86004638671875,9.935046195983887,,76,BLE
5f:7a:28:65:1f:54,,Uncategorized;10,2026-09-26 08:14:59,,7936,-89,26.189833692147314,91.70245843165888,15.84832763671875,9.935046195983887,,,BLE
55:d3:ef:4f:24:9a,,Misc,2026-09-26 08:14:59,,,-103,26.189833692147314,91.70245843165888,15.84832763671875,9.935046195983887,,76,BLE
64:d0:81:e1:15:0e,,Misc,2026-09-26 08:14:59,,7936,-105,26.189833692147314,91.70245843165888,15.84832763671875,9.935046195983887,,76,BLE
12:d6:dd:15:87:a4,,Misc,2026-09-26 08:14:59,,7936,-103,26.189833692147314,91.70245843165888,15.84832763671875,9.935046195983887,,,BLE
c3:19:4e:b1:6f:97,LE_SRS-XB43,Uncategorized,2026-09-26 08:14:59,,7936,-81,26.189833692147314,91.70245843165888,15.84832763671875,9.935046195983887,,,BLE
50:b0:b2:b4:62:fb,,Misc,2026-09-26 08:14:59,,7936,-96,26.189833692147314,91.70245843165888,15.84832763671875,9.935046195983887,,76,BLE
41:a7:55:be:e1:9f,219_BLE,Misc,2026-09-26 08:14:59,,7936,-76,26.189833692147314,91.70245843165888,15.84832763671875,9.935046195983887,,,BLE
5f:7a:28:65:1f:54,,Uncategorized;10,2026-09-26 08:14:59,,7936,-89,26.189833692147314,91.70245843165888,15.84832763671875,9.935046195983887,,76,BLE
54:8d:5a:0e:1a:9f,LAPTOP-MOAEH8R3,Laptop;10,2026-09-26 08:14:59,,268,-75,26.189833692147314,91.70245843165888,15.84832763671875,9.935046195983887,,,BT
43:2f:2d:d7:9a:fe,,Uncategorized;10,2026-09-26 08:15:00,,7936,-93,26.18984081457618,91.7024639217591,15.8660888671875,9.935046195983887,,,BLE
20:96:2d:af:fa:a0,,Uncategorized;10,2026-09-26 08:15:01,,7936,-90,26.18984376883445,91.70247116987531,15.88140869140625,9.935046195983887,,,BLE
68:3d:7f:e3:c1:b1,,Misc,2026-09-26 08:15:01,,7936,-85,26.18984376883445,91.70247116987531,15.88140869140625,9.935046195983887,,76,BLE
61:5d:55:51:a0:7e,,Uncategorized;10,2026-09-26 08:15:01,,7936,-85,26.18984376883445,91.70247116987531,15.88140869140625,9.935046195983887,,,BLE
c2:07:1d:66:c8:03,IITG_CONNECT,[WPA2-EAP/SHA1+FT/EAP-CCMP][RSN-EAP/SHA1+FT/EAP-CCMP][ESS],2026-09-26 08:15:01,44,5220,-78,26.18984376883445,91.70247116987531,15.88140869140625,9.935046195983887,,,WIFI
c2:07:1d:66:c8:82,IITG_CONNECT,[WPA2-EAP/SHA1+FT/EAP-CCMP][RSN-EAP/SHA1+FT/EAP-CCMP][ESS],2026-09-26 08:15:01,11,2462,-55,26.18984376883445,91.70247116987531,15.88140869140625,9.935046195983887,,,WIFI
f2:75:0c:7c:cb:9d,IITG_CONNECT,[WPA2-EAP/SHA1+FT/EAP-CCMP][RSN-EAP/SHA1+FT/EAP-CCMP][ESS],2026-09-26 08:15:01,44,5220,-53,26.18984376883445,91.70247116987531,15.88140869140625,9.935046195983887,,,WIFI
c2:07:1d:66:bf:5a,IITG_CONNECT,[WPA2-EAP/SHA1+FT/EAP-CCMP][RSN-EAP/SHA1+FT/EAP-CCMP][ESS],2026-09-26 08:15:01,11,2462,-69,26.18984376883445,91.70247116987531,15.88140869140625,9.935046195983887,,,WIFI
ec:75:0c:b3:83:89,TP-Link_8389,[WPA2-PSK-CCMP][RSN-PSK-CCMP][ESS][WPS],2026-09-26 08:15:01,8,2447,-81,26.18984376883445,91.70247116987531,15.88140869140625,9.935046195983887,,,WIFI
f2:75:0c:7c:d1:23,IITG_CONNECT,[WPA2-EAP/SHA1+FT/EAP-CCMP][RSN-EAP/SHA1+FT/EAP-CCMP][ESS],2026-09-26 08:15:01,161,5805,-55,26.18984376883445,91.70247116987531,15.88140869140625,9.935046195983887,,,WIFI
c2:07:1d:66:c2:55,IITG_CONNECT,[WPA2-EAP/SHA1+FT/EAP-CCMP][RSN-EAP/SHA1+FT/EAP-CCMP][ESS],2026-09-26 08:15:01,44,5220,-81,26.18984376883445,91.70247116987531,15.88140869140625,9.935046195983887,,,WIFI
43:de:eb:21:90:cb,,Uncategorized;10,2026-09-26 08:15:03,,7936,-101,26.189841798862673,91.70248870046078,19.803466796875,9.977433204650879,,,BLE
15:ef:92:e2:cd:82,,Misc,2026-09-26 08:15:04,,,-96,26.18983899492289,91.70249771012865,19.54473876953125,9.935046195983887,,6,BLE
59:e7:3b:e1:0f:22,,Misc,2026-09-26 08:15:04,,,-102,26.18983899492289,91.70249771012865,19.54473876953125,9.935046195983887,,76,BLE
50:b0:b2:b4:62:fb,,Misc,2026-09-26 08:15:04,,7936,-90,26.18983899492289,91.70249771012865,19.54473876953125,9.935046195983887,,76,BLE
43:de:eb:21:90:cb,,Uncategorized;10,2026-09-26 08:15:04,,7936,-101,26.18983899492289,91.70249771012865,19.54473876953125,9.935046195983887,,76,BLE
ec:81:b8:20:bd:4c,,Misc,2026-09-26 08:15:04,,,-99,26.18983899492289,91.70249771012865,19.54473876953125,9.935046195983887,,76,BLE
73:13:a5:cb:2f:ad,,Misc,2026-09-26 08:15:04,,7936,-104,26.18983899492289,91.70249771012865,19.54473876953125,9.935046195983887,,76,BLE
61:5d:55:51:a0:7e,,Uncategorized;10,2026-09-26 08:15:04,,7936,-86,26.18983899492289,91.70249771012865,19.54473876953125,9.935046195983887,,76,BLE
7a:9c:ac:a7:d1:2c,,Misc,2026-09-26 08:15:04,,,-99,26.18983899492289,91.70249771012865,19.54473876953125,9.935046195983887,,117,BLE
63:ab:6f:48:b7:d7,,Misc,2026-09-26 08:15:04,,,-99,26.18983899492289,91.70249771012865,19.54473876953125,9.935046195983887,,76,BLE
e8:68:06:25:72:29,,Misc,2026-09-26 08:15:04,,,-97,26.18983899492289,91.70249771012865,19.54473876953125,9.935046195983887,,76,BLE
f7:6c:e7:ab:1c:e2,,Misc,2026-09-26 08:15:04,,,-91,26.18983899492289,91.70249771012865,19.54473876953125,9.935046195983887,,76,BLE
0d:2c:4d:e9:e2:be,,Misc,2026-09-26 08:15:04,,,-90,26.18983899492289,91.70249771012865,19.54473876953125,9.935046195983887,,6,BLE
43:2f:2d:d7:9a:fe,,Uncategorized;10,2026-09-26 08:15:04,,7936,-93,26.18983899492289,91.70249771012865,19.54473876953125,9.935046195983887,,76,BLE
7e:eb:50:30:6c:43,,Misc,2026-09-26 08:15:04,,,-100,26.18983899492289,91.70249771012865,19.54473876953125,9.935046195983887,,76,BLE
e6:72:f8:b6:8b:d5,,Misc,2026-09-26 08:15:04,,,-98,26.18983899492289,91.70249771012865,19.54473876953125,9.935046195983887,,,BLE
2e:8b:11:25:d8:c7,,Misc,2026-09-26 08:15:09,,,-85,26.189830295011443,91.7025423513822,23.65826416015625,9.94481372833252,,6,BLE
c3:19:4e:b1:6f:95,LE_SRS-XB43,Uncategorized,2026-09-26 08:15:09,,7936,-75,26.189830295011443,91.7025423513822,23.65826416015625,9.94481372833252,,301,BLE
0d:e1:35:b4:1b:73,,Misc,2026-09-26 08:15:09,,7936,-102,26.189830295011443,91.7025423513822,23.65826416015625,9.94481372833252,,,BLE
43:de:eb:21:90:cb,,Uncategorized;10,2026-09-26 08:15:10,,7936,-89,26.189827854690137,91.70255052047943,23.90338134765625,9.982805252075195,,76,BLE
0d:e1:35:b4:1b:73,,Misc,2026-09-26 08:15:10,,7936,-93,26.189827854690137,91.70255052047943,23.90338134765625,9.982805252075195,,,BLE
1f:26:c1:ed:a4:d4,,Uncategorized;10,2026-09-26 08:15:11,,7936,-73,26.189825234032003,91.70255873900763,23.902587890625,9.97513484954834,,,BLE
22:9a:0f:3f:bf:15,,Uncategorized;10,2026-09-26 08:15:12,,7936,-67,26.189821953333002,91.7025663565584,22.79071044921875,10.04343318939209,,,BLE
dc:ea:e7:b2:95:77,Aakash,[WPA2-PSK-CCMP][RSN-PSK-CCMP][ESS],2026-09-26 08:15:12,1,2412,-53,26.189821953333002,91.7025663565584,22.79071044921875,10.04343318939209,,,WIFI
f2:75:0c:7c:cb:9c,IITG_CONNECT,[WPA2-EAP/SHA1+FT/EAP-CCMP][RSN-EAP/SHA1+FT/EAP-CCMP][ESS],2026-09-26 08:15:12,1,2412,-32,26.189821953333002,91.7025663565584,22.79071044921875,10.04343318939209,,,WIFI
f2:75:0c:7c:cb:9d,IITG_CONNECT,[WPA2-EAP/SHA1+FT/EAP-CCMP][RSN-EAP/SHA1+FT/EAP-CCMP][ESS],2026-09-26 08:15:12,44,5220,-32,26.189821953333002,91.7025663565584,22.79071044921875,10.04343318939209,,,WIFI
36:57:b8:a1:1a:8f,OPPO Reno14 5G w2ma,[WPA2-PSK-CCMP][RSN-PSK-CCMP][ESS],2026-09-26 08:15:12,11,2462,-79,26.189821953333002,91.7025663565584,22.79071044921875,10.04343318939209,,,WIFI
7b:fe:d5:aa:9e:d0,,Uncategorized;10,2026-09-26 08:15:13,,7936,-96,26.189817162566335,91.70257375027515,22.882568359375,10.08382797241211,,,BLE
5f:c8:c2:02:b8:a2,,Uncategorized;10,2026-09-26 08:15:13,,7936,-95,26.189817162566335,91.70257375027515,22.882568359375,10.08382797241211,,,BLE
1f:26:c1:ed:a4:d4,,Uncategorized;10,2026-09-26 08:15:13,,7936,-68,26.189817162566335,91.70257375027515,22.882568359375,10.08382797241211,,,BLE
43:de:eb:21:90:cb,,Uncategorized;10,2026-09-26 08:15:13,,7936,-84,26.189817162566335,91.70257375027515,22.882568359375,10.08382797241211,,76,BLE
0b:d1:a5:b8:86:68,,Uncategorized;10,2026-09-26 08:15:14,,7936,-104,26.1898133849402,91.70258125090507,22.56524658203125,10.069692611694336,,,BLE
49:32:dd:a7:48:c5,,Misc,2026-09-26 08:15:14,,7936,-92,26.1898133849402,91.70258125090507,22.56524658203125,10.069692611694336,,1946,BLE
22:9a:0f:3f:bf:15,,Uncategorized;10,2026-09-26 08:15:14,,7936,-59,26.1898133849402,91.70258125090507,22.56524658203125,10.069692611694336,,,BLE
6e:d1:4d:16:d9:55,,Misc,2026-09-26 08:15:14,,7936,-93,26.1898133849402,91.70258125090507,22.56524658203125,10.069692611694336,,76,BLE
7b:fe:d5:aa:9e:d0,,Uncategorized;10,2026-09-26 08:15:14,,7936,-95,26.1898133849402,91.70258125090507,22.56524658203125,10.069692611694336,,76,BLE
53:42:19:3a:ca:bf,realme Buds T310-GFP,Uncategorized,2026-09-26 08:15:14,,7936,-79,26.1898133849402,91.70258125090507,22.56524658203125,10.069692611694336,,,BLE
c7:ef:7b:19:85:2b,,Misc,2026-09-26 08:15:14,,,-98,26.1898133849402,91.70258125090507,22.56524658203125,10.069692611694336,,76,BLE
c4:77:9f:b2:8f:43,,Misc,2026-09-26 08:15:14,,,-98,26.1898133849402,91.70258125090507,22.56524658203125,10.069692611694336,,76,BLE
c8:d5:f6:9e:f9:77,,Misc,2026-09-26 08:15:14,,,-78,26.1898133849402,91.70258125090507,22.56524658203125,10.069692611694336,,76,BLE
30:db:f2:d1:12:19,,Misc,2026-09-26 08:15:14,,,-104,26.1898133849402,91.70258125090507,22.56524658203125,10.069692611694336,,,BLE
5f:c8:c2:02:b8:a2,,Uncategorized;10,2026-09-26 08:15:14,,7936,-95,26.1898133849402,91.70258125090507,22.56524658203125,10.069692611694336,,76,BLE
98:47:44:eb:0d:9d,realme Buds T310,Uncategorized,2026-09-26 08:15:14,,7936,-73,26.1898133849402,91.70258125090507,22.56524658203125,10.069692611694336,,41992,BLE
7a:ca:14:36:5b:8c,DESKTOP-O8EOM27,Misc,2026-09-26 08:15:14,,7936,-93,26.1898133849402,91.70258125090507,22.56524658203125,10.069692611694336,,6,BLE
d2:70:47:d0:ab:fb,,Misc,2026-09-26 08:15:14,,,-85,26.1898133849402,91.70258125090507,22.56524658203125,10.069692611694336,,76,BLE
36:bd:d0:31:7d:99,,Misc,2026-09-26 08:15:14,,,-102,26.1898133849402,91.70258125090507,22.56524658203125,10.069692611694336,,,BLE
e2:7a:ff:b1:9b:5e,,Misc,2026-09-26 08:15:14,,,-95,26.1898133849402,91.70258125090507,22.56524658203125,10.069692611694336,,76,BLE
11:33:a7:c2:bd:6a,,Misc,2026-09-26 08:15:14,,,-88,26.1898133849402,91.70258125090507,22.56524658203125,10.069692611694336,,,BLE
6e:d1:4d:16:d9:55,,Misc,2026-09-26 08:15:15,,7936,-88,26.18981170240579,91.70258914928135,21.5628662109375,10.039419174194336,,76,BLE
5b:23:54:3e:de:36,Echo Dot-049,Misc,2026-09-26 08:15:16,,7936,-93,26.18981034078762,91.7025974638141,21.1781005859375,10.021669387817383,,,BLE
e8:94:e4:32:49:31,,Misc,2026-09-26 08:15:19,,,-100,26.189805058522722,91.70261448397721,19.5283203125,9.935046195983887,,76,BLE
11:33:a7:c2:bd:6a,,Misc,2026-09-26 08:15:19,,,-80,26.189805058522722,91.70261448397721,19.5283203125,9.935046195983887,,,BLE
3f:7d:d6:09:bd:d6,,Misc,2026-09-26 08:15:19,,,-93,26.189805058522722,91.70261448397721,19.5283203125,9.935046195983887,,,BLE
5f:c8:c2:02:b8:a2,,Uncategorized;10,2026-09-26 08:15:19,,7936,-88,26.189805058522722,91.70261448397721,19.5283203125,9.935046195983887,,76,BLE
60:04:b2:23:dc:24,,Misc,2026-09-26 08:15:19,,7936,-73,26.189805058522722,91.70261448397721,19.5283203125,9.935046195983887,,76,BLE
cd:84:aa:58:b1:1b,,Misc,2026-09-26 08:15:19,,,-98,26.189805058522722,91.70261448397721,19.5283203125,9.935046195983887,,76,BLE
7f:e3:c2:06:c8:59,,Misc,2026-09-26 08:15:19,,,-103,26.189805058522722,91.70261448397721,19.5283203125,9.935046195983887,,,BLE
4f:12:5e:5f:1f:72,,Uncategorized;10,2026-09-26 08:15:21,,7936,-97,26.189799258067286,91.7026258407278,18.41558837890625,9.935046195983887,,,BLE
58:d9:7a:63:b8:3f,,Misc,2026-09-26 08:15:22,,7936,-94,26.18980026305186,91.70262909347498,17.56396484375,9.935046195983887,,76,BLE
c2:07:1d:66:c8:02,IITG_CONNECT,[WPA2-EAP/SHA1+FT/EAP-CCMP][RSN-EAP/SHA1+FT/EAP-CCMP][ESS],2026-09-26 08:15:23,11,2462,-83,26.189801939557608,91.70262712262867,17.51153564453125,9.935046195983887,,,WIFI
30:68:93:3d:18:5e,B-242,[WPA2-PSK-CCMP][RSN-PSK-CCMP][ESS][WPS],2026-09-26 08:15:23,10,2457,-79,26.189801939557608,91.70262712262867,17.51153564453125,9.935046195983887,,,WIFI
3c:6a:d2:4f:13:ba,TP-Link_13BA,[WPA2-PSK-CCMP][RSN-PSK-CCMP][ESS][WPS],2026-09-26 08:15:23,3,2422,-82,26.189801939557608,91.70262712262867,17.51153564453125,9.935046195983887,,,WIFI
1c:3b:f3:ae:e3:39,Sid_Wifi_5G,[WPA2-PSK-TKIP+CCMP][RSN-PSK-TKIP+CCMP][ESS][WPS],2026-09-26 08:15:23,36,5180,-77,26.189801939557608,91.70262712262867,17.51153564453125,9.935046195983887,,,WIFI
36:57:b8:a1:1a:8f,OPPO Reno14 5G w2ma,[WPA2-PSK-CCMP][RSN-PSK-CCMP][ESS],2026-09-26 08:15:23,11,2462,-49,26.189801939557608,91.70262712262867,17.51153564453125,9.935046195983887,,,WIFI
c4:e9:84:c3:fb:30,TG,[WPA2-PSK-CCMP][RSN-PSK-CCMP][WPA-PSK-CCMP][ESS][WPS],2026-09-26 08:15:23,4,2427,-83,26.189801939557608,91.70262712262867,17.51153564453125,9.935046195983887,,,WIFI
f2:75:0c:7c:d1:22,IITG_CONNECT,[WPA2-EAP/SHA1+FT/EAP-CCMP][RSN-EAP/SHA1+FT/EAP-CCMP][ESS],2026-09-26 08:15:23,11,2462,-54,26.189801939557608,91.70262712262867,17.51153564453125,9.935046195983887,,,WIFI
f2:75:0c:7c:d1:23,IITG_CONNECT,[WPA2-EAP/SHA1+FT/EAP-CCMP][RSN-EAP/SHA1+FT/EAP-CCMP][ESS],2026-09-26 08:15:23,161,5805,-47,26.189801939557608,91.70262712262867,17.51153564453125,9.935046195983887,,,WIFI
c2:06:c3:e0:b1:d7,,[WPA2-PSK-CCMP][RSN-PSK-CCMP][ESS],2026-09-26 08:15:23,4,2427,-69,26.189801939557608,91.70262712262867,17.51153564453125,9.935046195983887,,,WIFI
c2:07:1d:66:c2:55,IITG_CONNECT,[WPA2-EAP/SHA1+FT/EAP-CCMP][RSN-EAP/SHA1+FT/EAP-CCMP][ESS],2026-09-26 08:15:23,44,5220,-67,26.189801939557608,91.70262712262867,17.51153564453125,9.935046195983887,,,WIFI
0c:47:6b:76:5e:c3,,Misc,2026-09-26 08:15:24,,,-101,26.189798635585085,91.70261853925379,17.52801513671875,9.935046195983887,,,BLE
7a:ca:14:36:5b:8c,DESKTOP-O8EOM27,Misc,2026-09-26 08:15:24,,7936,-84,26.189798635585085,91.70261853925379,17.52801513671875,9.935046195983887,,6,BLE
84:0f:2a:8b:f0:bc,,Misc,2026-09-26 08:15:24,,,-99,26.189798635585085,91.70261853925379,17.52801513671875,9.935046195983887,,41992,BLE
4f:12:5e:5f:1f:72,,Uncategorized;10,2026-09-26 08:15:24,,7936,-97,26.189798635585085,91.70261853925379,17.52801513671875,9.935046195983887,,76,BLE
4e:43:68:40:19:4a,,Misc,2026-09-26 08:15:24,,,-99,26.189798635585085,91.70261853925379,17.52801513671875,9.935046195983887,,76,BLE
c1:4e:88:e3:fa:6b,,Misc,2026-09-26 08:15:24,,,-100,26.189798635585085,91.70261853925379,17.52801513671875,9.935046195983887,,76,BLE
fa:b9:94:43:1c:2a,,Misc,2026-09-26 08:15:24,,,-104,26.189798635585085,91.70261853925379,17.52801513671875,9.935046195983887,,76,BLE
49:32:dd:a7:48:c5,,Misc,2026-09-26 08:15:24,,7936,-79,26.189798635585085,91.70261853925379,17.52801513671875,9.935046195983887,,1946,BLE
f0:af:1c:64:86:c2,,Misc,2026-09-26 08:15:24,,,-99,26.189798635585085,91.70261853925379,17.52801513671875,9.935046195983887,,76,BLE
0b:d1:a5:b8:86:68,,Uncategorized;10,2026-09-26 08:15:25,,7936,-95,26.189792947948902,91.7026103030029,15.69769287109375,9.935046195983887,,,BLE
0c:16:3d:95:58:94,,Misc,2026-09-26 08:15:29,,,-103,26.189783998865128,91.70258088283416,15.419189453125,9.935046195983887,,,BLE
ce:7a:b8:9c:32:47,,Misc,2026-09-26 08:15:29,,,-103,26.189783998865128,91.70258088283416,15.419189453125,9.935046195983887,,76,BLE
c4:77:9f:b2:8f:43,,Misc,2026-09-26 08:15:29,,,-87,26.189783998865128,91.70258088283416,15.419189453125,9.935046195983887,,76,BLE
3b:9e:5f:cf:2f:8a,,Uncategorized;10,2026-09-26 08:15:31,,7936,-91,26.189780046500285,91.70256036205718,15.6937255859375,9.935046195983887,,,BLE
2e:33:7d:c8:36:10,,Uncategorized;10,2026-09-26 08:15:31,,7936,-102,26.189780046500285,91.70256036205718,15.6937255859375,9.935046195983887,,,BLE
7f:1e:0f:57:7f:3f,LAPTOP-5FNPRE88,Misc,2026-09-26 08:15:33,,7936,-81,26.18977323862081,91.7025382352816,16.0025634765625,9.935046195983887,,,BLE
c2:07:1d:66:c8:03,IITG_CONNECT,[WPA2-EAP/SHA1+FT/EAP-CCMP][RSN-EAP/SHA1+FT/EAP-CCMP][ESS],2026-09-26 08:15:34,44,5220,-73,26.189768407560216,91.70252615534675,16.49505615234375,9.935046195983887,,,WIFI
a4:2a:95:3c:a2:c8,Sachin,[WPA2-PSK-CCMP][RSN-PSK-CCMP][ESS],2026-09-26 08:15:34,1,2412,-72,26.189768407560216,91.70252615534675,16.49505615234375,9.935046195983887,,,WIFI
c2:07:1d:66:bf:5b,IITG_CONNECT,[WPA2-EAP/SHA1+FT/EAP-CCMP][RSN-EAP/SHA1+FT/EAP-CCMP][ESS],2026-09-26 08:15:34,161,5805,-68,26.189768407560216,91.70252615534675,16.49505615234375,9.935046195983887,,,WIFI
78:a6:f4:e1:3b:4a,,Misc,2026-09-26 08:15:36,,7936,-99,26.189751231772945,91.70250131836588,17.22625732421875,9.935046195983887,,76,BLE
3b:9e:5f:cf:2f:8a,,Uncategorized;10,2026-09-26 08:15:39,,7936,-86,26.189722655355574,91.70246417261082,16.82928466796875,9.935046195983887,,,BLE
77:bc:7a:e5:2b:ee,,Uncategorized;10,2026-09-26 08:15:39,,7936,-82,26.189722655355574,91.70246417261082,16.82928466796875,9.935046195983887,,76,BLE
ff:dd:5f:cf:c4:22,,Misc,2026-09-26 08:15:39,,,-104,26.189722655355574,91.70246417261082,16.82928466796875,9.935046195983887,,76,BLE
12:f3:20:bd:8e:e0,,Misc,2026-09-26 08:15:39,,,-75,26.189722655355574,91.70246417261082,16.82928466796875,9.935046195983887,,6,BLE
15:ef:92:e2:cd:82,,Misc,2026-09-26 08:15:39,,,-91,26.189722655355574,91.70246417261082,16.82928466796875,9.935046195983887,,6,BLE
72:6f:32:ea:1d:94,,Uncategorized;10,2026-09-26 08:15:42,,7936,-71,26.1897097297551,91.702435222806,17.0762939453125,9.935046195983887,,,BLE
7f:1e:0f:57:7f:3f,LAPTOP-5FNPRE88,Misc,2026-09-26 08:15:42,,7936,-73,26.1897097297551,91.702435222806,17.0762939453125,9.935046195983887,,,BLE
5c:58:9c:3e:22:5f,,Uncategorized;10,2026-09-26 08:15:43,,7936,-93,26.189707097300516,91.70242674781946,17.1705322265625,9.935046195983887,,76,BLE
3d:eb:1f:de:a9:d6,,Uncategorized;10,2026-09-26 08:15:43,,7936,-104,26.189707097300516,91.70242674781946,17.1705322265625,9.935046195983887,,,BLE
3d:eb:1f:de:a9:d6,,Uncategorized;10,2026-09-26 08:15:43,,7936,-99,26.189707097300516,91.70242674781946,17.1705322265625,9.935046195983887,,,BLE
57:b7:00:40:2a:f5,BLE,Misc,2026-09-26 08:15:43,,7936,-94,26.189707097300516,91.70242674781946,17.1705322265625,9.935046195983887,,1602,BLE
7a:96:06:42:73:b7,4,Uncategorized;10,2026-09-26 08:15:44,,7936,-77,26.18970465856455,91.70241822399078,17.15826416015625,9.935046195983887,,,BLE
3f:94:f2:5d:93:f5,,Misc,2026-09-26 08:15:44,,,-104,26.18970465856455,91.70241822399078,17.15826416015625,9.935046195983887,,,BLE
41:b6:f7:91:1d:c6,OnePlus Nord Buds 3r,Uncategorized,2026-09-26 08:15:44,,7936,-97,26.18970465856455,91.70241822399078,17.15826416015625,9.935046195983887,,,BLE
25:e4:fe:11:a1:2a,,Misc,2026-09-26 08:15:44,,,-84,26.18970465856455,91.70241822399078,17.15826416015625,9.935046195983887,,6,BLE
1e:7c:be:e1:a1:70,,Misc,2026-09-26 08:15:44,,,-97,26.18970465856455,91.70241822399078,17.15826416015625,9.935046195983887,,6,BLE
07:53:11:2d:67:fb,,Misc,2026-09-26 08:15:44,,,-98,26.18970465856455,91.70241822399078,17.15826416015625,9.935046195983887,,6,BLE
0c:ef:15:8e:1f:53,ChalJaBhai,[WPA2-PSK-CCMP][RSN-PSK-CCMP][ESS][WPS],2026-09-26 08:15:44,8,2447,-79,26.18970465856455,91.70241822399078,17.15826416015625,9.935046195983887,,,WIFI
f2:75:0c:7c:ce:c4,IITG_CONNECT,[WPA2-EAP/SHA1+FT/EAP-CCMP][RSN-EAP/SHA1+FT/EAP-CCMP][ESS],2026-09-26 08:15:44,6,2437,-58,26.18970465856455,91.70241822399078,17.15826416015625,9.935046195983887,,,WIFI
2e:ef:15:8e:1f:53,,[WPA2-PSK-CCMP][RSN-PSK-CCMP][ESS],2026-09-26 08:15:44,8,2447,-80,26.18970465856455,91.70241822399078,17.15826416015625,9.935046195983887,,,WIFI
42:35:59:1c:a0:ec,Echo Dot-PW8,Uncategorized;10,2026-09-26 08:15:45,,7936,-100,26.18970269538422,91.70241006245318,18.3555908203125,9.935046195983887,,,BLE
63:63:f7:c9:7e:9b,,Uncategorized;10,2026-09-26 08:15:48,,7936,-98,26.189684596174903,91.70238012447452,19.18280029296875,9.935046195983887,,,BLE
63:63:f7:c9:7e:9b,,Uncategorized;10,2026-09-26 08:15:49,,7936,-98,26.18967941805029,91.70236968162268,17.487548828125,9.935046195983887,,76,BLE
05:68:c2:97:41:fb,,Misc,2026-09-26 08:15:49,,,-99,26.18967941805029,91.70236968162268,17.487548828125,9.935046195983887,,,BLE
c5:c7:b8:90:9f:43,,Misc,2026-09-26 08:15:49,,,-89,26.18967941805029,91.70236968162268,17.487548828125,9.935046195983887,,76,BLE
2f:18:cc:f8:49:84,,Misc,2026-09-26 08:15:49,,,-96,26.18967941805029,91.70236968162268,17.487548828125,9.935046195983887,,6,BLE
0f:f2:68:e2:22:ce,,Misc,2026-09-26 08:15:49,,,-99,26.18967941805029,91.70236968162268,17.487548828125,9.935046195983887,,6,BLE
48:23:35:52:2a:65,TVSBT00074759,Misc,2026-09-26 08:15:49,,7936,-105,26.18967941805029,91.70236968162268,17.487548828125,9.935046195983887,,,BLE
57:b7:00:40:2a:f5,BLE,Misc,2026-09-26 08:15:49,,7936,-89,26.18967941805029,91.70236968162268,17.487548828125,9.935046195983887,,1602,BLE
7c:53:3b:84:f5:95,,Uncategorized;10,2026-09-26 08:15:52,,7936,-91,26.1896709858014,91.70233973561758,11.222900390625,9.935046195983887,,,BLE
61:ee:ae:32:49:80,,Uncategorized;10,2026-09-26 08:15:52,,7936,-96,26.1896709858014,91.70233973561758,11.222900390625,9.935046195983887,,,BLE
2e:c6:a2:3b:b3:84,,Uncategorized;10,2026-09-26 08:15:53,,7936,-103,26.189669699856932,91.70233050257082,10.62115478515625,9.935046195983887,,,BLE
25:bb:da:2d:17:ad,,Misc,2026-09-26 08:15:54,,,-101,26.18966922132185,91.70232151568428,9.280181884765625,9.935046195983887,,,BLE
07:d8:68:dc:58:3d,,Misc,2026-09-26 08:15:54,,7936,-100,26.18966922132185,91.70232151568428,9.280181884765625,9.935046195983887,,,BLE
15:9e:f7:4e:3f:40,,Misc,2026-09-26 08:15:54,,7936,-104,26.18966922132185,91.70232151568428,9.280181884765625,9.935046195983887,,,BLE
65:4a:c4:6a:56:a4,,Misc,2026-09-26 08:15:54,,,-99,26.18966922132185,91.70232151568428,9.280181884765625,9.935046195983887,,76,BLE
61:ee:ae:32:49:80,,Uncategorized;10,2026-09-26 08:15:54,,7936,-93,26.18966922132185,91.70232151568428,9.280181884765625,9.935046195983887,,76,BLE
3e:fc:a5:2f:82:c5,,Misc,2026-09-26 08:15:54,,,-100,26.18966922132185,91.70232151568428,9.280181884765625,9.935046195983887,,,BLE
70:33:03:6d:3c:40,,Misc,2026-09-26 08:15:54,,,-98,26.18966922132185,91.70232151568428,9.280181884765625,9.935046195983887,,76,BLE
03:83:2b:45:ec:b0,,Misc,2026-09-26 08:15:54,,,-88,26.18966922132185,91.70232151568428,9.280181884765625,9.935046195983887,,6,BLE
7c:53:3b:84:f5:95,,Uncategorized;10,2026-09-26 08:15:54,,7936,-91,26.18966922132185,91.70232151568428,9.280181884765625,9.935046195983887,,76,BLE
c2:07:1d:66:c8:03,IITG_CONNECT,[WPA2-EAP/SHA1+FT/EAP-CCMP][RSN-EAP/SHA1+FT/EAP-CCMP][ESS],2026-09-26 08:15:55,44,5220,-60,26.1896690525334,91.7023128367482,9.011962890625,9.935046195983887,,,WIFI
c2:07:1d:66:c8:02,IITG_CONNECT,[WPA2-EAP/SHA1+FT/EAP-CCMP][RSN-EAP/SHA1+FT/EAP-CCMP][ESS],2026-09-26 08:15:55,11,2462,-71,26.1896690525334,91.7023128367482,9.011962890625,9.935046195983887,,,WIFI
04:d5:90:66:e4:b1,IITG_CONNECT,[WPA2-EAP/SHA1-CCMP][RSN-EAP/SHA1-CCMP][ESS],2026-09-26 08:15:55,11,2462,-78,26.1896690525334,91.7023128367482,9.011962890625,9.935046195983887,,,WIFI
c2:07:1d:66:c8:82,IITG_CONNECT,[WPA2-EAP/SHA1+FT/EAP-CCMP][RSN-EAP/SHA1+FT/EAP-CCMP][ESS],2026-09-26 08:15:55,11,2462,-48,26.1896690525334,91.7023128367482,9.011962890625,9.935046195983887,,,WIFI
b8:fb:b3:4d:07:43,SLEEPYYY,[WPA2-PSK-CCMP][RSN-PSK-CCMP][ESS][WPS],2026-09-26 08:15:55,2,2417,-76,26.1896690525334,91.7023128367482,9.011962890625,9.935046195983887,,,WIFI
c2:07:1d:66:c8:9f,IITG_CONNECT,[WPA2-EAP/SHA1+FT/EAP-CCMP][RSN-EAP/SHA1+FT/EAP-CCMP][ESS],2026-09-26 08:15:55,161,5805,-67,26.1896690525334,91.7023128367482,9.011962890625,9.935046195983887,,,WIFI
f2:75:0c:7c:ce:c5,IITG_CONNECT,[WPA2-EAP/SHA1+FT/EAP-CCMP][RSN-EAP/SHA1+FT/EAP-CCMP][ESS],2026-09-26 08:15:55,153,5765,-49,26.1896690525334,91.7023128367482,9.011962890625,9.935046195983887,,,WIFI
c2:07:1d:66:c2:54,IITG_CONNECT,[WPA2-EAP/SHA1+FT/EAP-CCMP][RSN-EAP/SHA1+FT/EAP-CCMP][ESS],2026-09-26 08:15:55,11,2462,-72,26.1896690525334,91.7023128367482,9.011962890625,9.935046195983887,,,WIFI
dc:ea:e7:33:6e:66,Apna Lagwa BSDK,[WPA2-PSK-CCMP][RSN-PSK-CCMP][ESS],2026-09-26 08:15:55,13,2472,-74,26.1896690525334,91.7023128367482,9.011962890625,9.935046195983887,,,WIFI
c8:78:7d:6e:30:dd,MN,[WPA2-PSK-CCMP][RSN-PSK-CCMP][ESS],2026-09-26 08:15:55,1,2412,-66,26.1896690525334,91.7023128367482,9.011962890625,9.935046195983887,,,WIFI
c2:07:1d:66:c2:55,IITG_CONNECT,[WPA2-EAP/SHA1+FT/EAP-CCMP][RSN-EAP/SHA1+FT/EAP-CCMP][ESS],2026-09-26 08:15:55,44,5220,-59,26.1896690525334,91.7023128367482,9.011962890625,9.935046195983887,,,WIFI
c2:07:1d:66:bf:5b,IITG_CONNECT,[WPA2-EAP/SHA1+FT/EAP-CCMP][RSN-EAP/SHA1+FT/EAP-CCMP][ESS],2026-09-26 08:15:55,161,5805,-61,26.1896690525334,91.7023128367482,9.011962890625,9.935046195983887,,,WIFI
07:d8:68:dc:58:3d,,Misc,2026-09-26 08:15:56,,7936,-95,26.189668686466753,91.70229829521026,8.373779296875,9.935046195983887,,,BLE
15:9e:f7:4e:3f:40,,Misc,2026-09-26 08:15:56,,7936,-91,26.189668686466753,91.70229829521026,8.373779296875,9.935046195983887,,,BLE
5c:58:9c:3e:22:5f,,Uncategorized;10,2026-09-26 08:15:56,,7936,-86,26.189668686466753,91.70229829521026,8.373779296875,9.935046195983887,,76,BLE
36:43:bb:94:1f:0e,,Uncategorized;10,2026-09-26 08:15:57,,7936,-102,26.189673068929014,91.70229988644748,8.1844482421875,9.935046195983887,,,BLE
05:dc:05:d3:fb:9d,,Misc,2026-09-26 08:15:59,,,-101,26.18965776228623,91.70228229521418,8.13177490234375,9.935046195983887,,,BLE
0d:04:6a:b5:f9:74,,Misc,2026-09-26 08:15:59,,,-99,26.18965776228623,91.70228229521418,8.13177490234375,9.935046195983887,,,BLE
7f:49:f1:8c:54:25,,Misc,2026-09-26 08:15:59,,,-100,26.18965776228623,91.70228229521418,8.13177490234375,9.935046195983887,,,BLE
3d:eb:1f:de:a9:d6,,Uncategorized;10,2026-09-26 08:15:59,,7936,-94,26.18965776228623,91.70228229521418,8.13177490234375,9.935046195983887,,,BLE
67:56:cf:14:e3:49,,Misc,2026-09-26 08:15:59,,,-103,26.18965776228623,91.70228229521418,8.13177490234375,9.935046195983887,,,BLE
38:33:f9:d4:9a:be,,Misc,2026-09-26 08:15:59,,,-105,26.18965776228623,91.70228229521418,8.13177490234375,9.935046195983887,,,BLE
fe:de:5a:b6:5e:92,,Misc,2026-09-26 08:15:59,,,-104,26.18965776228623,91.70228229521418,8.13177490234375,9.935046195983887,,76,BLE
3e:39:ab:8e:88:d4,,Misc,2026-09-26 08:15:59,,,-103,26.18965776228623,91.70228229521418,8.13177490234375,9.935046195983887,,,BLE
cd:1d:d4:40:3c:b1,,Misc,2026-09-26 08:15:59,,,-103,26.18965776228623,91.70228229521418,8.13177490234375,9.935046195983887,,76,BLE
f0:48:0d:54:e7:33,,Misc,2026-09-26 08:15:59,,,-97,26.18965776228623,91.70228229521418,8.13177490234375,9.935046195983887,,76,BLE
37:77:0b:ee:e8:f2,,Misc,2026-09-26 08:15:59,,,-89,26.18965776228623,91.70228229521418,8.13177490234375,9.935046195983887,,,BLE
36:43:bb:94:1f:0e,,Uncategorized;10,2026-09-26 08:16:02,,7936,-96,26.189638147805542,91.70224903616308,9.792236328125,9.935046195983887,,,BLE
0a:25:af:6a:d5:4d,,Uncategorized;10,2026-09-26 08:16:03,,7936,-97,26.189629078872738,91.70223184101975,10.31231689453125,9.935046195983887,,,BLE
12:d6:dd:15:87:a4,,Misc,2026-09-26 08:16:03,,7936,-97,26.189629078872738,91.70223184101975,10.31231689453125,9.935046195983887,,,BLE
20:d9:eb:20:cd:b4,,Misc,2026-09-26 08:16:04,,7936,-103,26.18963731374917,91.7022337737649,10.825927734375,9.935046195983887,,,BLE
cc:e6:04:3b:2b:4c,,Misc,2026-09-26 08:16:04,,,-103,26.18963731374917,91.7022337737649,10.825927734375,9.935046195983887,,76,BLE
da:eb:57:f6:35:84,,Misc,2026-09-26 08:16:04,,,-97,26.18963731374917,91.7022337737649,10.825927734375,9.935046195983887,,76,BLE
1e:7c:be:e1:a1:70,,Misc,2026-09-26 08:16:04,,,-91,26.18963731374917,91.7022337737649,10.825927734375,9.935046195983887,,6,BLE
53:d2:c9:d5:3c:bc,,Uncategorized;10,2026-09-26 08:16:05,,7936,-82,26.189634066990617,91.70222230817551,10.80718994140625,9.935046195983887,,,BLE
4a:f2:7a:bd:23:49,,Uncategorized;10,2026-09-26 08:16:06,,7936,-100,26.18963348542405,91.70221288429988,10.787322998046875,9.935046195983887,,76,BLE
30:68:93:3d:18:2e,TP-Link_182E,[WPA2-PSK-CCMP][RSN-PSK-CCMP][ESS][WPS],2026-09-26 08:16:06,9,2452,-68,26.18963348542405,91.70221288429988,10.787322998046875,9.935046195983887,,,WIFI
f2:75:0c:7c:ce:c4,IITG_CONNECT,[WPA2-EAP/SHA1+FT/EAP-CCMP][RSN-EAP/SHA1+FT/EAP-CCMP][ESS],2026-09-26 08:16:06,6,2437,-47,26.18963348542405,91.70221288429988,10.787322998046875,9.935046195983887,,,WIFI
5c:d9:1a:2f:2b:51,,Uncategorized;10,2026-09-26 08:16:08,,7936,-89,26.189639317472995,91.70219618979607,10.947235107421875,9.935046195983887,,76,BLE
53:d2:c9:d5:3c:bc,,Uncategorized;10,2026-09-26 08:16:09,,7936,-81,26.18964508763168,91.7021896819438,10.797210693359375,9.935046195983887,,76,BLE
6f:94:4a:32:d0:3e,,Misc,2026-09-26 08:16:09,,7936,-105,26.18964508763168,91.7021896819438,10.797210693359375,9.935046195983887,,76,BLE
7f:06:df:1c:45:f6,,Misc,2026-09-26 08:16:09,,7936,-98,26.18964508763168,91.7021896819438,10.797210693359375,9.935046195983887,,76,BLE
cb:b5:1d:31:26:32,,Misc,2026-09-26 08:16:09,,,-83,26.18964508763168,91.7021896819438,10.797210693359375,9.935046195983887,,,BLE
38:54:22:75:ca:56,,Misc,2026-09-26 08:16:09,,,-103,26.18964508763168,91.7021896819438,10.797210693359375,9.935046195983887,,,BLE
65:88:72:cc:53:0d,,Misc,2026-09-26 08:16:09,,7936,-105,26.18964508763168,91.7021896819438,10.797210693359375,9.935046195983887,,76,BLE
4e:a8:e2:90:be:6e,,Misc,2026-09-26 08:16:09,,7936,-94,26.18964508763168,91.7021896819438,10.797210693359375,9.935046195983887,,,BLE
65:88:72:cc:53:0d,,Misc,2026-09-26 08:16:09,,7936,-100,26.18964508763168,91.7021896819438,10.797210693359375,9.935046195983887,,76,BLE
26:cf:81:66:35:b6,,Misc,2026-09-26 08:16:09,,,-104,26.18964508763168,91.7021896819438,10.797210693359375,9.935046195983887,,6,BLE
ef:9f:ed:3f:10:c7,realme Watch S2,Uncategorized;10,2026-09-26 08:16:09,,7936,-79,26.18964508763168,91.7021896819438,10.797210693359375,9.935046195983887,,,BLE
53:d2:c9:d5:3c:bc,,Uncategorized;10,2026-09-26 08:16:11,,7936,-59,26.18965888089244,91.70218036299927,11.978790283203125,9.935046195983887,,76,BLE
75:69:c8:b3:c1:bc,,Uncategorized;10,2026-09-26 08:16:13,,7936,-128,26.189676801422696,91.70217441250728,11.7440185546875,9.935046195983887,,,BLE
26:cf:81:66:35:b6,,Misc,2026-09-26 08:16:14,,,-98,26.18968644643355,91.70217323024359,11.390869140625,9.935046195983887,,6,BLE
75:69:c8:b3:c1:bc,,Uncategorized;10,2026-09-26 08:16:14,,7936,-128,26.18968644643355,91.70217323024359,11.390869140625,9.935046195983887,,76,BLE
d1:2c:f1:0c:5a:27,,Misc,2026-09-26 08:16:14,,,-99,26.18968644643355,91.70217323024359,11.390869140625,9.935046195983887,,76,BLE
47:e0:69:a4:a8:8d,,Misc,2026-09-26 08:16:14,,7936,-94,26.18968644643355,91.70217323024359,11.390869140625,9.935046195983887,,76,BLE
41:8e:94:d2:76:56,,Misc,2026-09-26 08:16:14,,,-100,26.18968644643355,91.70217323024359,11.390869140625,9.935046195983887,,,BLE
38:f8:8c:74:ce:3e,,Misc,2026-09-26 08:16:14,,,-97,26.18968644643355,91.70217323024359,11.390869140625,9.935046195983887,,,BLE
1b:f9:13:8b:37:d2,,Uncategorized;10,2026-09-26 08:16:15,,7936,-101,26.189696101727595,91.70217218779734,11.488616943359375,9.935046195983887,,,BLE
18:9c:2c:65:d7:58,,Uncategorized;10,2026-09-26 08:16:16,,7936,-84,26.18970598972179,91.70217183954682,12.02435302734375,9.935046195983887,,,BLE
5c:d9:1a:2f:2b:51,,Uncategorized;10,2026-09-26 08:16:16,,7936,-76,26.18970598972179,91.70217183954682,12.02435302734375,9.935046195983887,,76,BLE
c0:cc:d5:b2:73:68,Ion ANC_BLE,Uncategorized;10,2026-09-26 08:16:17,,7936,-95,26.189716484245352,91.70217337499268,12.13482666015625,9.935046195983887,,,BLE
47:e0:69:a4:a8:8d,,Misc,2026-09-26 08:16:17,,7936,-86,26.189716484245352,91.70217337499268,12.13482666015625,9.935046195983887,,76,BLE
6c:5f:8c:1c:fd:18,,Uncategorized;10,2026-09-26 08:16:18,,7936,-91,26.189727795005133,91.70217680474462,12.5631103515625,9.935046195983887,,,BLE
28:17:e2:a5:f8:b3,,Uncategorized;10,2026-09-26 08:16:18,,7936,-102,26.189727795005133,91.70217680474462,12.5631103515625,9.935046195983887,,,BLE
6f:94:4a:32:d0:3e,,Misc,2026-09-26 08:16:19,,7936,-90,26.189739731298083,91.70218088941421,11.9359130859375,9.935046195983887,,76,BLE
68:fd:1b:49:ac:c6,,Uncategorized;10,2026-09-26 08:16:19,,7936,-96,26.189739731298083,91.70218088941421,11.9359130859375,9.935046195983887,,,BLE
75:69:c8:b3:c1:bc,,Uncategorized;10,2026-09-26 08:16:19,,7936,-104,26.189739731298083,91.70218088941421,11.9359130859375,9.935046195983887,,76,BLE
f2:51:e1:1a:3b:2e,,Misc,2026-09-26 08:16:19,,,-94,26.189739731298083,91.70218088941421,11.9359130859375,9.935046195983887,,76,BLE
05:dc:05:d3:fb:9d,,Misc,2026-09-26 08:16:19,,,-68,26.189739731298083,91.70218088941421,11.9359130859375,9.935046195983887,,,BLE
34:11:4e:15:5c:8b,,Misc,2026-09-26 08:16:19,,,-128,26.189739731298083,91.70218088941421,11.9359130859375,9.935046195983887,,,BLE
e0:59:f7:a3:ce:0e,,Misc,2026-09-26 08:16:19,,,-94,26.189739731298083,91.70218088941421,11.9359130859375,9.935046195983887,,76,BLE
74:d3:fc:6e:9a:bd,,Misc,2026-09-26 08:16:19,,,-97,26.189739731298083,91.70218088941421,11.9359130859375,9.935046195983887,,,BLE
63:e7:f7:fb:c9:8f,realme Buds Air7,Misc,2026-09-26 08:16:19,,7936,-102,26.189739731298083,91.70218088941421,11.9359130859375,9.935046195983887,,,BLE
e7:a3:e7:39:be:53,,Misc,2026-09-26 08:16:19,,,-78,26.189739731298083,91.70218088941421,11.9359130859375,9.935046195983887,,76,BLE
12:6a:b6:32:3d:09,,Misc,2026-09-26 08:16:19,,,-102,26.189739731298083,91.70218088941421,11.9359130859375,9.935046195983887,,,BLE
07:30:cf:93:10:46,,Misc,2026-09-26 08:16:19,,,-104,26.189739731298083,91.70218088941421,11.9359130859375,9.935046195983887,,,BLE
30:b9:4b:4e:ac:20,,Misc,2026-09-26 08:16:19,,7936,-102,26.189739731298083,91.70218088941421,11.9359130859375,9.935046195983887,,,BLE
6a:04:3d:9c:b2:48,,Misc,2026-09-26 08:16:19,,7936,-128,26.189739731298083,91.70218088941421,11.9359130859375,9.935046195983887,,76,BLE
e3:5d:2d:47:3a:94,,Misc,2026-09-26 08:16:19,,,-105,26.189739731298083,91.70218088941421,11.9359130859375,9.935046195983887,,76,BLE
64:6d:90:61:ec:8f,OnePlus Nord Buds 3 Pro,Misc,2026-09-26 08:16:19,,,-96,26.189739731298083,91.70218088941421,11.9359130859375,9.935046195983887,,,BLE
c0:cc:d5:b2:73:68,Ion ANC_BLE,Uncategorized;10,2026-09-26 08:16:19,,7936,-95,26.189739731298083,91.70218088941421,11.9359130859375,9.935046195983887,,41104,BLE
68:fd:1b:49:ac:c6,,Uncategorized;10,2026-09-26 08:16:19,,7936,-95,26.189739731298083,91.70218088941421,11.9359130859375,9.935046195983887,,76,BLE
0b:87:77:74:8a:0d,,Misc,2026-09-26 08:16:19,,,-106,26.189739731298083,91.70218088941421,11.9359130859375,9.935046195983887,,6,BLE
52:be:c4:2b:32:1e,,Misc,2026-09-26 08:16:19,,,-101,26.189739731298083,91.70218088941421,11.9359130859375,9.935046195983887,,,BLE
e5:5a:ff:fd:21:a6,,Misc,2026-09-26 08:16:19,,,-102,26.189739731298083,91.70218088941421,11.9359130859375,9.935046195983887,,76,BLE
6c:5f:8c:1c:fd:18,,Uncategorized;10,2026-09-26 08:16:19,,7936,-104,26.189739731298083,91.70218088941421,11.9359130859375,9.935046195983887,,76,BLE
c5:7b:46:be:fb:55,,Misc,2026-09-26 08:16:19,,,-96,26.189739731298083,91.70218088941421,11.9359130859375,9.935046195983887,,76,BLE
d1:2c:f1:0c:5a:27,,Misc,2026-09-26 08:16:19,,,-91,26.189739731298083,91.70218088941421,11.9359130859375,9.935046195983887,,76,BLE
7c:2e:90:03:2a:da,,Misc,2026-09-26 08:16:19,,7936,-98,26.189739731298083,91.70218088941421,11.9359130859375,9.935046195983887,,76,BLE
d8:0f:17:a2:68:0f,,Misc,2026-09-26 08:16:19,,,-95,26.189739731298083,91.70218088941421,11.9359130859375,9.935046195983887,,76,BLE
4f:db:35:52:4b:c6,,Misc,2026-09-26 08:16:19,,7936,-128,26.189739731298083,91.70218088941421,11.9359130859375,9.935046195983887,,76,BLE
5e:7b:2e:f0:92:d7,LAPTOP-JJAPB6D8,Misc,2026-09-26 08:16:19,,7936,-102,26.189739731298083,91.70218088941421,11.9359130859375,9.935046195983887,,,BLE
44:61:fe:e2:ce:b7,,Misc,2026-09-26 08:16:19,,7936,-128,26.189739731298083,91.70218088941421,11.9359130859375,9.935046195983887,,,BLE
04:ba:d6:4a:3b:10,TechSecy,[WPA2-PSK-CCMP][RSN-PSK-CCMP][ESS],2026-09-26 08:16:19,8,2447,-67,26.189739731298083,91.70218088941421,11.9359130859375,9.935046195983887,,,WIFI
22:fe:31:79:66:dc,Abhiii's F34,[WPA2-PSK-CCMP][RSN-PSK-CCMP][ESS],2026-09-26 08:16:19,149,5745,-82,26.189739731298083,91.70218088941421,11.9359130859375,9.935046195983887,,,WIFI
b8:fb:b3:4d:07:45,SLEEPYYY,[WPA2-PSK-CCMP][RSN-PSK-CCMP][ESS][WPS],2026-09-26 08:16:19,157,5785,-86,26.189739731298083,91.70218088941421,11.9359130859375,9.935046195983887,,,WIFI
b8:fb:b3:4d:07:43,SLEEPYYY,[WPA2-PSK-CCMP][RSN-PSK-CCMP][ESS][WPS],2026-09-26 08:16:19,2,2417,-69,26.189739731298083,91.70218088941421,11.9359130859375,9.935046195983887,,,WIFI
98:25:4a:26:42:42,BarakMess,[WPA2-PSK-CCMP][RSN-PSK-CCMP][ESS][WPS],2026-09-26 08:16:19,157,5785,-71,26.189739731298083,91.70218088941421,11.9359130859375,9.935046195983887,,,WIFI
40:86:cb:2a:dc:4c,R03-DC4C,[WPA2-PSK-CCMP][RSN-PSK-CCMP][ESS],2026-09-26 08:16:19,11,2462,-78,26.189739731298083,91.70218088941421,11.9359130859375,9.935046195983887,,,WIFI
50:91:e3:f9:61:8d,TP-Link_618E_5G,[WPA2-PSK-CCMP][RSN-PSK-CCMP][ESS][WPS],2026-09-26 08:16:19,44,5220,-88,26.189739731298083,91.70218088941421,11.9359130859375,9.935046195983887,,,WIFI
dc:ea:e7:b2:ea:37,freaky roti,[WPA2-PSK-CCMP][RSN-PSK-CCMP][ESS],2026-09-26 08:16:19,1,2412,-68,26.189739731298083,91.70218088941421,11.9359130859375,9.935046195983887,,,WIFI
c2:07:1d:66:c1:63,IITG_CONNECT,[WPA2-EAP/SHA1+FT/EAP-CCMP][RSN-EAP/SHA1+FT/EAP-CCMP][ESS],2026-09-26 08:16:19,161,5805,-85,26.189739731298083,91.70218088941421,11.9359130859375,9.935046195983887,,,WIFI
c2:07:1d:66:c1:62,IITG_CONNECT,[WPA2-EAP/SHA1+FT/EAP-CCMP][RSN-EAP/SHA1+FT/EAP-CCMP][ESS],2026-09-26 08:16:19,11,2462,-81,26.189739731298083,91.70218088941421,11.9359130859375,9.935046195983887,,,WIFI
ba:fb:b3:2d:07:43,,[WPA2-PSK-CCMP][RSN-PSK-CCMP][ESS],2026-09-26 08:16:19,2,2417,-73,26.189739731298083,91.70218088941421,11.9359130859375,9.935046195983887,,,WIFI
ba:fb:b3:2d:07:45,,[WPA2-PSK-CCMP][RSN-PSK-CCMP][ESS],2026-09-26 08:16:19,157,5785,-87,26.189739731298083,91.70218088941421,11.9359130859375,9.935046195983887,,,WIFI
ec:75:0c:b3:83:8b,TP-Link_8389_5G,[WPA2-PSK-CCMP][RSN-PSK-CCMP][ESS][WPS],2026-09-26 08:16:19,157,5785,-67,26.189739731298083,91.70218088941421,11.9359130859375,9.935046195983887,,,WIFI
c2:07:1d:66:c9:60,IITG_CONNECT,[WPA2-EAP/SHA1+FT/EAP-CCMP][RSN-EAP/SHA1+FT/EAP-CCMP][ESS],2026-09-26 08:16:19,1,2412,-78,26.189739731298083,91.70218088941421,11.9359130859375,9.935046195983887,,,WIFI
c2:07:1d:66:c8:2d,IITG_CONNECT,[WPA2-EAP/SHA1+FT/EAP-CCMP][RSN-EAP/SHA1+FT/EAP-CCMP][ESS],2026-09-26 08:16:19,40,5200,-85,26.189739731298083,91.70218088941421,11.9359130859375,9.935046195983887,,,WIFI
0c:ef:15:8e:1f:5b,Garibokamessiah,[WPA2-PSK-CCMP][RSN-PSK-CCMP][ESS][WPS],2026-09-26 08:16:19,7,2442,-67,26.189739731298083,91.70218088941421,11.9359130859375,9.935046195983887,,,WIFI
ec:75:0c:b3:83:89,TP-Link_8389,[WPA2-PSK-CCMP][RSN-PSK-CCMP][ESS][WPS],2026-09-26 08:16:19,8,2447,-64,26.189739731298083,91.70218088941421,11.9359130859375,9.935046195983887,,,WIFI
98:25:4a:b4:b8:c6,TP-Link_B8C6,[WPA2-PSK-CCMP][RSN-PSK-CCMP][ESS][WPS],2026-09-26 08:16:19,3,2422,-69,26.189739731298083,91.70218088941421,11.9359130859375,9.935046195983887,,,WIFI
ec:75:0c:8e:10:50,TP-Link_1051_5G,[WPA2-PSK-CCMP][RSN-PSK-CCMP][ESS][WPS],2026-09-26 08:16:19,157,5785,-80,26.189739731298083,91.70218088941421,11.9359130859375,9.935046195983887,,,WIFI
54:8c:f1:75:44:4a,,Uncategorized;10,2026-09-26 08:16:23,,7936,-94,26.189779968415305,91.70218677866222,12.8665771484375,9.935046195983887,,,BLE
77:9b:66:f1:47:72,,Uncategorized;10,2026-09-26 08:16:23,,7936,-92,26.189779968415305,91.70218677866222,12.8665771484375,9.935046195983887,,,BLE
40:ed:33:50:47:60,,Misc,2026-09-26 08:16:24,,7936,-102,26.189791140283514,91.70219013361313,12.7047119140625,9.935046195983887,,76,BLE
22:ff:48:4f:3e:21,,Misc,2026-09-26 08:16:24,,,-95,26.189791140283514,91.70219013361313,12.7047119140625,9.935046195983887,,6,BLE
77:9b:66:f1:47:72,,Uncategorized;10,2026-09-26 08:16:24,,7936,-92,26.189791140283514,91.70219013361313,12.7047119140625,9.935046195983887,,76,BLE
0f:f2:68:e2:22:ce,,Misc,2026-09-26 08:16:24,,,-85,26.189791140283514,91.70219013361313,12.7047119140625,9.935046195983887,,6,BLE
e3:5d:2d:47:3a:94,,Misc,2026-09-26 08:16:24,,,-99,26.189791140283514,91.70219013361313,12.7047119140625,9.935046195983887,,76,BLE
44:52:21:c2:b8:3f,,Misc,2026-09-26 08:16:24,,,-89,26.189791140283514,91.70219013361313,12.7047119140625,9.935046195983887,,,BLE
10:3a:e5:01:ae:fb,,Misc,2026-09-26 08:16:24,,,-85,26.189791140283514,91.70219013361313,12.7047119140625,9.935046195983887,,6,BLE
0c:51:f7:2e:b1:56,,Misc,2026-09-26 08:16:24,,,-96,26.189791140283514,91.70219013361313,12.7047119140625,9.935046195983887,,,BLE
34:11:4e:15:5c:8b,,Misc,2026-09-26 08:16:24,,,-97,26.189791140283514,91.70219013361313,12.7047119140625,9.935046195983887,,,BLE
65:88:72:cc:53:0d,,Misc,2026-09-26 08:16:24,,7936,-90,26.189791140283514,91.70219013361313,12.7047119140625,9.935046195983887,,76,BLE
0b:87:77:74:8a:0d,,Misc,2026-09-26 08:16:24,,,-101,26.189791140283514,91.70219013361313,12.7047119140625,9.935046195983887,,6,BLE
3f:e3:fa:a4:33:5c,,Misc,2026-09-26 08:16:24,,,-102,26.189791140283514,91.70219013361313,12.7047119140625,9.935046195983887,,6,BLE
6d:8b:07:91:8b:9b,,Misc,2026-09-26 08:16:24,,,-106,26.189791140283514,91.70219013361313,12.7047119140625,9.935046195983887,,,BLE
47:5f:d0:5f:fb:23,,Misc,2026-09-26 08:16:24,,7936,-103,26.189791140283514,91.70219013361313,12.7047119140625,9.935046195983887,,76,BLE
75:69:c8:b3:c1:bc,,Uncategorized;10,2026-09-26 08:16:26,,7936,-78,26.18980073750594,91.70220006759048,9.79217529296875,10.06900405883789,,76,BLE
65:88:72:cc:53:0d,,Misc,2026-09-26 08:16:26,,7936,-78,26.18980073750594,91.70220006759048,9.79217529296875,10.06900405883789,,76,BLE
4e:a8:e2:90:be:6e,,Misc,2026-09-26 08:16:26,,7936,-75,26.18980073750594,91.70220006759048,9.79217529296875,10.06900405883789,,,BLE
65:af:27:e2:bd:49,,Misc,2026-09-26 08:16:26,,7936,-76,26.18980073750594,91.70220006759048,9.79217529296875,10.06900405883789,,76,BLE
77:9b:66:f1:47:72,,Uncategorized;10,2026-09-26 08:16:26,,7936,-81,26.18980073750594,91.70220006759048,9.79217529296875,10.06900405883789,,76,BLE
55:a1:d2:32:bb:d7,,Uncategorized;10,2026-09-26 08:16:26,,7936,-95,26.18980073750594,91.70220006759048,9.79217529296875,10.06900405883789,,,BLE
54:8c:f1:75:44:4a,,Uncategorized;10,2026-09-26 08:16:27,,7936,-84,26.189808699736393,91.70220987771648,10.109588623046875,10.144147872924805,,,BLE
5e:7b:2e:f0:92:d7,LAPTOP-JJAPB6D8,Misc,2026-09-26 08:16:27,,7936,-85,26.189808699736393,91.70220987771648,10.109588623046875,10.144147872924805,,,BLE
49:65:17:bf:10:25,,Misc,2026-09-26 08:16:27,,7936,-85,26.189808699736393,91.70220987771648,10.109588623046875,10.144147872924805,,76,BLE
6f:94:4a:32:d0:3e,,Misc,2026-09-26 08:16:27,,7936,-76,26.189808699736393,91.70220987771648,10.109588623046875,10.144147872924805,,76,BLE
7f:06:df:1c:45:f6,,Misc,2026-09-26 08:16:27,,7936,-90,26.189808699736393,91.70220987771648,10.109588623046875,10.144147872924805,,76,BLE
47:5f:d0:5f:fb:23,,Misc,2026-09-26 08:16:28,,7936,-90,26.189812976154293,91.70220997412352,9.149322509765625,10.276542663574219,,76,BLE
35:eb:f7:e1:3e:72,,Uncategorized;10,2026-09-26 08:16:28,,7936,-103,26.189812976154293,91.70220997412352,9.149322509765625,10.276542663574219,,,BLE
53:ef:ce:43:a0:df,,Uncategorized;10,2026-09-26 08:16:28,,7936,-96,26.189812976154293,91.70220997412352,9.149322509765625,10.276542663574219,,,BLE
75:69:c8:b3:c1:bc,,Uncategorized;10,2026-09-26 08:16:28,,7936,-71,26.189812976154293,91.70220997412352,9.149322509765625,10.276542663574219,,76,BLE
4e:a8:e2:90:be:6e,,Misc,2026-09-26 08:16:29,,7936,-68,26.189820500780083,91.70221646864877,10.6156005859375,10.154230117797852,,,BLE
7a:61:d2:d5:90:58,,Uncategorized;10,2026-09-26 08:16:29,,7936,-103,26.189820500780083,91.70221646864877,10.6156005859375,10.154230117797852,,,BLE
55:a1:d2:32:bb:d7,,Uncategorized;10,2026-09-26 08:16:29,,7936,-95,26.189820500780083,91.70221646864877,10.6156005859375,10.154230117797852,,76,BLE
28:e1:91:b0:19:f7,,Misc,2026-09-26 08:16:29,,,-102,26.189820500780083,91.70221646864877,10.6156005859375,10.154230117797852,,,BLE
7a:61:d2:d5:90:58,,Uncategorized;10,2026-09-26 08:16:29,,7936,-106,26.189820500780083,91.70221646864877,10.6156005859375,10.154230117797852,,117,BLE
08:33:5c:50:35:f0,,Misc,2026-09-26 08:16:29,,,-98,26.189820500780083,91.70221646864877,10.6156005859375,10.154230117797852,,6,BLE
63:e7:f7:fb:c9:8f,realme Buds Air7,Misc,2026-09-26 08:16:29,,7936,-96,26.189820500780083,91.70221646864877,10.6156005859375,10.154230117797852,,,BLE
fe:de:5a:b6:5e:92,,Misc,2026-09-26 08:16:29,,,-80,26.189820500780083,91.70221646864877,10.6156005859375,10.154230117797852,,76,BLE
11:78:d8:54:08:87,,Misc,2026-09-26 08:16:29,,,-97,26.189820500780083,91.70221646864877,10.6156005859375,10.154230117797852,,,BLE
0b:87:77:74:8a:0d,,Misc,2026-09-26 08:16:29,,,-88,26.189820500780083,91.70221646864877,10.6156005859375,10.154230117797852,,6,BLE
26:cf:81:66:35:b6,,Misc,2026-09-26 08:16:29,,,-89,26.189820500780083,91.70221646864877,10.6156005859375,10.154230117797852,,6,BLE
70:33:03:6d:3c:40,,Misc,2026-09-26 08:16:29,,,-82,26.189820500780083,91.70221646864877,10.6156005859375,10.154230117797852,,76,BLE
53:ef:ce:43:a0:df,,Uncategorized;10,2026-09-26 08:16:29,,7936,-96,26.189820500780083,91.70221646864877,10.6156005859375,10.154230117797852,,76,BLE
c5:7b:46:be:fb:55,,Misc,2026-09-26 08:16:29,,,-77,26.189820500780083,91.70221646864877,10.6156005859375,10.154230117797852,,76,BLE
58:01:ce:70:a8:ff,OnePlus Buds 3,Uncategorized,2026-09-26 08:16:29,,7936,-90,26.189820500780083,91.70221646864877,10.6156005859375,10.154230117797852,,,BLE
40:ed:33:50:47:60,,Misc,2026-09-26 08:16:30,,7936,-96,26.189827695702746,91.70222331468699,10.67449951171875,10.081948280334473,,76,BLE
65:88:72:cc:53:0d,,Misc,2026-09-26 08:16:30,,7936,-66,26.189827695702746,91.70222331468699,10.67449951171875,10.081948280334473,,76,BLE
49:65:17:bf:10:25,,Misc,2026-09-26 08:16:31,,7936,-77,26.1898355436238,91.70222903758031,11.37078857421875,10.02221965789795,,76,BLE
31:e1:3f:22:14:25,,Uncategorized;10,2026-09-26 08:16:33,,7936,-102,26.189850999050407,91.7022481635631,14.26129150390625,9.935046195983887,,,BLE
cb:b5:1d:31:26:32,,Misc,2026-09-26 08:16:34,,,-78,26.18985649634692,91.70224559704505,14.872314453125,9.935046195983887,,,BLE
11:78:d8:54:08:87,,Misc,2026-09-26 08:16:34,,,-88,26.18985649634692,91.70224559704505,14.872314453125,9.935046195983887,,,BLE
cb:5e:68:dc:f8:b6,,Misc,2026-09-26 08:16:34,,,-100,26.18985649634692,91.70224559704505,14.872314453125,9.935046195983887,,76,BLE
70:33:03:6d:3c:40,,Misc,2026-09-26 08:16:34,,,-72,26.18985649634692,91.70224559704505,14.872314453125,9.935046195983887,,76,BLE
fa:d7:99:c3:0e:03,,Misc,2026-09-26 08:16:34,,,-99,26.18985649634692,91.70224559704505,14.872314453125,9.935046195983887,,76,BLE
46:00:08:4f:27:7d,realme Buds T310-GFP,Misc,2026-09-26 08:16:34,,7936,-100,26.18985649634692,91.70224559704505,14.872314453125,9.935046195983887,,,BLE
09:be:72:a9:04:71,,Misc,2026-09-26 08:16:34,,,-95,26.18985649634692,91.70224559704505,14.872314453125,9.935046195983887,,6,BLE
98:47:44:e1:f3:87,realme Buds T310,Uncategorized,2026-09-26 08:16:34,,7936,-98,26.18985649634692,91.70224559704505,14.872314453125,9.935046195983887,,41992,BLE
e9:06:2a:1d:04:34,,Misc,2026-09-26 08:16:34,,,-70,26.18985649634692,91.70224559704505,14.872314453125,9.935046195983887,,76,BLE
ef:64:5f:3e:f4:92,,Misc,2026-09-26 08:16:34,,,-101,26.18985649634692,91.70224559704505,14.872314453125,9.935046195983887,,76,BLE
42:19:a6:73:9d:26,AG-IITG,Misc,2026-09-26 08:16:34,,7936,-102,26.18985649634692,91.70224559704505,14.872314453125,9.935046195983887,,6,BLE
34:11:4e:15:5c:8b,,Misc,2026-09-26 08:16:34,,,-92,26.18985649634692,91.70224559704505,14.872314453125,9.935046195983887,,,BLE
08:7c:85:02:92:ab,FLASH,Watch;10,2026-09-26 08:16:34,,1796,-100,26.18985649634692,91.70224559704505,14.872314453125,9.935046195983887,,,BLE
22:63:79:d5:2f:c1,,Misc,2026-09-26 08:16:34,,,-101,26.18985649634692,91.70224559704505,14.872314453125,9.935046195983887,,,BLE
88:92:cc:c0:97:cd,WH-CH720N,Misc,2026-09-26 08:16:34,,7936,-69,26.18985649634692,91.70224559704505,14.872314453125,9.935046195983887,,,BLE
d4:35:38:f5:fe:09,Sameer_5G,[WPA-PSK-TKIP+CCMP][WPA2-PSK-TKIP+CCMP][RSN-PSK-TKIP+CCMP][ESS][WPS],2026-09-26 08:16:36,44,5220,-81,26.189870410758004,91.7022599908561,16.86212158203125,9.935046195983887,,,WIFI
a4:2a:95:29:5a:78,R04-5A78,[WPA2-PSK-CCMP][RSN-PSK-CCMP][ESS],2026-09-26 08:16:36,5,2432,-72,26.189870410758004,91.7022599908561,16.86212158203125,9.935046195983887,,,WIFI
3c:cd:57:6b:db:67,Nitin,[WPA-PSK-TKIP+CCMP][WPA2-PSK-TKIP+CCMP][RSN-PSK-TKIP+CCMP][ESS][WPS],2026-09-26 08:16:36,8,2447,-79,26.189870410758004,91.7022599908561,16.86212158203125,9.935046195983887,,,WIFI
e8:65:d4:27:4c:88,Tenda_274C88,[WPA-PSK-CCMP][WPA2-PSK-CCMP][RSN-PSK-CCMP][ESS][WPS],2026-09-26 08:16:36,7,2442,-73,26.189870410758004,91.7022599908561,16.86212158203125,9.935046195983887,,,WIFI
c2:07:1d:66:c8:3f,IITG_CONNECT,[WPA2-EAP/SHA1+FT/EAP-CCMP][RSN-EAP/SHA1+FT/EAP-CCMP][ESS],2026-09-26 08:16:36,48,5240,-49,26.189870410758004,91.7022599908561,16.86212158203125,9.935046195983887,,,WIFI
c2:07:1d:66:c8:3e,IITG_CONNECT,[WPA2-EAP/SHA1+FT/EAP-CCMP][RSN-EAP/SHA1+FT/EAP-CCMP][ESS],2026-09-26 08:16:36,6,2437,-58,26.189870410758004,91.7022599908561,16.86212158203125,9.935046195983887,,,WIFI
78:20:51:a6:db:f4,TP-Link_DBF4,[WPA2-PSK-CCMP][RSN-PSK-CCMP][ESS][WPS],2026-09-26 08:16:36,2,2417,-71,26.189870410758004,91.7022599908561,16.86212158203125,9.935046195983887,,,WIFI
ee:75:0c:23:83:89,,[WPA2-PSK-CCMP][RSN-PSK-CCMP][ESS],2026-09-26 08:16:36,8,2447,-63,26.189870410758004,91.7022599908561,16.86212158203125,9.935046195983887,,,WIFI
dc:ea:e7:b2:ea:37,freaky roti,[WPA2-PSK-CCMP][RSN-PSK-CCMP][ESS],2026-09-26 08:16:36,1,2412,-56,26.189870410758004,91.7022599908561,16.86212158203125,9.935046195983887,,,WIFI
64:29:43:99:81:8a,R03-8189,[WPA2-PSK-CCMP][RSN-PSK-CCMP][ESS],2026-09-26 08:16:36,4,2427,-75,26.189870410758004,91.7022599908561,16.86212158203125,9.935046195983887,,,WIFI
dc:ea:e7:b1:fc:5f,PAPAJI,[WPA2-PSK-CCMP][RSN-PSK-CCMP][ESS],2026-09-26 08:16:36,1,2412,-76,26.189870410758004,91.7022599908561,16.86212158203125,9.935046195983887,,,WIFI
c2:07:1d:66:c1:63,IITG_CONNECT,[WPA2-EAP/SHA1+FT/EAP-CCMP][RSN-EAP/SHA1+FT/EAP-CCMP][ESS],2026-09-26 08:16:36,161,5805,-69,26.189870410758004,91.7022599908561,16.86212158203125,9.935046195983887,,,WIFI
d8:07:b6:81:2f:82,TP-Link_2F82,[WPA2-PSK-CCMP][RSN-PSK-CCMP][ESS][WPS],2026-09-26 08:16:36,9,2452,-74,26.189870410758004,91.7022599908561,16.86212158203125,9.935046195983887,,,WIFI
40:86:cb:df:51:c7,DIR-615-51C6,[WPA2-PSK-CCMP][RSN-PSK-CCMP][ESS],2026-09-26 08:16:36,13,2472,-80,26.189870410758004,91.7022599908561,16.86212158203125,9.935046195983887,,,WIFI
dc:ea:e7:7a:33:5a,DIR-615-3359,[WPA2-PSK-CCMP][RSN-PSK-CCMP][ESS],2026-09-26 08:16:36,13,2472,-78,26.189870410758004,91.7022599908561,16.86212158203125,9.935046195983887,,,WIFI
c2:07:1d:66:c1:62,IITG_CONNECT,[WPA2-EAP/SHA1+FT/EAP-CCMP][RSN-EAP/SHA1+FT/EAP-CCMP][ESS],2026-09-26 08:16:36,11,2462,-61,26.189870410758004,91.7022599908561,16.86212158203125,9.935046195983887,,,WIFI
c2:07:1d:66:c9:61,IITG_CONNECT,[WPA2-EAP/SHA1+FT/EAP-CCMP][RSN-EAP/SHA1+FT/EAP-CCMP][ESS],2026-09-26 08:16:36,149,5745,-57,26.189870410758004,91.7022599908561,16.86212158203125,9.935046195983887,,,WIFI
dc:ea:e7:33:6e:66,Apna Lagwa BSDK,[WPA2-PSK-CCMP][RSN-PSK-CCMP][ESS],2026-09-26 08:16:36,13,2472,-68,26.189870410758004,91.7022599908561,16.86212158203125,9.935046195983887,,,WIFI
c2:07:1d:66:c9:60,IITG_CONNECT,[WPA2-EAP/SHA1+FT/EAP-CCMP][RSN-EAP/SHA1+FT/EAP-CCMP][ESS],2026-09-26 08:16:36,1,2412,-27,26.189870410758004,91.7022599908561,16.86212158203125,9.935046195983887,,,WIFI
72:91:e3:dc:65:93,,[WPA2-PSK-CCMP][RSN-PSK-CCMP][ESS],2026-09-26 08:16:36,10,2457,-75,26.189870410758004,91.7022599908561,16.86212158203125,9.935046195983887,,,WIFI
c2:07:1d:66:c8:70,IITG_CONNECT,[WPA2-EAP/SHA1+FT/EAP-CCMP][RSN-EAP/SHA1+FT/EAP-CCMP][ESS],2026-09-26 08:16:36,1,2412,-80,26.189870410758004,91.7022599908561,16.86212158203125,9.935046195983887,,,WIFI
9a:25:4a:26:42:45,,[WPA2-PSK-CCMP][RSN-PSK-CCMP][ESS],2026-09-26 08:16:36,9,2452,-83,26.189870410758004,91.7022599908561,16.86212158203125,9.935046195983887,,,WIFI
64:29:43:9f:ca:c8,,[WPA2-PSK-CCMP][RSN-PSK-CCMP][ESS],2026-09-26 08:16:36,40,5200,-84,26.189870410758004,91.7022599908561,16.86212158203125,9.935046195983887,,,WIFI
c2:07:1d:66:c8:2d,IITG_CONNECT,[WPA2-EAP/SHA1+FT/EAP-CCMP][RSN-EAP/SHA1+FT/EAP-CCMP][ESS],2026-09-26 08:16:36,40,5200,-63,26.189870410758004,91.7022599908561,16.86212158203125,9.935046195983887,,,WIFI
58:04:4f:f6:8c:dc,Not Available,[WPA2-PSK-CCMP][RSN-PSK-CCMP][ESS][WPS],2026-09-26 08:16:36,3,2422,-75,26.189870410758004,91.7022599908561,16.86212158203125,9.935046195983887,,,WIFI
50:91:e3:dc:65:93,Pioneer,[WPA2-PSK-CCMP][RSN-PSK-CCMP][ESS][WPS],2026-09-26 08:16:36,10,2457,-76,26.189870410758004,91.7022599908561,16.86212158203125,9.935046195983887,,,WIFI
c2:07:1d:66:c8:2c,IITG_CONNECT,[WPA2-EAP/SHA1+FT/EAP-CCMP][RSN-EAP/SHA1+FT/EAP-CCMP][ESS],2026-09-26 08:16:36,6,2437,-62,26.189870410758004,91.7022599908561,16.86212158203125,9.935046195983887,,,WIFI
d4:35:38:f5:fe:08,Sameer,[WPA-PSK-TKIP+CCMP][WPA2-PSK-TKIP+CCMP][RSN-PSK-TKIP+CCMP][ESS][WPS],2026-09-26 08:16:36,2,2417,-71,26.189870410758004,91.7022599908561,16.86212158203125,9.935046195983887,,,WIFI
3c:78:95:4a:e4:c0,TP-Link_E4C0,[WPA2-PSK-CCMP][RSN-PSK-CCMP][ESS][WPS],2026-09-26 08:16:36,10,2457,-82,26.189870410758004,91.7022599908561,16.86212158203125,9.935046195983887,,,WIFI
64:29:43:9f:ca:c7,DIR-825-CAC4,[WPA2-PSK-CCMP][RSN-PSK-CCMP][ESS][WPS],2026-09-26 08:16:36,6,2437,-72,26.189870410758004,91.7022599908561,16.86212158203125,9.935046195983887,,,WIFI
da:6c:15:44:b1:09,,Misc,2026-09-26 08:16:39,,,-88,26.189888681200294,91.70227804097509,18.4617919921875,9.935046195983887,,76,BLE
73:13:a5:cb:2f:ad,,Misc,2026-09-26 08:16:44,,7936,-97,26.189911109471062,91.7023142751645,19.07421875,9.935046195983887,,76,BLE
50:f1:c4:88:c1:82,,Misc,2026-09-26 08:16:44,,,-93,26.189911109471062,91.7023142751645,19.07421875,9.935046195983887,,76,BLE
ef:64:5f:3e:f4:92,,Misc,2026-09-26 08:16:44,,,-89,26.189911109471062,91.7023142751645,19.07421875,9.935046195983887,,76,BLE
49:da:46:90:0b:e9,,Uncategorized;10,2026-09-26 08:16:45,,7936,-94,26.18991788491447,91.7023278344252,19.704345703125,9.935046195983887,,,BLE
1a:33:9f:9a:78:a5,,Uncategorized;10,2026-09-26 08:16:46,,7936,-103,26.189918741591622,91.70232772536572,19.72454833984375,9.935046195983887,,,BLE
3d:67:72:cb:80:a5,,Uncategorized;10,2026-09-26 08:16:46,,7936,-105,26.189918741591622,91.70232772536572,19.72454833984375,9.935046195983887,,,BLE
dc:ea:e7:b2:97:7b,internet,[WPA2-PSK-CCMP][RSN-PSK-CCMP][ESS][WPS],2026-09-26 08:16:47,13,2472,-82,26.189923371561708,91.70233800152037,19.70452880859375,9.935046195983887,,,WIFI
dc:ea:e7:b2:95:07,DIR-615-9506,[WPA2-PSK-CCMP][RSN-PSK-CCMP][ESS][WPS],2026-09-26 08:16:47,1,2412,-83,26.189923371561708,91.70233800152037,19.70452880859375,9.935046195983887,,,WIFI
3c:6a:d2:4f:13:be,Yami,[WPA2-PSK-CCMP][RSN-PSK-CCMP][ESS][WPS],2026-09-26 08:16:47,3,2422,-71,26.189923371561708,91.70233800152037,19.70452880859375,9.935046195983887,,,WIFI
64:29:43:99:81:8a,R03-8189,[WPA2-PSK-CCMP][RSN-PSK-CCMP][ESS],2026-09-26 08:16:47,4,2427,-65,26.189923371561708,91.70233800152037,19.70452880859375,9.935046195983887,,,WIFI
50:91:e3:f9:61:8e,TP-Link_618E,[WPA2-PSK-CCMP][RSN-PSK-CCMP][ESS][WPS],2026-09-26 08:16:47,2,2417,-78,26.189923371561708,91.70233800152037,19.70452880859375,9.935046195983887,,,WIFI
c2:07:1d:66:c1:63,IITG_CONNECT,[WPA2-EAP/SHA1+FT/EAP-CCMP][RSN-EAP/SHA1+FT/EAP-CCMP][ESS],2026-09-26 08:16:47,161,5805,-61,26.189923371561708,91.70233800152037,19.70452880859375,9.935046195983887,,,WIFI
8e:06:c0:44:7a:7b,iQOO Neo7 Pro,[WPA2-PSK-CCMP][RSN-PSK-CCMP][ESS],2026-09-26 08:16:47,44,5220,-85,26.189923371561708,91.70233800152037,19.70452880859375,9.935046195983887,,,WIFI
58:04:4f:f6:8c:dc,Not Available,[WPA2-PSK-CCMP][RSN-PSK-CCMP][ESS][WPS],2026-09-26 08:16:47,3,2422,-70,26.189923371561708,91.70233800152037,19.70452880859375,9.935046195983887,,,WIFI
50:91:e3:dc:65:92,Pioneer,[WPA2-PSK-CCMP][RSN-PSK-CCMP][ESS][WPS],2026-09-26 08:16:47,44,5220,-84,26.189923371561708,91.70233800152037,19.70452880859375,9.935046195983887,,,WIFI
de:56:7b:14:46:75,DIRECT-VWLOST_LEGENDmsEL,[WPA2-PSK-CCMP][RSN-PSK-CCMP][ESS][WPS],2026-09-26 08:16:47,1,2412,-77,26.189923371561708,91.70233800152037,19.70452880859375,9.935046195983887,,,WIFI
04:ba:d6:13:2a:54,Schrodinger's Network,[WPA2-PSK-CCMP][RSN-PSK-CCMP][ESS],2026-09-26 08:16:47,13,2472,-78,26.189923371561708,91.70233800152037,19.70452880859375,9.935046195983887,,,WIFI
2e:ef:15:8e:1f:5b,,[WPA2-PSK-CCMP][RSN-PSK-CCMP][ESS],2026-09-26 08:16:47,7,2442,-79,26.189923371561708,91.70233800152037,19.70452880859375,9.935046195983887,,,WIFI
da:52:c0:34:d4:87,"MOTO EDGE 60 FUSION ",[WPA2-PSK-CCMP][RSN-PSK-CCMP][ESS],2026-09-26 08:16:47,13,2472,-84,26.189923371561708,91.70233800152037,19.70452880859375,9.935046195983887,,,WIFI
de:62:79:28:0b:94,,[WPA2-PSK-CCMP][RSN-PSK-CCMP][ESS],2026-09-26 08:16:47,8,2447,-83,26.189923371561708,91.70233800152037,19.70452880859375,9.935046195983887,,,WIFI
ee:8d:c1:7c:88:9e,,Misc,2026-09-26 08:16:49,,,-90,26.189929283800073,91.70235394776901,19.73004150390625,9.935046195983887,,76,BLE
1e:6b:d1:e0:ff:e9,,Uncategorized;10,2026-09-26 08:16:50,,7936,-90,26.189931840961382,91.70236217706662,19.74267578125,9.935046195983887,,,BLE
45:c7:d1:20:5f:eb,,Uncategorized;10,2026-09-26 08:16:50,,7936,-82,26.189931840961382,91.70236217706662,19.74267578125,9.935046195983887,,,BLE
58:ab:73:e5:fd:0d,,Uncategorized;10,2026-09-26 08:16:51,,7936,-95,26.18993479008984,91.70237091795182,19.75531005859375,9.935046195983887,,,BLE
64:ee:1d:b9:97:a1,Echo Dot-049,Uncategorized;10,2026-09-26 08:16:51,,7936,-99,26.18993479008984,91.70237091795182,19.75531005859375,9.935046195983887,,,BLE
b4:04:8c:7f:e7:e2,,Misc,2026-09-26 08:16:54,,7936,-105,26.18995051105265,91.70240715788918,14.38800048828125,9.935046195983887,,,BLE
f2:79:58:3e:b2:07,,Misc,2026-09-26 08:16:54,,,-101,26.18995051105265,91.70240715788918,14.38800048828125,9.935046195983887,,76,BLE
ee:8d:c1:7c:88:9e,,Misc,2026-09-26 08:16:54,,,-76,26.18995051105265,91.70240715788918,14.38800048828125,9.935046195983887,,76,BLE
58:ab:73:e5:fd:0d,,Uncategorized;10,2026-09-26 08:16:54,,7936,-95,26.18995051105265,91.70240715788918,14.38800048828125,9.935046195983887,,76,BLE
09:62:85:30:b7:e8,,Misc,2026-09-26 08:16:54,,,-103,26.18995051105265,91.70240715788918,14.38800048828125,9.935046195983887,,6,BLE
27:5a:1d:5c:3f:c0,,Misc,2026-09-26 08:16:54,,,-95,26.18995051105265,91.70240715788918,14.38800048828125,9.935046195983887,,6,BLE
0c:7a:b4:b2:54:bd,,Misc,2026-09-26 08:16:54,,,-100,26.18995051105265,91.70240715788918,14.38800048828125,9.935046195983887,,,BLE
3d:67:72:cb:80:a5,,Uncategorized;10,2026-09-26 08:16:54,,7936,-91,26.18995051105265,91.70240715788918,14.38800048828125,9.935046195983887,,,BLE
e8:aa:cb:db:92:0b,,Misc,2026-09-26 08:16:54,,,-97,26.18995051105265,91.70240715788918,14.38800048828125,9.935046195983887,,117,BLE
58:ab:73:e5:fd:0d,,Uncategorized;10,2026-09-26 08:16:54,,7936,-84,26.18995051105265,91.70240715788918,14.38800048828125,9.935046195983887,,76,BLE
30:21:e2:26:98:c5,Philips MMS2625B,Handsfree;10,2026-09-26 08:16:55,,1032,-97,26.1899485368553,91.70240854871302,12.0068359375,9.935046195983887,,,BT
73:13:a5:cb:2f:ad,,Misc,2026-09-26 08:16:56,,7936,-77,26.189954041024098,91.70242082876015,10.764068603515625,9.935046195983887,,76,BLE
76:ce:28:25:bf:d3,,Uncategorized;10,2026-09-26 08:16:57,,7936,-104,26.189963420359803,91.70243816069068,8.640655517578125,9.935046195983887,,,BLE
1a:33:9f:9a:78:a5,,Uncategorized;10,2026-09-26 08:16:57,,7936,-92,26.189963420359803,91.70243816069068,8.640655517578125,9.935046195983887,,,BLE
ba:fb:b3:a2:30:62,,[WPA2-PSK-CCMP][RSN-PSK-CCMP][ESS],2026-09-26 08:16:58,10,2457,-75,26.189961791418696,91.70244005156144,8.61846923828125,9.935046195983887,,,WIFI
6c:5a:b0:93:da:f0,Manas,[WPA2-PSK-CCMP][RSN-PSK-CCMP][ESS][WPS],2026-09-26 08:16:58,9,2452,-76,26.189961791418696,91.70244005156144,8.61846923828125,9.935046195983887,,,WIFI
c2:07:1d:66:c8:3f,IITG_CONNECT,[WPA2-EAP/SHA1+FT/EAP-CCMP][RSN-EAP/SHA1+FT/EAP-CCMP][ESS],2026-09-26 08:16:58,48,5240,-36,26.189961791418696,91.70244005156144,8.61846923828125,9.935046195983887,,,WIFI
c2:07:1d:66:c8:3e,IITG_CONNECT,[WPA2-EAP/SHA1+FT/EAP-CCMP][RSN-EAP/SHA1+FT/EAP-CCMP][ESS],2026-09-26 08:16:58,6,2437,-49,26.189961791418696,91.70244005156144,8.61846923828125,9.935046195983887,,,WIFI
b8:fb:b3:f2:30:62,"ayan+Anurag +Biswajit ",[WPA2-PSK-CCMP][RSN-PSK-CCMP][ESS][WPS],2026-09-26 08:16:58,10,2457,-76,26.189961791418696,91.70244005156144,8.61846923828125,9.935046195983887,,,WIFI
98:25:4a:26:42:43,BarakMess,[WPA2-PSK-CCMP][RSN-PSK-CCMP][ESS][WPS],2026-09-26 08:16:58,9,2452,-84,26.189961791418696,91.70244005156144,8.61846923828125,9.935046195983887,,,WIFI
b8:fb:b3:f2:30:64,"ayan+Anurag +Biswajit ",[WPA2-PSK-CCMP][RSN-PSK-CCMP][ESS][WPS],2026-09-26 08:16:58,157,5785,-86,26.189961791418696,91.70244005156144,8.61846923828125,9.935046195983887,,,WIFI
30:68:93:3d:4b:5a,Mashups,[WPA2-PSK-CCMP][RSN-PSK-CCMP][ESS][WPS],2026-09-26 08:16:58,4,2427,-72,26.189961791418696,91.70244005156144,8.61846923828125,9.935046195983887,,,WIFI
3c:33:32:e8:00:2a,No Devices Found,[WPA-PSK-TKIP+CCMP][WPA2-PSK-TKIP+CCMP][RSN-PSK-TKIP+CCMP][ESS][WPS],2026-09-26 08:16:58,7,2442,-71,26.189961791418696,91.70244005156144,8.61846923828125,9.935046195983887,,,WIFI
0c:ef:15:8e:1f:52,ChalJaBhai,[WPA2-PSK-CCMP][RSN-PSK-CCMP][ESS][WPS],2026-09-26 08:16:58,149,5745,-87,26.189961791418696,91.70244005156144,8.61846923828125,9.935046195983887,,,WIFI
c2:07:1d:66:c8:71,IITG_CONNECT,[WPA2-EAP/SHA1+FT/EAP-CCMP][RSN-EAP/SHA1+FT/EAP-CCMP][ESS],2026-09-26 08:16:58,40,5200,-73,26.189961791418696,91.70244005156144,8.61846923828125,9.935046195983887,,,WIFI
bc:22:28:b8:c4:30,DIR-825-C42D,[WPA2-PSK-CCMP][RSN-PSK-CCMP][ESS][WPS],2026-09-26 08:16:58,9,2452,-81,26.189961791418696,91.70244005156144,8.61846923828125,9.935046195983887,,,WIFI
c2:07:1d:66:c8:70,IITG_CONNECT,[WPA2-EAP/SHA1+FT/EAP-CCMP][RSN-EAP/SHA1+FT/EAP-CCMP][ESS],2026-09-26 08:16:58,1,2412,-72,26.189961791418696,91.70244005156144,8.61846923828125,9.935046195983887,,,WIFI
88:76:b9:b8:14:4b,DIR-615-144A,[WPA2-PSK-CCMP][RSN-PSK-CCMP][ESS],2026-09-26 08:16:58,13,2472,-72,26.189961791418696,91.70244005156144,8.61846923828125,9.935046195983887,,,WIFI
c8:3a:35:68:d1:60,Yohohohoho,[WPA2-PSK-CCMP][RSN-PSK-CCMP][ESS],2026-09-26 08:16:58,6,2437,-77,26.189961791418696,91.70244005156144,8.61846923828125,9.935046195983887,,,WIFI
50:91:e3:58:7b:e2,TP-Link_7BE2,[WPA2-PSK-CCMP][RSN-PSK-CCMP][ESS][WPS],2026-09-26 08:16:58,4,2427,-74,26.189961791418696,91.70244005156144,8.61846923828125,9.935046195983887,,,WIFI
d4:35:38:f5:98:e0,B-110,[WPA-PSK-TKIP+CCMP][WPA2-PSK-TKIP+CCMP][RSN-PSK-TKIP+CCMP][ESS][WPS],2026-09-26 08:16:58,9,2452,-78,26.189961791418696,91.70244005156144,8.61846923828125,9.935046195983887,,,WIFI
1a:33:9f:9a:78:a5,,Uncategorized;10,2026-09-26 08:16:58,,7936,-85,26.189961791418696,91.70244005156144,8.61846923828125,9.935046195983887,,,BLE
b4:04:8c:7f:e7:e2,,Misc,2026-09-26 08:17:02,,7936,-98,26.189969415477826,91.70248735140332,9.511016845703125,9.935046195983887,,,BLE
54:84:50:0f:99:34,Nirvana Ivy Pro,null;10,2026-09-26 08:17:03,,1028,-86,26.18997155433738,91.70248852502631,9.894073486328125,9.935046195983887,,,BT
44:61:fe:e2:ce:b7,,Misc,2026-09-26 08:17:03,,7936,-98,26.18997155433738,91.70248852502631,9.894073486328125,9.935046195983887,,,BLE
7e:f6:c1:75:80:9b,"Ivy Pro_BLE ",Uncategorized,2026-09-26 08:17:04,,7936,-102,26.189974119098842,91.70250081029151,10.535400390625,9.935046195983887,,61199,BLE
64:ee:1d:b9:97:a1,Echo Dot-049,Uncategorized;10,2026-09-26 08:17:04,,7936,-92,26.189974119098842,91.70250081029151,10.535400390625,9.935046195983887,,,BLE
35:eb:f7:e1:3e:72,,Uncategorized;10,2026-09-26 08:17:04,,7936,-98,26.189974119098842,91.70250081029151,10.535400390625,9.935046195983887,,,BLE
49:b1:ed:b4:2f:03,,Misc,2026-09-26 08:17:04,,7936,-103,26.189974119098842,91.70250081029151,10.535400390625,9.935046195983887,,76,BLE
fa:b9:94:43:1c:2a,,Misc,2026-09-26 08:17:04,,,-97,26.189974119098842,91.70250081029151,10.535400390625,9.935046195983887,,76,BLE
a8:6e:84:6b:89:88,TP-Link_8988,[WPA2-PSK-CCMP][RSN-PSK-CCMP][ESS][WPS],2026-09-26 08:17:09,4,2427,-78,26.189980228164078,91.70254759487271,14.15093994140625,9.935046195983887,,,WIFI
e8:65:d4:a7:00:48,Tenda_A70048,[WPA-PSK-CCMP][WPA2-PSK-CCMP][RSN-PSK-CCMP][ESS],2026-09-26 08:17:09,11,2462,-77,26.189980228164078,91.70254759487271,14.15093994140625,9.935046195983887,,,WIFI
c2:07:1d:66:c8:70,IITG_CONNECT,[WPA2-EAP/SHA1+FT/EAP-CCMP][RSN-EAP/SHA1+FT/EAP-CCMP][ESS],2026-09-26 08:17:09,1,2412,-62,26.189980228164078,91.70254759487271,14.15093994140625,9.935046195983887,,,WIFI
58:04:4f:f6:8c:dc,Not Available,[WPA2-PSK-CCMP][RSN-PSK-CCMP][ESS][WPS],2026-09-26 08:17:09,3,2422,-65,26.189980228164078,91.70254759487271,14.15093994140625,9.935046195983887,,,WIFI
10:27:f5:67:24:be,TP-Link_24BE,[WPA2-PSK-CCMP][RSN-PSK-CCMP][ESS][WPS],2026-09-26 08:17:09,2,2417,-88,26.189980228164078,91.70254759487271,14.15093994140625,9.935046195983887,,,WIFI
c8:3a:35:68:d1:60,Yohohohoho,[WPA2-PSK-CCMP][RSN-PSK-CCMP][ESS],2026-09-26 08:17:09,6,2437,-72,26.189980228164078,91.70254759487271,14.15093994140625,9.935046195983887,,,WIFI
d4:35:38:f5:98:e1,B-110_5G,[WPA-PSK-TKIP+CCMP][WPA2-PSK-TKIP+CCMP][RSN-PSK-TKIP+CCMP][ESS][WPS],2026-09-26 08:17:09,36,5180,-82,26.189980228164078,91.70254759487271,14.15093994140625,9.935046195983887,,,WIFI
46:00:08:4f:27:7d,realme Buds T310-GFP,Misc,2026-09-26 08:17:09,,7936,-94,26.189980228164078,91.70254759487271,14.15093994140625,9.935046195983887,,,BLE
e8:aa:cb:db:92:0b,,Misc,2026-09-26 08:17:09,,,-87,26.189980228164078,91.70254759487271,14.15093994140625,9.935046195983887,,117,BLE
09:62:85:30:b7:e8,,Misc,2026-09-26 08:17:09,,,-94,26.189980228164078,91.70254759487271,14.15093994140625,9.935046195983887,,6,BLE
10:60:d2:f3:0d:14,,Misc,2026-09-26 08:17:09,,,-103,26.189980228164078,91.70254759487271,14.15093994140625,9.935046195983887,,,BLE
fa:b9:94:43:1c:2a,,Misc,2026-09-26 08:17:09,,,-79,26.189980228164078,91.70254759487271,14.15093994140625,9.935046195983887,,76,BLE
6c:8a:d6:00:21:2d,,Uncategorized;10,2026-09-26 08:17:15,,7936,-92,26.189957504912645,91.70250054395889,13.83404541015625,9.935046195983887,,,BLE
30:21:e2:26:98:c5,Philips MMS2625B,Handsfree;10,2026-09-26 08:17:15,,1032,-73,26.189957504912645,91.70250054395889,13.83404541015625,9.935046195983887,,,BT
1a:33:9f:9a:78:a5,,Uncategorized;10,2026-09-26 08:17:15,,7936,-80,26.189957504912645,91.70250054395889,13.83404541015625,9.935046195983887,,,BLE
73:13:a5:cb:2f:ad,,Misc,2026-09-26 08:17:18,,7936,-72,26.18995018118548,91.70246726570407,12.71319580078125,9.935046195983887,,76,BLE
c2:07:1d:66:c8:3e,IITG_CONNECT,[WPA2-EAP/SHA1+FT/EAP-CCMP][RSN-EAP/SHA1+FT/EAP-CCMP][ESS],2026-09-26 08:17:19,6,2437,-30,26.1899487510059,91.70245540946723,12.3980712890625,9.935046195983887,,,WIFI
98:25:4a:26:42:43,BarakMess,[WPA2-PSK-CCMP][RSN-PSK-CCMP][ESS][WPS],2026-09-26 08:17:19,9,2452,-77,26.1899487510059,91.70245540946723,12.3980712890625,9.935046195983887,,,WIFI
0c:ef:15:8e:1f:53,ChalJaBhai,[WPA2-PSK-CCMP][RSN-PSK-CCMP][ESS][WPS],2026-09-26 08:17:19,8,2447,-71,26.1899487510059,91.70245540946723,12.3980712890625,9.935046195983887,,,WIFI
2e:ef:15:8e:1f:53,,[WPA2-PSK-CCMP][RSN-PSK-CCMP][ESS],2026-09-26 08:17:19,8,2447,-72,26.1899487510059,91.70245540946723,12.3980712890625,9.935046195983887,,,WIFI
da:52:c0:34:d4:87,"MOTO EDGE 60 FUSION ",[WPA2-PSK-CCMP][RSN-PSK-CCMP][ESS],2026-09-26 08:17:19,13,2472,-64,26.1899487510059,91.70245540946723,12.3980712890625,9.935046195983887,,,WIFI
ca:e9:d3:fd:c7:b1,,Misc,2026-09-26 08:17:19,,,-102,26.1899487510059,91.70245540946723,12.3980712890625,9.935046195983887,,76,BLE
6c:8a:d6:00:21:2d,,Uncategorized;10,2026-09-26 08:17:19,,7936,-97,26.1899487510059,91.70245540946723,12.3980712890625,9.935046195983887,,76,BLE
61:8e:13:d7:8d:d8,,Misc,2026-09-26 08:17:24,,7936,-86,26.18994488204964,91.70240049991331,11.202911376953125,9.935046195983887,,76,BLE
1e:6b:d1:e0:ff:e9,,Uncategorized;10,2026-09-26 08:17:24,,7936,-79,26.18994488204964,91.70240049991331,11.202911376953125,9.935046195983887,,,BLE
ca:e9:d3:fd:c7:b1,,Misc,2026-09-26 08:17:24,,,-82,26.18994488204964,91.70240049991331,11.202911376953125,9.935046195983887,,76,BLE
08:60:81:80:c6:27,,Misc,2026-09-26 08:17:24,,,-98,26.18994488204964,91.70240049991331,11.202911376953125,9.935046195983887,,6,BLE
f6:8d:1e:72:b4:e0,,Misc,2026-09-26 08:17:24,,,-87,26.18994488204964,91.70240049991331,11.202911376953125,9.935046195983887,,76,BLE
3d:67:72:cb:80:a5,,Uncategorized;10,2026-09-26 08:17:25,,7936,-81,26.18994239996248,91.70238859221587,11.117706298828125,9.935046195983887,,,BLE
30:de:4b:90:ac:a8,ENCRIPT101,[WPA2-PSK-CCMP][RSN-PSK-CCMP][ESS][WPS],2026-09-26 08:17:30,149,5745,-87,26.189937216216013,91.70234039990325,11.737091064453125,9.935046195983887,,,WIFI
c2:07:1d:66:c7:9f,IITG_CONNECT,[WPA2-EAP/SHA1+FT/EAP-CCMP][RSN-EAP/SHA1+FT/EAP-CCMP][ESS],2026-09-26 08:17:30,40,5200,-84,26.189937216216013,91.70234039990325,11.737091064453125,9.935046195983887,,,WIFI
c2:07:1d:66:c7:9e,IITG_CONNECT,[WPA2-EAP/SHA1+FT/EAP-CCMP][RSN-EAP/SHA1+FT/EAP-CCMP][ESS],2026-09-26 08:17:30,11,2462,-86,26.189937216216013,91.70234039990325,11.737091064453125,9.935046195983887,,,WIFI
4f:db:35:52:4b:c6,,Misc,2026-09-26 08:17:34,,7936,-96,26.189947501724667,91.7023120112248,14.87921142578125,9.935046195983887,,76,BLE
44:51:d2:27:f7:77,,Misc,2026-09-26 08:17:34,,,-97,26.189947501724667,91.7023120112248,14.87921142578125,9.935046195983887,,,BLE
4c:ad:9d:7b:6f:04,,Uncategorized;10,2026-09-26 08:17:37,,7936,-101,26.189969947324837,91.70230572556625,14.18701171875,9.935046195983887,,,BLE
08:33:5c:50:35:f0,,Misc,2026-09-26 08:17:39,,,-87,26.18998713357841,91.7023043689615,14.72015380859375,9.935046195983887,,6,BLE
e5:5a:ff:fd:21:a6,,Misc,2026-09-26 08:17:39,,,-97,26.18998713357841,91.7023043689615,14.72015380859375,9.935046195983887,,76,BLE
4c:ad:9d:7b:6f:04,,Uncategorized;10,2026-09-26 08:17:39,,7936,-101,26.18998713357841,91.7023043689615,14.72015380859375,9.935046195983887,,76,BLE
58:01:ce:70:a8:ff,OnePlus Buds 3,Uncategorized,2026-09-26 08:17:39,,7936,-81,26.18998713357841,91.7023043689615,14.72015380859375,9.935046195983887,,,BLE
4b:b0:cc:b9:0a:af,,Misc,2026-09-26 08:17:39,,7936,-99,26.18998713357841,91.7023043689615,14.72015380859375,9.935046195983887,,76,BLE
fa:9f:2c:0e:72:4e,,Misc,2026-09-26 08:17:39,,,-98,26.18998713357841,91.7023043689615,14.72015380859375,9.935046195983887,,76,BLE
ed:93:7f:20:a9:0b,,Misc,2026-09-26 08:17:44,,,-101,26.190034448057755,91.70230263346556,16.56982421875,9.935046195983887,,76,BLE
0f:0c:ea:83:37:54,,Misc,2026-09-26 08:17:44,,,-100,26.190034448057755,91.70230263346556,16.56982421875,9.935046195983887,,,BLE
0b:45:68:1a:ab:22,,Misc,2026-09-26 08:17:44,,,-101,26.190034448057755,91.70230263346556,16.56982421875,9.935046195983887,,6,BLE
31:e1:3f:22:14:25,,Uncategorized;10,2026-09-26 08:17:46,,7936,-97,26.190052304256533,91.70230228036134,16.24481201171875,9.935046195983887,,,BLE
92:25:4a:26:42:44,,[WPA2-PSK-CCMP][RSN-PSK-CCMP][ESS],2026-09-26 08:17:48,157,5785,-81,26.19006987284467,91.70230231527685,18.5823974609375,9.935046195983887,,,WIFI
a4:2a:95:29:5a:72,R04-5A72,[WPA2-PSK-CCMP][RSN-PSK-CCMP][ESS],2026-09-26 08:17:48,6,2437,-85,26.19006987284467,91.70230231527685,18.5823974609375,9.935046195983887,,,WIFI
72:91:e3:dc:65:92,,[WPA2-PSK-CCMP][RSN-PSK-CCMP][ESS],2026-09-26 08:17:48,44,5220,-80,26.19006987284467,91.70230231527685,18.5823974609375,9.935046195983887,,,WIFI
c2:07:1d:66:c8:2d,IITG_CONNECT,[WPA2-EAP/SHA1+FT/EAP-CCMP][RSN-EAP/SHA1+FT/EAP-CCMP][ESS],2026-09-26 08:17:48,40,5200,-58,26.19006987284467,91.70230231527685,18.5823974609375,9.935046195983887,,,WIFI
50:91:e3:58:70:72,IITG_DISCONNECT,[WPA2-PSK-CCMP][RSN-PSK-CCMP][ESS][WPS],2026-09-26 08:17:48,2,2417,-89,26.19006987284467,91.70230231527685,18.5823974609375,9.935046195983887,,,WIFI
58:04:4f:f6:8c:dc,Not Available,[WPA2-PSK-CCMP][RSN-PSK-CCMP][ESS][WPS],2026-09-26 08:17:48,3,2422,-41,26.19006987284467,91.70230231527685,18.5823974609375,9.935046195983887,,,WIFI
50:91:e3:dc:65:92,Pioneer,[WPA2-PSK-CCMP][RSN-PSK-CCMP][ESS][WPS],2026-09-26 08:17:48,44,5220,-79,26.19006987284467,91.70230231527685,18.5823974609375,9.935046195983887,,,WIFI
64:29:43:9f:ca:c5,Loading_slayer,[WPA2-PSK-CCMP][RSN-PSK-CCMP][ESS][WPS],2026-09-26 08:17:48,40,5200,-77,26.19006987284467,91.70230231527685,18.5823974609375,9.935046195983887,,,WIFI
70:08:94:d0:e5:78,JIVANSH,Laptop;10,2026-09-26 08:17:48,,268,-98,26.19006987284467,91.70230231527685,18.5823974609375,9.935046195983887,,,BT
77:cf:dc:94:31:37,,Uncategorized;10,2026-09-26 08:17:49,,7936,-86,26.190079052439188,91.70230233039955,17.9725341796875,9.935046195983887,,,BLE
77:cf:dc:94:31:37,,Uncategorized;10,2026-09-26 08:17:49,,7936,-86,26.190079052439188,91.70230233039955,17.9725341796875,9.935046195983887,,76,BLE
52:41:93:bf:d6:72,Jabra Elite 4,Misc,2026-09-26 08:17:49,,7936,-100,26.190079052439188,91.70230233039955,17.9725341796875,9.935046195983887,,,BLE
21:37:d4:a8:a1:bd,,Misc,2026-09-26 08:17:49,,,-102,26.190079052439188,91.70230233039955,17.9725341796875,9.935046195983887,,6,BLE
44:51:d2:27:f7:77,,Misc,2026-09-26 08:17:49,,,-88,26.190079052439188,91.70230233039955,17.9725341796875,9.935046195983887,,,BLE
68:8f:ba:c9:9b:7e,,Misc,2026-09-26 08:17:49,,,-128,26.190079052439188,91.70230233039955,17.9725341796875,9.935046195983887,,,BLE
64:29:43:9f:ca:c8,,[WPA2-PSK-CCMP][RSN-PSK-CCMP][ESS],2026-09-26 08:17:54,40,5200,-68,26.19012068307648,91.70230426248355,19.06463623046875,9.935046195983887,,,WIFI
c2:07:1d:66:c8:2c,IITG_CONNECT,[WPA2-EAP/SHA1+FT/EAP-CCMP][RSN-EAP/SHA1+FT/EAP-CCMP][ESS],2026-09-26 08:17:54,6,2437,-53,26.19012068307648,91.70230426248355,19.06463623046875,9.935046195983887,,,WIFI
a8:42:a1:88:11:c4,TP-Link_11C4,[WPA2-PSK-CCMP][RSN-PSK-CCMP][ESS][WPS],2026-09-26 08:17:54,4,2427,-80,26.19012068307648,91.70230426248355,19.06463623046875,9.935046195983887,,,WIFI
64:29:43:9f:ca:c5,Loading_slayer,[WPA2-PSK-CCMP][RSN-PSK-CCMP][ESS][WPS],2026-09-26 08:17:54,40,5200,-71,26.19012068307648,91.70230426248355,19.06463623046875,9.935046195983887,,,WIFI
50:2b:73:e0:94:b0,TND bc,[WPA-PSK-CCMP][WPA2-PSK-CCMP][RSN-PSK-CCMP][ESS],2026-09-26 08:17:54,11,2462,-70,26.19012068307648,91.70230426248355,19.06463623046875,9.935046195983887,,,WIFI
64:29:43:9f:ca:c7,DIR-825-CAC4,[WPA2-PSK-CCMP][RSN-PSK-CCMP][ESS][WPS],2026-09-26 08:17:54,6,2437,-60,26.19012068307648,91.70230426248355,19.06463623046875,9.935046195983887,,,WIFI
68:8f:ba:c9:9b:7e,,Misc,2026-09-26 08:17:54,,,-93,26.19012068307648,91.70230426248355,19.06463623046875,9.935046195983887,,,BLE
2d:5d:09:53:06:83,,Misc,2026-09-26 08:17:54,,,-101,26.19012068307648,91.70230426248355,19.06463623046875,9.935046195983887,,6,BLE
63:e7:f7:fb:c9:8f,realme Buds Air7,Misc,2026-09-26 08:17:54,,7936,-84,26.19012068307648,91.70230426248355,19.06463623046875,9.935046195983887,,,BLE
57:6c:df:0f:33:f6,,Uncategorized;10,2026-09-26 08:17:56,,7936,-104,26.190135160106273,91.70230726459417,19.3389892578125,9.935046195983887,,,BLE
fd:d3:82:f2:cc:f8,Amazfit Bip U,Uncategorized;10,2026-09-26 08:17:58,,7936,-97,26.19014666187186,91.7023240715053,20.13311767578125,9.935046195983887,,,BLE
57:6c:df:0f:33:f6,,Uncategorized;10,2026-09-26 08:17:59,,7936,-104,26.190143406305758,91.70232800955704,21.101806640625,9.935046195983887,,76,BLE
1c:e0:6a:b2:84:07,,Misc,2026-09-26 08:17:59,,,-104,26.190143406305758,91.70232800955704,21.101806640625,9.935046195983887,,6,BLE
f4:4e:fc:d9:01:c1,"LE_Tribit StormBox 2 ",Misc,2026-09-26 08:17:59,,,-98,26.190143406305758,91.70232800955704,21.101806640625,9.935046195983887,,,BLE
13:7e:d0:c4:cf:95,,Misc,2026-09-26 08:17:59,,,-104,26.190143406305758,91.70232800955704,21.101806640625,9.935046195983887,,,BLE
01:92:ea:cb:69:1c,,Misc,2026-09-26 08:17:59,,,-104,26.190143406305758,91.70232800955704,21.101806640625,9.935046195983887,,6,BLE
fd:d3:82:f2:cc:f8,Amazfit Bip U,Uncategorized;10,2026-09-26 08:17:59,,7936,-100,26.190143406305758,91.70232800955704,21.101806640625,9.935046195983887,,343,BLE
c9:ac:1f:58:04:0f,,Misc,2026-09-26 08:18:04,,,-99,26.19013683434883,91.70238665640477,22.1646728515625,9.935046195983887,,76,BLE
13:7e:d0:c4:cf:95,,Misc,2026-09-26 08:18:04,,,-90,26.19013683434883,91.70238665640477,22.1646728515625,9.935046195983887,,,BLE
52:72:ef:58:b0:e2,,Uncategorized;10,2026-09-26 08:18:08,,7936,-103,26.190127442953962,91.7024146109088,20.78826904296875,9.935046195983887,,,BLE
405751_53815_205213954,Assam,LTE;405751,2026-09-26 08:18:08,1351,1351,-98,26.190127442953962,91.7024146109088,20.78826904296875,9.935046195983887,,,LTE
5d:ea:b7:1e:6b:7f,,Misc,2026-09-26 08:18:09,,,-104,26.190126780916884,91.70242595669957,19.1148681640625,9.935046195983887,,,BLE
fe:35:d1:e4:4f:7d,,Misc,2026-09-26 08:18:09,,,-107,26.190126780916884,91.70242595669957,19.1148681640625,9.935046195983887,,76,BLE
13:7e:d0:c4:cf:95,,Misc,2026-09-26 08:18:09,,,-84,26.190126780916884,91.70242595669957,19.1148681640625,9.935046195983887,,,BLE
1e:42:68:94:5a:20,,Misc,2026-09-26 08:18:09,,,-102,26.190126780916884,91.70242595669957,19.1148681640625,9.935046195983887,,,BLE
52:72:ef:58:b0:e2,,Uncategorized;10,2026-09-26 08:18:09,,7936,-103,26.190126780916884,91.70242595669957,19.1148681640625,9.935046195983887,,76,BLE
22:06:64:65:88:bb,,Misc,2026-09-26 08:18:09,,,-95,26.190126780916884,91.70242595669957,19.1148681640625,9.935046195983887,,,BLE
46:19:eb:5a:4e:56,,Misc,2026-09-26 08:18:09,,,-99,26.190126780916884,91.70242595669957,19.1148681640625,9.935046195983887,,76,BLE
1c:07:4e:b7:63:27,,Misc,2026-09-26 08:18:15,,7936,-104,26.190121821679583,91.70248026852738,18.5059814453125,9.935046195983887,,,BLE
09:62:85:30:b7:e8,,Misc,2026-09-26 08:18:15,,,-89,26.190121821679583,91.70248026852738,18.5059814453125,9.935046195983887,,6,BLE
0f:9b:33:c6:53:c0,,Misc,2026-09-26 08:18:15,,,-99,26.190121821679583,91.70248026852738,18.5059814453125,9.935046195983887,,,BLE
2b:b5:14:44:17:24,,Misc,2026-09-26 08:18:15,,,-104,26.190121821679583,91.70248026852738,18.5059814453125,9.935046195983887,,,BLE
7f:e3:c2:06:c8:59,,Misc,2026-09-26 08:18:15,,,-94,26.190121821679583,91.70248026852738,18.5059814453125,9.935046195983887,,,BLE
35:e3:e7:c1:42:f4,,Uncategorized;10,2026-09-26 08:18:16,,7936,-101,26.190122698698257,91.70247976693155,17.45806884765625,9.935046195983887,,,BLE
54:af:97:9f:fc:8e,Spin,[WPA2-PSK-CCMP][RSN-PSK-CCMP][ESS][WPS],2026-09-26 08:18:16,3,2422,-81,26.190122698698257,91.70247976693155,17.45806884765625,9.935046195983887,,,WIFI
1c:61:b4:63:9a:86,tp_link s,[WPA-PSK-CCMP][WPA2-PSK-CCMP][RSN-PSK-CCMP][ESS][WPS],2026-09-26 08:18:16,3,2422,-59,26.190122698698257,91.70247976693155,17.45806884765625,9.935046195983887,,,WIFI
0c:ef:15:8e:1f:52,ChalJaBhai,[WPA2-PSK-CCMP][RSN-PSK-CCMP][ESS][WPS],2026-09-26 08:18:16,149,5745,-81,26.190122698698257,91.70247976693155,17.45806884765625,9.935046195983887,,,WIFI
c2:07:1d:66:c8:71,IITG_CONNECT,[WPA2-EAP/SHA1+FT/EAP-CCMP][RSN-EAP/SHA1+FT/EAP-CCMP][ESS],2026-09-26 08:18:16,40,5200,-50,26.190122698698257,91.70247976693155,17.45806884765625,9.935046195983887,,,WIFI
bc:22:28:b8:c4:30,DIR-825-C42D,[WPA2-PSK-CCMP][RSN-PSK-CCMP][ESS][WPS],2026-09-26 08:18:16,9,2452,-75,26.190122698698257,91.70247976693155,17.45806884765625,9.935046195983887,,,WIFI
c2:07:1d:66:c8:70,IITG_CONNECT,[WPA2-EAP/SHA1+FT/EAP-CCMP][RSN-EAP/SHA1+FT/EAP-CCMP][ESS],2026-09-26 08:18:16,1,2412,-46,26.190122698698257,91.70247976693155,17.45806884765625,9.935046195983887,,,WIFI
d4:35:38:f5:98:e0,B-110,[WPA-PSK-TKIP+CCMP][WPA2-PSK-TKIP+CCMP][RSN-PSK-TKIP+CCMP][ESS][WPS],2026-09-26 08:18:16,9,2452,-73,26.190122698698257,91.70247976693155,17.45806884765625,9.935046195983887,,,WIFI
e4:fa:c4:0c:b9:42,Kameng B2 26,[WPA2-PSK-CCMP][RSN-PSK-CCMP][ESS][WPS],2026-09-26 08:18:16,2,2417,-77,26.190122698698257,91.70247976693155,17.45806884765625,9.935046195983887,,,WIFI
44:8b:7f:20:b7:6e,,Uncategorized;10,2026-09-26 08:18:17,,7936,-102,26.190121674275765,91.70249033244761,17.64447021484375,9.935046195983887,,,BLE
405751_53815_205213954,Assam,LTE;405751,2026-09-26 08:18:18,1351,1351,-88,26.190121364052867,91.70249960196477,17.664306640625,10.113119125366211,,,LTE
27:c9:c3:09:c8:fc,,Uncategorized;10,2026-09-26 08:18:19,,7936,-104,26.190122810132912,91.70250773126729,18.54522705078125,10.01798152923584,,,BLE
44:8b:7f:20:b7:6e,,Uncategorized;10,2026-09-26 08:18:19,,7936,-75,26.190122810132912,91.70250773126729,18.54522705078125,10.01798152923584,,,BLE
0f:9b:33:c6:53:c0,,Misc,2026-09-26 08:18:20,,,-93,26.190126682009417,91.70250774306456,17.85992431640625,10.08297061920166,,,BLE
e0:68:99:63:d1:86,,Misc,2026-09-26 08:18:20,,,-98,26.190126682009417,91.70250774306456,17.85992431640625,10.08297061920166,,76,BLE
e7:0c:da:b6:e8:de,,Misc,2026-09-26 08:18:20,,,-97,26.190126682009417,91.70250774306456,17.85992431640625,10.08297061920166,,76,BLE
49:b1:ed:b4:2f:03,,Misc,2026-09-26 08:18:21,,7936,-98,26.19013017438056,91.70250220256547,17.5736083984375,10.040321350097656,,76,BLE
1c:07:4e:b7:63:27,,Misc,2026-09-26 08:18:22,,7936,-96,26.190131032240892,91.70249282576962,16.814208984375,10.023025512695312,,,BLE
02:5a:50:9d:6c:5f,,Misc,2026-09-26 08:18:25,,,-105,26.19013237799889,91.70245624515405,15.56939697265625,9.935046195983887,,,BLE
7e:f6:c1:75:80:9b,"Ivy Pro_BLE ",Uncategorized,2026-09-26 08:18:25,,7936,-93,26.19013237799889,91.70245624515405,15.56939697265625,9.935046195983887,,61199,BLE
b4:04:8c:7f:e7:e2,,Misc,2026-09-26 08:18:25,,7936,-92,26.19013237799889,91.70245624515405,15.56939697265625,9.935046195983887,,,BLE
45:5d:7d:8f:f7:b1,,Uncategorized;10,2026-09-26 08:18:25,,7936,-101,26.19013237799889,91.70245624515405,15.56939697265625,9.935046195983887,,,BLE
05:c9:27:41:30:c8,,Misc,2026-09-26 08:18:30,,,-103,26.190131125967095,91.70239849186665,14.03375244140625,9.935046195983887,,,BLE
45:5d:7d:8f:f7:b1,,Uncategorized;10,2026-09-26 08:18:30,,7936,-103,26.190131125967095,91.70239849186665,14.03375244140625,9.935046195983887,,117,BLE
0f:0c:ea:83:37:54,,Misc,2026-09-26 08:18:30,,,-88,26.190131125967095,91.70239849186665,14.03375244140625,9.935046195983887,,,BLE
5d:e4:3b:34:8f:ce,,Uncategorized;10,2026-09-26 08:18:30,,7936,-102,26.190131125967095,91.70239849186665,14.03375244140625,9.935046195983887,,,BLE
90:df:7d:be:81:0a,realme 9 5G Speed Edition,Smartphone;10,2026-09-26 08:18:31,,524,-100,26.190131323167744,91.70238267198886,14.85797119140625,9.935046195983887,,,BT
48:2e:fa:b8:00:bf,,Uncategorized;10,2026-09-26 08:18:33,,7936,-90,26.19012661536091,91.7023677501409,15.07977294921875,9.935046195983887,,,BLE
ba:fb:b3:a2:30:62,,[WPA2-PSK-CCMP][RSN-PSK-CCMP][ESS],2026-09-26 08:18:33,10,2457,-50,26.19012661536091,91.7023677501409,15.07977294921875,9.935046195983887,,,WIFI
a4:2a:95:29:5a:78,R04-5A78,[WPA2-PSK-CCMP][RSN-PSK-CCMP][ESS],2026-09-26 08:18:33,5,2432,-66,26.19012661536091,91.7023677501409,15.07977294921875,9.935046195983887,,,WIFI
b8:fb:b3:f2:30:64,"ayan+Anurag +Biswajit ",[WPA2-PSK-CCMP][RSN-PSK-CCMP][ESS][WPS],2026-09-26 08:18:33,157,5785,-58,26.19012661536091,91.7023677501409,15.07977294921875,9.935046195983887,,,WIFI
34:60:f9:c7:ff:dc,TP-Link_FFDC,[WPA2-PSK-CCMP][RSN-PSK-CCMP][ESS][WPS],2026-09-26 08:18:33,10,2457,-86,26.19012661536091,91.7023677501409,15.07977294921875,9.935046195983887,,,WIFI
40:ae:30:2c:fa:5e,TP-Link_Jess,[WPA2-PSK-TKIP+CCMP][RSN-PSK-TKIP+CCMP][ESS][WPS],2026-09-26 08:18:33,10,2457,-88,26.19012661536091,91.7023677501409,15.07977294921875,9.935046195983887,,,WIFI
c2:07:1d:66:c1:63,IITG_CONNECT,[WPA2-EAP/SHA1+FT/EAP-CCMP][RSN-EAP/SHA1+FT/EAP-CCMP][ESS],2026-09-26 08:18:33,161,5805,-55,26.19012661536091,91.7023677501409,15.07977294921875,9.935046195983887,,,WIFI
40:86:cb:df:51:c7,DIR-615-51C6,[WPA2-PSK-CCMP][RSN-PSK-CCMP][ESS],2026-09-26 08:18:33,13,2472,-69,26.19012661536091,91.7023677501409,15.07977294921875,9.935046195983887,,,WIFI
c2:07:1d:66:c1:62,IITG_CONNECT,[WPA2-EAP/SHA1+FT/EAP-CCMP][RSN-EAP/SHA1+FT/EAP-CCMP][ESS],2026-09-26 08:18:33,11,2462,-45,26.19012661536091,91.7023677501409,15.07977294921875,9.935046195983887,,,WIFI
2e:ef:15:8e:1f:52,,[WPA2-PSK-CCMP][RSN-PSK-CCMP][ESS],2026-09-26 08:18:33,149,5745,-86,26.19012661536091,91.7023677501409,15.07977294921875,9.935046195983887,,,WIFI
e2:d4:64:36:67:c6,Daksh's laptop,[WPA2-PSK-CCMP][RSN-PSK-CCMP][ESS][WPS],2026-09-26 08:18:33,153,5765,-88,26.19012661536091,91.7023677501409,15.07977294921875,9.935046195983887,,,WIFI
c2:07:1d:66:c8:70,IITG_CONNECT,[WPA2-EAP/SHA1+FT/EAP-CCMP][RSN-EAP/SHA1+FT/EAP-CCMP][ESS],2026-09-26 08:18:33,1,2412,-37,26.19012661536091,91.7023677501409,15.07977294921875,9.935046195983887,,,WIFI
50:2b:73:e0:94:b0,TND bc,[WPA-PSK-CCMP][WPA2-PSK-CCMP][RSN-PSK-CCMP][ESS],2026-09-26 08:18:33,11,2462,-65,26.19012661536091,91.7023677501409,15.07977294921875,9.935046195983887,,,WIFI
64:29:43:9f:ca:c7,DIR-825-CAC4,[WPA2-PSK-CCMP][RSN-PSK-CCMP][ESS][WPS],2026-09-26 08:18:33,6,2437,-55,26.19012661536091,91.7023677501409,15.07977294921875,9.935046195983887,,,WIFI
5d:e4:3b:34:8f:ce,,Uncategorized;10,2026-09-26 08:18:34,,7936,-87,26.19012405983056,91.7023569824437,15.1673583984375,9.935046195983887,,,BLE
6f:7d:59:e2:5b:02,,Misc,2026-09-26 08:18:35,,,-94,26.190121530578068,91.70234663268113,13.92608642578125,9.935046195983887,,76,BLE
5d:e4:3b:34:8f:ce,,Uncategorized;10,2026-09-26 08:18:35,,7936,-102,26.190121530578068,91.70234663268113,13.92608642578125,9.935046195983887,,76,BLE
48:2e:fa:b8:00:bf,,Uncategorized;10,2026-09-26 08:18:35,,7936,-93,26.190121530578068,91.70234663268113,13.92608642578125,9.935046195983887,,76,BLE
d9:a8:38:8b:a6:b0,,Misc,2026-09-26 08:18:35,,,-101,26.190121530578068,91.70234663268113,13.92608642578125,9.935046195983887,,76,BLE
43:29:91:f5:67:f1,,Misc,2026-09-26 08:18:35,,7936,-103,26.190121530578068,91.70234663268113,13.92608642578125,9.935046195983887,,,BLE
43:29:91:f5:67:f1,,Misc,2026-09-26 08:18:35,,7936,-97,26.190121530578068,91.70234663268113,13.92608642578125,9.935046195983887,,,BLE
fe:35:d1:e4:4f:7d,,Misc,2026-09-26 08:18:40,,,-100,26.190112495474768,91.70229536288498,14.369384765625,9.935046195983887,,76,BLE
08:7c:85:02:92:ab,FLASH,Watch;10,2026-09-26 08:18:40,,1796,-91,26.190112495474768,91.70229536288498,14.369384765625,9.935046195983887,,,BLE
52:41:93:bf:d6:72,Jabra Elite 4,Misc,2026-09-26 08:18:45,,7936,-96,26.190106694794146,91.70225016608497,15.2445068359375,9.935046195983887,,103,BLE
c7:4f:68:af:02:e6,,Misc,2026-09-26 08:18:45,,,-96,26.190106694794146,91.70225016608497,15.2445068359375,9.935046195983887,,76,BLE
3f:e3:fa:a4:33:5c,,Misc,2026-09-26 08:18:45,,,-95,26.190106694794146,91.70225016608497,15.2445068359375,9.935046195983887,,6,BLE
40:b3:fa:b6:ae:1e,,Misc,2026-09-26 08:18:45,,,-92,26.190106694794146,91.70225016608497,15.2445068359375,9.935046195983887,,,BLE
50:f1:c4:88:c1:82,,Misc,2026-09-26 08:18:50,,,-88,26.190101608710695,91.70221038146161,20.07318115234375,9.949942588806152,,76,BLE
06:fa:83:ac:32:98,,Misc,2026-09-26 08:18:50,,,-103,26.190101608710695,91.70221038146161,20.07318115234375,9.949942588806152,,,BLE
0b:45:68:1a:ab:22,,Misc,2026-09-26 08:18:50,,,-86,26.190101608710695,91.70221038146161,20.07318115234375,9.949942588806152,,6,BLE
43:a4:58:58:f2:04,,Misc,2026-09-26 08:18:50,,,-102,26.190101608710695,91.70221038146161,20.07318115234375,9.949942588806152,,76,BLE
66:9d:91:9c:aa:51,,Misc,2026-09-26 08:18:50,,,-85,26.190101608710695,91.70221038146161,20.07318115234375,9.949942588806152,,76,BLE
90:df:7d:be:81:0a,realme 9 5G Speed Edition,Smartphone;10,2026-09-26 08:18:52,,524,-82,26.190098351663615,91.70219008203568,20.5299072265625,9.935046195983887,,,BT
73:29:e9:65:bc:fd,,Uncategorized;10,2026-09-26 08:18:53,,7936,-96,26.19009829318,91.70219485358814,20.87969970703125,9.935046195983887,,,BLE
3f:84:32:4e:ee:be,,Uncategorized;10,2026-09-26 08:18:54,,7936,-96,26.19009336090509,91.70218748537533,21.540283203125,9.935046195983887,,,BLE
42:19:a6:73:9d:26,AG-IITG,Misc,2026-09-26 08:18:54,,7936,-96,26.19009336090509,91.70218748537533,21.540283203125,9.935046195983887,,6,BLE
7f:06:df:1c:45:f6,,Misc,2026-09-26 08:18:54,,7936,-85,26.19009336090509,91.70218748537533,21.540283203125,9.935046195983887,,76,BLE
08:33:5c:50:35:f0,,Misc,2026-09-26 08:18:55,,,-79,26.19008840048673,91.70217277512205,20.54803466796875,9.956510543823242,,6,BLE
73:29:e9:65:bc:fd,,Uncategorized;10,2026-09-26 08:18:55,,7936,-96,26.19008840048673,91.70217277512205,20.54803466796875,9.956510543823242,,76,BLE
59:6e:4c:b4:fa:91,,Misc,2026-09-26 08:18:55,,,-96,26.19008840048673,91.70217277512205,20.54803466796875,9.956510543823242,,76,BLE
c4:ca:c3:a5:a3:23,,Misc,2026-09-26 08:18:55,,,-104,26.19008840048673,91.70217277512205,20.54803466796875,9.956510543823242,,76,BLE
59:6e:4c:b4:fa:91,,Misc,2026-09-26 08:18:55,,,-84,26.19008840048673,91.70217277512205,20.54803466796875,9.956510543823242,,76,BLE
65:32:33:9b:12:fa,,Misc,2026-09-26 08:18:55,,,-83,26.19008840048673,91.70217277512205,20.54803466796875,9.956510543823242,,,BLE
11:7b:bd:41:cc:fb,,Misc,2026-09-26 08:18:55,,,-102,26.19008840048673,91.70217277512205,20.54803466796875,9.956510543823242,,6,BLE
ee:75:0c:23:83:89,,[WPA2-PSK-CCMP][RSN-PSK-CCMP][ESS],2026-09-26 08:18:55,8,2447,-58,26.19008840048673,91.70217277512205,20.54803466796875,9.956510543823242,,,WIFI
ee:75:0c:73:83:89,,[WPA2-PSK-CCMP][RSN-PSK-CCMP][ESS],2026-09-26 08:18:55,157,5785,-85,26.19008840048673,91.70217277512205,20.54803466796875,9.956510543823242,,,WIFI
48:22:54:ed:cc:40,TP-Link_CC40,[WPA2-PSK-CCMP][RSN-PSK-CCMP][ESS][WPS],2026-09-26 08:18:55,4,2427,-74,26.19008840048673,91.70217277512205,20.54803466796875,9.956510543823242,,,WIFI
c2:07:1d:66:c1:63,IITG_CONNECT,[WPA2-EAP/SHA1+FT/EAP-CCMP][RSN-EAP/SHA1+FT/EAP-CCMP][ESS],2026-09-26 08:18:55,161,5805,-36,26.19008840048673,91.70217277512205,20.54803466796875,9.956510543823242,,,WIFI
d8:07:b6:81:2f:82,TP-Link_2F82,[WPA2-PSK-CCMP][RSN-PSK-CCMP][ESS][WPS],2026-09-26 08:18:55,9,2452,-57,26.19008840048673,91.70217277512205,20.54803466796875,9.956510543823242,,,WIFI
c2:07:1d:66:c1:62,IITG_CONNECT,[WPA2-EAP/SHA1+FT/EAP-CCMP][RSN-EAP/SHA1+FT/EAP-CCMP][ESS],2026-09-26 08:18:55,11,2462,-37,26.19008840048673,91.70217277512205,20.54803466796875,9.956510543823242,,,WIFI
8e:06:c0:44:7a:7b,iQOO Neo7 Pro,[WPA2-PSK-CCMP][RSN-PSK-CCMP][ESS],2026-09-26 08:18:55,44,5220,-74,26.19008840048673,91.70217277512205,20.54803466796875,9.956510543823242,,,WIFI
5e:7a:09:bc:27:25,Useless,[WPA2-PSK-CCMP][RSN-PSK-CCMP][ESS],2026-09-26 08:18:55,11,2462,-86,26.19008840048673,91.70217277512205,20.54803466796875,9.956510543823242,,,WIFI
24:2f:d0:c1:db:0c,TP-Link_DB0C,[WPA2-PSK-TKIP+CCMP][RSN-PSK-TKIP+CCMP][ESS][WPS],2026-09-26 08:18:55,10,2457,-78,26.19008840048673,91.70217277512205,20.54803466796875,9.956510543823242,,,WIFI
0c:ef:15:8e:1f:5a,Garibokamessiah,[WPA2-PSK-CCMP][RSN-PSK-CCMP][ESS][WPS],2026-09-26 08:18:55,149,5745,-83,26.19008840048673,91.70217277512205,20.54803466796875,9.956510543823242,,,WIFI
2e:ef:15:8e:1f:5a,,[WPA2-PSK-CCMP][RSN-PSK-CCMP][ESS],2026-09-26 08:18:55,149,5745,-83,26.19008840048673,91.70217277512205,20.54803466796875,9.956510543823242,,,WIFI
f7:b9:46:48:10:31,FB BSW049,Uncategorized;10,2026-09-26 08:18:59,,7936,-92,26.190081220036742,91.70214250515922,20.4324951171875,10.011658668518066,,,BLE
2d:ec:1a:f2:c9:20,,Misc,2026-09-26 08:19:00,,,-99,26.19008428950193,91.70214506981529,20.40185546875,10.025091171264648,,,BLE
e5:5a:ff:fd:21:a6,,Misc,2026-09-26 08:19:00,,,-90,26.19008428950193,91.70214506981529,20.40185546875,10.025091171264648,,76,BLE
0b:87:77:74:8a:0d,,Misc,2026-09-26 08:19:00,,,-82,26.19008428950193,91.70214506981529,20.40185546875,10.025091171264648,,6,BLE
f7:b9:46:48:10:31,FB BSW049,Uncategorized;10,2026-09-26 08:19:00,,7936,-92,26.19008428950193,91.70214506981529,20.40185546875,10.025091171264648,,61679,BLE
73:99:23:eb:b9:b7,realme Buds Air7,Uncategorized,2026-09-26 08:19:00,,7936,-93,26.19008428950193,91.70214506981529,20.40185546875,10.025091171264648,,,BLE
6a:01:46:e1:69:40,,Uncategorized;10,2026-09-26 08:19:03,,7936,-104,26.190082110929552,91.70211805660779,19.1868896484375,10.049431800842285,,,BLE
c4:ca:c3:a5:a3:23,,Misc,2026-09-26 08:19:05,,,-91,26.190083301827283,91.70210243592514,19.6019287109375,10.060019493103027,,76,BLE
3b:7d:a7:dc:42:ef,,Misc,2026-09-26 08:19:05,,,-88,26.190083301827283,91.70210243592514,19.6019287109375,10.060019493103027,,6,BLE
45:5a:9a:7b:a1:2d,,Uncategorized;10,2026-09-26 08:19:06,,7936,-90,26.19008250874981,91.70209386768474,19.3951416015625,10.037059783935547,,,BLE
40:ed:33:50:47:60,,Misc,2026-09-26 08:19:06,,7936,-90,26.19008250874981,91.70209386768474,19.3951416015625,10.037059783935547,,76,BLE
53:ef:ce:43:a0:df,,Uncategorized;10,2026-09-26 08:19:06,,7936,-91,26.19008250874981,91.70209386768474,19.3951416015625,10.037059783935547,,76,BLE
30:d6:e0:d2:5c:75,,Uncategorized;10,2026-09-26 08:19:07,,7936,-99,26.190080633736883,91.7020858026216,17.80340576171875,9.992745399475098,,,BLE
1b:ba:9b:e1:3e:91,,Uncategorized;10,2026-09-26 08:19:07,,7936,-101,26.190080633736883,91.7020858026216,17.80340576171875,9.992745399475098,,,BLE
ee:f7:ef:71:6b:bb,,Misc,2026-09-26 08:19:10,,,-94,26.19006128194241,91.70207522865341,18.4468994140625,9.935046195983887,,76,BLE
45:5a:9a:7b:a1:2d,,Uncategorized;10,2026-09-26 08:19:10,,7936,-90,26.19006128194241,91.70207522865341,18.4468994140625,9.935046195983887,,76,BLE
ca:11:9c:16:14:c7,,Misc,2026-09-26 08:19:10,,,-97,26.19006128194241,91.70207522865341,18.4468994140625,9.935046195983887,,76,BLE
f2:79:58:3e:b2:07,,Misc,2026-09-26 08:19:15,,,-87,26.19001929832452,91.70208816127763,22.31787109375,9.947418212890625,,76,BLE
ee:fe:6b:49:9b:15,,Misc,2026-09-26 08:19:15,,,-91,26.19001929832452,91.70208816127763,22.31787109375,9.947418212890625,,76,BLE
5b:ab:fa:9e:a4:ed,,Misc,2026-09-26 08:19:15,,,-106,26.19001929832452,91.70208816127763,22.31787109375,9.947418212890625,,117,BLE
c4:ca:c3:a5:a3:23,,Misc,2026-09-26 08:19:15,,,-77,26.19001929832452,91.70208816127763,22.31787109375,9.947418212890625,,76,BLE
2d:ec:1a:f2:c9:20,,Misc,2026-09-26 08:19:15,,,-87,26.19001929832452,91.70208816127763,22.31787109375,9.947418212890625,,,BLE
ed:93:7f:20:a9:0b,,Misc,2026-09-26 08:19:20,,,-89,26.18996396993227,91.70210126144943,20.51824951171875,9.935046195983887,,76,BLE
40:b3:fa:b6:ae:1e,,Misc,2026-09-26 08:19:20,,,-87,26.18996396993227,91.70210126144943,20.51824951171875,9.935046195983887,,,BLE
04:c1:af:c2:8e:9e,,Misc,2026-09-26 08:19:20,,,-95,26.18996396993227,91.70210126144943,20.51824951171875,9.935046195983887,,6,BLE
de:ef:c6:9f:e9:83,realme Buds T200x(BLE),Misc,2026-09-26 08:19:25,,7936,-102,26.18990754634371,91.70209826563855,18.12225341796875,9.935046195983887,,,BLE
77:af:88:85:df:0a,,Misc,2026-09-26 08:19:25,,,-90,26.18990754634371,91.70209826563855,18.12225341796875,9.935046195983887,,76,BLE
6a:01:46:e1:69:40,,Uncategorized;10,2026-09-26 08:19:25,,7936,-95,26.18990754634371,91.70209826563855,18.12225341796875,9.935046195983887,,,BLE
53:0e:f6:4c:52:63,,Uncategorized;10,2026-09-26 08:19:26,,7936,-102,26.189896842959477,91.70209483307627,16.94561767578125,9.935046195983887,,,BLE
f2:56:40:dd:f5:92,realme 9 5G Speed Edition,[WPA2-PSK-CCMP][RSN-PSK-CCMP][ESS],2026-09-26 08:19:26,1,2412,-71,26.189896842959477,91.70209483307627,16.94561767578125,9.935046195983887,,,WIFI
92:25:4a:26:42:44,,[WPA2-PSK-CCMP][RSN-PSK-CCMP][ESS],2026-09-26 08:19:26,157,5785,-72,26.189896842959477,91.70209483307627,16.94561767578125,9.935046195983887,,,WIFI
5e:6d:2b:eb:61:7b,iQOO Z7 5G,[ESS],2026-09-26 08:19:26,40,5200,-77,26.189896842959477,91.70209483307627,16.94561767578125,9.935046195983887,,,WIFI
ee:75:0c:73:83:89,,[WPA2-PSK-CCMP][RSN-PSK-CCMP][ESS],2026-09-26 08:19:26,157,5785,-73,26.189896842959477,91.70209483307627,16.94561767578125,9.935046195983887,,,WIFI
9a:25:4a:26:42:45,,[WPA2-PSK-CCMP][RSN-PSK-CCMP][ESS],2026-09-26 08:19:26,9,2452,-68,26.189896842959477,91.70209483307627,16.94561767578125,9.935046195983887,,,WIFI
5d:69:6b:8c:9f:2b,,Uncategorized;10,2026-09-26 08:19:27,,7936,-88,26.189881787941356,91.70209367147197,16.785400390625,9.935046195983887,,1839,BLE
55:a1:d2:32:bb:d7,,Uncategorized;10,2026-09-26 08:19:27,,7936,-89,26.189881787941356,91.70209367147197,16.785400390625,9.935046195983887,,76,BLE
39:ef:83:17:9d:e8,,Uncategorized;10,2026-09-26 08:19:28,,7936,-101,26.189866985246056,91.70209482533912,17.075927734375,9.935046195983887,,,BLE
3a:9b:6f:ca:90:97,,Uncategorized;10,2026-09-26 08:19:28,,7936,-101,26.189866985246056,91.70209482533912,17.075927734375,9.935046195983887,,,BLE
4b:cb:0e:47:6c:f0,,Uncategorized;10,2026-09-26 08:19:28,,7936,-96,26.189866985246056,91.70209482533912,17.075927734375,9.935046195983887,,,BLE
59:8b:83:15:c5:f2,,Uncategorized;10,2026-09-26 08:19:29,,7936,-102,26.189855440703127,91.7020957109739,16.88653564453125,9.935046195983887,,,BLE
59:8b:83:15:c5:f2,,Uncategorized;10,2026-09-26 08:19:30,,7936,-93,26.18984520899757,91.70209739685463,17.064208984375,9.935046195983887,,76,BLE
4b:cb:0e:47:6c:f0,,Uncategorized;10,2026-09-26 08:19:30,,7936,-96,26.18984520899757,91.70209739685463,17.064208984375,9.935046195983887,,76,BLE
80:c3:ba:a6:42:ae,MOMENTUM 4,Uncategorized,2026-09-26 08:19:30,,7936,-95,26.18984520899757,91.70209739685463,17.064208984375,9.935046195983887,,,BLE
cb:5e:68:dc:f8:b6,,Misc,2026-09-26 08:19:30,,,-93,26.18984520899757,91.70209739685463,17.064208984375,9.935046195983887,,76,BLE
39:ef:83:17:9d:e8,,Uncategorized;10,2026-09-26 08:19:30,,7936,-91,26.18984520899757,91.70209739685463,17.064208984375,9.935046195983887,,,BLE
5d:69:6b:8c:9f:2b,,Uncategorized;10,2026-09-26 08:19:31,,7936,-78,26.189835584986525,91.70209988095868,17.2847900390625,9.935046195983887,,1839,BLE
05:dc:05:d3:fb:9d,,Misc,2026-09-26 08:19:35,,,-62,26.189803526918794,91.70210081155955,17.66241455078125,9.935046195983887,,,BLE
24:3b:46:b0:f3:b6,,Misc,2026-09-26 08:19:35,,,-97,26.189803526918794,91.70210081155955,17.66241455078125,9.935046195983887,,,BLE
4d:f5:cf:58:95:96,"Ivy_BLE ",Uncategorized,2026-09-26 08:19:35,,,-97,26.189803526918794,91.70210081155955,17.66241455078125,9.935046195983887,,37449,BLE
66:3f:14:46:52:d5,,Uncategorized;10,2026-09-26 08:19:35,,7936,-66,26.189803526918794,91.70210081155955,17.66241455078125,9.935046195983887,,76,BLE
f6:a9:68:15:a1:5c,,Misc,2026-09-26 08:19:35,,,-97,26.189803526918794,91.70210081155955,17.66241455078125,9.935046195983887,,76,BLE
39:f0:b7:e8:92:49,,Misc,2026-09-26 08:19:35,,,-91,26.189803526918794,91.70210081155955,17.66241455078125,9.935046195983887,,,BLE
1f:8e:3c:52:d6:fa,,Misc,2026-09-26 08:19:35,,,-89,26.189803526918794,91.70210081155955,17.66241455078125,9.935046195983887,,6,BLE
11:ec:ab:6f:fb:80,,Misc,2026-09-26 08:19:35,,,-103,26.189803526918794,91.70210081155955,17.66241455078125,9.935046195983887,,6,BLE
80:c3:ba:a6:42:ae,MOMENTUM 4,Uncategorized,2026-09-26 08:19:35,,7936,-86,26.189803526918794,91.70210081155955,17.66241455078125,9.935046195983887,,,BLE
de:38:b4:9e:3c:0e,,Misc,2026-09-26 08:19:35,,,-100,26.189803526918794,91.70210081155955,17.66241455078125,9.935046195983887,,76,BLE
59:19:6c:e3:76:1c,,Uncategorized;10,2026-09-26 08:19:36,,7936,-97,26.189785498021788,91.70210641089018,17.5911865234375,9.935046195983887,,,BLE
6a:04:3d:9c:b2:48,,Misc,2026-09-26 08:19:36,,7936,-99,26.189785498021788,91.70210641089018,17.5911865234375,9.935046195983887,,76,BLE
11:ec:ab:6f:fb:80,,Misc,2026-09-26 08:19:40,,,-97,26.189760532925153,91.70210166012096,16.59771728515625,9.935046195983887,,6,BLE
39:c0:f2:da:83:f1,,Misc,2026-09-26 08:19:40,,,-103,26.189760532925153,91.70210166012096,16.59771728515625,9.935046195983887,,,BLE
0a:49:5f:aa:ca:52,,Misc,2026-09-26 08:19:40,,,-84,26.189760532925153,91.70210166012096,16.59771728515625,9.935046195983887,,6,BLE
4e:4f:54:e3:7a:96,,Misc,2026-09-26 08:19:40,,7936,-108,26.189760532925153,91.70210166012096,16.59771728515625,9.935046195983887,,76,BLE
48:d8:45:e1:05:6b,OPPO Enco Buds2,Uncategorized,2026-09-26 08:19:40,,7936,-103,26.189760532925153,91.70210166012096,16.59771728515625,9.935046195983887,,1946,BLE
59:19:6c:e3:76:1c,,Uncategorized;10,2026-09-26 08:19:40,,7936,-97,26.189760532925153,91.70210166012096,16.59771728515625,9.935046195983887,,76,BLE
42:35:59:1c:a0:ec,Echo Dot-PW8,Uncategorized;10,2026-09-26 08:19:40,,7936,-94,26.189760532925153,91.70210166012096,16.59771728515625,9.935046195983887,,,BLE
75:c1:a0:3b:5d:7b,,Misc,2026-09-26 08:19:40,,7936,-106,26.189760532925153,91.70210166012096,16.59771728515625,9.935046195983887,,76,BLE
6c:73:8b:d6:29:fd,,Uncategorized;10,2026-09-26 08:19:47,,7936,-101,26.189706896991495,91.7020861621853,15.45697021484375,9.935046195983887,,,BLE
0e:45:67:63:dd:83,,Misc,2026-09-26 08:19:50,,,-95,26.189687948918387,91.70206739918443,16.9122314453125,9.935046195983887,,6,BLE
16:1d:06:d9:98:73,,Misc,2026-09-26 08:19:50,,,-100,26.189687948918387,91.70206739918443,16.9122314453125,9.935046195983887,,,BLE
0c:a9:8d:00:05:eb,,Uncategorized,2026-09-26 08:19:50,,7936,-100,26.189687948918387,91.70206739918443,16.9122314453125,9.935046195983887,,,BLE
7e:c8:41:f6:cb:1d,OnePlus Buds 3,Uncategorized,2026-09-26 08:19:50,,7936,-100,26.189687948918387,91.70206739918443,16.9122314453125,9.935046195983887,,,BLE
38:89:36:82:b7:26,,Misc,2026-09-26 08:19:50,,,-98,26.189687948918387,91.70206739918443,16.9122314453125,9.935046195983887,,6,BLE
6c:73:8b:d6:29:fd,,Uncategorized;10,2026-09-26 08:19:50,,7936,-101,26.189687948918387,91.70206739918443,16.9122314453125,9.935046195983887,,76,BLE
6e:e7:78:3f:98:69,,Misc,2026-09-26 08:19:50,,,-85,26.189687948918387,91.70206739918443,16.9122314453125,9.935046195983887,,76,BLE
2a:08:ae:fd:34:2e,,Uncategorized;10,2026-09-26 08:19:54,,7936,-106,26.1896835728715,91.70204021743169,16.17742919921875,9.935046195983887,,,BLE
20:d9:eb:20:cd:b4,,Misc,2026-09-26 08:19:55,,7936,-98,26.189683778722035,91.702032110147,13.891845703125,9.935046195983887,,,BLE
fe:7f:87:57:86:e8,realme Buds Wireless 3 Neo,Uncategorized,2026-09-26 08:19:55,,7936,-95,26.189683778722035,91.702032110147,13.891845703125,9.935046195983887,,,BLE
7e:c8:41:f6:cb:1d,OnePlus Buds 3,Uncategorized,2026-09-26 08:19:55,,7936,-93,26.189683778722035,91.702032110147,13.891845703125,9.935046195983887,,,BLE
38:54:22:75:ca:56,,Misc,2026-09-26 08:19:55,,,-94,26.189683778722035,91.702032110147,13.891845703125,9.935046195983887,,,BLE
6e:e7:78:3f:98:69,,Misc,2026-09-26 08:19:55,,,-72,26.189683778722035,91.702032110147,13.891845703125,9.935046195983887,,76,BLE
75:c1:a0:3b:5d:7b,,Misc,2026-09-26 08:19:55,,7936,-100,26.189683778722035,91.702032110147,13.891845703125,9.935046195983887,,76,BLE
04:d5:90:66:e4:b1,IITG_CONNECT,[WPA2-EAP/SHA1-CCMP][RSN-EAP/SHA1-CCMP][ESS],2026-09-26 08:19:57,11,2462,-63,26.18968678698569,91.70201231931338,13.83807373046875,9.935046195983887,,,WIFI
c2:07:1d:66:c8:9f,IITG_CONNECT,[WPA2-EAP/SHA1+FT/EAP-CCMP][RSN-EAP/SHA1+FT/EAP-CCMP][ESS],2026-09-26 08:19:57,161,5805,-61,26.18968678698569,91.70201231931338,13.83807373046875,9.935046195983887,,,WIFI
c2:07:1d:66:c8:9e,IITG_CONNECT,[WPA2-EAP/SHA1+FT/EAP-CCMP][RSN-EAP/SHA1+FT/EAP-CCMP][ESS],2026-09-26 08:19:57,11,2462,-65,26.18968678698569,91.70201231931338,13.83807373046875,9.935046195983887,,,WIFI
14:ef:54:ae:26:80,,Misc,2026-09-26 08:20:00,,7936,-102,26.18967029073201,91.70197722070183,13.7611083984375,9.935046195983887,,,BLE
38:54:22:75:ca:56,,Misc,2026-09-26 08:20:00,,,-85,26.18967029073201,91.70197722070183,13.7611083984375,9.935046195983887,,,BLE
64:d0:81:e1:15:0e,,Misc,2026-09-26 08:20:00,,7936,-99,26.18967029073201,91.70197722070183,13.7611083984375,9.935046195983887,,76,BLE
50:9c:1c:3c:f1:fc,,Uncategorized;10,2026-09-26 08:20:00,,7936,-99,26.18967029073201,91.70197722070183,13.7611083984375,9.935046195983887,,,BLE
7c:be:b5:5e:96:6a,,Uncategorized;10,2026-09-26 08:20:04,,7936,-97,26.189696350335137,91.70194230733497,13.65850830078125,3.7900924682617188,,,BLE
38:54:22:75:ca:56,,Misc,2026-09-26 08:20:05,,,-79,26.189700663634962,91.70193710909396,13.6329345703125,3.7900924682617188,,,BLE
7f:2f:3c:ca:49:1f,,Misc,2026-09-26 08:20:05,,,-104,26.189700663634962,91.70193710909396,13.6329345703125,3.7900924682617188,,15391,BLE
de:ef:c6:9f:e9:83,realme Buds T200x(BLE),Misc,2026-09-26 08:20:05,,7936,-93,26.189700663634962,91.70193710909396,13.6329345703125,3.7900924682617188,,,BLE
4e:4f:54:e3:7a:96,,Misc,2026-09-26 08:20:05,,7936,-102,26.189700663634962,91.70193710909396,13.6329345703125,3.7900924682617188,,76,BLE
c9:6f:63:f0:e5:a9,,Misc,2026-09-26 08:20:05,,,-96,26.189700663634962,91.70193710909396,13.6329345703125,3.7900924682617188,,76,BLE
7e:c8:41:f6:cb:1d,OnePlus Buds 3,Uncategorized,2026-09-26 08:20:05,,7936,-81,26.189700663634962,91.70193710909396,13.6329345703125,3.7900924682617188,,,BLE
4f:db:35:52:4b:c6,,Misc,2026-09-26 08:20:05,,7936,-90,26.189700663634962,91.70193710909396,13.6329345703125,3.7900924682617188,,76,BLE
4e:4f:54:e3:7a:96,,Misc,2026-09-26 08:20:05,,7936,-92,26.189700663634962,91.70193710909396,13.6329345703125,3.7900924682617188,,76,BLE
7c:2e:90:03:2a:da,,Misc,2026-09-26 08:20:05,,7936,-78,26.189700663634962,91.70193710909396,13.6329345703125,3.7900924682617188,,76,BLE
1c:d1:07:e5:df:f8,realme 8,Smartphone;10,2026-09-26 08:20:05,,524,-82,26.189700663634962,91.70193710909396,13.6329345703125,3.7900924682617188,,,BT
4b:b0:cc:b9:0a:af,,Misc,2026-09-26 08:20:09,,7936,-94,26.189736703618195,91.701932164236,13.5335693359375,3.7900924682617188,,76,BLE
3a:9b:6f:ca:90:97,,Uncategorized;10,2026-09-26 08:20:09,,7936,-95,26.189736703618195,91.701932164236,13.5335693359375,3.7900924682617188,,,BLE
c0:04:0a:48:1e:6c,,Misc,2026-09-26 08:20:10,,,-80,26.189742734939497,91.70193368225561,13.50799560546875,3.7900924682617188,,,BLE
50:75:83:da:1d:e2,4,Misc,2026-09-26 08:20:10,,7936,-98,26.189742734939497,91.70193368225561,13.50799560546875,3.7900924682617188,,76,BLE
78:d2:1d:c6:6f:62,OnePlus Nord Buds 3r,Misc,2026-09-26 08:20:10,,7936,-99,26.189742734939497,91.70193368225561,13.50799560546875,3.7900924682617188,,,BLE
25:29:d0:2b:a8:55,,Misc,2026-09-26 08:20:10,,,-104,26.189742734939497,91.70193368225561,13.50799560546875,3.7900924682617188,,,BLE
4d:f5:cf:58:95:96,"Ivy_BLE ",Uncategorized,2026-09-26 08:20:10,,,-92,26.189742734939497,91.70193368225561,13.50799560546875,3.7900924682617188,,37449,BLE
55:80:13:b0:23:8c,,Misc,2026-09-26 08:20:10,,7936,-104,26.189742734939497,91.70193368225561,13.50799560546875,3.7900924682617188,,76,BLE
fe:7f:87:57:86:e8,realme Buds Wireless 3 Neo,Uncategorized,2026-09-26 08:20:10,,7936,-83,26.189742734939497,91.70193368225561,13.50799560546875,3.7900924682617188,,,BLE
3f:ab:f3:36:80:9c,,Misc,2026-09-26 08:20:10,,,-98,26.189742734939497,91.70193368225561,13.50799560546875,3.7900924682617188,,,BLE
7f:2f:3c:ca:49:1f,,Misc,2026-09-26 08:20:10,,,-95,26.189742734939497,91.70193368225561,13.50799560546875,3.7900924682617188,,15391,BLE
7a:f3:3d:29:05:a7,,Uncategorized;10,2026-09-26 08:20:10,,7936,-100,26.189742734939497,91.70193368225561,13.50799560546875,3.7900924682617188,,,BLE
67:f2:54:e8:f2:0b,,Uncategorized;10,2026-09-26 08:20:10,,7936,-100,26.189742734939497,91.70193368225561,13.50799560546875,3.7900924682617188,,,BLE
64:d0:81:e1:15:0e,,Misc,2026-09-26 08:20:11,,7936,-90,26.189749938682358,91.70193240116234,13.48248291015625,3.7900924682617188,,76,BLE
59:19:6c:e3:76:1c,,Uncategorized;10,2026-09-26 08:20:15,,7936,-85,26.189766675948263,91.7019089601063,13.38055419921875,3.7900924682617188,,76,BLE
7a:f3:3d:29:05:a7,,Uncategorized;10,2026-09-26 08:20:15,,7936,-99,26.189766675948263,91.7019089601063,13.38055419921875,3.7900924682617188,,76,BLE
7c:be:b5:5e:96:6a,,Uncategorized;10,2026-09-26 08:20:15,,7936,-92,26.189766675948263,91.7019089601063,13.38055419921875,3.7900924682617188,,,BLE
51:a9:a6:6b:82:c5,,Misc,2026-09-26 08:20:15,,,-99,26.189766675948263,91.7019089601063,13.38055419921875,3.7900924682617188,,,BLE
d8:0f:17:a2:68:0f,,Misc,2026-09-26 08:20:15,,,-86,26.189766675948263,91.7019089601063,13.38055419921875,3.7900924682617188,,76,BLE
5f:bf:00:7c:f4:2e,,Misc,2026-09-26 08:20:15,,,-89,26.189766675948263,91.7019089601063,13.38055419921875,3.7900924682617188,,,BLE
4b:b0:cc:b9:0a:af,,Misc,2026-09-26 08:20:15,,7936,-86,26.189766675948263,91.7019089601063,13.38055419921875,3.7900924682617188,,76,BLE
07:30:cf:93:10:46,,Misc,2026-09-26 08:20:15,,,-94,26.189766675948263,91.7019089601063,13.38055419921875,3.7900924682617188,,,BLE
42:e2:40:53:db:00,,Misc,2026-09-26 08:20:15,,,-103,26.189766675948263,91.7019089601063,13.38055419921875,3.7900924682617188,,76,BLE
66:3f:14:46:52:d5,,Uncategorized;10,2026-09-26 08:20:15,,7936,-60,26.189766675948263,91.7019089601063,13.38055419921875,3.7900924682617188,,76,BLE
67:f2:54:e8:f2:0b,,Uncategorized;10,2026-09-26 08:20:15,,7936,-100,26.189766675948263,91.7019089601063,13.38055419921875,3.7900924682617188,,76,BLE
14:ef:54:ae:26:80,,Misc,2026-09-26 08:20:15,,7936,-97,26.189766675948263,91.7019089601063,13.38055419921875,3.7900924682617188,,,BLE
78:e1:c6:54:1f:25,,Uncategorized;10,2026-09-26 08:20:18,,7936,-97,26.189753392671147,91.70188561438115,13.3043212890625,3.7900924682617188,,,BLE
3f:a6:b3:b7:fe:3e,,Uncategorized;10,2026-09-26 08:20:19,,7936,-87,26.189746418279896,91.70188462342028,13.27874755859375,3.7900924682617188,,,BLE
55:80:13:b0:23:8c,,Misc,2026-09-26 08:20:19,,7936,-99,26.189746418279896,91.70188462342028,13.27874755859375,3.7900924682617188,,76,BLE
14:ef:54:ae:26:80,,Misc,2026-09-26 08:20:20,,7936,-87,26.189738063335234,91.7018784681897,13.2530517578125,3.7900924682617188,,,BLE
04:0d:00:14:53:24,,Uncategorized;10,2026-09-26 08:20:20,,7936,-101,26.189738063335234,91.7018784681897,13.2530517578125,3.7900924682617188,,,BLE
43:8d:bf:82:26:fb,realme Buds T200-GFP,Misc,2026-09-26 08:20:20,,7936,-96,26.189738063335234,91.7018784681897,13.2530517578125,3.7900924682617188,,,BLE
26:36:85:c1:bb:25,,Misc,2026-09-26 08:20:20,,,-106,26.189738063335234,91.7018784681897,13.2530517578125,3.7900924682617188,,,BLE
2c:e9:26:26:40:66,,Misc,2026-09-26 08:20:20,,,-106,26.189738063335234,91.7018784681897,13.2530517578125,3.7900924682617188,,,BLE
3f:ab:f3:36:80:9c,,Misc,2026-09-26 08:20:20,,,-90,26.189738063335234,91.7018784681897,13.2530517578125,3.7900924682617188,,,BLE
52:41:93:bf:d6:72,Jabra Elite 4,Misc,2026-09-26 08:20:20,,7936,-91,26.189738063335234,91.7018784681897,13.2530517578125,3.7900924682617188,,103,BLE
c5:2a:1e:ed:f4:e7,,Misc,2026-09-26 08:20:20,,,-99,26.189738063335234,91.7018784681897,13.2530517578125,3.7900924682617188,,,BLE
34:11:4e:15:5c:8b,,Misc,2026-09-26 08:20:20,,,-81,26.189738063335234,91.7018784681897,13.2530517578125,3.7900924682617188,,,BLE
50:75:83:da:1d:e2,4,Misc,2026-09-26 08:20:22,,7936,-91,26.18972574680788,91.70187132168323,-0.69281005859375,3.7900924682617188,,76,BLE
04:d5:90:66:e4:b8,eduroam,[WPA2-EAP/SHA1-CCMP][RSN-EAP/SHA1-CCMP][ESS],2026-09-26 08:20:23,36,5180,-47,26.189722241755284,91.70186395566095,2.2279052734375,3.7900924682617188,,,WIFI
04:d5:90:66:e4:b1,IITG_CONNECT,[WPA2-EAP/SHA1-CCMP][RSN-EAP/SHA1-CCMP][ESS],2026-09-26 08:20:23,11,2462,-57,26.189722241755284,91.70186395566095,2.2279052734375,3.7900924682617188,,,WIFI
04:d5:90:66:e4:b9,IITG_CONNECT,[WPA2-EAP/SHA1-CCMP][RSN-EAP/SHA1-CCMP][ESS],2026-09-26 08:20:23,36,5180,-47,26.189722241755284,91.70186395566095,2.2279052734375,3.7900924682617188,,,WIFI
bc:51:5f:ea:a7:29,Airtel_Rassense,[WPA2-PSK-CCMP][RSN-PSK-CCMP][ESS],2026-09-26 08:20:23,1,2412,-81,26.189722241755284,91.70186395566095,2.2279052734375,3.7900924682617188,,,WIFI
04:d5:90:66:e4:b0,eduroam,[WPA2-EAP/SHA1-CCMP][RSN-EAP/SHA1-CCMP][ESS],2026-09-26 08:20:23,11,2462,-51,26.189722241755284,91.70186395566095,2.2279052734375,3.7900924682617188,,,WIFI
c2:07:1d:66:bf:5a,IITG_CONNECT,[WPA2-EAP/SHA1+FT/EAP-CCMP][RSN-EAP/SHA1+FT/EAP-CCMP][ESS],2026-09-26 08:20:23,11,2462,-59,26.189722241755284,91.70186395566095,2.2279052734375,3.7900924682617188,,,WIFI
26:36:85:c1:bb:25,,Misc,2026-09-26 08:20:25,,,-100,26.18972046659044,91.7018460486385,4.678955078125,3.7900924682617188,,,BLE
5b:f1:33:41:08:5c,realme,Uncategorized,2026-09-26 08:20:25,,,-105,26.18972046659044,91.7018460486385,4.678955078125,3.7900924682617188,,,BLE
18:c7:91:ad:ed:a3,,Uncategorized;10,2026-09-26 08:20:29,,7936,-105,26.18972386184032,91.70181339501273,14.3983154296875,3.7900924682617188,,,BLE
46:91:6a:c5:89:e6,,Misc,2026-09-26 08:20:30,,,-103,26.189723650411175,91.70180139450082,17.33441162109375,3.7900924682617188,,76,BLE
5b:f1:33:41:08:5c,realme,Uncategorized,2026-09-26 08:20:30,,,-100,26.189723650411175,91.70180139450082,17.33441162109375,3.7900924682617188,,,BLE
c2:07:1d:66:c8:03,IITG_CONNECT,[WPA2-EAP/SHA1+FT/EAP-CCMP][RSN-EAP/SHA1+FT/EAP-CCMP][ESS],2026-09-26 08:20:31,44,5220,-55,26.189724727010205,91.70179881511277,19.28741455078125,3.7900924682617188,,,WIFI
c2:07:1d:66:c8:9f,IITG_CONNECT,[WPA2-EAP/SHA1+FT/EAP-CCMP][RSN-EAP/SHA1+FT/EAP-CCMP][ESS],2026-09-26 08:20:31,161,5805,-55,26.189724727010205,91.70179881511277,19.28741455078125,3.7900924682617188,,,WIFI
c2:07:1d:66:c2:55,IITG_CONNECT,[WPA2-EAP/SHA1+FT/EAP-CCMP][RSN-EAP/SHA1+FT/EAP-CCMP][ESS],2026-09-26 08:20:31,44,5220,-51,26.189724727010205,91.70179881511277,19.28741455078125,3.7900924682617188,,,WIFI
c2:07:1d:66:bf:5b,IITG_CONNECT,[WPA2-EAP/SHA1+FT/EAP-CCMP][RSN-EAP/SHA1+FT/EAP-CCMP][ESS],2026-09-26 08:20:31,161,5805,-56,26.189724727010205,91.70179881511277,19.28741455078125,3.7900924682617188,,,WIFI
50:75:83:da:1d:e2,4,Misc,2026-09-26 08:20:31,,7936,-77,26.189724727010205,91.70179881511277,19.28741455078125,3.7900924682617188,,76,BLE
5b:2d:1b:07:4a:a4,,Uncategorized;10,2026-09-26 08:20:31,,7936,-64,26.189724727010205,91.70179881511277,19.28741455078125,3.7900924682617188,,76,BLE
18:c7:91:ad:ed:a3,,Uncategorized;10,2026-09-26 08:20:33,,7936,-100,26.18972399490327,91.7017800973507,1.18878173828125,3.7900924682617188,,,BLE
52:cf:90:65:9c:8b,,Uncategorized;10,2026-09-26 08:20:34,,7936,-103,26.18972399517934,91.70177154133546,0.576873779296875,3.7900924682617188,,,BLE
6b:4a:32:ea:80:c3,,Uncategorized;10,2026-09-26 08:20:34,,7936,-103,26.18972399517934,91.70177154133546,0.576873779296875,3.7900924682617188,,,BLE
c9:6f:63:f0:e5:a9,,Misc,2026-09-26 08:20:35,,,-85,26.1897248727052,91.70176340467171,-0.035125732421875,3.7900924682617188,,76,BLE
52:cf:90:65:9c:8b,,Uncategorized;10,2026-09-26 08:20:35,,7936,-102,26.1897248727052,91.70176340467171,-0.035125732421875,3.7900924682617188,,1839,BLE
57:40:a6:bc:36:e8,"300_BLE ",Misc,2026-09-26 08:20:35,,7936,-103,26.1897248727052,91.70176340467171,-0.035125732421875,3.7900924682617188,,30316,BLE
6b:4a:32:ea:80:c3,,Uncategorized;10,2026-09-26 08:20:35,,7936,-101,26.1897248727052,91.70176340467171,-0.035125732421875,3.7900924682617188,,76,BLE
cb:2f:b7:7c:91:c3,,Misc,2026-09-26 08:20:35,,,-101,26.1897248727052,91.70176340467171,-0.035125732421875,3.7900924682617188,,76,BLE
6b:73:33:97:f8:b3,,Misc,2026-09-26 08:20:35,,,-106,26.1897248727052,91.70176340467171,-0.035125732421875,3.7900924682617188,,76,BLE
4e:67:b1:80:b8:ba,,Misc,2026-09-26 08:20:35,,7936,-95,26.1897248727052,91.70176340467171,-0.035125732421875,3.7900924682617188,,76,BLE
45:dd:43:75:cd:fe,,Misc,2026-09-26 08:20:35,,,-102,26.1897248727052,91.70176340467171,-0.035125732421875,3.7900924682617188,,76,BLE
c2:07:1d:66:c8:9e,IITG_CONNECT,[WPA2-EAP/SHA1+FT/EAP-CCMP][RSN-EAP/SHA1+FT/EAP-CCMP][ESS],2026-09-26 08:20:37,11,2462,-55,26.189729529736418,91.7017497548768,-1.26007080078125,3.8045382499694824,,,WIFI
88:76:b9:f4:89:e9,A-022,[WPA2-PSK-CCMP][RSN-PSK-CCMP][ESS],2026-09-26 08:20:37,13,2472,-65,26.189729529736418,91.7017497548768,-1.26007080078125,3.8045382499694824,,,WIFI
c2:07:1d:66:c8:93,IITG_CONNECT,[WPA2-EAP/SHA1+FT/EAP-CCMP][RSN-EAP/SHA1+FT/EAP-CCMP][ESS],2026-09-26 08:20:37,161,5805,-75,26.189729529736418,91.7017497548768,-1.26007080078125,3.8045382499694824,,,WIFI
c2:07:1d:66:bf:5a,IITG_CONNECT,[WPA2-EAP/SHA1+FT/EAP-CCMP][RSN-EAP/SHA1+FT/EAP-CCMP][ESS],2026-09-26 08:20:37,11,2462,-45,26.189729529736418,91.7017497548768,-1.26007080078125,3.8045382499694824,,,WIFI
c2:07:1d:66:bf:5b,IITG_CONNECT,[WPA2-EAP/SHA1+FT/EAP-CCMP][RSN-EAP/SHA1+FT/EAP-CCMP][ESS],2026-09-26 08:20:37,161,5805,-49,26.189729529736418,91.7017497548768,-1.26007080078125,3.8045382499694824,,,WIFI
65:cc:55:bd:7e:00,,Uncategorized;10,2026-09-26 08:20:38,,7936,-98,26.189734148762394,91.70174164853553,-1.874908447265625,3.813220739364624,,,BLE
6e:c7:9a:ec:ae:39,LAPTOP-1EAPOREV,Uncategorized;10,2026-09-26 08:20:38,,7936,-102,26.189734148762394,91.70174164853553,-1.874908447265625,3.813220739364624,,,BLE
23:fe:2d:58:91:9f,,Uncategorized;10,2026-09-26 08:20:38,,7936,-91,26.189734148762394,91.70174164853553,-1.874908447265625,3.813220739364624,,,BLE
43:ba:c9:65:1b:f4,,Uncategorized;10,2026-09-26 08:20:39,,7936,-94,26.18974115465878,91.70173813557848,-2.491455078125,3.8185744285583496,,,BLE
47:13:05:eb:24:96,,Misc,2026-09-26 08:20:40,,,-102,26.189748882902872,91.70173686634004,-3.10430908203125,3.8235154151916504,,76,BLE
3b:67:5c:f0:f6:fb,,Misc,2026-09-26 08:20:40,,,-103,26.189748882902872,91.70173686634004,-3.10430908203125,3.8235154151916504,,6,BLE
1a:a8:dc:b7:24:c7,,Misc,2026-09-26 08:20:40,,,-100,26.189748882902872,91.70173686634004,-3.10430908203125,3.8235154151916504,,,BLE
41:42:6b:bf:05:41,LEDDMX-03-0541,Misc,2026-09-26 08:20:40,,7936,-102,26.189748882902872,91.70173686634004,-3.10430908203125,3.8235154151916504,,1602,BLE
19:0d:cf:12:21:ec,,Misc,2026-09-26 08:20:40,,,-102,26.189748882902872,91.70173686634004,-3.10430908203125,3.8235154151916504,,6,BLE
38:d9:f2:57:7e:2a,,Misc,2026-09-26 08:20:40,,,-100,26.189748882902872,91.70173686634004,-3.10430908203125,3.8235154151916504,,6,BLE
d9:9c:e6:db:0c:1f,,Misc,2026-09-26 08:20:40,,,-97,26.189748882902872,91.70173686634004,-3.10430908203125,3.8235154151916504,,76,BLE
17:62:52:f4:88:a6,,Misc,2026-09-26 08:20:40,,,-93,26.189748882902872,91.70173686634004,-3.10430908203125,3.8235154151916504,,6,BLE
11:aa:98:c5:9a:8a,,Misc,2026-09-26 08:20:40,,,-100,26.189748882902872,91.70173686634004,-3.10430908203125,3.8235154151916504,,6,BLE
58:50:8b:fd:27:3c,LE-Bose NC 700 HP,Uncategorized,2026-09-26 08:20:40,,7936,-87,26.189748882902872,91.70173686634004,-3.10430908203125,3.8235154151916504,,,BLE
6b:4a:32:ea:80:c3,,Uncategorized;10,2026-09-26 08:20:40,,7936,-95,26.189748882902872,91.70173686634004,-3.10430908203125,3.8235154151916504,,76,BLE
7e:82:67:25:1d:a6,JIGYANSH-OMEN,Misc,2026-09-26 08:20:40,,7936,-103,26.189748882902872,91.70173686634004,-3.10430908203125,3.8235154151916504,,,BLE
78:73:53:e0:48:79,realme Buds T310-GFP,Misc,2026-09-26 08:20:40,,7936,-102,26.189748882902872,91.70173686634004,-3.10430908203125,3.8235154151916504,,,BLE
43:ba:c9:65:1b:f4,,Uncategorized;10,2026-09-26 08:20:40,,7936,-94,26.189748882902872,91.70173686634004,-3.10430908203125,3.8235154151916504,,76,BLE
35:a3:3c:b9:bd:f3,,Misc,2026-09-26 08:20:40,,,-103,26.189748882902872,91.70173686634004,-3.10430908203125,3.8235154151916504,,6,BLE
3b:c6:bc:1f:80:4b,,Misc,2026-09-26 08:20:40,,,-98,26.189748882902872,91.70173686634004,-3.10430908203125,3.8235154151916504,,,BLE
54:9c:4b:dd:60:d4,,Uncategorized;10,2026-09-26 08:20:40,,7936,-96,26.189748882902872,91.70173686634004,-3.10430908203125,3.8235154151916504,,,BLE
4b:d4:66:a2:ed:c7,DESKTOP-K4JJ5QQ,Uncategorized;10,2026-09-26 08:20:44,,7936,-86,26.18978082902439,91.70174023879635,-5.553314208984375,3.8425087928771973,,,BLE
74:7b:5b:51:17:dd,,Uncategorized;10,2026-09-26 08:20:44,,7936,-98,26.18978082902439,91.70174023879635,-5.553314208984375,3.8425087928771973,,,BLE
6d:f8:12:73:11:e0,,Uncategorized;10,2026-09-26 08:20:44,,7936,-97,26.18978082902439,91.70174023879635,-5.553314208984375,3.8425087928771973,,,BLE
50:2b:73:88:69:e5,alok 5g,[WPA-PSK-CCMP][WPA2-PSK-CCMP][RSN-PSK-CCMP][ESS][WPS],2026-09-26 08:20:44,161,5805,-83,26.18978082902439,91.70174023879635,-5.553314208984375,3.8425087928771973,,,WIFI
58:04:4f:f6:8a:c0,TP-Link_8AC0,[WPA2-PSK-CCMP][RSN-PSK-CCMP][ESS][WPS],2026-09-26 08:20:44,9,2452,-71,26.18978082902439,91.70174023879635,-5.553314208984375,3.8425087928771973,,,WIFI
98:25:4a:b4:b8:c4,R&K,[WPA2-PSK-CCMP][RSN-PSK-CCMP][ESS][WPS],2026-09-26 08:20:44,3,2422,-79,26.18978082902439,91.70174023879635,-5.553314208984375,3.8425087928771973,,,WIFI
c2:07:1d:66:c8:01,IITG_CONNECT,[WPA2-EAP/SHA1+FT/EAP-CCMP][RSN-EAP/SHA1+FT/EAP-CCMP][ESS],2026-09-26 08:20:44,44,5220,-87,26.18978082902439,91.70174023879635,-5.553314208984375,3.8425087928771973,,,WIFI
a8:42:a1:88:02:20,Khud_laga,[WPA2-PSK-CCMP][RSN-PSK-CCMP][ESS][WPS],2026-09-26 08:20:44,4,2427,-80,26.18978082902439,91.70174023879635,-5.553314208984375,3.8425087928771973,,,WIFI
ba:fb:b3:2c:b2:c8,,[WPA2-PSK-CCMP][RSN-PSK-CCMP][ESS],2026-09-26 08:20:44,3,2422,-78,26.18978082902439,91.70174023879635,-5.553314208984375,3.8425087928771973,,,WIFI
bc:22:28:40:b9:78,Chicken_ka_lag,[WPA-PSK-TKIP+CCMP][WPA2-PSK-TKIP+CCMP][RSN-PSK-TKIP+CCMP][ESS][WPS],2026-09-26 08:20:44,6,2437,-78,26.18978082902439,91.70174023879635,-5.553314208984375,3.8425087928771973,,,WIFI
a8:29:48:a9:11:46,A-041,[WPA2-PSK-CCMP][RSN-PSK-CCMP][ESS][WPS],2026-09-26 08:20:44,2,2417,-75,26.18978082902439,91.70174023879635,-5.553314208984375,3.8425087928771973,,,WIFI
c8:78:7d:6e:2b:cd,DIR-615,[WPA2-PSK-CCMP][RSN-PSK-CCMP][ESS],2026-09-26 08:20:44,13,2472,-78,26.18978082902439,91.70174023879635,-5.553314208984375,3.8425087928771973,,,WIFI
40:86:cb:7a:96:a8,B-60 Btech 4-Years,[WPA2-PSK-CCMP][RSN-PSK-CCMP][ESS],2026-09-26 08:20:44,13,2472,-72,26.18978082902439,91.70174023879635,-5.553314208984375,3.8425087928771973,,,WIFI
e4:fa:c4:0c:c5:3c,TP-Link_C53C,[WPA2-PSK-CCMP][RSN-PSK-CCMP][ESS][WPS],2026-09-26 08:20:44,3,2422,-72,26.18978082902439,91.70174023879635,-5.553314208984375,3.8425087928771973,,,WIFI
c2:07:1d:66:c7:ff,IITG_CONNECT,[WPA2-EAP/SHA1+FT/EAP-CCMP][RSN-EAP/SHA1+FT/EAP-CCMP][ESS],2026-09-26 08:20:44,44,5220,-81,26.18978082902439,91.70174023879635,-5.553314208984375,3.8425087928771973,,,WIFI
56:bb:b5:ad:63:ee,HP-VICTUS-15 1931,[WPA2-PSK-CCMP][RSN-PSK-CCMP][ESS][WPS],2026-09-26 08:20:44,40,5200,-86,26.18978082902439,91.70174023879635,-5.553314208984375,3.8425087928771973,,,WIFI
a0:47:d7:32:67:c8,Way_Of_White,[WPA-PSK-CCMP][WPA2-PSK-CCMP][RSN-PSK-CCMP][ESS],2026-09-26 08:20:44,6,2437,-71,26.18978082902439,91.70174023879635,-5.553314208984375,3.8425087928771973,,,WIFI
58:04:4f:f6:76:08,Bumblebee,[WPA2-PSK-CCMP][RSN-PSK-CCMP][ESS][WPS],2026-09-26 08:20:44,4,2427,-74,26.18978082902439,91.70174023879635,-5.553314208984375,3.8425087928771973,,,WIFI
6c:6a:77:3e:9e:6d,LAPTOP-N4QL69DH,Laptop;10,2026-09-26 08:20:44,,268,-96,26.18978082902439,91.70174023879635,-5.553314208984375,3.8425087928771973,,,BT
3e:e6:d9:9b:f4:23,,Misc,2026-09-26 08:20:45,,7936,-93,26.189788763966416,91.70174061629807,-11.858062744140625,3.8475377559661865,,,BLE
f8:c2:da:a1:ab:29,,Misc,2026-09-26 08:20:45,,,-99,26.189788763966416,91.70174061629807,-11.858062744140625,3.8475377559661865,,76,BLE
35:a3:3c:b9:bd:f3,,Misc,2026-09-26 08:20:45,,,-97,26.189788763966416,91.70174061629807,-11.858062744140625,3.8475377559661865,,6,BLE
20:5e:02:d2:07:25,,Misc,2026-09-26 08:20:45,,,-128,26.189788763966416,91.70174061629807,-11.858062744140625,3.8475377559661865,,6,BLE
f7:a3:22:0a:46:85,,Misc,2026-09-26 08:20:45,,,-96,26.189788763966416,91.70174061629807,-11.858062744140625,3.8475377559661865,,76,BLE
11:84:64:fb:b3:2f,,Misc,2026-09-26 08:20:45,,,-104,26.189788763966416,91.70174061629807,-11.858062744140625,3.8475377559661865,,6,BLE
22:34:02:c1:51:b1,,Misc,2026-09-26 08:20:45,,,-102,26.189788763966416,91.70174061629807,-11.858062744140625,3.8475377559661865,,,BLE
6e:c7:9a:ec:ae:39,LAPTOP-1EAPOREV,Uncategorized;10,2026-09-26 08:20:45,,7936,-95,26.189788763966416,91.70174061629807,-11.858062744140625,3.8475377559661865,,,BLE
88:0e:85:69:9b:12,realme Buds T310,Misc,2026-09-26 08:20:45,,7936,-99,26.189788763966416,91.70174061629807,-11.858062744140625,3.8475377559661865,,41992,BLE
6d:f8:12:73:11:e0,,Uncategorized;10,2026-09-26 08:20:45,,7936,-97,26.189788763966416,91.70174061629807,-11.858062744140625,3.8475377559661865,,76,BLE
0d:b2:e9:6d:f0:eb,,Misc,2026-09-26 08:20:45,,7936,-87,26.189788763966416,91.70174061629807,-11.858062744140625,3.8475377559661865,,,BLE
3f:7b:77:54:78:9d,,Misc,2026-09-26 08:20:45,,,-103,26.189788763966416,91.70174061629807,-11.858062744140625,3.8475377559661865,,6,BLE
5e:b7:43:68:cf:75,,Misc,2026-09-26 08:20:45,,,-90,26.189788763966416,91.70174061629807,-11.858062744140625,3.8475377559661865,,76,BLE
0d:b2:e9:6d:f0:eb,,Misc,2026-09-26 08:20:46,,7936,-82,26.189794752332563,91.70174050803922,2.466339111328125,3.8381741046905518,,,BLE
19:fc:f3:c4:e0:ab,,Uncategorized;10,2026-09-26 08:20:46,,7936,-97,26.189794752332563,91.70174050803922,2.466339111328125,3.8381741046905518,,,BLE
5e:32:0b:77:41:26,,Uncategorized;10,2026-09-26 08:20:46,,7936,-94,26.189794752332563,91.70174050803922,2.466339111328125,3.8381741046905518,,,BLE
46:58:cf:dd:5a:3f,,Uncategorized;10,2026-09-26 08:20:46,,7936,-102,26.189794752332563,91.70174050803922,2.466339111328125,3.8381741046905518,,,BLE
3e:e6:d9:9b:f4:23,,Misc,2026-09-26 08:20:47,,7936,-88,26.18980056262392,91.70174016285121,2.70001220703125,3.8505313396453857,,,BLE
c0:1f:bb:07:c3:af,Ion ANC_BLE,Uncategorized;10,2026-09-26 08:20:48,,7936,-90,26.189806940296403,91.70174066297943,1.784698486328125,3.8604536056518555,,,BLE
44:37:bb:0b:e9:6d,,Uncategorized;10,2026-09-26 08:20:49,,7936,-95,26.189814244475663,91.70174136394587,-5.26995849609375,3.872363567352295,,,BLE
1f:cd:d9:63:94:76,,Misc,2026-09-26 08:20:50,,,-103,26.189821632828732,91.70174126740646,-0.94927978515625,3.7900924682617188,,,BLE
55:d8:5e:49:da:d1,,Misc,2026-09-26 08:20:50,,7936,-98,26.189821632828732,91.70174126740646,-0.94927978515625,3.7900924682617188,,,BLE
30:b3:68:dc:57:28,,Misc,2026-09-26 08:20:50,,,-97,26.189821632828732,91.70174126740646,-0.94927978515625,3.7900924682617188,,,BLE
75:f6:ea:bc:27:31,LAPTOP-HAQUCJTR,Misc,2026-09-26 08:20:50,,7936,-102,26.189821632828732,91.70174126740646,-0.94927978515625,3.7900924682617188,,,BLE
50:68:a0:40:ed:ca,realme Buds T500 Pro,Misc,2026-09-26 08:20:50,,,-102,26.189821632828732,91.70174126740646,-0.94927978515625,3.7900924682617188,,,BLE
20:5e:02:d2:07:25,,Misc,2026-09-26 08:20:50,,,-100,26.189821632828732,91.70174126740646,-0.94927978515625,3.7900924682617188,,6,BLE
c0:1f:bb:07:c3:af,Ion ANC_BLE,Uncategorized;10,2026-09-26 08:20:50,,7936,-128,26.189821632828732,91.70174126740646,-0.94927978515625,3.7900924682617188,,41104,BLE
11:aa:98:c5:9a:8a,,Misc,2026-09-26 08:20:50,,,-95,26.189821632828732,91.70174126740646,-0.94927978515625,3.7900924682617188,,6,BLE
04:66:0c:fd:e5:a6,,Misc,2026-09-26 08:20:50,,,-101,26.189821632828732,91.70174126740646,-0.94927978515625,3.7900924682617188,,6,BLE
46:58:cf:dd:5a:3f,,Uncategorized;10,2026-09-26 08:20:50,,7936,-100,26.189821632828732,91.70174126740646,-0.94927978515625,3.7900924682617188,,76,BLE
34:d3:4c:54:d5:59,,Misc,2026-09-26 08:20:50,,,-102,26.189821632828732,91.70174126740646,-0.94927978515625,3.7900924682617188,,6,BLE
2d:c3:27:a6:22:d7,,Misc,2026-09-26 08:20:50,,7936,-105,26.189821632828732,91.70174126740646,-0.94927978515625,3.7900924682617188,,,BLE
5e:32:0b:77:41:26,,Uncategorized;10,2026-09-26 08:20:50,,7936,-94,26.189821632828732,91.70174126740646,-0.94927978515625,3.7900924682617188,,76,BLE
34:22:7d:0e:7d:5d,,Misc,2026-09-26 08:20:50,,,-101,26.189821632828732,91.70174126740646,-0.94927978515625,3.7900924682617188,,,BLE
79:0b:ea:0c:8a:0e,OnePlus Nord Buds 3r,Uncategorized,2026-09-26 08:20:50,,7936,-100,26.189821632828732,91.70174126740646,-0.94927978515625,3.7900924682617188,,,BLE
92:25:4a:26:42:44,,[WPA2-PSK-CCMP][RSN-PSK-CCMP][ESS],2026-09-26 08:20:51,157,5785,-67,26.18983296930259,91.70174149312469,0.533294677734375,5.370110511779785,,,WIFI
c2:07:1d:66:c8:01,IITG_CONNECT,[WPA2-EAP/SHA1+FT/EAP-CCMP][RSN-EAP/SHA1+FT/EAP-CCMP][ESS],2026-09-26 08:20:51,44,5220,-78,26.18983296930259,91.70174149312469,0.533294677734375,5.370110511779785,,,WIFI
88:76:b9:f0:54:ef,Sarthak's wifi,[WPA2-PSK-CCMP][RSN-PSK-CCMP][ESS][WPS],2026-09-26 08:20:51,13,2472,-77,26.18983296930259,91.70174149312469,0.533294677734375,5.370110511779785,,,WIFI
88:76:b9:f4:78:cd,A024,[WPA2-PSK-CCMP][RSN-PSK-CCMP][ESS],2026-09-26 08:20:51,1,2412,-71,26.18983296930259,91.70174149312469,0.533294677734375,5.370110511779785,,,WIFI
bc:07:1d:43:08:1a,"Structure ",[WPA2-PSK-CCMP][RSN-PSK-CCMP][ESS][WPS],2026-09-26 08:20:51,3,2422,-88,26.18983296930259,91.70174149312469,0.533294677734375,5.370110511779785,,,WIFI
24:2f:d0:c2:08:c2,Gulaab Jamun,[WPA2-PSK-TKIP+CCMP][RSN-PSK-TKIP+CCMP][ESS][WPS],2026-09-26 08:20:51,3,2422,-88,26.18983296930259,91.70174149312469,0.533294677734375,5.370110511779785,,,WIFI
c2:07:1d:66:c7:ff,IITG_CONNECT,[WPA2-EAP/SHA1+FT/EAP-CCMP][RSN-EAP/SHA1+FT/EAP-CCMP][ESS],2026-09-26 08:20:51,44,5220,-73,26.18983296930259,91.70174149312469,0.533294677734375,5.370110511779785,,,WIFI
de:d3:b8:cd:3c:82,realme 15 Pro 5G 6DFA,[WPA2-PSK-CCMP][RSN-PSK-CCMP][ESS],2026-09-26 08:20:51,1,2412,-85,26.18983296930259,91.70174149312469,0.533294677734375,5.370110511779785,,,WIFI
d8:44:89:7f:89:c6,B-131,[WPA2-PSK-CCMP][RSN-PSK-CCMP][ESS][WPS],2026-09-26 08:20:51,4,2427,-86,26.18983296930259,91.70174149312469,0.533294677734375,5.370110511779785,,,WIFI
c2:07:1d:66:c7:9f,IITG_CONNECT,[WPA2-EAP/SHA1+FT/EAP-CCMP][RSN-EAP/SHA1+FT/EAP-CCMP][ESS],2026-09-26 08:20:51,40,5200,-76,26.18983296930259,91.70174149312469,0.533294677734375,5.370110511779785,,,WIFI
88:76:b9:f4:76:21,dhruv,[WPA2-PSK-CCMP][RSN-PSK-CCMP][ESS],2026-09-26 08:20:51,1,2412,-66,26.18983296930259,91.70174149312469,0.533294677734375,5.370110511779785,,,WIFI
8e:86:dd:93:74:04,Prism,[WPA-PSK-CCMP][WPA2-PSK-CCMP][RSN-PSK-CCMP][ESS],2026-09-26 08:20:51,2,2417,-87,26.18983296930259,91.70174149312469,0.533294677734375,5.370110511779785,,,WIFI
75:f6:ea:bc:27:31,LAPTOP-HAQUCJTR,Misc,2026-09-26 08:20:51,,7936,-96,26.18983296930259,91.70174149312469,0.533294677734375,5.370110511779785,,,BLE
38:74:87:4c:69:3f,,Uncategorized;10,2026-09-26 08:20:51,,7936,-103,26.18983296930259,91.70174149312469,0.533294677734375,5.370110511779785,,,BLE
41:42:b3:db:80:6e,WAVECALL3_806E,Uncategorized;10,2026-09-26 08:20:51,,7936,-96,26.18983296930259,91.70174149312469,0.533294677734375,5.370110511779785,,,BLE
1a:e5:45:16:38:dd,,Uncategorized;10,2026-09-26 08:20:52,,7936,-100,26.18983434612043,91.70174200527325,-4.062957763671875,4.902085781097412,,,BLE
7c:17:99:a7:53:38,ISHAN_V16,Uncategorized;10,2026-09-26 08:20:53,,7936,-99,26.189843973776217,91.70174022800686,-2.77880859375,4.707128524780273,,,BLE
4e:3f:8c:0e:e0:aa,,Uncategorized;10,2026-09-26 08:20:53,,7936,-103,26.189843973776217,91.70174022800686,-2.77880859375,4.707128524780273,,,BLE
4b:ec:36:10:d1:cb,,Uncategorized;10,2026-09-26 08:20:53,,7936,-102,26.189843973776217,91.70174022800686,-2.77880859375,4.707128524780273,,,BLE
3a:a1:68:2c:08:d9,,Uncategorized;10,2026-09-26 08:20:54,,7936,-99,26.189850172202704,91.70173272876058,21.6197509765625,4.472402572631836,,,BLE
51:c7:41:49:78:01,,Uncategorized;10,2026-09-26 08:20:54,,7936,-95,26.189850172202704,91.70173272876058,21.6197509765625,4.472402572631836,,,BLE
40:35:fc:2a:94:23,,Misc,2026-09-26 08:20:55,,,-101,26.18985591662137,91.70172394426909,27.065673828125,4.911904811859131,,6,BLE
40:4a:19:3c:42:0e,,Misc,2026-09-26 08:20:55,,7936,-100,26.18985591662137,91.70172394426909,27.065673828125,4.911904811859131,,76,BLE
04:66:0c:fd:e5:a6,,Misc,2026-09-26 08:20:55,,,-95,26.18985591662137,91.70172394426909,27.065673828125,4.911904811859131,,6,BLE
51:c7:41:49:78:01,,Uncategorized;10,2026-09-26 08:20:55,,7936,-97,26.18985591662137,91.70172394426909,27.065673828125,4.911904811859131,,76,BLE
7a:aa:a9:59:19:c0,OnePlus Nord Buds 3 Pro,Uncategorized,2026-09-26 08:20:55,,7936,-96,26.18985591662137,91.70172394426909,27.065673828125,4.911904811859131,,,BLE
4e:3f:8c:0e:e0:aa,,Uncategorized;10,2026-09-26 08:20:55,,7936,-104,26.18985591662137,91.70172394426909,27.065673828125,4.911904811859131,,117,BLE
c0:1f:bb:07:c3:af,Ion ANC_BLE,Uncategorized;10,2026-09-26 08:20:55,,7936,-99,26.18985591662137,91.70172394426909,27.065673828125,4.911904811859131,,41104,BLE
30:b9:4b:4e:ac:20,,Misc,2026-09-26 08:20:55,,7936,-95,26.18985591662137,91.70172394426909,27.065673828125,4.911904811859131,,,BLE
3c:33:62:75:08:47,,Misc,2026-09-26 08:20:55,,,-92,26.18985591662137,91.70172394426909,27.065673828125,4.911904811859131,,,BLE
17:62:52:f4:88:a6,,Misc,2026-09-26 08:20:55,,,-87,26.18985591662137,91.70172394426909,27.065673828125,4.911904811859131,,6,BLE
13:b6:82:c8:b6:85,,Misc,2026-09-26 08:20:55,,,-102,26.18985591662137,91.70172394426909,27.065673828125,4.911904811859131,,6,BLE
58:01:ce:88:26:66,,Misc,2026-09-26 08:20:55,,,-103,26.18985591662137,91.70172394426909,27.065673828125,4.911904811859131,,,BLE
08:fe:e9:4d:22:e7,,Misc,2026-09-26 08:20:55,,7936,-98,26.18985591662137,91.70172394426909,27.065673828125,4.911904811859131,,,BLE
1f:cd:d9:63:94:76,,Misc,2026-09-26 08:20:55,,,-84,26.18985591662137,91.70172394426909,27.065673828125,4.911904811859131,,,BLE
0b:b8:cf:1d:82:3d,,Misc,2026-09-26 08:20:55,,,-96,26.18985591662137,91.70172394426909,27.065673828125,4.911904811859131,,6,BLE
c5:34:eb:fe:1b:5d,,Misc,2026-09-26 08:20:55,,,-89,26.18985591662137,91.70172394426909,27.065673828125,4.911904811859131,,76,BLE
2e:b7:20:79:2c:a0,,Misc,2026-09-26 08:20:55,,,-99,26.18985591662137,91.70172394426909,27.065673828125,4.911904811859131,,,BLE
0e:6f:d5:4e:0f:58,,Misc,2026-09-26 08:20:55,,,-96,26.18985591662137,91.70172394426909,27.065673828125,4.911904811859131,,,BLE
4b:83:c9:95:56:e5,,Uncategorized;10,2026-09-26 08:20:55,,7936,-94,26.18985591662137,91.70172394426909,27.065673828125,4.911904811859131,,,BLE
6e:94:9f:30:1d:90,,Uncategorized;10,2026-09-26 08:20:55,,7936,-100,26.18985591662137,91.70172394426909,27.065673828125,4.911904811859131,,,BLE
28:f7:40:84:db:32,,Uncategorized;10,2026-09-26 08:20:56,,7936,-102,26.1898618002563,91.70171397618748,33.812255859375,4.788199424743652,,,BLE
41:42:7a:fb:b9:60,Tor-ECLIPZ X,Uncategorized;10,2026-09-26 08:20:56,,7936,-106,26.1898618002563,91.70171397618748,33.812255859375,4.788199424743652,,,BLE
44:6b:7f:e5:e4:5b,,Uncategorized;10,2026-09-26 08:20:56,,7936,-103,26.1898618002563,91.70171397618748,33.812255859375,4.788199424743652,,,BLE
7a:53:15:c6:0e:56,,Uncategorized;10,2026-09-26 08:20:57,,7936,-101,26.18986733090599,91.70170392676276,38.47662353515625,5.163937091827393,,,BLE
7a:b8:e0:7c:63:f6,,Uncategorized;10,2026-09-26 08:20:57,,7936,-100,26.18986733090599,91.70170392676276,38.47662353515625,5.163937091827393,,,BLE
8c:86:dd:93:74:04,Cronos,[WPA2-PSK-CCMP][RSN-PSK-CCMP][ESS][WPS],2026-09-26 08:20:57,2,2417,-67,26.18986733090599,91.70170392676276,38.47662353515625,5.163937091827393,,,WIFI
c2:07:1d:66:c8:01,IITG_CONNECT,[WPA2-EAP/SHA1+FT/EAP-CCMP][RSN-EAP/SHA1+FT/EAP-CCMP][ESS],2026-09-26 08:20:57,44,5220,-67,26.18986733090599,91.70170392676276,38.47662353515625,5.163937091827393,,,WIFI
a8:6e:84:0b:9f:4b,Chor_5G,[WPA2-PSK-CCMP][RSN-PSK-CCMP][ESS],2026-09-26 08:20:57,153,5765,-88,26.18986733090599,91.70170392676276,38.47662353515625,5.163937091827393,,,WIFI
c2:07:1d:66:c8:00,IITG_CONNECT,[WPA2-EAP/SHA1+FT/EAP-CCMP][RSN-EAP/SHA1+FT/EAP-CCMP][ESS],2026-09-26 08:20:57,11,2462,-61,26.18986733090599,91.70170392676276,38.47662353515625,5.163937091827393,,,WIFI
c4:e9:0a:e7:a4:df,Aedityaa,[WPA-PSK-CCMP][WPA2-PSK-CCMP][RSN-PSK-CCMP][ESS],2026-09-26 08:20:57,5,2432,-77,26.18986733090599,91.70170392676276,38.47662353515625,5.163937091827393,,,WIFI
98:25:4a:26:42:43,BarakMess,[WPA2-PSK-CCMP][RSN-PSK-CCMP][ESS][WPS],2026-09-26 08:20:57,9,2452,-60,26.18986733090599,91.70170392676276,38.47662353515625,5.163937091827393,,,WIFI
10:27:f5:4d:27:8f,TP-Link_2790_5G,[WPA2-PSK-CCMP][RSN-PSK-CCMP][ESS][WPS],2026-09-26 08:20:57,149,5745,-81,26.18986733090599,91.70170392676276,38.47662353515625,5.163937091827393,,,WIFI
64:29:43:99:7e:f2,R03-7EF1,[WPA2-PSK-CCMP][RSN-PSK-CCMP][ESS],2026-09-26 08:20:57,1,2412,-78,26.18986733090599,91.70170392676276,38.47662353515625,5.163937091827393,,,WIFI
bc:22:28:c0:f0:a8,Wander,[WPA2-PSK-CCMP][RSN-PSK-CCMP][ESS],2026-09-26 08:20:57,8,2447,-80,26.18986733090599,91.70170392676276,38.47662353515625,5.163937091827393,,,WIFI
c2:07:1d:66:c1:98,IITG_CONNECT,[WPA2-EAP/SHA1+FT/EAP-CCMP][RSN-EAP/SHA1+FT/EAP-CCMP][ESS],2026-09-26 08:20:57,1,2412,-83,26.18986733090599,91.70170392676276,38.47662353515625,5.163937091827393,,,WIFI
9c:a2:f4:53:35:f9,No Signal,[WPA2-PSK-CCMP][RSN-PSK-CCMP][ESS][WPS],2026-09-26 08:20:57,149,5745,-83,26.18986733090599,91.70170392676276,38.47662353515625,5.163937091827393,,,WIFI
24:2f:d0:c2:08:c2,Gulaab Jamun,[WPA2-PSK-TKIP+CCMP][RSN-PSK-TKIP+CCMP][ESS][WPS],2026-09-26 08:20:57,3,2422,-77,26.18986733090599,91.70170392676276,38.47662353515625,5.163937091827393,,,WIFI
bc:22:28:45:58:d0,sparx,[WPA-PSK-TKIP+CCMP][WPA2-PSK-TKIP+CCMP][RSN-PSK-TKIP+CCMP][ESS][WPS],2026-09-26 08:20:57,1,2412,-77,26.18986733090599,91.70170392676276,38.47662353515625,5.163937091827393,,,WIFI
56:bb:b5:ad:63:ee,HP-VICTUS-15 1931,[WPA2-PSK-CCMP][RSN-PSK-CCMP][ESS][WPS],2026-09-26 08:20:57,40,5200,-81,26.18986733090599,91.70170392676276,38.47662353515625,5.163937091827393,,,WIFI
c2:07:1d:66:c7:b3,IITG_CONNECT,[WPA2-EAP/SHA1+FT/EAP-CCMP][RSN-EAP/SHA1+FT/EAP-CCMP][ESS],2026-09-26 08:20:57,44,5220,-88,26.18986733090599,91.70170392676276,38.47662353515625,5.163937091827393,,,WIFI
c2:07:1d:66:c7:9f,IITG_CONNECT,[WPA2-EAP/SHA1+FT/EAP-CCMP][RSN-EAP/SHA1+FT/EAP-CCMP][ESS],2026-09-26 08:20:57,40,5200,-68,26.18986733090599,91.70170392676276,38.47662353515625,5.163937091827393,,,WIFI
60:a4:b7:33:e7:56,Joy,[WPA2-PSK-TKIP+CCMP][RSN-PSK-TKIP+CCMP][ESS][WPS],2026-09-26 08:20:57,10,2457,-74,26.18986733090599,91.70170392676276,38.47662353515625,5.163937091827393,,,WIFI
8e:86:dd:93:74:04,Prism,[WPA-PSK-CCMP][WPA2-PSK-CCMP][RSN-PSK-CCMP][ESS],2026-09-26 08:20:57,2,2417,-71,26.18986733090599,91.70170392676276,38.47662353515625,5.163937091827393,,,WIFI
20:59:87:a0:3f:5c,,Uncategorized;10,2026-09-26 08:20:57,,7936,-103,26.18986733090599,91.70170392676276,38.47662353515625,5.163937091827393,,,BLE
55:d8:5e:49:da:d1,,Misc,2026-09-26 08:20:58,,7936,-93,26.18987270159742,91.70169400126495,40.4896240234375,5.156369209289551,,,BLE
6e:fe:00:c4:e0:9d,,Uncategorized;10,2026-09-26 08:20:59,,7936,-104,26.189877792468362,91.7016817420471,43.15679931640625,4.901545524597168,,,BLE
21:37:d4:a8:a1:bd,,Misc,2026-09-26 08:21:00,,,-88,26.189881835524314,91.70166942480002,45.42742919921875,4.526228427886963,,6,BLE
47:68:06:cf:f4:cc,JBL Wave Buds 2-LE,Uncategorized,2026-09-26 08:21:00,,7936,-103,26.189881835524314,91.70166942480002,45.42742919921875,4.526228427886963,,,BLE
17:62:52:f4:88:a6,,Misc,2026-09-26 08:21:00,,,-82,26.189881835524314,91.70166942480002,45.42742919921875,4.526228427886963,,6,BLE
14:a9:50:b6:c1:ad,,Misc,2026-09-26 08:21:00,,,-98,26.189881835524314,91.70166942480002,45.42742919921875,4.526228427886963,,6,BLE
79:0b:ea:0c:8a:0e,OnePlus Nord Buds 3r,Uncategorized,2026-09-26 08:21:00,,7936,-88,26.189881835524314,91.70166942480002,45.42742919921875,4.526228427886963,,,BLE
25:fd:e0:85:0a:b6,,Misc,2026-09-26 08:21:00,,,-106,26.189881835524314,91.70166942480002,45.42742919921875,4.526228427886963,,,BLE
6e:fe:00:c4:e0:9d,,Uncategorized;10,2026-09-26 08:21:00,,7936,-104,26.189881835524314,91.70166942480002,45.42742919921875,4.526228427886963,,76,BLE
c0:2e:1d:8d:3e:99,,Misc,2026-09-26 08:21:00,,,-100,26.189881835524314,91.70166942480002,45.42742919921875,4.526228427886963,,,BLE
4b:83:c9:95:56:e5,,Uncategorized;10,2026-09-26 08:21:00,,7936,-94,26.189881835524314,91.70166942480002,45.42742919921875,4.526228427886963,,76,BLE
cb:13:97:51:87:d4,,Misc,2026-09-26 08:21:00,,,-99,26.189881835524314,91.70166942480002,45.42742919921875,4.526228427886963,,76,BLE
41:42:7a:fb:b9:60,Tor-ECLIPZ X,Uncategorized;10,2026-09-26 08:21:00,,7936,-100,26.189881835524314,91.70166942480002,45.42742919921875,4.526228427886963,,,BLE
7c:17:99:a7:53:38,ISHAN_V16,Uncategorized;10,2026-09-26 08:21:00,,7936,-94,26.189881835524314,91.70166942480002,45.42742919921875,4.526228427886963,,,BLE
51:7c:62:8a:45:76,,Misc,2026-09-26 08:21:00,,,-94,26.189881835524314,91.70166942480002,45.42742919921875,4.526228427886963,,,BLE
44:6b:7f:e5:e4:5b,,Uncategorized;10,2026-09-26 08:21:00,,7936,-104,26.189881835524314,91.70166942480002,45.42742919921875,4.526228427886963,,76,BLE
78:d2:1d:c6:6f:62,OnePlus Nord Buds 3r,Misc,2026-09-26 08:21:00,,7936,-91,26.189881835524314,91.70166942480002,45.42742919921875,4.526228427886963,,,BLE
7a:b8:e0:7c:63:f6,,Uncategorized;10,2026-09-26 08:21:00,,7936,-100,26.189881835524314,91.70166942480002,45.42742919921875,4.526228427886963,,76,BLE
7a:53:15:c6:0e:56,,Uncategorized;10,2026-09-26 08:21:00,,7936,-91,26.189881835524314,91.70166942480002,45.42742919921875,4.526228427886963,,76,BLE
08:12:87:36:85:16,OPPO Enco Buds2,Uncategorized,2026-09-26 08:21:00,,7936,-99,26.189881835524314,91.70166942480002,45.42742919921875,4.526228427886963,,1946,BLE
34:d3:4c:54:d5:59,,Misc,2026-09-26 08:21:00,,,-93,26.189881835524314,91.70166942480002,45.42742919921875,4.526228427886963,,6,BLE
6e:94:9f:30:1d:90,,Uncategorized;10,2026-09-26 08:21:02,,7936,-81,26.18989311186152,91.70165089218044,45.6083984375,4.254438877105713,,,BLE
41:42:b3:db:80:6e,WAVECALL3_806E,Uncategorized;10,2026-09-26 08:21:02,,7936,-87,26.18989311186152,91.70165089218044,45.6083984375,4.254438877105713,,,BLE
1c:f6:4c:a6:94:21,,Laptop;10,2026-09-26 08:21:03,,268,-100,26.189896407463824,91.70164536333785,42.47479248046875,4.254714488983154,,,BT
4b:83:c9:95:56:e5,,Uncategorized;10,2026-09-26 08:21:04,,7936,-89,26.189897684482208,91.70163826924824,40.05755615234375,4.093523979187012,,76,BLE
dc:62:79:c1:85:94,TP-Link_8594,[WPA2-PSK-CCMP][RSN-PSK-CCMP][ESS][WPS],2026-09-26 08:21:04,10,2457,-82,26.189897684482208,91.70163826924824,40.05755615234375,4.093523979187012,,,WIFI
bc:07:1d:43:0a:96,Open,[WPA2-PSK-CCMP][RSN-PSK-CCMP][ESS][WPS],2026-09-26 08:21:04,2,2417,-71,26.189897684482208,91.70163826924824,40.05755615234375,4.093523979187012,,,WIFI
d2:51:5f:ea:a7:2a,,[WPA2-PSK-CCMP][RSN-PSK-CCMP][ESS],2026-09-26 08:21:04,60,5300,-82,26.189897684482208,91.70163826924824,40.05755615234375,4.093523979187012,,,WIFI
78:20:51:a6:88:4a,YourDad,[WPA2-PSK-CCMP][RSN-PSK-CCMP][ESS][WPS],2026-09-26 08:21:04,2,2417,-79,26.189897684482208,91.70163826924824,40.05755615234375,4.093523979187012,,,WIFI
ce:51:5f:ea:a7:2a,,[WPA2-PSK-CCMP][RSN-PSK-CCMP][ESS],2026-09-26 08:21:04,60,5300,-82,26.189897684482208,91.70163826924824,40.05755615234375,4.093523979187012,,,WIFI
64:29:43:99:7e:f2,R03-7EF1,[WPA2-PSK-CCMP][RSN-PSK-CCMP][ESS],2026-09-26 08:21:04,1,2412,-69,26.189897684482208,91.70163826924824,40.05755615234375,4.093523979187012,,,WIFI
24:2f:d0:c2:08:c2,Gulaab Jamun,[WPA2-PSK-TKIP+CCMP][RSN-PSK-TKIP+CCMP][ESS][WPS],2026-09-26 08:21:04,3,2422,-72,26.189897684482208,91.70163826924824,40.05755615234375,4.093523979187012,,,WIFI
c2:07:1d:66:c7:ff,IITG_CONNECT,[WPA2-EAP/SHA1+FT/EAP-CCMP][RSN-EAP/SHA1+FT/EAP-CCMP][ESS],2026-09-26 08:21:04,44,5220,-66,26.189897684482208,91.70163826924824,40.05755615234375,4.093523979187012,,,WIFI
c2:07:1d:66:c7:fe,IITG_CONNECT,[WPA2-EAP/SHA1+FT/EAP-CCMP][RSN-EAP/SHA1+FT/EAP-CCMP][ESS],2026-09-26 08:21:04,11,2462,-64,26.189897684482208,91.70163826924824,40.05755615234375,4.093523979187012,,,WIFI
bc:51:5f:ea:a7:2a,Airtel_Rassense,[WPA2-PSK-CCMP][RSN-PSK-CCMP][ESS],2026-09-26 08:21:04,60,5300,-83,26.189897684482208,91.70163826924824,40.05755615234375,4.093523979187012,,,WIFI
10:27:f5:4d:27:90,TP-Link_2790,[WPA2-PSK-CCMP][RSN-PSK-CCMP][ESS][WPS],2026-09-26 08:21:04,10,2457,-69,26.189897684482208,91.70163826924824,40.05755615234375,4.093523979187012,,,WIFI
c2:07:1d:66:c7:b3,IITG_CONNECT,[WPA2-EAP/SHA1+FT/EAP-CCMP][RSN-EAP/SHA1+FT/EAP-CCMP][ESS],2026-09-26 08:21:04,44,5220,-83,26.189897684482208,91.70163826924824,40.05755615234375,4.093523979187012,,,WIFI
a8:42:a1:88:1b:60,ShadowRealm,[WPA2-PSK-CCMP][RSN-PSK-CCMP][ESS][WPS],2026-09-26 08:21:04,10,2457,-71,26.189897684482208,91.70163826924824,40.05755615234375,4.093523979187012,,,WIFI
c2:07:1d:66:c7:9e,IITG_CONNECT,[WPA2-EAP/SHA1+FT/EAP-CCMP][RSN-EAP/SHA1+FT/EAP-CCMP][ESS],2026-09-26 08:21:04,11,2462,-57,26.189897684482208,91.70163826924824,40.05755615234375,4.093523979187012,,,WIFI
41:42:cc:db:80:6e,WAVECALL3_806E,Videoconf;10,2026-09-26 08:21:05,,1088,-73,26.18989986021163,91.7016302364666,41.69561767578125,4.063232421875,,,BT
1a:e5:45:16:38:dd,,Uncategorized;10,2026-09-26 08:21:05,,7936,-95,26.18989986021163,91.7016302364666,41.69561767578125,4.063232421875,,,BLE
7a:aa:a9:59:19:c0,OnePlus Nord Buds 3 Pro,Uncategorized,2026-09-26 08:21:05,,7936,-82,26.18989986021163,91.7016302364666,41.69561767578125,4.063232421875,,,BLE
13:b6:82:c8:b6:85,,Misc,2026-09-26 08:21:05,,,-94,26.18989986021163,91.7016302364666,41.69561767578125,4.063232421875,,6,BLE
08:12:87:36:85:16,OPPO Enco Buds2,Uncategorized,2026-09-26 08:21:05,,7936,-94,26.18989986021163,91.7016302364666,41.69561767578125,4.063232421875,,1946,BLE
32:5d:b9:d7:70:80,,Misc,2026-09-26 08:21:05,,,-103,26.18989986021163,91.7016302364666,41.69561767578125,4.063232421875,,,BLE
cc:5c:12:51:3d:16,,Misc,2026-09-26 08:21:05,,,-95,26.18989986021163,91.7016302364666,41.69561767578125,4.063232421875,,76,BLE
7e:82:67:25:1d:a6,JIGYANSH-OMEN,Misc,2026-09-26 08:21:07,,7936,-94,26.189901101547,91.70161885255857,41.705810546875,4.01188850402832,,,BLE
47:5b:95:fb:a1:06,,Uncategorized;10,2026-09-26 08:21:10,,7936,-100,26.189905558530004,91.70160496147659,38.226806640625,3.7900924682617188,,,BLE
60:90:9d:15:96:1f,,Misc,2026-09-26 08:21:10,,,-106,26.189905558530004,91.70160496147659,38.226806640625,3.7900924682617188,,76,BLE
0d:a1:8d:3f:ad:66,,Misc,2026-09-26 08:21:10,,,-103,26.189905558530004,91.70160496147659,38.226806640625,3.7900924682617188,,6,BLE
e6:01:b1:c1:fd:9b,,Misc,2026-09-26 08:21:10,,,-105,26.189905558530004,91.70160496147659,38.226806640625,3.7900924682617188,,76,BLE
08:12:87:36:85:16,OPPO Enco Buds2,Uncategorized,2026-09-26 08:21:10,,7936,-89,26.189905558530004,91.70160496147659,38.226806640625,3.7900924682617188,,1946,BLE
47:5b:95:fb:a1:06,,Uncategorized;10,2026-09-26 08:21:10,,7936,-101,26.189905558530004,91.70160496147659,38.226806640625,3.7900924682617188,,76,BLE
40:4a:19:3c:42:0e,,Misc,2026-09-26 08:21:10,,7936,-95,26.189905558530004,91.70160496147659,38.226806640625,3.7900924682617188,,76,BLE
c4:55:d8:d0:56:62,,Misc,2026-09-26 08:21:10,,,-98,26.189905558530004,91.70160496147659,38.226806640625,3.7900924682617188,,,BLE
32:5d:b9:d7:70:80,,Misc,2026-09-26 08:21:10,,,-95,26.189905558530004,91.70160496147659,38.226806640625,3.7900924682617188,,,BLE
24:2f:d0:c2:08:c2,Gulaab Jamun,[WPA2-PSK-TKIP+CCMP][RSN-PSK-TKIP+CCMP][ESS][WPS],2026-09-26 08:21:11,3,2422,-66,26.189907118505296,91.70160594630232,36.334228515625,3.7900924682617188,,,WIFI
c2:07:1d:66:c7:ff,IITG_CONNECT,[WPA2-EAP/SHA1+FT/EAP-CCMP][RSN-EAP/SHA1+FT/EAP-CCMP][ESS],2026-09-26 08:21:11,44,5220,-58,26.189907118505296,91.70160594630232,36.334228515625,3.7900924682617188,,,WIFI
c2:07:1d:66:c7:fe,IITG_CONNECT,[WPA2-EAP/SHA1+FT/EAP-CCMP][RSN-EAP/SHA1+FT/EAP-CCMP][ESS],2026-09-26 08:21:11,11,2462,-50,26.189907118505296,91.70160594630232,36.334228515625,3.7900924682617188,,,WIFI
a8:6e:84:0b:9f:49,Chor,[WPA2-PSK-CCMP][RSN-PSK-CCMP][ESS],2026-09-26 08:21:11,9,2452,-69,26.189907118505296,91.70160594630232,36.334228515625,3.7900924682617188,,,WIFI
9c:a2:f4:53:35:fa,No Signal,[WPA2-PSK-CCMP][RSN-PSK-CCMP][ESS][WPS],2026-09-26 08:21:11,9,2452,-73,26.189907118505296,91.70160594630232,36.334228515625,3.7900924682617188,,,WIFI
40:86:cb:df:51:ab,DIR-615-51AA,[WPA2-PSK-CCMP][RSN-PSK-CCMP][ESS],2026-09-26 08:21:11,13,2472,-73,26.189907118505296,91.70160594630232,36.334228515625,3.7900924682617188,,,WIFI
a8:42:a1:88:11:c4,TP-Link_11C4,[WPA2-PSK-CCMP][RSN-PSK-CCMP][ESS][WPS],2026-09-26 08:21:11,4,2427,-70,26.189907118505296,91.70160594630232,36.334228515625,3.7900924682617188,,,WIFI
cc:b1:7a:22:69:a8,TS90156_69A8,Misc,2026-09-26 08:21:15,,,-103,26.189928892506043,91.70160277885549,35.59307861328125,3.7900924682617188,,,BLE
ef:8a:6c:17:40:9f,,Misc,2026-09-26 08:21:15,,,-92,26.189928892506043,91.70160277885549,35.59307861328125,3.7900924682617188,,76,BLE
c2:33:05:68:65:16,,Misc,2026-09-26 08:21:15,,,-104,26.189928892506043,91.70160277885549,35.59307861328125,3.7900924682617188,,76,BLE
60:90:9d:15:96:1f,,Misc,2026-09-26 08:21:15,,,-95,26.189928892506043,91.70160277885549,35.59307861328125,3.7900924682617188,,76,BLE
4c:96:cf:1b:7a:ac,,Uncategorized;10,2026-09-26 08:21:17,,7936,-97,26.18994011329135,91.70159287432176,35.9468994140625,3.7900924682617188,,,BLE
41:42:b3:db:80:6e,WAVECALL3_806E,Uncategorized;10,2026-09-26 08:21:17,,7936,-82,26.18994011329135,91.70159287432176,35.9468994140625,3.7900924682617188,,,BLE
55:d8:5e:49:da:d1,,Misc,2026-09-26 08:21:17,,7936,-85,26.18994011329135,91.70159287432176,35.9468994140625,3.7900924682617188,,,BLE
47:5b:95:fb:a1:06,,Uncategorized;10,2026-09-26 08:21:17,,7936,-88,26.18994011329135,91.70159287432176,35.9468994140625,3.7900924682617188,,76,BLE
57:b7:00:40:2a:f5,BLE,Misc,2026-09-26 08:21:18,,7936,-84,26.189939833077382,91.70158388764067,35.197021484375,3.7900924682617188,,1602,BLE
c2:07:1d:66:c7:ff,IITG_CONNECT,[WPA2-EAP/SHA1+FT/EAP-CCMP][RSN-EAP/SHA1+FT/EAP-CCMP][ESS],2026-09-26 08:21:18,44,5220,-46,26.189939833077382,91.70158388764067,35.197021484375,3.7900924682617188,,,WIFI
f2:75:0c:7c:ce:6e,IITG_CONNECT,[WPA2-EAP/SHA1+FT/EAP-CCMP][RSN-EAP/SHA1+FT/EAP-CCMP][ESS],2026-09-26 08:21:18,1,2412,-80,26.189939833077382,91.70158388764067,35.197021484375,3.7900924682617188,,,WIFI
30:68:93:3d:41:96,TP-Link_4196,[WPA2-PSK-CCMP][RSN-PSK-CCMP][ESS][WPS],2026-09-26 08:21:18,4,2427,-72,26.189939833077382,91.70158388764067,35.197021484375,3.7900924682617188,,,WIFI
c2:07:1d:66:c7:b3,IITG_CONNECT,[WPA2-EAP/SHA1+FT/EAP-CCMP][RSN-EAP/SHA1+FT/EAP-CCMP][ESS],2026-09-26 08:21:18,44,5220,-48,26.189939833077382,91.70158388764067,35.197021484375,3.7900924682617188,,,WIFI
64:29:43:99:fd:d6,R03-FDD5,[WPA2-PSK-CCMP][RSN-PSK-CCMP][ESS],2026-09-26 08:21:18,7,2442,-85,26.189939833077382,91.70158388764067,35.197021484375,3.7900924682617188,,,WIFI
c2:07:1d:66:c7:b2,IITG_CONNECT,[WPA2-EAP/SHA1+FT/EAP-CCMP][RSN-EAP/SHA1+FT/EAP-CCMP][ESS],2026-09-26 08:21:18,1,2412,-72,26.189939833077382,91.70158388764067,35.197021484375,3.7900924682617188,,,WIFI
3c:6a:d2:4f:12:84,"Acceleration ",[WPA2-PSK-CCMP][RSN-PSK-CCMP][ESS][WPS],2026-09-26 08:21:18,4,2427,-73,26.189939833077382,91.70158388764067,35.197021484375,3.7900924682617188,,,WIFI
6c:c2:51:26:ea:da,,Uncategorized;10,2026-09-26 08:21:19,,7936,-104,26.18993693282356,91.70157372220115,34.71978759765625,3.7900924682617188,,,BLE
59:c8:9f:e9:69:82,,Uncategorized;10,2026-09-26 08:21:19,,7936,-103,26.18993693282356,91.70157372220115,34.71978759765625,3.7900924682617188,,,BLE
41:42:b3:db:80:6e,WAVECALL3_806E,Uncategorized;10,2026-09-26 08:21:20,,7936,-68,26.189926110300586,91.7015649380715,34.332275390625,3.7900924682617188,,,BLE
c6:e1:53:49:06:57,,Misc,2026-09-26 08:21:20,,,-94,26.189926110300586,91.7015649380715,34.332275390625,3.7900924682617188,,76,BLE
59:c8:9f:e9:69:82,,Uncategorized;10,2026-09-26 08:21:20,,7936,-103,26.189926110300586,91.7015649380715,34.332275390625,3.7900924682617188,,76,BLE
6c:c2:51:26:ea:da,,Uncategorized;10,2026-09-26 08:21:20,,7936,-100,26.189926110300586,91.7015649380715,34.332275390625,3.7900924682617188,,76,BLE
d5:29:fa:98:5d:94,,Misc,2026-09-26 08:21:20,,,-104,26.189926110300586,91.7015649380715,34.332275390625,3.7900924682617188,,76,BLE
c2:33:05:68:65:16,,Misc,2026-09-26 08:21:20,,,-87,26.189926110300586,91.7015649380715,34.332275390625,3.7900924682617188,,76,BLE
14:a9:50:b6:c1:ad,,Misc,2026-09-26 08:21:20,,,-84,26.189926110300586,91.7015649380715,34.332275390625,3.7900924682617188,,6,BLE
f9:1f:2b:6e:08:34,Noise lcon 2,Misc,2026-09-26 08:21:20,,,-103,26.189926110300586,91.7015649380715,34.332275390625,3.7900924682617188,,,BLE
03:c6:7e:3a:c2:29,,Misc,2026-09-26 08:21:20,,,-103,26.189926110300586,91.7015649380715,34.332275390625,3.7900924682617188,,6,BLE
bc:07:1d:43:0a:96,Open,[WPA2-PSK-CCMP][RSN-PSK-CCMP][ESS][WPS],2026-09-26 08:21:24,2,2417,-60,26.18990832519601,91.70153172240232,33.683837890625,3.7900924682617188,,,WIFI
c2:07:1d:66:c7:ff,IITG_CONNECT,[WPA2-EAP/SHA1+FT/EAP-CCMP][RSN-EAP/SHA1+FT/EAP-CCMP][ESS],2026-09-26 08:21:24,44,5220,-34,26.18990832519601,91.70153172240232,33.683837890625,3.7900924682617188,,,WIFI
c2:07:1d:66:c7:fe,IITG_CONNECT,[WPA2-EAP/SHA1+FT/EAP-CCMP][RSN-EAP/SHA1+FT/EAP-CCMP][ESS],2026-09-26 08:21:24,11,2462,-42,26.18990832519601,91.70153172240232,33.683837890625,3.7900924682617188,,,WIFI
c2:07:1d:66:c7:b2,IITG_CONNECT,[WPA2-EAP/SHA1+FT/EAP-CCMP][RSN-EAP/SHA1+FT/EAP-CCMP][ESS],2026-09-26 08:21:24,1,2412,-58,26.18990832519601,91.70153172240232,33.683837890625,3.7900924682617188,,,WIFI
44:87:8e:01:32:af,,Misc,2026-09-26 08:21:25,,7936,-103,26.18990347030767,91.70152356199615,33.01904296875,3.7900924682617188,,76,BLE
e2:94:32:0b:65:6b,,Misc,2026-09-26 08:21:30,,,-95,26.18989035316175,91.70147566823414,34.15740966796875,3.7900924682617188,,76,BLE
44:87:8e:01:32:af,,Misc,2026-09-26 08:21:30,,7936,-97,26.18989035316175,91.70147566823414,34.15740966796875,3.7900924682617188,,76,BLE
36:4b:00:69:cc:71,OnePlus Nord CE4 Lite 5G,[WPA2-PSK-CCMP][RSN-PSK+SAE-CCMP][ESS],2026-09-26 08:21:31,44,5220,-87,26.189887056014037,91.70146490360777,34.84820556640625,3.7900924682617188,,,WIFI
60:32:b1:b5:18:95,TP-Link_1895,[WPA2-PSK-CCMP][RSN-PSK-CCMP][ESS][WPS],2026-09-26 08:21:31,9,2452,-75,26.189887056014037,91.70146490360777,34.84820556640625,3.7900924682617188,,,WIFI
07:ce:29:7f:5f:3e,,Uncategorized;10,2026-09-26 08:21:31,,7936,-97,26.189887056014037,91.70146490360777,34.84820556640625,3.7900924682617188,,,BLE
405751_53815_205093376,Assam,LTE;405751,2026-09-26 08:21:32,1351,1351,-105,26.189884557182555,91.70145654232475,36.1070556640625,3.7900924682617188,,,LTE
52:51:00:e1:ce:9c,BLE,Uncategorized;10,2026-09-26 08:21:33,,7936,-98,26.189881995352163,91.70144552888972,36.5352783203125,3.7900924682617188,,,BLE
75:f6:ea:bc:27:31,LAPTOP-HAQUCJTR,Misc,2026-09-26 08:21:33,,7936,-91,26.189881995352163,91.70144552888972,36.5352783203125,3.7900924682617188,,,BLE
dd:22:41:b7:81:36,,Misc,2026-09-26 08:21:35,,,-100,26.189875464696126,91.7014260934298,37.505615234375,3.7900924682617188,,76,BLE
04:66:0c:fd:e5:a6,,Misc,2026-09-26 08:21:35,,,-86,26.189875464696126,91.7014260934298,37.505615234375,3.7900924682617188,,6,BLE
07:ce:29:7f:5f:3e,,Uncategorized;10,2026-09-26 08:21:36,,7936,-92,26.18987051686066,91.70141670573473,38.6414794921875,3.7900924682617188,,,BLE
50:2b:73:2b:6c:41,Mango,[WPA-PSK-TKIP+CCMP][WPA2-PSK-TKIP+CCMP][RSN-PSK-TKIP+CCMP][ESS][WPS],2026-09-26 08:21:37,8,2447,-85,26.189865597665314,91.70140541770988,38.7469482421875,3.7900924682617188,,,WIFI
c2:07:1d:66:c8:01,IITG_CONNECT,[WPA2-EAP/SHA1+FT/EAP-CCMP][RSN-EAP/SHA1+FT/EAP-CCMP][ESS],2026-09-26 08:21:37,44,5220,-61,26.189865597665314,91.70140541770988,38.7469482421875,3.7900924682617188,,,WIFI
bc:22:28:c0:f0:a8,Wander,[WPA2-PSK-CCMP][RSN-PSK-CCMP][ESS],2026-09-26 08:21:37,8,2447,-70,26.189865597665314,91.70140541770988,38.7469482421875,3.7900924682617188,,,WIFI
10:27:f5:4d:27:90,TP-Link_2790,[WPA2-PSK-CCMP][RSN-PSK-CCMP][ESS][WPS],2026-09-26 08:21:37,10,2457,-57,26.189865597665314,91.70140541770988,38.7469482421875,3.7900924682617188,,,WIFI
ee:b9:31:28:5f:14,,[WPA2-PSK-CCMP][RSN-PSK-CCMP][ESS],2026-09-26 08:21:37,4,2427,-85,26.189865597665314,91.70140541770988,38.7469482421875,3.7900924682617188,,,WIFI
60:a4:b7:33:e7:56,Joy,[WPA2-PSK-TKIP+CCMP][RSN-PSK-TKIP+CCMP][ESS][WPS],2026-09-26 08:21:37,10,2457,-65,26.189865597665314,91.70140541770988,38.7469482421875,3.7900924682617188,,,WIFI
88:76:b9:f0:50:fb,deelink,[WPA2-PSK-CCMP][RSN-PSK-CCMP][ESS],2026-09-26 08:21:37,13,2472,-78,26.189865597665314,91.70140541770988,38.7469482421875,3.7900924682617188,,,WIFI
12:83:c8:21:95:bd,AirBass Earbuds,Uncategorized;10,2026-09-26 08:21:38,,7936,-98,26.18986265427432,91.7013979701289,38.4591064453125,3.7900924682617188,,,BLE
55:1c:92:21:e8:4f,realme Buds Air7,Uncategorized,2026-09-26 08:21:40,,7936,-96,26.189856964129063,91.70137953126586,38.0765380859375,3.7900924682617188,,,BLE
12:83:c8:21:95:bd,AirBass Earbuds,Uncategorized;10,2026-09-26 08:21:40,,7936,-98,26.189856964129063,91.70137953126586,38.0765380859375,3.7900924682617188,,1494,BLE
7c:3a:17:77:ea:17,,Uncategorized;10,2026-09-26 08:21:41,,7936,-93,26.1898547341431,91.70137091975596,38.08050537109375,3.7900924682617188,,,BLE
44:87:8e:01:32:af,,Misc,2026-09-26 08:21:42,,7936,-87,26.189852901884006,91.70136254965001,38.0908203125,3.7900924682617188,,76,BLE
56:cd:88:16:27:8f,,Uncategorized;10,2026-09-26 08:21:43,,7936,-95,26.189851244585682,91.70135410560943,38.1622314453125,3.7900924682617188,,,BLE
66:29:f9:16:1b:de,,Uncategorized;10,2026-09-26 08:21:43,,7936,-99,26.189851244585682,91.70135410560943,38.1622314453125,3.7900924682617188,,,BLE
6c:66:8b:3d:48:90,,Uncategorized;10,2026-09-26 08:21:43,,7936,-92,26.189851244585682,91.70135410560943,38.1622314453125,3.7900924682617188,,,BLE
98:03:8e:37:f6:c0,Arnab007,[WPA2-PSK-CCMP][RSN-PSK-CCMP][ESS][WPS],2026-09-26 08:21:44,9,2452,-76,26.189850931707415,91.70134440347806,37.7613525390625,3.7900924682617188,,,WIFI
fe:77:74:bf:56:6c,DESKTOP-20QDR5E 2887,[WPA2-PSK-CCMP][RSN-PSK-CCMP][ESS][WPS],2026-09-26 08:21:44,48,5240,-87,26.189850931707415,91.70134440347806,37.7613525390625,3.7900924682617188,,,WIFI
c2:07:1d:66:c1:99,IITG_CONNECT,[WPA2-EAP/SHA1+FT/EAP-CCMP][RSN-EAP/SHA1+FT/EAP-CCMP][ESS],2026-09-26 08:21:44,161,5805,-83,26.189850931707415,91.70134440347806,37.7613525390625,3.7900924682617188,,,WIFI
c2:07:1d:66:c7:b3,IITG_CONNECT,[WPA2-EAP/SHA1+FT/EAP-CCMP][RSN-EAP/SHA1+FT/EAP-CCMP][ESS],2026-09-26 08:21:44,44,5220,-41,26.189850931707415,91.70134440347806,37.7613525390625,3.7900924682617188,,,WIFI
79:be:2e:8f:c4:dc,,Uncategorized;10,2026-09-26 08:21:44,,7936,-100,26.189850931707415,91.70134440347806,37.7613525390625,3.7900924682617188,,,BLE
79:be:2e:8f:c4:dc,,Uncategorized;10,2026-09-26 08:21:45,,7936,-100,26.189850497468605,91.7013350748118,36.878173828125,3.7900924682617188,,76,BLE
66:29:f9:16:1b:de,,Uncategorized;10,2026-09-26 08:21:45,,7936,-99,26.189850497468605,91.7013350748118,36.878173828125,3.7900924682617188,,76,BLE
db:81:c4:ed:b0:3c,CMF Buds Pro 2,Uncategorized,2026-09-26 08:21:45,,7936,-104,26.189850497468605,91.7013350748118,36.878173828125,3.7900924682617188,,33243,BLE
7c:3a:17:77:ea:17,,Uncategorized;10,2026-09-26 08:21:45,,7936,-101,26.189850497468605,91.7013350748118,36.878173828125,3.7900924682617188,,76,BLE
6c:66:8b:3d:48:90,,Uncategorized;10,2026-09-26 08:21:45,,7936,-99,26.189850497468605,91.7013350748118,36.878173828125,3.7900924682617188,,76,BLE
cd:9e:0c:02:e8:51,,Misc,2026-09-26 08:21:45,,,-102,26.189850497468605,91.7013350748118,36.878173828125,3.7900924682617188,,76,BLE
f5:1f:64:05:cd:63,,Misc,2026-09-26 08:21:45,,,-97,26.189850497468605,91.7013350748118,36.878173828125,3.7900924682617188,,76,BLE
cc:5c:12:51:3d:16,,Misc,2026-09-26 08:21:45,,,-87,26.189850497468605,91.7013350748118,36.878173828125,3.7900924682617188,,76,BLE
7b:b4:f9:49:fe:72,,Misc,2026-09-26 08:21:45,,,-97,26.189850497468605,91.7013350748118,36.878173828125,3.7900924682617188,,,BLE
cf:5f:50:e5:30:ec,,Misc,2026-09-26 08:21:45,,,-99,26.189850497468605,91.7013350748118,36.878173828125,3.7900924682617188,,76,BLE
5e:8f:1f:f0:bc:ce,,Misc,2026-09-26 08:21:45,,7936,-102,26.189850497468605,91.7013350748118,36.878173828125,3.7900924682617188,,76,BLE
46:0e:e9:e7:48:a1,,Misc,2026-09-26 08:21:45,,,-105,26.189850497468605,91.7013350748118,36.878173828125,3.7900924682617188,,76,BLE
2a:24:c0:c5:85:b8,,Misc,2026-09-26 08:21:45,,,-102,26.189850497468605,91.7013350748118,36.878173828125,3.7900924682617188,,,BLE
16:84:b8:6d:61:51,,Misc,2026-09-26 08:21:45,,7936,-99,26.189850497468605,91.7013350748118,36.878173828125,3.7900924682617188,,,BLE
6b:6f:c7:67:9f:9c,,Misc,2026-09-26 08:21:45,,7936,-91,26.189850497468605,91.7013350748118,36.878173828125,3.7900924682617188,,76,BLE
49:0e:48:77:08:95,,Misc,2026-09-26 08:21:45,,7936,-100,26.189850497468605,91.7013350748118,36.878173828125,3.7900924682617188,,76,BLE
0e:2f:c3:ed:b0:3c,CMF Buds Pro 2,Misc,2026-09-26 08:21:45,,7936,-95,26.189850497468605,91.7013350748118,36.878173828125,3.7900924682617188,,,BLE
4c:85:1a:5b:64:74,,Misc,2026-09-26 08:21:45,,,-104,26.189850497468605,91.7013350748118,36.878173828125,3.7900924682617188,,76,BLE
56:cd:88:16:27:8f,,Uncategorized;10,2026-09-26 08:21:45,,7936,-95,26.189850497468605,91.7013350748118,36.878173828125,3.7900924682617188,,76,BLE
20:5e:02:d2:07:25,,Misc,2026-09-26 08:21:45,,,-89,26.189850497468605,91.7013350748118,36.878173828125,3.7900924682617188,,6,BLE
11:e4:db:4f:97:45,,Misc,2026-09-26 08:21:45,,,-103,26.189850497468605,91.7013350748118,36.878173828125,3.7900924682617188,,6,BLE
ec:ac:3c:7a:e9:ca,,Misc,2026-09-26 08:21:45,,,-103,26.189850497468605,91.7013350748118,36.878173828125,3.7900924682617188,,76,BLE
09:ca:b1:32:d5:4d,,Uncategorized;10,2026-09-26 08:21:46,,7936,-106,26.189848281603197,91.70132450028929,36.166259765625,3.7900924682617188,,,BLE
12:83:c8:21:95:bd,AirBass Earbuds,Uncategorized;10,2026-09-26 08:21:47,,7936,-93,26.189844700495918,91.70131709273653,35.73687744140625,9.935046195983887,,1494,BLE
5e:8f:1f:f0:bc:ce,,Misc,2026-09-26 08:21:47,,7936,-96,26.189844700495918,91.70131709273653,35.73687744140625,9.935046195983887,,76,BLE
44:87:8e:01:32:af,,Misc,2026-09-26 08:21:47,,7936,-72,26.189844700495918,91.70131709273653,35.73687744140625,9.935046195983887,,76,BLE
405751_53815_205093376,Assam,LTE;405751,2026-09-26 08:21:48,1351,1351,-97,26.18983985153977,91.70130591553115,35.12603759765625,9.935046195983887,,,LTE
44:87:8e:01:32:af,,Misc,2026-09-26 08:21:49,,7936,-63,26.189835324223402,91.70129404035939,34.21270751953125,9.935046195983887,,76,BLE
09:ca:b1:32:d5:4d,,Uncategorized;10,2026-09-26 08:21:49,,7936,-95,26.189835324223402,91.70129404035939,34.21270751953125,9.935046195983887,,,BLE
32:a1:59:c2:3c:63,,Misc,2026-09-26 08:21:50,,,-98,26.1898317201264,91.70128221955945,33.0084228515625,9.935046195983887,,6,BLE
f8:12:91:0d:01:05,,Misc,2026-09-26 08:21:50,,,-103,26.1898317201264,91.70128221955945,33.0084228515625,9.935046195983887,,76,BLE
41:42:f9:d0:44:35,,Misc,2026-09-26 08:21:50,,,-104,26.1898317201264,91.70128221955945,33.0084228515625,9.935046195983887,,,BLE
5d:a6:6f:f6:36:7a,23272,Uncategorized,2026-09-26 08:21:50,,7936,-102,26.1898317201264,91.70128221955945,33.0084228515625,9.935046195983887,,3275,BLE
c0:fe:8d:28:3f:02,,Misc,2026-09-26 08:21:50,,,-100,26.1898317201264,91.70128221955945,33.0084228515625,9.935046195983887,,,BLE
0d:d5:90:44:e5:eb,,Misc,2026-09-26 08:21:50,,,-97,26.1898317201264,91.70128221955945,33.0084228515625,9.935046195983887,,,BLE
8c:86:dd:93:74:04,Cronos,[WPA2-PSK-CCMP][RSN-PSK-CCMP][ESS][WPS],2026-09-26 08:21:50,2,2417,-56,26.1898317201264,91.70128221955945,33.0084228515625,9.935046195983887,,,WIFI
e4:fa:c4:0c:b9:5e,TP-Link_B95E,[WPA2-PSK-CCMP][RSN-PSK-CCMP][ESS][WPS],2026-09-26 08:21:50,4,2427,-60,26.1898317201264,91.70128221955945,33.0084228515625,9.935046195983887,,,WIFI
c2:07:1d:66:c1:99,IITG_CONNECT,[WPA2-EAP/SHA1+FT/EAP-CCMP][RSN-EAP/SHA1+FT/EAP-CCMP][ESS],2026-09-26 08:21:50,161,5805,-70,26.1898317201264,91.70128221955945,33.0084228515625,9.935046195983887,,,WIFI
24:2f:d0:c2:08:c2,Gulaab Jamun,[WPA2-PSK-TKIP+CCMP][RSN-PSK-TKIP+CCMP][ESS][WPS],2026-09-26 08:21:50,3,2422,-55,26.1898317201264,91.70128221955945,33.0084228515625,9.935046195983887,,,WIFI
c0:c9:e3:b8:b8:fe,Nehra,[WPA-PSK-CCMP][WPA2-PSK-CCMP][RSN-PSK-CCMP][ESS][WPS],2026-09-26 08:21:50,4,2427,-74,26.1898317201264,91.70128221955945,33.0084228515625,9.935046195983887,,,WIFI
ec:75:0c:e4:6d:ce,TP-Link_6DCE,[WPA2-PSK-CCMP][RSN-PSK-CCMP][ESS][WPS],2026-09-26 08:21:50,10,2457,-72,26.1898317201264,91.70128221955945,33.0084228515625,9.935046195983887,,,WIFI
f0:09:0d:5a:7b:b8,Dev,[WPA2-PSK-CCMP][RSN-PSK-CCMP][ESS][WPS],2026-09-26 08:21:50,4,2427,-62,26.1898317201264,91.70128221955945,33.0084228515625,9.935046195983887,,,WIFI
c2:07:1d:66:c7:b3,IITG_CONNECT,[WPA2-EAP/SHA1+FT/EAP-CCMP][RSN-EAP/SHA1+FT/EAP-CCMP][ESS],2026-09-26 08:21:50,44,5220,-36,26.1898317201264,91.70128221955945,33.0084228515625,9.935046195983887,,,WIFI
c2:07:1d:66:c7:b2,IITG_CONNECT,[WPA2-EAP/SHA1+FT/EAP-CCMP][RSN-EAP/SHA1+FT/EAP-CCMP][ESS],2026-09-26 08:21:50,1,2412,-52,26.1898317201264,91.70128221955945,33.0084228515625,9.935046195983887,,,WIFI
c8:3a:35:84:38:98,hands_free_thakur,[WPA-PSK-CCMP][ESS],2026-09-26 08:21:50,6,2437,-81,26.1898317201264,91.70128221955945,33.0084228515625,9.935046195983887,,,WIFI
f2:75:0c:7c:cb:06,IITG_CONNECT,[WPA2-EAP/SHA1+FT/EAP-CCMP][RSN-EAP/SHA1+FT/EAP-CCMP][ESS],2026-09-26 08:21:50,6,2437,-82,26.1898317201264,91.70128221955945,33.0084228515625,9.935046195983887,,,WIFI
1a:5a:40:a5:24:f8,,Uncategorized;10,2026-09-26 08:21:51,,7936,-102,26.189828949406856,91.70127122284259,31.978271484375,9.935046195983887,,,BLE
5b:c5:3c:c1:6f:28,,Uncategorized;10,2026-09-26 08:21:52,,7936,-100,26.18982092662346,91.70125154339537,31.19830322265625,9.935046195983887,,,BLE
69:c9:4d:a5:26:2f,,Uncategorized;10,2026-09-26 08:21:52,,7936,-99,26.18982092662346,91.70125154339537,31.19830322265625,9.935046195983887,,,BLE
7a:9d:02:51:8f:3a,ASUS,Uncategorized;10,2026-09-26 08:21:55,,7936,-101,26.189815554271185,91.70122881384621,29.700927734375,9.935046195983887,,,BLE
b0:a4:60:b7:b2:b2,ASUS,Laptop;10,2026-09-26 08:21:55,,268,-93,26.189815554271185,91.70122881384621,29.700927734375,9.935046195983887,,,BT
14:d2:03:6a:b9:e8,,Misc,2026-09-26 08:21:55,,,-101,26.189815554271185,91.70122881384621,29.700927734375,9.935046195983887,,,BLE
6d:01:31:a7:d3:bc,,Misc,2026-09-26 08:21:55,,,-105,26.189815554271185,91.70122881384621,29.700927734375,9.935046195983887,,76,BLE
0a:8d:9d:81:46:92,,Misc,2026-09-26 08:21:55,,,-103,26.189815554271185,91.70122881384621,29.700927734375,9.935046195983887,,6,BLE
46:0c:72:77:00:76,,Misc,2026-09-26 08:21:55,,7936,-103,26.189815554271185,91.70122881384621,29.700927734375,9.935046195983887,,,BLE
36:5c:23:71:da:e7,,Misc,2026-09-26 08:21:55,,,-99,26.189815554271185,91.70122881384621,29.700927734375,9.935046195983887,,6,BLE
0b:28:5e:8b:a8:e6,,Misc,2026-09-26 08:21:55,,,-91,26.189815554271185,91.70122881384621,29.700927734375,9.935046195983887,,,BLE
13:45:2e:61:7b:97,,Misc,2026-09-26 08:21:55,,,-83,26.189815554271185,91.70122881384621,29.700927734375,9.935046195983887,,6,BLE
69:c9:4d:a5:26:2f,,Uncategorized;10,2026-09-26 08:21:55,,7936,-103,26.189815554271185,91.70122881384621,29.700927734375,9.935046195983887,,76,BLE
0e:2f:c3:ed:b0:3c,CMF Buds Pro 2,Misc,2026-09-26 08:21:55,,7936,-89,26.189815554271185,91.70122881384621,29.700927734375,9.935046195983887,,33243,BLE
7a:e2:2f:91:4c:0c,Prime80,Uncategorized,2026-09-26 08:21:55,,7936,-99,26.189815554271185,91.70122881384621,29.700927734375,9.935046195983887,,58744,BLE
11:e4:db:4f:97:45,,Misc,2026-09-26 08:21:55,,,-90,26.189815554271185,91.70122881384621,29.700927734375,9.935046195983887,,6,BLE
dd:22:41:b7:81:36,,Misc,2026-09-26 08:21:55,,,-72,26.189815554271185,91.70122881384621,29.700927734375,9.935046195983887,,76,BLE
41:42:b7:79:ae:2e,450ANC_BLE,Uncategorized,2026-09-26 08:21:55,,7936,-92,26.189815554271185,91.70122881384621,29.700927734375,9.935046195983887,,,BLE
c0:a0:bb:18:29:64,seth_wifi,[WPA-PSK-TKIP+CCMP][WPA2-PSK-TKIP+CCMP][RSN-PSK-TKIP+CCMP][ESS][WPS],2026-09-26 08:21:57,1,2412,-75,26.1898144312312,91.70120942188777,28.70367431640625,9.935046195983887,,,WIFI
bc:22:28:c0:f0:c0,R04-F0C0,[WPA2-PSK-CCMP][RSN-PSK-CCMP][ESS],2026-09-26 08:21:57,12,2467,-85,26.1898144312312,91.70120942188777,28.70367431640625,9.935046195983887,,,WIFI
e4:fa:c4:0c:b9:5e,TP-Link_B95E,[WPA2-PSK-CCMP][RSN-PSK-CCMP][ESS][WPS],2026-09-26 08:21:57,4,2427,-53,26.1898144312312,91.70120942188777,28.70367431640625,9.935046195983887,,,WIFI
fe:77:74:bf:56:6c,DESKTOP-20QDR5E 2887,[WPA2-PSK-CCMP][RSN-PSK-CCMP][ESS][WPS],2026-09-26 08:21:57,48,5240,-74,26.1898144312312,91.70120942188777,28.70367431640625,9.935046195983887,,,WIFI
c2:07:1d:66:c1:98,IITG_CONNECT,[WPA2-EAP/SHA1+FT/EAP-CCMP][RSN-EAP/SHA1+FT/EAP-CCMP][ESS],2026-09-26 08:21:57,1,2412,-73,26.1898144312312,91.70120942188777,28.70367431640625,9.935046195983887,,,WIFI
64:29:43:99:a9:de,HomeNet,[WPA2-PSK-CCMP][RSN-PSK-CCMP][ESS],2026-09-26 08:21:57,7,2442,-81,26.1898144312312,91.70120942188777,28.70367431640625,9.935046195983887,,,WIFI
7c:a9:6b:d3:e0:25,FTTH,[WPA-PSK-TKIP][WPA2-PSK+FT/PSK-CCMP][RSN-PSK+FT/PSK-CCMP][ESS],2026-09-26 08:21:57,7,2442,-85,26.1898144312312,91.70120942188777,28.70367431640625,9.935046195983887,,,WIFI
50:91:e3:58:70:72,IITG_DISCONNECT,[WPA2-PSK-CCMP][RSN-PSK-CCMP][ESS][WPS],2026-09-26 08:21:57,2,2417,-73,26.1898144312312,91.70120942188777,28.70367431640625,9.935046195983887,,,WIFI
c2:07:1d:66:c7:b2,IITG_CONNECT,[WPA2-EAP/SHA1+FT/EAP-CCMP][RSN-EAP/SHA1+FT/EAP-CCMP][ESS],2026-09-26 08:21:57,1,2412,-29,26.1898144312312,91.70120942188777,28.70367431640625,9.935046195983887,,,WIFI
40:3f:8c:9b:cf:2c,Atrim,[WPA2-PSK-TKIP+CCMP][RSN-PSK-TKIP+CCMP][ESS][WPS],2026-09-26 08:21:57,3,2422,-50,26.1898144312312,91.70120942188777,28.70367431640625,9.935046195983887,,,WIFI
4a:4c:66:77:c6:27,,Uncategorized;10,2026-09-26 08:21:58,,7936,-102,26.189813013092266,91.70120044155978,27.08416748046875,9.935046195983887,,,BLE
32:a1:59:c2:3c:63,,Misc,2026-09-26 08:22:00,,,-92,26.189803014274283,91.70117906825962,24.9559326171875,9.935046195983887,,6,BLE
2f:ab:ea:3d:01:65,,Misc,2026-09-26 08:22:00,,,-105,26.189803014274283,91.70117906825962,24.9559326171875,9.935046195983887,,,BLE
c3:23:05:96:30:45,"Noise Airwave Max XR ",Misc,2026-09-26 08:22:00,,7936,-101,26.189803014274283,91.70117906825962,24.9559326171875,9.935046195983887,,9155,BLE
6c:66:8b:3d:48:90,,Uncategorized;10,2026-09-26 08:22:00,,7936,-92,26.189803014274283,91.70117906825962,24.9559326171875,9.935046195983887,,76,BLE
20:5e:02:d2:07:25,,Misc,2026-09-26 08:22:00,,,-84,26.189803014274283,91.70117906825962,24.9559326171875,9.935046195983887,,6,BLE
64:6d:90:61:ec:8f,OnePlus Nord Buds 3 Pro,Misc,2026-09-26 08:22:00,,,-90,26.189803014274283,91.70117906825962,24.9559326171875,9.935046195983887,,,BLE
4c:96:48:57:7a:03,,Misc,2026-09-26 08:22:00,,,-103,26.189803014274283,91.70117906825962,24.9559326171875,9.935046195983887,,1946,BLE
88:92:cc:c0:97:cd,WH-CH720N,Misc,2026-09-26 08:22:00,,7936,-103,26.189803014274283,91.70117906825962,24.9559326171875,9.935046195983887,,,BLE
c0:fe:8d:28:3f:02,,Misc,2026-09-26 08:22:00,,,-87,26.189803014274283,91.70117906825962,24.9559326171875,9.935046195983887,,,BLE
4a:4c:66:77:c6:27,,Uncategorized;10,2026-09-26 08:22:00,,7936,-102,26.189803014274283,91.70117906825962,24.9559326171875,9.935046195983887,,76,BLE
c2:07:1d:66:c2:0c,IITG_CONNECT,[WPA2-EAP/SHA1+FT/EAP-CCMP][RSN-EAP/SHA1+FT/EAP-CCMP][ESS],2026-09-26 08:22:03,11,2462,-87,26.189793071424916,91.70115118465749,23.22705078125,9.935046195983887,,,WIFI
b2:a4:60:b7:b2:ae,ASUS 9886,[WPA2-PSK-CCMP][RSN-PSK-CCMP][ESS][WPS],2026-09-26 08:22:03,40,5200,-87,26.189793071424916,91.70115118465749,23.22705078125,9.935046195983887,,,WIFI
30:68:93:3d:57:b0,TP-Link_57B0,[WPA2-PSK-CCMP][RSN-PSK-CCMP][ESS][WPS],2026-09-26 08:22:03,10,2457,-82,26.189793071424916,91.70115118465749,23.22705078125,9.935046195983887,,,WIFI
7c:f1:7e:6d:41:98,TP-Link_4198,[WPA2-PSK-CCMP][RSN-PSK-CCMP][ESS][WPS],2026-09-26 08:22:03,3,2422,-67,26.189793071424916,91.70115118465749,23.22705078125,9.935046195983887,,,WIFI
0e:74:57:ad:14:3d,realme 15 Pro 5G 5C6A,[WPA2-PSK-CCMP][RSN-PSK+SAE-CCMP][ESS],2026-09-26 08:22:03,6,2437,-84,26.189793071424916,91.70115118465749,23.22705078125,9.935046195983887,,,WIFI
84:d8:1b:13:00:00,TP-Link_0000,[WPA2-PSK-CCMP][RSN-PSK-CCMP][ESS][WPS],2026-09-26 08:22:03,9,2452,-82,26.189793071424916,91.70115118465749,23.22705078125,9.935046195983887,,,WIFI
50:91:e3:c8:d2:40,TP-Link_D240,[WPA2-PSK-CCMP][RSN-PSK-CCMP][ESS][WPS],2026-09-26 08:22:03,3,2422,-70,26.189793071424916,91.70115118465749,23.22705078125,9.935046195983887,,,WIFI
04:ba:d6:13:7e:e4,DOMMARAJU's,[WPA2-PSK-CCMP][RSN-PSK-CCMP][ESS],2026-09-26 08:22:03,13,2472,-80,26.189793071424916,91.70115118465749,23.22705078125,9.935046195983887,,,WIFI
40:86:cb:81:d7:ba,Golden_Guest,[WPA2-PSK-CCMP][RSN-PSK-CCMP][ESS],2026-09-26 08:22:03,13,2472,-86,26.189793071424916,91.70115118465749,23.22705078125,9.935046195983887,,,WIFI
64:29:43:99:a1:5a,A248,[WPA2-PSK-CCMP][RSN-PSK-CCMP][ESS],2026-09-26 08:22:03,1,2412,-74,26.189793071424916,91.70115118465749,23.22705078125,9.935046195983887,,,WIFI
64:29:43:9a:1d:75,SID_WIFI,[WPA2-PSK-CCMP][RSN-PSK-CCMP][ESS],2026-09-26 08:22:03,7,2442,-86,26.189793071424916,91.70115118465749,23.22705078125,9.935046195983887,,,WIFI
4a:4c:66:77:c6:27,,Uncategorized;10,2026-09-26 08:22:04,,7936,-89,26.189786946391276,91.7011464304066,23.897216796875,9.935046195983887,,76,BLE
6d:01:31:a7:d3:bc,,Misc,2026-09-26 08:22:05,,,-88,26.189781736123674,91.70114833628597,23.8663330078125,9.935046195983887,,76,BLE
6f:34:96:43:32:9a,OnePlus Nord Buds 3r,Misc,2026-09-26 08:22:05,,,-103,26.189781736123674,91.70114833628597,23.8663330078125,9.935046195983887,,,BLE
46:0c:72:77:00:76,,Misc,2026-09-26 08:22:09,,7936,-90,26.18977410878098,91.70117965667163,23.3895263671875,9.935046195983887,,,BLE
c2:07:1d:66:c1:98,IITG_CONNECT,[WPA2-EAP/SHA1+FT/EAP-CCMP][RSN-EAP/SHA1+FT/EAP-CCMP][ESS],2026-09-26 08:22:10,1,2412,-67,26.189777047051088,91.7011852439744,23.6962890625,9.935046195983887,,,WIFI
ce:f9:f0:33:42:80,DIRECT-C702F7718,[WPA2-PSK-CCMP][RSN-PSK-CCMP][ESS][WPS],2026-09-26 08:22:10,36,5180,-88,26.189777047051088,91.7011852439744,23.6962890625,9.935046195983887,,,WIFI
a8:42:a1:88:11:c4,TP-Link_11C4,[WPA2-PSK-CCMP][RSN-PSK-CCMP][ESS][WPS],2026-09-26 08:22:10,4,2427,-60,26.189777047051088,91.7011852439744,23.6962890625,9.935046195983887,,,WIFI
8e:86:dd:93:74:04,Prism,[WPA-PSK-CCMP][WPA2-PSK-CCMP][RSN-PSK-CCMP][ESS],2026-09-26 08:22:10,2,2417,-62,26.189777047051088,91.7011852439744,23.6962890625,9.935046195983887,,,WIFI
ec:ac:3c:7a:e9:ca,,Misc,2026-09-26 08:22:10,,,-98,26.189777047051088,91.7011852439744,23.6962890625,9.935046195983887,,76,BLE
ef:00:8c:92:6c:c8,,Misc,2026-09-26 08:22:10,,,-101,26.189777047051088,91.7011852439744,23.6962890625,9.935046195983887,,76,BLE
c1:31:f1:5c:29:4b,,Misc,2026-09-26 08:22:10,,,-101,26.189777047051088,91.7011852439744,23.6962890625,9.935046195983887,,76,BLE
42:0c:24:13:7d:00,,Misc,2026-09-26 08:22:10,,,-102,26.189777047051088,91.7011852439744,23.6962890625,9.935046195983887,,76,BLE
4c:85:1a:5b:64:74,,Misc,2026-09-26 08:22:10,,,-95,26.189777047051088,91.7011852439744,23.6962890625,9.935046195983887,,76,BLE
d3:87:c3:85:68:ae,,Misc,2026-09-26 08:22:10,,,-102,26.189777047051088,91.7011852439744,23.6962890625,9.935046195983887,,76,BLE
6b:6f:c7:67:9f:9c,,Misc,2026-09-26 08:22:15,,7936,-75,26.189785014055946,91.70122945919404,23.59735107421875,9.935046195983887,,76,BLE
db:81:c4:ed:b0:3c,CMF Buds Pro 2,Uncategorized,2026-09-26 08:22:15,,7936,-94,26.189785014055946,91.70122945919404,23.59735107421875,9.935046195983887,,33243,BLE
dd:22:41:b7:81:36,,Misc,2026-09-26 08:22:15,,,-60,26.189785014055946,91.70122945919404,23.59735107421875,9.935046195983887,,76,BLE
16:84:b8:6d:61:51,,Misc,2026-09-26 08:22:15,,7936,-92,26.189785014055946,91.70122945919404,23.59735107421875,9.935046195983887,,,BLE
e6:01:b1:c1:fd:9b,,Misc,2026-09-26 08:22:15,,,-94,26.189785014055946,91.70122945919404,23.59735107421875,9.935046195983887,,76,BLE
5d:a6:6f:f6:36:7a,23272,Uncategorized,2026-09-26 08:22:15,,7936,-92,26.189785014055946,91.70122945919404,23.59735107421875,9.935046195983887,,3275,BLE
3c:52:a1:64:fd:28,TP-Link_FD28,[WPA2-PSK-CCMP][RSN-PSK-CCMP][ESS],2026-09-26 08:22:17,9,2452,-69,26.189790018869278,91.70124982138957,23.31451416015625,9.935046195983887,,,WIFI
78:20:51:c9:29:ba,TP-Link_29BA,[WPA2-PSK-TKIP+CCMP][RSN-PSK-TKIP+CCMP][ESS][WPS],2026-09-26 08:22:17,10,2457,-73,26.189790018869278,91.70124982138957,23.31451416015625,9.935046195983887,,,WIFI
65:98:38:a6:82:1c,,Uncategorized;10,2026-09-26 08:22:19,,7936,-95,26.189794191794327,91.70127092064038,23.499755859375,9.935046195983887,,,BLE
4f:1d:42:e5:e3:75,,Uncategorized;10,2026-09-26 08:22:19,,7936,-95,26.189794191794327,91.70127092064038,23.499755859375,9.935046195983887,,,BLE
4f:1d:42:e5:e3:75,,Uncategorized;10,2026-09-26 08:22:20,,7936,-96,26.18979797956618,91.70128420684954,22.997802734375,9.935046195983887,,76,BLE
25:e2:37:82:96:e9,,Misc,2026-09-26 08:22:20,,,-104,26.18979797956618,91.70128420684954,22.997802734375,9.935046195983887,,6,BLE
ec:b9:31:28:5f:14,TP-Link_5F14,[WPA2-PSK-CCMP][RSN-PSK-CCMP][ESS][WPS],2026-09-26 08:22:23,4,2427,-77,26.189806412655123,91.70131014007043,22.0361328125,9.935046195983887,,,WIFI
ea:93:e6:a9:81:7b,,Misc,2026-09-26 08:22:25,,,-100,26.189810162583125,91.70133022877269,21.59161376953125,9.935046195983887,,76,BLE
37:0c:16:23:ac:e2,,Misc,2026-09-26 08:22:25,,,-96,26.189810162583125,91.70133022877269,21.59161376953125,9.935046195983887,,,BLE
c2:07:1d:66:c8:01,IITG_CONNECT,[WPA2-EAP/SHA1+FT/EAP-CCMP][RSN-EAP/SHA1+FT/EAP-CCMP][ESS],2026-09-26 08:22:30,44,5220,-52,26.189787181426485,91.7013623739483,18.064697265625,9.935046195983887,,,WIFI
c2:07:1d:66:c8:00,IITG_CONNECT,[WPA2-EAP/SHA1+FT/EAP-CCMP][RSN-EAP/SHA1+FT/EAP-CCMP][ESS],2026-09-26 08:22:30,11,2462,-45,26.189787181426485,91.7013623739483,18.064697265625,9.935046195983887,,,WIFI
40:86:cb:27:ae:94,DIR-615-AE93,[WPA2-PSK-CCMP][RSN-PSK-CCMP][ESS],2026-09-26 08:22:30,1,2412,-74,26.189787181426485,91.7013623739483,18.064697265625,9.935046195983887,,,WIFI
c2:07:1d:66:c7:9f,IITG_CONNECT,[WPA2-EAP/SHA1+FT/EAP-CCMP][RSN-EAP/SHA1+FT/EAP-CCMP][ESS],2026-09-26 08:22:30,40,5200,-63,26.189787181426485,91.7013623739483,18.064697265625,9.935046195983887,,,WIFI
60:a4:b7:33:e7:56,Joy,[WPA2-PSK-TKIP+CCMP][RSN-PSK-TKIP+CCMP][ESS][WPS],2026-09-26 08:22:30,10,2457,-55,26.189787181426485,91.7013623739483,18.064697265625,9.935046195983887,,,WIFI
c0:e0:43:c2:0d:94,Ion ANC_BLE,Misc,2026-09-26 08:22:30,,7936,-101,26.189787181426485,91.7013623739483,18.064697265625,9.935046195983887,,,BLE
e2:94:32:0b:65:6b,,Misc,2026-09-26 08:22:30,,,-84,26.189787181426485,91.7013623739483,18.064697265625,9.935046195983887,,76,BLE
c2:07:1d:66:c8:01,IITG_CONNECT,[WPA2-EAP/SHA1+FT/EAP-CCMP][RSN-EAP/SHA1+FT/EAP-CCMP][ESS],2026-09-26 08:22:33,44,5220,-38,26.189760124071267,91.70137643796416,14.10198974609375,9.935046195983887,,,WIFI
54:af:97:9f:fc:8e,Spin,[WPA2-PSK-CCMP][RSN-PSK-CCMP][ESS][WPS],2026-09-26 08:22:33,3,2422,-86,26.189760124071267,91.70137643796416,14.10198974609375,9.935046195983887,,,WIFI
3c:6a:d2:4e:f3:00,TP-Link_F300,[WPA2-PSK-CCMP][RSN-PSK-CCMP][ESS][WPS],2026-09-26 08:22:33,2,2417,-74,26.189760124071267,91.70137643796416,14.10198974609375,9.935046195983887,,,WIFI
bc:22:28:c0:f0:a8,Wander,[WPA2-PSK-CCMP][RSN-PSK-CCMP][ESS],2026-09-26 08:22:33,8,2447,-61,26.189760124071267,91.70137643796416,14.10198974609375,9.935046195983887,,,WIFI
60:a4:b7:33:e7:56,Joy,[WPA2-PSK-TKIP+CCMP][RSN-PSK-TKIP+CCMP][ESS][WPS],2026-09-26 08:22:33,10,2457,-49,26.189760124071267,91.70137643796416,14.10198974609375,9.935046195983887,,,WIFI
3c:33:62:75:08:47,,Misc,2026-09-26 08:22:40,,,-87,26.189699507138656,91.70140625506092,7.41583251953125,9.935046195983887,,,BLE
dc:ea:e7:b1:38:e9,Sirkumsized,[WPA2-PSK-CCMP][RSN-PSK-CCMP][ESS][WPS],2026-09-26 08:22:41,1,2412,-83,26.189691548725218,91.7014115260662,6.699859619140625,9.935046195983887,,,WIFI
98:ba:5f:97:79:20,B4-323,[WPA2-PSK-TKIP+CCMP][RSN-PSK-TKIP+CCMP][ESS][WPS],2026-09-26 08:22:41,3,2422,-88,26.189691548725218,91.7014115260662,6.699859619140625,9.935046195983887,,,WIFI
88:76:b9:f0:54:ef,Sarthak's wifi,[WPA2-PSK-CCMP][RSN-PSK-CCMP][ESS][WPS],2026-09-26 08:22:41,13,2472,-65,26.189691548725218,91.7014115260662,6.699859619140625,9.935046195983887,,,WIFI
13:07:0a:f5:72:b2,,Uncategorized;10,2026-09-26 08:22:42,,7936,-97,26.18967919869009,91.701420967476,6.932769775390625,9.935046195983887,,,BLE
5e:8f:1f:f0:bc:ce,,Misc,2026-09-26 08:22:47,,7936,-90,26.189642457540565,91.70143799815224,2.94793701171875,10.211196899414062,,76,BLE
8c:86:dd:93:74:04,Cronos,[WPA2-PSK-CCMP][RSN-PSK-CCMP][ESS][WPS],2026-09-26 08:22:48,2,2417,-46,26.189633507589658,91.70144312109655,3.144683837890625,10.30289077758789,,,WIFI
e4:fa:c4:0c:c6:d2,TheEldians,[WPA2-PSK-CCMP][RSN-PSK-CCMP][ESS][WPS],2026-09-26 08:22:48,4,2427,-79,26.189633507589658,91.70144312109655,3.144683837890625,10.30289077758789,,,WIFI
8e:86:dd:93:74:04,Prism,[WPA-PSK-CCMP][WPA2-PSK-CCMP][RSN-PSK-CCMP][ESS],2026-09-26 08:22:48,2,2417,-47,26.189633507589658,91.70144312109655,3.144683837890625,10.30289077758789,,,WIFI
7c:66:22:d1:03:0a,,Uncategorized;10,2026-09-26 08:22:48,,7936,-104,26.189633507589658,91.70144312109655,3.144683837890625,10.30289077758789,,,BLE
58:5b:95:71:08:24,,Uncategorized;10,2026-09-26 08:22:49,,7936,-95,26.189624475132263,91.70144580107569,3.566864013671875,10.281391143798828,,,BLE
67:50:8a:b6:1c:eb,,Uncategorized;10,2026-09-26 08:22:49,,7936,-97,26.189624475132263,91.70144580107569,3.566864013671875,10.281391143798828,,,BLE
7b:e2:50:b5:57:d0,,Uncategorized;10,2026-09-26 08:22:49,,7936,-94,26.189624475132263,91.70144580107569,3.566864013671875,10.281391143798828,,,BLE
49:0e:48:77:08:95,,Misc,2026-09-26 08:22:49,,7936,-94,26.189624475132263,91.70144580107569,3.566864013671875,10.281391143798828,,76,BLE
7c:66:22:d1:03:0a,,Uncategorized;10,2026-09-26 08:22:49,,7936,-91,26.189624475132263,91.70144580107569,3.566864013671875,10.281391143798828,,,BLE
67:50:8a:b6:1c:eb,,Uncategorized;10,2026-09-26 08:22:50,,7936,-96,26.189615865857387,91.70144033633238,3.733551025390625,10.29116153717041,,76,BLE
58:55:68:68:b5:c9,,Misc,2026-09-26 08:22:50,,7936,-97,26.189615865857387,91.70144033633238,3.733551025390625,10.29116153717041,,76,BLE
64:6d:90:61:ec:8f,OnePlus Nord Buds 3 Pro,Misc,2026-09-26 08:22:50,,,-65,26.189615865857387,91.70144033633238,3.733551025390625,10.29116153717041,,,BLE
f8:6e:a4:ff:75:1b,,Misc,2026-09-26 08:22:50,,,-102,26.189615865857387,91.70144033633238,3.733551025390625,10.29116153717041,,76,BLE
58:5b:95:71:08:24,,Uncategorized;10,2026-09-26 08:22:50,,7936,-96,26.189615865857387,91.70144033633238,3.733551025390625,10.29116153717041,,76,BLE
7c:66:22:d1:03:0a,,Uncategorized;10,2026-09-26 08:22:50,,7936,-104,26.189615865857387,91.70144033633238,3.733551025390625,10.29116153717041,,76,BLE
7b:e2:50:b5:57:d0,,Uncategorized;10,2026-09-26 08:22:50,,7936,-94,26.189615865857387,91.70144033633238,3.733551025390625,10.29116153717041,,76,BLE
64:29:43:4e:3e:7c,Not_Confined,[WPA2-PSK-CCMP][RSN-PSK-CCMP][ESS][WPS],2026-09-26 08:22:55,6,2437,-75,26.189593757264834,91.70139787584039,2.600311279296875,10.225926399230957,,,WIFI
ba:fb:b3:2c:b2:ca,,[WPA2-PSK-CCMP][RSN-PSK-CCMP][ESS],2026-09-26 08:22:55,157,5785,-87,26.189593757264834,91.70139787584039,2.600311279296875,10.225926399230957,,,WIFI
c2:07:1d:66:c1:98,IITG_CONNECT,[WPA2-EAP/SHA1+FT/EAP-CCMP][RSN-EAP/SHA1+FT/EAP-CCMP][ESS],2026-09-26 08:22:55,1,2412,-55,26.189593757264834,91.70139787584039,2.600311279296875,10.225926399230957,,,WIFI
c2:07:1d:66:c1:99,IITG_CONNECT,[WPA2-EAP/SHA1+FT/EAP-CCMP][RSN-EAP/SHA1+FT/EAP-CCMP][ESS],2026-09-26 08:22:55,161,5805,-52,26.189593757264834,91.70139787584039,2.600311279296875,10.225926399230957,,,WIFI
a8:6e:84:0b:9c:e4,MONKEY.D.LUFFY,[WPA2-PSK-CCMP][RSN-PSK-CCMP][ESS],2026-09-26 08:22:55,153,5765,-85,26.189593757264834,91.70139787584039,2.600311279296875,10.225926399230957,,,WIFI
a8:6e:84:0b:9c:e2,LUFFY,[WPA2-PSK-CCMP][RSN-PSK-CCMP][ESS],2026-09-26 08:22:55,9,2452,-70,26.189593757264834,91.70139787584039,2.600311279296875,10.225926399230957,,,WIFI
c2:07:1d:66:c8:92,IITG_CONNECT,[WPA2-EAP/SHA1+FT/EAP-CCMP][RSN-EAP/SHA1+FT/EAP-CCMP][ESS],2026-09-26 08:22:55,11,2462,-84,26.189593757264834,91.70139787584039,2.600311279296875,10.225926399230957,,,WIFI
b8:fb:b3:4c:b2:ca,tplink123_5G,[WPA2-PSK-CCMP][RSN-PSK-CCMP][ESS][WPS],2026-09-26 08:22:55,157,5785,-85,26.189593757264834,91.70139787584039,2.600311279296875,10.225926399230957,,,WIFI
e8:65:d4:9e:89:d8,Fit_Nerd :),[WPA2-PSK-CCMP][RSN-PSK-CCMP][ESS][WPS],2026-09-26 08:22:55,153,5765,-83,26.189593757264834,91.70139787584039,2.600311279296875,10.225926399230957,,,WIFI
07:c1:64:17:71:4a,,Misc,2026-09-26 08:22:55,,,-96,26.189593757264834,91.70139787584039,2.600311279296875,10.225926399230957,,6,BLE
54:70:a0:98:71:2e,,Misc,2026-09-26 08:22:55,,7936,-99,26.189593757264834,91.70139787584039,2.600311279296875,10.225926399230957,,76,BLE
1c:d5:05:33:7a:1d,,Misc,2026-09-26 08:22:55,,,-103,26.189593757264834,91.70139787584039,2.600311279296875,10.225926399230957,,6,BLE
23:d9:e1:a8:ff:89,,Misc,2026-09-26 08:22:55,,,-102,26.189593757264834,91.70139787584039,2.600311279296875,10.225926399230957,,,BLE
7c:66:22:d1:03:0a,,Uncategorized;10,2026-09-26 08:22:55,,7936,-92,26.189593757264834,91.70139787584039,2.600311279296875,10.225926399230957,,76,BLE
41:42:b7:79:ae:2e,450ANC_BLE,Uncategorized,2026-09-26 08:22:55,,7936,-79,26.189593757264834,91.70139787584039,2.600311279296875,10.225926399230957,,,BLE
6c:66:8b:3d:48:90,,Uncategorized;10,2026-09-26 08:23:00,,7936,-85,26.18958633576203,91.70133917993111,1.00445556640625,10.394829750061035,,76,BLE
36:5c:23:71:da:e7,,Misc,2026-09-26 08:23:00,,,-91,26.18958633576203,91.70133917993111,1.00445556640625,10.394829750061035,,6,BLE
5e:8f:1f:f0:bc:ce,,Misc,2026-09-26 08:23:00,,7936,-72,26.18958633576203,91.70133917993111,1.00445556640625,10.394829750061035,,76,BLE
f8:12:91:0d:01:05,,Misc,2026-09-26 08:23:00,,,-93,26.18958633576203,91.70133917993111,1.00445556640625,10.394829750061035,,76,BLE
66:29:f9:16:1b:de,,Uncategorized;10,2026-09-26 08:23:00,,7936,-93,26.18958633576203,91.70133917993111,1.00445556640625,10.394829750061035,,76,BLE
7a:9d:02:51:8f:3a,ASUS,Uncategorized;10,2026-09-26 08:23:00,,7936,-90,26.18958633576203,91.70133917993111,1.00445556640625,10.394829750061035,,,BLE
66:29:f9:16:1b:de,,Uncategorized;10,2026-09-26 08:23:00,,7936,-87,26.18958633576203,91.70133917993111,1.00445556640625,10.394829750061035,,76,BLE
6c:4c:bc:ae:1f:5e,Enjoy,[WPA2-PSK-CCMP][RSN-PSK-CCMP][ESS][WPS],2026-09-26 08:23:02,10,2457,-69,26.189575972174133,91.701309915118,1.5826416015625,10.237109184265137,,,WIFI
40:86:cb:2a:d8:c4,Shivkailash,[WPA2-PSK-CCMP][RSN-PSK-CCMP][ESS],2026-09-26 08:23:02,12,2467,-72,26.189575972174133,91.701309915118,1.5826416015625,10.237109184265137,,,WIFI
c2:07:1d:66:c1:99,IITG_CONNECT,[WPA2-EAP/SHA1+FT/EAP-CCMP][RSN-EAP/SHA1+FT/EAP-CCMP][ESS],2026-09-26 08:23:02,161,5805,-42,26.189575972174133,91.701309915118,1.5826416015625,10.237109184265137,,,WIFI
b0:a4:60:b7:b2:b2,ASUS,Laptop;10,2026-09-26 08:23:02,,268,-80,26.189575972174133,91.701309915118,1.5826416015625,10.237109184265137,,,BT
5b:c5:3c:c1:6f:28,,Uncategorized;10,2026-09-26 08:23:02,,7936,-81,26.189575972174133,91.701309915118,1.5826416015625,10.237109184265137,,,BLE
56:cd:88:16:27:8f,,Uncategorized;10,2026-09-26 08:23:03,,7936,-85,26.18957771155853,91.70130959741516,1.68658447265625,10.234820365905762,,76,BLE
69:c9:4d:a5:26:2f,,Uncategorized;10,2026-09-26 08:23:04,,7936,-82,26.189572785722454,91.70129761614128,2.82550048828125,10.289209365844727,,76,BLE
66:29:f9:16:1b:de,,Uncategorized;10,2026-09-26 08:23:04,,7936,-81,26.189572785722454,91.70129761614128,2.82550048828125,10.289209365844727,,76,BLE
6c:66:8b:3d:48:90,,Uncategorized;10,2026-09-26 08:23:04,,7936,-80,26.189572785722454,91.70129761614128,2.82550048828125,10.289209365844727,,76,BLE
f8:12:91:0d:01:05,,Misc,2026-09-26 08:23:05,,,-82,26.1895688202592,91.70128598860865,5.87884521484375,10.323776245117188,,76,BLE
23:d9:e1:a8:ff:89,,Misc,2026-09-26 08:23:05,,,-96,26.1895688202592,91.70128598860865,5.87884521484375,10.323776245117188,,,BLE
e8:65:d4:98:97:a0,Tenda,[WPA-PSK-CCMP][WPA2-PSK-CCMP][RSN-PSK-CCMP][ESS],2026-09-26 08:23:08,6,2437,-88,26.189568465129938,91.70125291485637,2.073211669921875,10.201744079589844,,,WIFI
04:ba:d6:13:7e:e4,DOMMARAJU's,[WPA2-PSK-CCMP][RSN-PSK-CCMP][ESS],2026-09-26 08:23:08,13,2472,-70,26.189568465129938,91.70125291485637,2.073211669921875,10.201744079589844,,,WIFI
bc:22:28:45:58:d0,sparx,[WPA-PSK-TKIP+CCMP][WPA2-PSK-TKIP+CCMP][RSN-PSK-TKIP+CCMP][ESS][WPS],2026-09-26 08:23:08,1,2412,-70,26.189568465129938,91.70125291485637,2.073211669921875,10.201744079589844,,,WIFI
e8:65:d4:9e:89:d4,Fit_Nerd :),[WPA2-PSK-CCMP][RSN-PSK-CCMP][ESS][WPS],2026-09-26 08:23:08,11,2462,-83,26.189568465129938,91.70125291485637,2.073211669921875,10.201744079589844,,,WIFI
63:cf:0b:f5:4b:3d,,Misc,2026-09-26 08:23:10,,,-103,26.18957208466326,91.70122386598004,2.757080078125,10.125383377075195,,76,BLE
56:cd:88:16:27:8f,,Uncategorized;10,2026-09-26 08:23:10,,7936,-75,26.18957208466326,91.70122386598004,2.757080078125,10.125383377075195,,76,BLE
66:29:f9:16:1b:de,,Uncategorized;10,2026-09-26 08:23:10,,7936,-76,26.18957208466326,91.70122386598004,2.757080078125,10.125383377075195,,76,BLE
fe:25:3e:cb:7e:ca,,Misc,2026-09-26 08:23:10,,,-97,26.18957208466326,91.70122386598004,2.757080078125,10.125383377075195,,76,BLE
c7:8d:fc:9e:a9:52,,Misc,2026-09-26 08:23:10,,,-101,26.18957208466326,91.70122386598004,2.757080078125,10.125383377075195,,76,BLE
23:d9:e1:a8:ff:89,,Misc,2026-09-26 08:23:10,,,-74,26.18957208466326,91.70122386598004,2.757080078125,10.125383377075195,,,BLE
c2:07:1d:66:c8:3f,IITG_CONNECT,[WPA2-EAP/SHA1+FT/EAP-CCMP][RSN-EAP/SHA1+FT/EAP-CCMP][ESS],2026-09-26 08:23:15,48,5240,-83,26.189576690262957,91.70119760835611,3.30450439453125,10.070245742797852,,,WIFI
a8:29:48:a9:11:46,A-041,[WPA2-PSK-CCMP][RSN-PSK-CCMP][ESS][WPS],2026-09-26 08:23:15,2,2417,-59,26.189576690262957,91.70119760835611,3.30450439453125,10.070245742797852,,,WIFI
c2:07:1d:66:c1:98,IITG_CONNECT,[WPA2-EAP/SHA1+FT/EAP-CCMP][RSN-EAP/SHA1+FT/EAP-CCMP][ESS],2026-09-26 08:23:15,1,2412,-49,26.189576690262957,91.70119760835611,3.30450439453125,10.070245742797852,,,WIFI
c2:07:1d:66:c9:61,IITG_CONNECT,[WPA2-EAP/SHA1+FT/EAP-CCMP][RSN-EAP/SHA1+FT/EAP-CCMP][ESS],2026-09-26 08:23:15,149,5745,-87,26.189576690262957,91.70119760835611,3.30450439453125,10.070245742797852,,,WIFI
c2:07:1d:66:c7:9f,IITG_CONNECT,[WPA2-EAP/SHA1+FT/EAP-CCMP][RSN-EAP/SHA1+FT/EAP-CCMP][ESS],2026-09-26 08:23:15,40,5200,-44,26.189576690262957,91.70119760835611,3.30450439453125,10.070245742797852,,,WIFI
40:86:cb:81:d7:b8,Golden,[WPA2-PSK-CCMP][RSN-PSK-CCMP][ESS],2026-09-26 08:23:15,13,2472,-82,26.189576690262957,91.70119760835611,3.30450439453125,10.070245742797852,,,WIFI
ec:ac:3c:7a:e9:ca,,Misc,2026-09-26 08:23:15,,,-79,26.189576690262957,91.70119760835611,3.30450439453125,10.070245742797852,,76,BLE
405855_5_4918149121,Assam,NR;405855,2026-09-26 08:23:18,634080,634080,-96,26.18958649335468,91.7012155541418,4.143798828125,9.966120719909668,,,NR
7a:9d:02:51:8f:3a,ASUS,Uncategorized;10,2026-09-26 08:23:19,,7936,-83,26.1895914241228,91.70122372064822,5.456146240234375,9.998682975769043,,,BLE
c0:e0:43:c2:0d:94,Ion ANC_BLE,Misc,2026-09-26 08:23:20,,7936,-95,26.189597429168494,91.70123303295539,7.1427001953125,9.935046195983887,,,BLE
31:65:4d:70:bf:e9,,Misc,2026-09-26 08:23:20,,,-102,26.189597429168494,91.70123303295539,7.1427001953125,9.935046195983887,,,BLE
0b:b8:cf:1d:82:3d,,Misc,2026-09-26 08:23:20,,,-86,26.189597429168494,91.70123303295539,7.1427001953125,9.935046195983887,,6,BLE
7c:17:99:a7:53:38,ISHAN_V16,Uncategorized;10,2026-09-26 08:23:20,,7936,-88,26.189597429168494,91.70123303295539,7.1427001953125,9.935046195983887,,,BLE
c2:07:1d:66:c1:98,IITG_CONNECT,[WPA2-EAP/SHA1+FT/EAP-CCMP][RSN-EAP/SHA1+FT/EAP-CCMP][ESS],2026-09-26 08:23:22,1,2412,-30,26.189610416599784,91.70125466217667,6.7998046875,9.935046195983887,,,WIFI
98:25:4a:d9:1f:24,TP-Link_1F24,[WPA2-PSK-CCMP][RSN-PSK-CCMP][ESS][WPS],2026-09-26 08:23:22,4,2427,-88,26.189610416599784,91.70125466217667,6.7998046875,9.935046195983887,,,WIFI
bc:22:28:45:58:d0,sparx,[WPA-PSK-TKIP+CCMP][WPA2-PSK-TKIP+CCMP][RSN-PSK-TKIP+CCMP][ESS][WPS],2026-09-26 08:23:22,1,2412,-65,26.189610416599784,91.70125466217667,6.7998046875,9.935046195983887,,,WIFI
4d:81:f0:ef:98:c2,,Uncategorized;10,2026-09-26 08:23:23,,7936,-104,26.189619812961407,91.70126090133496,6.467376708984375,9.935046195983887,,,BLE
4d:81:f0:ef:98:c2,,Uncategorized;10,2026-09-26 08:23:25,,7936,-104,26.18963274608756,91.70127910768008,6.630950927734375,9.935046195983887,,76,BLE
57:14:ee:8d:35:0c,,Uncategorized;10,2026-09-26 08:23:27,,7936,-101,26.189643766738843,91.70129563443552,7.624267578125,9.935046195983887,,,BLE
51:ae:b0:67:9e:8c,,Uncategorized;10,2026-09-26 08:23:28,,7936,-100,26.189650995217566,91.70130600225998,7.370697021484375,9.935046195983887,,,BLE
d1:c7:c0:33:01:52,,Misc,2026-09-26 08:23:30,,,-102,26.18966256000707,91.70131756823938,9.592681884765625,9.935046195983887,,76,BLE
51:ae:b0:67:9e:8c,,Uncategorized;10,2026-09-26 08:23:30,,7936,-100,26.18966256000707,91.70131756823938,9.592681884765625,9.935046195983887,,76,BLE
26:79:da:95:e3:76,,Misc,2026-09-26 08:23:30,,,-106,26.18966256000707,91.70131756823938,9.592681884765625,9.935046195983887,,6,BLE
57:14:ee:8d:35:0c,,Uncategorized;10,2026-09-26 08:23:30,,7936,-101,26.18966256000707,91.70131756823938,9.592681884765625,9.935046195983887,,76,BLE
78:0b:fe:14:58:b8,,Uncategorized;10,2026-09-26 08:23:34,,7936,-97,26.18968292328566,91.70134549765366,11.169525146484375,9.935046195983887,,,BLE
c2:07:1d:66:c7:9e,IITG_CONNECT,[WPA2-EAP/SHA1+FT/EAP-CCMP][RSN-EAP/SHA1+FT/EAP-CCMP][ESS],2026-09-26 08:23:35,11,2462,-48,26.189687455666057,91.70135357275994,8.58135986328125,9.935046195983887,,,WIFI
50:91:e3:c8:bb:3e,TP-Link_BB3E,[WPA2-PSK-CCMP][RSN-PSK-CCMP][ESS][WPS],2026-09-26 08:23:35,3,2422,-61,26.189687455666057,91.70135357275994,8.58135986328125,9.935046195983887,,,WIFI
62:fd:11:33:49:6a,,Misc,2026-09-26 08:23:35,,,-104,26.189687455666057,91.70135357275994,8.58135986328125,9.935046195983887,,,BLE
54:90:eb:31:85:b1,,Misc,2026-09-26 08:23:35,,,-97,26.189687455666057,91.70135357275994,8.58135986328125,9.935046195983887,,6,BLE
78:0b:fe:14:58:b8,,Uncategorized;10,2026-09-26 08:23:35,,7936,-97,26.189687455666057,91.70135357275994,8.58135986328125,9.935046195983887,,76,BLE
2e:5f:ba:bc:36:bc,,Uncategorized;10,2026-09-26 08:23:36,,7936,-89,26.18969172487274,91.70136191281455,7.520538330078125,9.935046195983887,,,BLE
32:83:d5:36:20:b8,,Uncategorized;10,2026-09-26 08:23:36,,7936,-89,26.18969172487274,91.70136191281455,7.520538330078125,9.935046195983887,,,BLE
44:37:bb:0b:e9:6d,,Uncategorized;10,2026-09-26 08:23:36,,7936,-88,26.18969172487274,91.70136191281455,7.520538330078125,9.935046195983887,,,BLE
2a:00:1c:3b:83:bf,,Uncategorized;10,2026-09-26 08:23:36,,7936,-93,26.18969172487274,91.70136191281455,7.520538330078125,9.935046195983887,,,BLE
2a:28:a2:9e:4d:10,,Uncategorized;10,2026-09-26 08:23:39,,7936,-95,26.18969886029493,91.70139767823395,8.408294677734375,9.935046195983887,,,BLE
30:c7:3e:50:a3:cb,,Uncategorized;10,2026-09-26 08:23:39,,7936,-93,26.18969886029493,91.70139767823395,8.408294677734375,9.935046195983887,,,BLE
77:29:45:c7:be:cc,,Misc,2026-09-26 08:23:40,,,-104,26.1897041925908,91.70139830115097,10.17559814453125,9.935046195983887,,6,BLE
26:79:da:95:e3:76,,Misc,2026-09-26 08:23:40,,,-84,26.1897041925908,91.70139830115097,10.17559814453125,9.935046195983887,,6,BLE
2e:b7:20:79:2c:a0,,Misc,2026-09-26 08:23:40,,,-94,26.1897041925908,91.70139830115097,10.17559814453125,9.935046195983887,,,BLE
08:fe:e9:4d:22:e7,,Misc,2026-09-26 08:23:40,,7936,-93,26.1897041925908,91.70139830115097,10.17559814453125,9.935046195983887,,,BLE
88:0e:85:69:9b:12,realme Buds T310,Misc,2026-09-26 08:23:40,,7936,-94,26.1897041925908,91.70139830115097,10.17559814453125,9.935046195983887,,41992,BLE
40:35:fc:2a:94:23,,Misc,2026-09-26 08:23:40,,,-88,26.1897041925908,91.70139830115097,10.17559814453125,9.935046195983887,,6,BLE
5d:26:83:16:e8:b5,,Misc,2026-09-26 08:23:40,,7936,-90,26.1897041925908,91.70139830115097,10.17559814453125,9.935046195983887,,,BLE
44:6b:7f:e5:e4:5b,,Uncategorized;10,2026-09-26 08:23:40,,7936,-96,26.1897041925908,91.70139830115097,10.17559814453125,9.935046195983887,,76,BLE
75:f6:55:e3:80:5d,,Uncategorized;10,2026-09-26 08:23:41,,7936,-97,26.189710060391654,91.70140787608838,10.8973388671875,9.935046195983887,,,BLE
68:c9:51:12:32:9a,LAPTOP-HAQUCJTR,Uncategorized;10,2026-09-26 08:23:42,,7936,-89,26.18971590392527,91.70141636759469,12.0731201171875,9.935046195983887,,,BLE
e2:2e:0b:22:93:0e,MSI4229,[WPA2-PSK-CCMP][RSN-PSK-CCMP][ESS][WPS],2026-09-26 08:23:42,36,5180,-89,26.18971590392527,91.70141636759469,12.0731201171875,9.935046195983887,,,WIFI
1c:f6:4c:a6:94:21,,Laptop;10,2026-09-26 08:23:42,,268,-95,26.18971590392527,91.70141636759469,12.0731201171875,9.935046195983887,,,BT
3a:40:f8:e6:20:15,,Misc,2026-09-26 08:23:45,,,-103,26.18972787994019,91.70145825039252,10.585418701171875,9.935046195983887,,,BLE
28:54:74:15:5a:34,,Misc,2026-09-26 08:23:45,,,-105,26.18972787994019,91.70145825039252,10.585418701171875,9.935046195983887,,,BLE
fd:a8:ae:1f:50:0a,,Misc,2026-09-26 08:23:45,,,-97,26.18972787994019,91.70145825039252,10.585418701171875,9.935046195983887,,76,BLE
64:12:24:f2:ea:73,,Misc,2026-09-26 08:23:45,,7936,-103,26.18972787994019,91.70145825039252,10.585418701171875,9.935046195983887,,76,BLE
0a:34:5c:19:a8:9d,,Misc,2026-09-26 08:23:45,,,-98,26.18972787994019,91.70145825039252,10.585418701171875,9.935046195983887,,6,BLE
5d:26:83:16:e8:b5,,Misc,2026-09-26 08:23:47,,7936,-79,26.18973809828631,91.70147229238601,9.75518798828125,9.941032409667969,,,BLE
34:02:86:98:1d:4e,DESKTOP-LTNB8OS,Laptop;10,2026-09-26 08:23:48,,268,-94,26.189743593290057,91.70149255636156,10.918121337890625,9.935046195983887,,,BT
36:6d:3b:f3:aa:72,,Uncategorized;10,2026-09-26 08:23:48,,7936,-103,26.189743593290057,91.70149255636156,10.918121337890625,9.935046195983887,,,BLE
75:f6:55:e3:80:5d,,Uncategorized;10,2026-09-26 08:23:48,,7936,-87,26.189743593290057,91.70149255636156,10.918121337890625,9.935046195983887,,,BLE
52:2a:1d:06:5f:0c,,Uncategorized;10,2026-09-26 08:23:48,,7936,-102,26.189743593290057,91.70149255636156,10.918121337890625,9.935046195983887,,,BLE
a8:42:a1:88:02:20,Khud_laga,[WPA2-PSK-CCMP][RSN-PSK-CCMP][ESS][WPS],2026-09-26 08:23:48,4,2427,-75,26.189743593290057,91.70149255636156,10.918121337890625,9.935046195983887,,,WIFI
dc:ea:e7:b1:38:e9,Sirkumsized,[WPA2-PSK-CCMP][RSN-PSK-CCMP][ESS][WPS],2026-09-26 08:23:48,1,2412,-67,26.189743593290057,91.70149255636156,10.918121337890625,9.935046195983887,,,WIFI
40:86:cb:27:ae:94,DIR-615-AE93,[WPA2-PSK-CCMP][RSN-PSK-CCMP][ESS],2026-09-26 08:23:48,1,2412,-65,26.189743593290057,91.70149255636156,10.918121337890625,9.935046195983887,,,WIFI
56:bb:b5:ad:63:ee,HP-VICTUS-15 1931,[WPA2-PSK-CCMP][RSN-PSK-CCMP][ESS][WPS],2026-09-26 08:23:48,40,5200,-69,26.189743593290057,91.70149255636156,10.918121337890625,9.935046195983887,,,WIFI
c2:07:1d:66:c7:9f,IITG_CONNECT,[WPA2-EAP/SHA1+FT/EAP-CCMP][RSN-EAP/SHA1+FT/EAP-CCMP][ESS],2026-09-26 08:23:48,40,5200,-34,26.189743593290057,91.70149255636156,10.918121337890625,9.935046195983887,,,WIFI
56:6c:eb:93:18:d6,DESKTOP-6TBGB0H 3825,[WPA2-PSK-CCMP][RSN-PSK-CCMP][ESS][WPS],2026-09-26 08:23:48,10,2457,-81,26.189743593290057,91.70149255636156,10.918121337890625,9.935046195983887,,,WIFI
c2:07:1d:66:c7:9e,IITG_CONNECT,[WPA2-EAP/SHA1+FT/EAP-CCMP][RSN-EAP/SHA1+FT/EAP-CCMP][ESS],2026-09-26 08:23:48,11,2462,-32,26.189743593290057,91.70149255636156,10.918121337890625,9.935046195983887,,,WIFI
77:91:68:3a:b4:b8,,Uncategorized;10,2026-09-26 08:23:49,,7936,-103,26.189750060849757,91.7015005235241,11.44384765625,9.935046195983887,,,BLE
64:12:24:f2:ea:73,,Misc,2026-09-26 08:23:50,,7936,-96,26.18974889622202,91.70151094770821,12.4073486328125,9.98131275177002,,76,BLE
36:6d:3b:f3:aa:72,,Uncategorized;10,2026-09-26 08:23:50,,7936,-98,26.18974889622202,91.70151094770821,12.4073486328125,9.98131275177002,,,BLE
57:b7:00:40:2a:f5,BLE,Misc,2026-09-26 08:23:51,,7936,-71,26.18975711287262,91.70150904010231,14.38555908203125,9.935046195983887,,1602,BLE
14:64:1f:4d:9a:94,,Misc,2026-09-26 08:23:51,,7936,-104,26.18975711287262,91.70150904010231,14.38555908203125,9.935046195983887,,,BLE
31:65:4d:70:bf:e9,,Misc,2026-09-26 08:23:51,,,-97,26.18975711287262,91.70150904010231,14.38555908203125,9.935046195983887,,,BLE
03:c6:7e:3a:c2:29,,Misc,2026-09-26 08:23:51,,,-89,26.18975711287262,91.70150904010231,14.38555908203125,9.935046195983887,,6,BLE
52:2a:1d:06:5f:0c,,Uncategorized;10,2026-09-26 08:23:51,,7936,-104,26.18975711287262,91.70150904010231,14.38555908203125,9.935046195983887,,1946,BLE
c0:e0:43:c2:0d:94,Ion ANC_BLE,Misc,2026-09-26 08:23:51,,7936,-96,26.18975711287262,91.70150904010231,14.38555908203125,9.935046195983887,,41104,BLE
0e:04:a9:d4:10:38,,Misc,2026-09-26 08:23:51,,,-104,26.18975711287262,91.70150904010231,14.38555908203125,9.935046195983887,,6,BLE
3d:a4:58:b8:ce:1c,,Misc,2026-09-26 08:23:51,,,-97,26.18975711287262,91.70150904010231,14.38555908203125,9.935046195983887,,,BLE
77:91:68:3a:b4:b8,,Uncategorized;10,2026-09-26 08:23:51,,7936,-103,26.18975711287262,91.70150904010231,14.38555908203125,9.935046195983887,,76,BLE
17:62:52:f4:88:a6,,Misc,2026-09-26 08:23:51,,,-62,26.18975711287262,91.70150904010231,14.38555908203125,9.935046195983887,,6,BLE
14:4f:8a:e3:22:f3,SHREERAM,Laptop;10,2026-09-26 08:23:54,,268,-72,26.189755611337816,91.70155415586567,16.470703125,9.935046195983887,,,BT
a8:6e:84:0b:9f:4b,Chor_5G,[WPA2-PSK-CCMP][RSN-PSK-CCMP][ESS],2026-09-26 08:23:55,153,5765,-80,26.189765168596992,91.70155113172237,16.54296875,9.935046195983887,,,WIFI
16:4f:8a:e3:22:ef,SHREERAM 5413,[WPA2-PSK-CCMP][RSN-PSK-CCMP][ESS][WPS],2026-09-26 08:23:55,1,2412,-73,26.189765168596992,91.70155113172237,16.54296875,9.935046195983887,,,WIFI
c2:07:1d:66:c8:3f,IITG_CONNECT,[WPA2-EAP/SHA1+FT/EAP-CCMP][RSN-EAP/SHA1+FT/EAP-CCMP][ESS],2026-09-26 08:23:55,48,5240,-75,26.189765168596992,91.70155113172237,16.54296875,9.935046195983887,,,WIFI
88:76:b9:f4:76:21,dhruv,[WPA2-PSK-CCMP][RSN-PSK-CCMP][ESS],2026-09-26 08:23:55,1,2412,-51,26.189765168596992,91.70155113172237,16.54296875,9.935046195983887,,,WIFI
10:f6:05:ee:68:24,,Smartphone;10,2026-09-26 08:23:55,,524,0,26.189765168596992,91.70155113172237,16.54296875,9.935046195983887,,,BT
52:2a:1d:06:5f:0c,,Uncategorized;10,2026-09-26 08:23:55,,7936,-98,26.189765168596992,91.70155113172237,16.54296875,9.935046195983887,,1946,BLE
30:17:ae:80:b0:a4,,Misc,2026-09-26 08:23:55,,,-99,26.189765168596992,91.70155113172237,16.54296875,9.935046195983887,,,BLE
52:41:93:bf:d6:72,Jabra Elite 4,Misc,2026-09-26 08:23:55,,7936,-83,26.189765168596992,91.70155113172237,16.54296875,9.935046195983887,,103,BLE
17:62:52:f4:88:a6,,Misc,2026-09-26 08:23:55,,,-55,26.189765168596992,91.70155113172237,16.54296875,9.935046195983887,,6,BLE
7c:99:75:ba:12:e9,OnePlus Nord Buds 3r,Uncategorized,2026-09-26 08:23:55,,7936,-99,26.189765168596992,91.70155113172237,16.54296875,9.935046195983887,,,BLE
5c:17:cf:57:20:c9,,Smartphone;10,2026-09-26 08:23:58,,524,-97,26.189765782954517,91.70158440678485,17.96051025390625,9.935046195983887,,,BT
57:b7:00:40:2a:f5,BLE,Misc,2026-09-26 08:24:01,,7936,-65,26.18976187159933,91.70161858593472,17.17681884765625,9.935046195983887,,1602,BLE
20:67:67:76:30:75,,Misc,2026-09-26 08:24:01,,7936,-103,26.18976187159933,91.70161858593472,17.17681884765625,9.935046195983887,,,BLE
7c:99:75:ba:12:e9,OnePlus Nord Buds 3r,Uncategorized,2026-09-26 08:24:01,,7936,-94,26.18976187159933,91.70161858593472,17.17681884765625,9.935046195983887,,,BLE
c3:2c:49:91:ef:ce,,Misc,2026-09-26 08:24:01,,,-104,26.18976187159933,91.70161858593472,17.17681884765625,9.935046195983887,,76,BLE
ed:07:23:80:4e:40,,Misc,2026-09-26 08:24:01,,,-99,26.18976187159933,91.70161858593472,17.17681884765625,9.935046195983887,,76,BLE
27:70:7e:79:e8:d1,,Misc,2026-09-26 08:24:01,,,-103,26.18976187159933,91.70161858593472,17.17681884765625,9.935046195983887,,6,BLE
6d:d3:0f:1f:0e:8d,realme Buds Air7,Uncategorized,2026-09-26 08:24:01,,7936,-102,26.18976187159933,91.70161858593472,17.17681884765625,9.935046195983887,,,BLE
28:54:74:15:5a:34,,Misc,2026-09-26 08:24:01,,,-96,26.18976187159933,91.70161858593472,17.17681884765625,9.935046195983887,,,BLE
64:12:24:f2:ea:73,,Misc,2026-09-26 08:24:01,,7936,-89,26.18976187159933,91.70161858593472,17.17681884765625,9.935046195983887,,76,BLE
c2:07:1d:66:c1:41,IITG_CONNECT,[WPA2-EAP/SHA1+FT/EAP-CCMP][RSN-EAP/SHA1+FT/EAP-CCMP][ESS],2026-09-26 08:24:02,36,5180,-83,26.18975814802949,91.70162760935652,17.70916748046875,9.935046195983887,,,WIFI
19:0d:cf:12:21:ec,,Misc,2026-09-26 08:24:06,,,-97,26.189739538256628,91.70164070825295,15.13916015625,9.935046195983887,,6,BLE
43:ba:c9:65:1b:f4,,Uncategorized;10,2026-09-26 08:24:06,,7936,-88,26.189739538256628,91.70164070825295,15.13916015625,9.935046195983887,,76,BLE
405855_5_4870815745,Assam,NR;405855,2026-09-26 08:24:08,634080,634080,-104,26.189727211393706,91.70164398292465,15.2652587890625,9.935046195983887,,,NR
88:76:b9:f4:89:e9,A-022,[WPA2-PSK-CCMP][RSN-PSK-CCMP][ESS],2026-09-26 08:24:09,13,2472,-58,26.189720430577015,91.70164500508103,14.5164794921875,9.935046195983887,,,WIFI
88:76:b9:f4:78:cd,A024,[WPA2-PSK-CCMP][RSN-PSK-CCMP][ESS],2026-09-26 08:24:09,1,2412,-65,26.189720430577015,91.70164500508103,14.5164794921875,9.935046195983887,,,WIFI
c2:07:1d:66:c1:59,IITG_CONNECT,[WPA2-EAP/SHA1+FT/EAP-CCMP][RSN-EAP/SHA1+FT/EAP-CCMP][ESS],2026-09-26 08:24:09,44,5220,-79,26.189720430577015,91.70164500508103,14.5164794921875,9.935046195983887,,,WIFI
84:d8:1b:6f:28:b6,TP-Link_28B6,[WPA2-PSK-CCMP][RSN-PSK-CCMP][ESS][WPS],2026-09-26 08:24:09,10,2457,-67,26.189720430577015,91.70164500508103,14.5164794921875,9.935046195983887,,,WIFI
64:29:43:99:fd:d6,R03-FDD5,[WPA2-PSK-CCMP][RSN-PSK-CCMP][ESS],2026-09-26 08:24:09,7,2442,-75,26.189720430577015,91.70164500508103,14.5164794921875,9.935046195983887,,,WIFI
50:75:83:da:1d:e2,4,Misc,2026-09-26 08:24:11,,7936,-70,26.18970005857717,91.70164449569533,14.81414794921875,9.935046195983887,,76,BLE
c9:6f:63:f0:e5:a9,,Misc,2026-09-26 08:24:11,,,-77,26.18970005857717,91.70164449569533,14.81414794921875,9.935046195983887,,76,BLE
7e:9c:38:1d:f0:d1,,Uncategorized;10,2026-09-26 08:24:13,,7936,-99,26.189673605808224,91.70164456888298,15.20477294921875,9.935046195983887,,,BLE
c2:07:1d:66:c1:41,IITG_CONNECT,[WPA2-EAP/SHA1+FT/EAP-CCMP][RSN-EAP/SHA1+FT/EAP-CCMP][ESS],2026-09-26 08:24:15,36,5180,-68,26.189647725992497,91.70164629227507,15.12811279296875,9.935046195983887,,,WIFI
c2:07:1d:66:c1:40,IITG_CONNECT,[WPA2-EAP/SHA1+FT/EAP-CCMP][RSN-EAP/SHA1+FT/EAP-CCMP][ESS],2026-09-26 08:24:15,1,2412,-61,26.189647725992497,91.70164629227507,15.12811279296875,9.935046195983887,,,WIFI
5c:fa:f5:fa:40:ed,,Uncategorized;10,2026-09-26 08:24:15,,7936,-88,26.189647725992497,91.70164629227507,15.12811279296875,9.935046195983887,,,BLE
6c:32:86:b4:ad:63,,Uncategorized;10,2026-09-26 08:24:15,,7936,-93,26.189647725992497,91.70164629227507,15.12811279296875,9.935046195983887,,,BLE
5b:47:9e:42:43:4a,OnePlus Nord Buds 3r,Uncategorized,2026-09-26 08:24:16,,7936,-101,26.189637787074194,91.70164423730394,15.519775390625,9.935046195983887,,,BLE
3b:67:5c:f0:f6:fb,,Misc,2026-09-26 08:24:16,,,-93,26.189637787074194,91.70164423730394,15.519775390625,9.935046195983887,,6,BLE
4d:95:01:1b:c5:61,,Misc,2026-09-26 08:24:16,,,-99,26.189637787074194,91.70164423730394,15.519775390625,9.935046195983887,,76,BLE
7e:9c:38:1d:f0:d1,,Uncategorized;10,2026-09-26 08:24:16,,7936,-99,26.189637787074194,91.70164423730394,15.519775390625,9.935046195983887,,76,BLE
c7:88:f6:d8:37:d9,,Misc,2026-09-26 08:24:16,,,-96,26.189637787074194,91.70164423730394,15.519775390625,9.935046195983887,,76,BLE
5c:70:60:24:2a:07,,Misc,2026-09-26 08:24:16,,,-102,26.189637787074194,91.70164423730394,15.519775390625,9.935046195983887,,76,BLE
52:cf:90:65:9c:8b,,Uncategorized;10,2026-09-26 08:24:16,,7936,-94,26.189637787074194,91.70164423730394,15.519775390625,9.935046195983887,,1839,BLE
7d:4e:00:e0:3a:fe,CMF Buds 2a,Misc,2026-09-26 08:24:16,,7936,-102,26.189637787074194,91.70164423730394,15.519775390625,9.935046195983887,,,BLE
5c:fa:f5:fa:40:ed,,Uncategorized;10,2026-09-26 08:24:16,,7936,-106,26.189637787074194,91.70164423730394,15.519775390625,9.935046195983887,,76,BLE
50:1d:6f:b3:e6:7d,,Misc,2026-09-26 08:24:16,,7936,-90,26.189637787074194,91.70164423730394,15.519775390625,9.935046195983887,,76,BLE
6c:32:86:b4:ad:63,,Uncategorized;10,2026-09-26 08:24:16,,7936,-94,26.189637787074194,91.70164423730394,15.519775390625,9.935046195983887,,76,BLE
24:ea:18:01:09:c1,,Misc,2026-09-26 08:24:16,,7936,-104,26.189637787074194,91.70164423730394,15.519775390625,9.935046195983887,,,BLE
52:d6:11:cb:3d:89,,Uncategorized;10,2026-09-26 08:24:17,,7936,-107,26.18962525150117,91.7016398253867,12.9676513671875,9.935046195983887,,,BLE
50:1d:6f:b3:e6:7d,,Misc,2026-09-26 08:24:20,,7936,-80,26.189607221390936,91.70161593365088,9.04083251953125,9.935046195983887,,76,BLE
65:cc:55:bd:7e:00,,Uncategorized;10,2026-09-26 08:24:20,,7936,-92,26.189607221390936,91.70161593365088,9.04083251953125,9.935046195983887,,,BLE
5c:fa:f5:fa:40:ed,,Uncategorized;10,2026-09-26 08:24:21,,7936,-98,26.18960423537639,91.70160541597575,8.884857177734375,9.935046195983887,,76,BLE
27:70:7e:79:e8:d1,,Misc,2026-09-26 08:24:21,,,-98,26.18960423537639,91.70160541597575,8.884857177734375,9.935046195983887,,6,BLE
d9:61:3b:bd:93:7d,,Misc,2026-09-26 08:24:21,,,-98,26.18960423537639,91.70160541597575,8.884857177734375,9.935046195983887,,76,BLE
66:9b:85:f7:9e:ce,,Misc,2026-09-26 08:24:21,,,-100,26.18960423537639,91.70160541597575,8.884857177734375,9.935046195983887,,76,BLE
5b:47:9e:42:43:4a,OnePlus Nord Buds 3r,Uncategorized,2026-09-26 08:24:21,,7936,-89,26.18960423537639,91.70160541597575,8.884857177734375,9.935046195983887,,,BLE
1e:c9:0a:1e:9f:19,,Misc,2026-09-26 08:24:21,,,-95,26.18960423537639,91.70160541597575,8.884857177734375,9.935046195983887,,,BLE
6a:04:3d:9c:b2:48,,Misc,2026-09-26 08:24:21,,7936,-90,26.18960423537639,91.70160541597575,8.884857177734375,9.935046195983887,,76,BLE
57:40:a6:bc:36:e8,"300_BLE ",Misc,2026-09-26 08:24:21,,7936,-98,26.18960423537639,91.70160541597575,8.884857177734375,9.935046195983887,,30316,BLE
56:f4:43:b7:6a:15,,Misc,2026-09-26 08:24:21,,7936,-102,26.18960423537639,91.70160541597575,8.884857177734375,9.935046195983887,,76,BLE
52:d6:11:cb:3d:89,,Uncategorized;10,2026-09-26 08:24:21,,7936,-107,26.18960423537639,91.70160541597575,8.884857177734375,9.935046195983887,,76,BLE
0e:04:a9:d4:10:38,,Misc,2026-09-26 08:24:21,,,-89,26.18960423537639,91.70160541597575,8.884857177734375,9.935046195983887,,6,BLE
6b:73:33:97:f8:b3,,Misc,2026-09-26 08:24:21,,,-100,26.18960423537639,91.70160541597575,8.884857177734375,9.935046195983887,,76,BLE
24:ea:18:01:09:c1,,Misc,2026-09-26 08:24:21,,7936,-99,26.18960423537639,91.70160541597575,8.884857177734375,9.935046195983887,,,BLE
20:67:67:76:30:75,,Misc,2026-09-26 08:24:21,,7936,-94,26.18960423537639,91.70160541597575,8.884857177734375,9.935046195983887,,,BLE
52:d6:11:cb:3d:89,,Uncategorized;10,2026-09-26 08:24:21,,7936,-99,26.18960423537639,91.70160541597575,8.884857177734375,9.935046195983887,,76,BLE
c2:07:1d:66:c8:9f,IITG_CONNECT,[WPA2-EAP/SHA1+FT/EAP-CCMP][RSN-EAP/SHA1+FT/EAP-CCMP][ESS],2026-09-26 08:24:22,161,5805,-46,26.189602219241976,91.7015941435387,9.062896728515625,9.935046195983887,,,WIFI
c2:07:1d:66:c1:40,IITG_CONNECT,[WPA2-EAP/SHA1+FT/EAP-CCMP][RSN-EAP/SHA1+FT/EAP-CCMP][ESS],2026-09-26 08:24:22,1,2412,-56,26.189602219241976,91.7015941435387,9.062896728515625,9.935046195983887,,,WIFI
f2:75:0c:7c:d1:23,IITG_CONNECT,[WPA2-EAP/SHA1+FT/EAP-CCMP][RSN-EAP/SHA1+FT/EAP-CCMP][ESS],2026-09-26 08:24:22,161,5805,-86,26.189602219241976,91.7015941435387,9.062896728515625,9.935046195983887,,,WIFI
c2:07:1d:66:bf:5b,IITG_CONNECT,[WPA2-EAP/SHA1+FT/EAP-CCMP][RSN-EAP/SHA1+FT/EAP-CCMP][ESS],2026-09-26 08:24:22,161,5805,-33,26.189602219241976,91.7015941435387,9.062896728515625,9.935046195983887,,,WIFI
20:67:67:76:30:75,,Misc,2026-09-26 08:24:22,,7936,-75,26.189602219241976,91.7015941435387,9.062896728515625,9.935046195983887,,,BLE
cc:d4:07:93:1c:b4,LE_WF-C710N,Misc,2026-09-26 08:24:26,,7936,-99,26.18958907360763,91.70155053794517,13.8145751953125,9.935046195983887,,,BLE
5c:fa:f5:fa:40:ed,,Uncategorized;10,2026-09-26 08:24:26,,7936,-93,26.18958907360763,91.70155053794517,13.8145751953125,9.935046195983887,,76,BLE
21:94:fd:f6:3f:53,,Misc,2026-09-26 08:24:26,,,-103,26.18958907360763,91.70155053794517,13.8145751953125,9.935046195983887,,6,BLE
4b:aa:c2:4c:e3:03,,Misc,2026-09-26 08:24:26,,7936,-87,26.18958907360763,91.70155053794517,13.8145751953125,9.935046195983887,,76,BLE
f9:a1:8e:a7:32:4d,,Misc,2026-09-26 08:24:26,,,-92,26.18958907360763,91.70155053794517,13.8145751953125,9.935046195983887,,76,BLE
76:47:bc:04:80:03,OnePlus Nord Buds 3 Pro,Uncategorized,2026-09-26 08:24:26,,7936,-93,26.18958907360763,91.70155053794517,13.8145751953125,9.935046195983887,,,BLE
cb:2f:b7:7c:91:c3,,Misc,2026-09-26 08:24:26,,,-88,26.18958907360763,91.70155053794517,13.8145751953125,9.935046195983887,,76,BLE
6d:f8:12:73:11:e0,,Uncategorized;10,2026-09-26 08:24:27,,7936,-91,26.18958700909768,91.70153927407958,14.50592041015625,9.935046195983887,,76,BLE
49:66:f6:93:47:65,,Uncategorized;10,2026-09-26 08:24:28,,7936,-101,26.189585614723327,91.70152795932871,15.36151123046875,9.935046195983887,,,BLE
24:ea:18:01:09:c1,,Misc,2026-09-26 08:24:28,,7936,-94,26.189585614723327,91.70152795932871,15.36151123046875,9.935046195983887,,,BLE
54:9c:4b:dd:60:d4,,Uncategorized;10,2026-09-26 08:24:28,,7936,-90,26.189585614723327,91.70152795932871,15.36151123046875,9.935046195983887,,,BLE
9c:a2:f4:f1:68:d8,TP-Link_112,[WPA2-PSK-CCMP][RSN-PSK-CCMP][ESS][WPS],2026-09-26 08:24:28,4,2427,-87,26.189585614723327,91.70152795932871,15.36151123046875,9.935046195983887,,,WIFI
c2:07:1d:66:c8:9f,IITG_CONNECT,[WPA2-EAP/SHA1+FT/EAP-CCMP][RSN-EAP/SHA1+FT/EAP-CCMP][ESS],2026-09-26 08:24:28,161,5805,-40,26.189585614723327,91.70152795932871,15.36151123046875,9.935046195983887,,,WIFI
c2:07:1d:66:c8:9e,IITG_CONNECT,[WPA2-EAP/SHA1+FT/EAP-CCMP][RSN-EAP/SHA1+FT/EAP-CCMP][ESS],2026-09-26 08:24:28,11,2462,-29,26.189585614723327,91.70152795932871,15.36151123046875,9.935046195983887,,,WIFI
88:76:b9:f4:89:e9,A-022,[WPA2-PSK-CCMP][RSN-PSK-CCMP][ESS],2026-09-26 08:24:28,13,2472,-52,26.189585614723327,91.70152795932871,15.36151123046875,9.935046195983887,,,WIFI
f2:75:0c:7c:cb:9d,IITG_CONNECT,[WPA2-EAP/SHA1+FT/EAP-CCMP][RSN-EAP/SHA1+FT/EAP-CCMP][ESS],2026-09-26 08:24:28,44,5220,-79,26.189585614723327,91.70152795932871,15.36151123046875,9.935046195983887,,,WIFI
40:86:cb:2a:d9:68,Rohit ka internet,[WPA2-PSK-CCMP][RSN-PSK-CCMP][ESS],2026-09-26 08:24:28,1,2412,-72,26.189585614723327,91.70152795932871,15.36151123046875,9.935046195983887,,,WIFI
8c:90:2d:f2:6f:ee,Viru,[WPA2-PSK-CCMP][RSN-PSK-CCMP][ESS][WPS],2026-09-26 08:24:28,4,2427,-67,26.189585614723327,91.70152795932871,15.36151123046875,9.935046195983887,,,WIFI
6f:24:12:e6:37:db,,Uncategorized;10,2026-09-26 08:24:29,,7936,-99,26.189584876977754,91.70151664129114,16.12188720703125,9.935046195983887,,,BLE
6c:6a:77:3e:9e:6d,LAPTOP-N4QL69DH,Laptop;10,2026-09-26 08:24:29,,268,-78,26.189584876977754,91.70151664129114,16.12188720703125,9.935046195983887,,,BT
57:61:ab:e8:4f:74,,Uncategorized;10,2026-09-26 08:24:30,,7936,-102,26.189585133429656,91.70150530751675,17.11883544921875,9.935046195983887,,,BLE
f6:ed:86:8c:58:91,,Misc,2026-09-26 08:24:31,,,-98,26.18958584631658,91.70149405591263,17.67767333984375,9.935046195983887,,76,BLE
88:0e:85:69:9b:12,realme Buds T310,Misc,2026-09-26 08:24:31,,7936,-80,26.18958584631658,91.70149405591263,17.67767333984375,9.935046195983887,,41992,BLE
c2:32:92:79:02:d5,,Misc,2026-09-26 08:24:31,,,-99,26.18958584631658,91.70149405591263,17.67767333984375,9.935046195983887,,76,BLE
4e:67:b1:80:b8:ba,,Misc,2026-09-26 08:24:31,,7936,-88,26.18958584631658,91.70149405591263,17.67767333984375,9.935046195983887,,76,BLE
f9:2e:93:4e:b9:a3,,Misc,2026-09-26 08:24:31,,,-102,26.18958584631658,91.70149405591263,17.67767333984375,9.935046195983887,,76,BLE
18:9e:cd:a9:06:c2,,Misc,2026-09-26 08:24:31,,,-101,26.18958584631658,91.70149405591263,17.67767333984375,9.935046195983887,,6,BLE
5a:e7:d5:4a:63:ed,,Misc,2026-09-26 08:24:31,,7936,-103,26.18958584631658,91.70149405591263,17.67767333984375,9.935046195983887,,76,BLE
cb:6f:60:a6:b7:1f,LE_WF-C710N,Uncategorized,2026-09-26 08:24:31,,7936,-101,26.18958584631658,91.70149405591263,17.67767333984375,9.935046195983887,,,BLE
c6:43:d2:02:af:4a,,Misc,2026-09-26 08:24:31,,,-91,26.18958584631658,91.70149405591263,17.67767333984375,9.935046195983887,,76,BLE
20:67:67:76:30:75,,Misc,2026-09-26 08:24:31,,7936,-69,26.18958584631658,91.70149405591263,17.67767333984375,9.935046195983887,,,BLE
e5:27:d5:83:ca:84,,Misc,2026-09-26 08:24:31,,,-101,26.18958584631658,91.70149405591263,17.67767333984375,9.935046195983887,,76,BLE
78:73:53:e0:48:79,realme Buds T310-GFP,Misc,2026-09-26 08:24:31,,7936,-83,26.18958584631658,91.70149405591263,17.67767333984375,9.935046195983887,,,BLE
45:dd:43:75:cd:fe,,Misc,2026-09-26 08:24:31,,,-96,26.18958584631658,91.70149405591263,17.67767333984375,9.935046195983887,,76,BLE
57:61:ab:e8:4f:74,,Uncategorized;10,2026-09-26 08:24:31,,7936,-102,26.18958584631658,91.70149405591263,17.67767333984375,9.935046195983887,,76,BLE
48:98:a1:67:8d:d5,,Misc,2026-09-26 08:24:31,,,-101,26.18958584631658,91.70149405591263,17.67767333984375,9.935046195983887,,,BLE
7e:9c:38:1d:f0:d1,,Uncategorized;10,2026-09-26 08:24:32,,7936,-94,26.189586500427573,91.70148265052964,19.0538330078125,9.95871639251709,,76,BLE
5a:e7:d5:4a:63:ed,,Misc,2026-09-26 08:24:33,,7936,-96,26.18958639767391,91.7014713557322,19.24395751953125,9.935046195983887,,76,BLE
3a:49:14:0a:b9:cd,,Misc,2026-09-26 08:24:36,,,-90,26.189584552479864,91.70144231075278,17.75762939453125,9.935046195983887,,6,BLE
57:40:a6:bc:36:e8,"300_BLE ",Misc,2026-09-26 08:24:36,,7936,-88,26.189584552479864,91.70144231075278,17.75762939453125,9.935046195983887,,30316,BLE
49:66:f6:93:47:65,,Uncategorized;10,2026-09-26 08:24:36,,7936,-90,26.189584552479864,91.70144231075278,17.75762939453125,9.935046195983887,,,BLE
e9:9f:b4:6d:89:97,,Misc,2026-09-26 08:24:36,,,-92,26.189584552479864,91.70144231075278,17.75762939453125,9.935046195983887,,76,BLE
19:0d:cf:12:21:ec,,Misc,2026-09-26 08:24:36,,,-88,26.189584552479864,91.70144231075278,17.75762939453125,9.935046195983887,,6,BLE
14:64:1f:4d:9a:94,,Misc,2026-09-26 08:24:36,,7936,-96,26.189584552479864,91.70144231075278,17.75762939453125,9.935046195983887,,,BLE
0e:04:a9:d4:10:38,,Misc,2026-09-26 08:24:36,,,-84,26.189584552479864,91.70144231075278,17.75762939453125,9.935046195983887,,6,BLE
62:fd:11:33:49:6a,,Misc,2026-09-26 08:24:36,,,-98,26.189584552479864,91.70144231075278,17.75762939453125,9.935046195983887,,,BLE
24:65:62:30:2c:46,,Misc,2026-09-26 08:24:36,,,-95,26.189584552479864,91.70144231075278,17.75762939453125,9.935046195983887,,,BLE
d5:29:fa:98:5d:94,,Misc,2026-09-26 08:24:36,,,-81,26.189584552479864,91.70144231075278,17.75762939453125,9.935046195983887,,76,BLE
3f:7b:77:54:78:9d,,Misc,2026-09-26 08:24:41,,,-95,26.18957625684953,91.70139213841846,17.11737060546875,9.935046195983887,,6,BLE
0a:8d:9d:81:46:92,,Misc,2026-09-26 08:24:41,,,-98,26.18957625684953,91.70139213841846,17.11737060546875,9.935046195983887,,6,BLE
3a:49:14:0a:b9:cd,,Misc,2026-09-26 08:24:41,,,-73,26.18957625684953,91.70139213841846,17.11737060546875,9.935046195983887,,6,BLE
3e:9a:04:fd:2f:d5,,Uncategorized;10,2026-09-26 08:24:42,,7936,-104,26.189574301685898,91.7013822023993,17.0899658203125,9.935046195983887,,,BLE
4c:95:d5:61:9b:7d,,Uncategorized;10,2026-09-26 08:24:42,,7936,-92,26.189574301685898,91.7013822023993,17.0899658203125,9.935046195983887,,,BLE
3c:6e:ea:0d:77:75,,Uncategorized;10,2026-09-26 08:24:42,,7936,-106,26.189574301685898,91.7013822023993,17.0899658203125,9.935046195983887,,,BLE
50:c0:f0:a8:3d:1c,Titan_90197_3D1C,Watch;10,2026-09-26 08:24:42,,1796,-101,26.189574301685898,91.7013822023993,17.0899658203125,9.935046195983887,,,BLE
15:42:f0:64:d7:18,,Uncategorized;10,2026-09-26 08:24:43,,7936,-102,26.189571474549727,91.70137329820437,17.0625,9.935046195983887,,,BLE
7b:36:ed:9a:22:cf,,Uncategorized;10,2026-09-26 08:24:44,,7936,-91,26.189568613168774,91.70135733659916,17.0350341796875,9.935046195983887,,,BLE
04:bc:8c:f3:28:f8,,Uncategorized;10,2026-09-26 08:24:44,,7936,-102,26.189568613168774,91.70135733659916,17.0350341796875,9.935046195983887,,,BLE
05:b4:f2:13:71:9a,,Uncategorized;10,2026-09-26 08:24:44,,7936,-103,26.189568613168774,91.70135733659916,17.0350341796875,9.935046195983887,,,BLE
48:98:a1:67:8d:d5,,Misc,2026-09-26 08:24:46,,,-101,26.189561982591503,91.70134675601861,15.19464111328125,10.035138130187988,,301,BLE
75:b0:e7:0a:eb:76,,Misc,2026-09-26 08:24:46,,,-103,26.189561982591503,91.70134675601861,15.19464111328125,10.035138130187988,,,BLE
7b:36:ed:9a:22:cf,,Uncategorized;10,2026-09-26 08:24:46,,7936,-91,26.189561982591503,91.70134675601861,15.19464111328125,10.035138130187988,,76,BLE
5e:d6:b5:fc:ec:c8,,Misc,2026-09-26 08:24:46,,,-97,26.189561982591503,91.70134675601861,15.19464111328125,10.035138130187988,,,BLE
2b:86:ce:65:36:27,,Misc,2026-09-26 08:24:46,,,-99,26.189561982591503,91.70134675601861,15.19464111328125,10.035138130187988,,6,BLE
19:0f:59:f0:c8:de,,Misc,2026-09-26 08:24:46,,,-101,26.189561982591503,91.70134675601861,15.19464111328125,10.035138130187988,,6,BLE
26:6a:e6:f1:eb:77,,Misc,2026-09-26 08:24:46,,,-99,26.189561982591503,91.70134675601861,15.19464111328125,10.035138130187988,,6,BLE
6c:d1:7c:7c:71:aa,,Misc,2026-09-26 08:24:46,,,-128,26.189561982591503,91.70134675601861,15.19464111328125,10.035138130187988,,,BLE
c4:76:2d:38:05:0d,,Misc,2026-09-26 08:24:46,,,-128,26.189561982591503,91.70134675601861,15.19464111328125,10.035138130187988,,76,BLE
11:0e:65:01:32:2e,,Misc,2026-09-26 08:24:46,,,-101,26.189561982591503,91.70134675601861,15.19464111328125,10.035138130187988,,,BLE
0e:04:a9:d4:10:38,,Misc,2026-09-26 08:24:46,,,-79,26.189561982591503,91.70134675601861,15.19464111328125,10.035138130187988,,6,BLE
4c:95:d5:61:9b:7d,,Uncategorized;10,2026-09-26 08:24:46,,7936,-99,26.189561982591503,91.70134675601861,15.19464111328125,10.035138130187988,,76,BLE
c3:23:05:96:30:45,"Noise Airwave Max XR ",Misc,2026-09-26 08:24:46,,7936,-92,26.189561982591503,91.70134675601861,15.19464111328125,10.035138130187988,,9155,BLE
68:f2:bd:df:d5:6b,"realme ",Uncategorized,2026-09-26 08:24:46,,7936,-102,26.189561982591503,91.70134675601861,15.19464111328125,10.035138130187988,,,BLE
50:c0:f0:a8:3d:1c,Titan_90197_3D1C,Watch;10,2026-09-26 08:24:47,,1796,-92,26.1895585865054,91.70133070379246,15.2808837890625,10.029074668884277,,,BLE
c2:07:1d:66:c8:03,IITG_CONNECT,[WPA2-EAP/SHA1+FT/EAP-CCMP][RSN-EAP/SHA1+FT/EAP-CCMP][ESS],2026-09-26 08:24:48,44,5220,-45,26.18955476586005,91.70133249813304,15.8291015625,10.004796981811523,,,WIFI
c2:07:1d:66:c2:61,IITG_CONNECT,[WPA2-EAP/SHA1+FT/EAP-CCMP][RSN-EAP/SHA1+FT/EAP-CCMP][ESS],2026-09-26 08:24:48,44,5220,-74,26.18955476586005,91.70133249813304,15.8291015625,10.004796981811523,,,WIFI
80:9f:e4:d7:57:c1,LaLaLand,[WPA2-PSK-CCMP][RSN-PSK-CCMP][ESS][WPS],2026-09-26 08:24:48,13,2472,-72,26.18955476586005,91.70133249813304,15.8291015625,10.004796981811523,,,WIFI
64:29:43:4e:3e:7c,Not_Confined,[WPA2-PSK-CCMP][RSN-PSK-CCMP][ESS][WPS],2026-09-26 08:24:48,6,2437,-66,26.18955476586005,91.70133249813304,15.8291015625,10.004796981811523,,,WIFI
c2:07:1d:66:c2:0c,IITG_CONNECT,[WPA2-EAP/SHA1+FT/EAP-CCMP][RSN-EAP/SHA1+FT/EAP-CCMP][ESS],2026-09-26 08:24:48,11,2462,-65,26.18955476586005,91.70133249813304,15.8291015625,10.004796981811523,,,WIFI
14:eb:b6:6d:43:f8,TP-Link_43F8,[WPA2-PSK-CCMP][RSN-PSK-CCMP][ESS][WPS],2026-09-26 08:24:48,10,2457,-74,26.18955476586005,91.70133249813304,15.8291015625,10.004796981811523,,,WIFI
c2:07:1d:66:c2:0d,IITG_CONNECT,[WPA2-EAP/SHA1+FT/EAP-CCMP][RSN-EAP/SHA1+FT/EAP-CCMP][ESS],2026-09-26 08:24:48,36,5180,-70,26.18955476586005,91.70133249813304,15.8291015625,10.004796981811523,,,WIFI
c4:e9:0a:ce:a7:e7,Bhai log ke liye ^_^,[ESS][WPS],2026-09-26 08:24:48,7,2442,-58,26.18955476586005,91.70133249813304,15.8291015625,10.004796981811523,,,WIFI
b8:fb:b3:4c:b2:c8,tplink123,[WPA2-PSK-CCMP][RSN-PSK-CCMP][ESS][WPS],2026-09-26 08:24:48,3,2422,-64,26.18955476586005,91.70133249813304,15.8291015625,10.004796981811523,,,WIFI
c4:e9:0a:ce:a7:e8,Bodmoshhhh gundaaaa,[WPA-PSK-TKIP+CCMP][WPA2-PSK-TKIP+CCMP][RSN-PSK-TKIP+CCMP][ESS][WPS],2026-09-26 08:24:48,149,5745,-77,26.18955476586005,91.70133249813304,15.8291015625,10.004796981811523,,,WIFI
7c:a9:6b:d3:e0:21,FTTH-5G,[WPA-PSK-TKIP][WPA2-PSK+FT/PSK-CCMP][RSN-PSK+FT/PSK-CCMP][ESS][WPS],2026-09-26 08:24:48,157,5785,-83,26.18955476586005,91.70133249813304,15.8291015625,10.004796981811523,,,WIFI
7c:a9:6b:d3:e0:25,FTTH,[WPA-PSK-TKIP][WPA2-PSK+FT/PSK-CCMP][RSN-PSK+FT/PSK-CCMP][ESS],2026-09-26 08:24:48,7,2442,-66,26.18955476586005,91.70133249813304,15.8291015625,10.004796981811523,,,WIFI
5c:02:14:61:d0:ca,BoB,[WPA-PSK-TKIP+CCMP][WPA2-PSK-TKIP+CCMP][RSN-PSK-TKIP+CCMP][ESS][WPS],2026-09-26 08:24:48,11,2462,-65,26.18955476586005,91.70133249813304,15.8291015625,10.004796981811523,,,WIFI
00:5f:67:07:1f:e3,Lauda_5g,[WPA2-PSK-CCMP][RSN-PSK-CCMP][ESS][WPS],2026-09-26 08:24:48,36,5180,-84,26.18955476586005,91.70133249813304,15.8291015625,10.004796981811523,,,WIFI
5c:02:14:61:d0:cb,BoB_5G,[WPA-PSK-TKIP+CCMP][WPA2-PSK-TKIP+CCMP][RSN-PSK-TKIP+CCMP][ESS][WPS],2026-09-26 08:24:48,149,5745,-84,26.18955476586005,91.70133249813304,15.8291015625,10.004796981811523,,,WIFI
b8:fb:b3:4c:ae:4d,Ghatotkach_ka_nichla_tatta_5G,[WPA2-PSK-CCMP][RSN-PSK-CCMP][ESS][WPS],2026-09-26 08:24:48,153,5765,-81,26.18955476586005,91.70133249813304,15.8291015625,10.004796981811523,,,WIFI
b8:fb:b3:4c:ae:4b,Ghatotkach_ka_nichla_tatta,[WPA2-PSK-CCMP][RSN-PSK-CCMP][ESS][WPS],2026-09-26 08:24:48,10,2457,-68,26.18955476586005,91.70133249813304,15.8291015625,10.004796981811523,,,WIFI
b8:fb:b3:4c:b2:ca,tplink123_5G,[WPA2-PSK-CCMP][RSN-PSK-CCMP][ESS][WPS],2026-09-26 08:24:48,157,5785,-65,26.18955476586005,91.70133249813304,15.8291015625,10.004796981811523,,,WIFI
c2:07:1d:66:c2:55,IITG_CONNECT,[WPA2-EAP/SHA1+FT/EAP-CCMP][RSN-EAP/SHA1+FT/EAP-CCMP][ESS],2026-09-26 08:24:48,44,5220,-39,26.18955476586005,91.70133249813304,15.8291015625,10.004796981811523,,,WIFI
405751_53815_205093376,Assam,LTE;405751,2026-09-26 08:24:48,1351,1351,-91,26.18955476586005,91.70133249813304,15.8291015625,10.004796981811523,,,LTE
35:7c:cb:36:c9:c2,,Uncategorized;10,2026-09-26 08:24:49,,7936,-100,26.189551314249872,91.7013219266754,14.63214111328125,9.968932151794434,,,BLE
31:3b:7a:ac:d1:65,,Misc,2026-09-26 08:24:51,,,-99,26.189545067625843,91.70130413204939,14.666259765625,9.935046195983887,,6,BLE
50:c0:f0:a8:3d:1c,Titan_90197_3D1C,Watch;10,2026-09-26 08:24:51,,1796,-77,26.189545067625843,91.70130413204939,14.666259765625,9.935046195983887,,,BLE
f0:bb:ab:ff:76:78,,Misc,2026-09-26 08:24:51,,,-97,26.189545067625843,91.70130413204939,14.666259765625,9.935046195983887,,76,BLE
26:6a:e6:f1:eb:77,,Misc,2026-09-26 08:24:51,,,-94,26.189545067625843,91.70130413204939,14.666259765625,9.935046195983887,,6,BLE
7c:66:22:d1:03:0a,,Uncategorized;10,2026-09-26 08:24:51,,7936,-87,26.189545067625843,91.70130413204939,14.666259765625,9.935046195983887,,76,BLE
7d:4e:00:e0:3a:fe,CMF Buds 2a,Misc,2026-09-26 08:24:51,,7936,-94,26.189545067625843,91.70130413204939,14.666259765625,9.935046195983887,,3275,BLE
c7:8d:fc:9e:a9:52,,Misc,2026-09-26 08:24:51,,,-94,26.189545067625843,91.70130413204939,14.666259765625,9.935046195983887,,76,BLE
7b:e2:50:b5:57:d0,,Uncategorized;10,2026-09-26 08:24:51,,7936,-83,26.189545067625843,91.70130413204939,14.666259765625,9.935046195983887,,76,BLE
52:d6:11:cb:3d:89,,Uncategorized;10,2026-09-26 08:24:51,,7936,-91,26.189545067625843,91.70130413204939,14.666259765625,9.935046195983887,,76,BLE
58:5b:95:71:08:24,,Uncategorized;10,2026-09-26 08:24:52,,7936,-78,26.18954238290511,91.70129523625752,13.82550048828125,9.935046195983887,,76,BLE
5b:6e:b5:07:bf:53,,Uncategorized;10,2026-09-26 08:24:52,,7936,-103,26.18954238290511,91.70129523625752,13.82550048828125,9.935046195983887,,,BLE
48:15:6a:3b:f5:d0,,Uncategorized;10,2026-09-26 08:24:52,,7936,-101,26.18954238290511,91.70129523625752,13.82550048828125,9.935046195983887,,,BLE
67:50:8a:b6:1c:eb,,Uncategorized;10,2026-09-26 08:24:52,,7936,-89,26.18954238290511,91.70129523625752,13.82550048828125,9.935046195983887,,76,BLE
39:ae:5d:49:68:8a,,Uncategorized;10,2026-09-26 08:24:52,,7936,-101,26.18954238290511,91.70129523625752,13.82550048828125,9.935046195983887,,,BLE
54:70:a0:98:71:2e,,Misc,2026-09-26 08:24:52,,7936,-87,26.18954238290511,91.70129523625752,13.82550048828125,9.935046195983887,,76,BLE
28:67:a2:3f:6c:8b,,Uncategorized;10,2026-09-26 08:24:52,,7936,-99,26.18954238290511,91.70129523625752,13.82550048828125,9.935046195983887,,,BLE
42:0e:7d:2b:ed:bc,,Uncategorized;10,2026-09-26 08:24:54,,7936,-102,26.18953530850933,91.70128191928097,13.818359375,9.935046195983887,,,BLE
7b:e2:50:b5:57:d0,,Uncategorized;10,2026-09-26 08:24:55,,7936,-78,26.1895326206677,91.70126850761018,13.7491455078125,9.935046195983887,,76,BLE
67:50:8a:b6:1c:eb,,Uncategorized;10,2026-09-26 08:24:55,,7936,-78,26.1895326206677,91.70126850761018,13.7491455078125,9.935046195983887,,76,BLE
54:70:a0:98:71:2e,,Misc,2026-09-26 08:24:56,,7936,-82,26.189530048820714,91.70126076649024,12.48052978515625,9.935046195983887,,76,BLE
98:b6:ed:df:c6:50,,Misc,2026-09-26 08:24:56,,,-104,26.189530048820714,91.70126076649024,12.48052978515625,9.935046195983887,,27714,BLE
31:6c:b7:88:d5:e5,,Misc,2026-09-26 08:24:56,,,-103,26.189530048820714,91.70126076649024,12.48052978515625,9.935046195983887,,6,BLE
5c:70:60:24:2a:07,,Misc,2026-09-26 08:24:56,,,-96,26.189530048820714,91.70126076649024,12.48052978515625,9.935046195983887,,76,BLE
6b:73:33:97:f8:b3,,Misc,2026-09-26 08:24:56,,,-92,26.189530048820714,91.70126076649024,12.48052978515625,9.935046195983887,,76,BLE
4d:95:01:1b:c5:61,,Misc,2026-09-26 08:24:56,,,-92,26.189530048820714,91.70126076649024,12.48052978515625,9.935046195983887,,76,BLE
3d:a6:2d:4d:af:c3,,Misc,2026-09-26 08:24:56,,,-98,26.189530048820714,91.70126076649024,12.48052978515625,9.935046195983887,,,BLE
43:e7:b2:aa:d3:7a,,Misc,2026-09-26 08:24:56,,,-103,26.189530048820714,91.70126076649024,12.48052978515625,9.935046195983887,,,BLE
19:0f:59:f0:c8:de,,Misc,2026-09-26 08:24:56,,,-94,26.189530048820714,91.70126076649024,12.48052978515625,9.935046195983887,,6,BLE
2a:c1:ea:1c:42:18,,Misc,2026-09-26 08:24:56,,,-102,26.189530048820714,91.70126076649024,12.48052978515625,9.935046195983887,,,BLE
78:3d:16:d2:dd:4c,,Misc,2026-09-26 08:24:56,,,-105,26.189530048820714,91.70126076649024,12.48052978515625,9.935046195983887,,,BLE
5f:d7:56:07:0c:48,,Misc,2026-09-26 08:24:56,,,-100,26.189530048820714,91.70126076649024,12.48052978515625,9.935046195983887,,76,BLE
7c:e9:ea:5c:9b:9e,,Misc,2026-09-26 08:24:56,,7936,-106,26.189530048820714,91.70126076649024,12.48052978515625,9.935046195983887,,,BLE
31:3b:7a:ac:d1:65,,Misc,2026-09-26 08:24:56,,,-93,26.189530048820714,91.70126076649024,12.48052978515625,9.935046195983887,,6,BLE
c5:d3:20:9d:2a:76,,Misc,2026-09-26 08:24:56,,,-72,26.189530048820714,91.70126076649024,12.48052978515625,9.935046195983887,,76,BLE
2b:86:ce:65:36:27,,Misc,2026-09-26 08:24:56,,,-91,26.189530048820714,91.70126076649024,12.48052978515625,9.935046195983887,,6,BLE
41:59:55:68:37:65,,Uncategorized;10,2026-09-26 08:24:56,,7936,-104,26.189530048820714,91.70126076649024,12.48052978515625,9.935046195983887,,,BLE
04:10:d7:df:a8:e9,,Uncategorized;10,2026-09-26 08:24:56,,7936,-103,26.189530048820714,91.70126076649024,12.48052978515625,9.935046195983887,,,BLE
3c:6e:ea:0d:77:75,,Uncategorized;10,2026-09-26 08:24:56,,7936,-100,26.189530048820714,91.70126076649024,12.48052978515625,9.935046195983887,,,BLE
59:bc:73:bd:6a:ca,,Uncategorized;10,2026-09-26 08:24:57,,7936,-98,26.189526233937404,91.7012557591468,13.1134033203125,9.935046195983887,,,BLE
7c:e9:ea:5c:9b:9e,,Misc,2026-09-26 08:24:57,,7936,-97,26.189526233937404,91.7012557591468,13.1134033203125,9.935046195983887,,,BLE
42:0e:7d:2b:ed:bc,,Uncategorized;10,2026-09-26 08:24:57,,7936,-96,26.189526233937404,91.7012557591468,13.1134033203125,9.935046195983887,,,BLE
4b:e0:55:0e:c7:6f,,Uncategorized;10,2026-09-26 08:24:57,,7936,-100,26.189526233937404,91.7012557591468,13.1134033203125,9.935046195983887,,,BLE
405751_53815_205093376,Assam,LTE;405751,2026-09-26 08:24:59,1351,1351,-83,26.189512583549934,91.70124252142104,10.689361572265625,9.935046195983887,,,LTE
7c:1b:0f:03:81:a7,,Uncategorized;10,2026-09-26 08:25:00,,7936,-99,26.189505948615125,91.70124366191891,10.66693115234375,9.935046195983887,,,BLE
c7:8d:fc:9e:a9:52,,Misc,2026-09-26 08:25:01,,,-83,26.189496260865287,91.70123650688677,9.960052490234375,9.935046195983887,,76,BLE
68:cc:4d:a6:cf:ec,,Misc,2026-09-26 08:25:01,,7936,-104,26.189496260865287,91.70123650688677,9.960052490234375,9.935046195983887,,76,BLE
78:3d:16:d2:dd:4c,,Misc,2026-09-26 08:25:01,,,-98,26.189496260865287,91.70123650688677,9.960052490234375,9.935046195983887,,,BLE
62:aa:57:8e:01:3f,,Misc,2026-09-26 08:25:01,,,-99,26.189496260865287,91.70123650688677,9.960052490234375,9.935046195983887,,,BLE
05:b4:f2:13:71:9a,,Uncategorized;10,2026-09-26 08:25:01,,7936,-82,26.189496260865287,91.70123650688677,9.960052490234375,9.935046195983887,,,BLE
6c:d1:7c:7c:71:aa,,Misc,2026-09-26 08:25:01,,,-106,26.189496260865287,91.70123650688677,9.960052490234375,9.935046195983887,,,BLE
31:6c:b7:88:d5:e5,,Misc,2026-09-26 08:25:01,,,-97,26.189496260865287,91.70123650688677,9.960052490234375,9.935046195983887,,6,BLE
15:42:f0:64:d7:18,,Uncategorized;10,2026-09-26 08:25:01,,7936,-92,26.189496260865287,91.70123650688677,9.960052490234375,9.935046195983887,,,BLE
0a:8d:9d:81:46:92,,Misc,2026-09-26 08:25:01,,,-87,26.189496260865287,91.70123650688677,9.960052490234375,9.935046195983887,,6,BLE
7f:51:3e:02:34:15,ARNAV,Misc,2026-09-26 08:25:01,,7936,-102,26.189496260865287,91.70123650688677,9.960052490234375,9.935046195983887,,,BLE
2f:ab:ea:3d:01:65,,Misc,2026-09-26 08:25:01,,,-80,26.189496260865287,91.70123650688677,9.960052490234375,9.935046195983887,,,BLE
be:69:14:00:04:67,MELK-OA10   26,Uncategorized;10,2026-09-26 08:25:01,,7936,-104,26.189496260865287,91.70123650688677,9.960052490234375,9.935046195983887,,,BLE
6a:97:33:b2:86:fc,,Uncategorized;10,2026-09-26 08:25:01,,7936,-101,26.189496260865287,91.70123650688677,9.960052490234375,9.935046195983887,,,BLE
18:4d:f7:a7:c2:5b,,Misc,2026-09-26 08:25:06,,,-104,26.189457230463045,91.70123255448046,8.328094482421875,9.935046195983887,,,BLE
7c:d8:77:92:5b:12,,Misc,2026-09-26 08:25:06,,7936,-103,26.189457230463045,91.70123255448046,8.328094482421875,9.935046195983887,,76,BLE
2a:c1:ea:1c:42:18,,Misc,2026-09-26 08:25:06,,,-96,26.189457230463045,91.70123255448046,8.328094482421875,9.935046195983887,,,BLE
5a:1b:13:55:ea:7c,,Misc,2026-09-26 08:25:06,,7936,-103,26.189457230463045,91.70123255448046,8.328094482421875,9.935046195983887,,76,BLE
f3:23:9e:41:74:9e,,Misc,2026-09-26 08:25:06,,,-96,26.189457230463045,91.70123255448046,8.328094482421875,9.935046195983887,,76,BLE
28:3a:01:06:bb:83,,Misc,2026-09-26 08:25:06,,,-95,26.189457230463045,91.70123255448046,8.328094482421875,9.935046195983887,,,BLE
db:3d:ad:c2:cc:a2,,Misc,2026-09-26 08:25:06,,,-90,26.189457230463045,91.70123255448046,8.328094482421875,9.935046195983887,,76,BLE
dd:bf:fd:7d:4b:48,,Misc,2026-09-26 08:25:06,,,-88,26.189457230463045,91.70123255448046,8.328094482421875,9.935046195983887,,76,BLE
6a:97:33:b2:86:fc,,Uncategorized;10,2026-09-26 08:25:06,,7936,-101,26.189457230463045,91.70123255448046,8.328094482421875,9.935046195983887,,76,BLE
54:70:a0:98:71:2e,,Misc,2026-09-26 08:25:06,,7936,-70,26.189457230463045,91.70123255448046,8.328094482421875,9.935046195983887,,76,BLE
4e:4f:54:e3:7a:96,,Misc,2026-09-26 08:25:08,,7936,-87,26.189451038520314,91.70124752511295,8.210052490234375,9.935046195983887,,76,BLE
ba:fb:b3:2c:b2:c8,,[WPA2-PSK-CCMP][RSN-PSK-CCMP][ESS],2026-09-26 08:25:10,3,2422,-72,26.189444853032548,91.70126662527498,8.72821044921875,9.935046195983887,,,WIFI
ba:fb:b3:2c:ae:4d,,[WPA2-PSK-CCMP][RSN-PSK-CCMP][ESS],2026-09-26 08:25:10,153,5765,-62,26.189444853032548,91.70126662527498,8.72821044921875,9.935046195983887,,,WIFI
58:04:4f:f6:8c:f2,obsessed_1212,[WPA2-PSK-CCMP][RSN-PSK-CCMP][ESS][WPS],2026-09-26 08:25:10,3,2422,-77,26.189444853032548,91.70126662527498,8.72821044921875,9.935046195983887,,,WIFI
f2:75:0c:7c:cb:9c,IITG_CONNECT,[WPA2-EAP/SHA1+FT/EAP-CCMP][RSN-EAP/SHA1+FT/EAP-CCMP][ESS],2026-09-26 08:25:10,1,2412,-77,26.189444853032548,91.70126662527498,8.72821044921875,9.935046195983887,,,WIFI
e4:fa:c4:0c:9e:18,TP-Link_9E18,[WPA2-PSK-CCMP][RSN-PSK-CCMP][ESS][WPS],2026-09-26 08:25:10,2,2417,-70,26.189444853032548,91.70126662527498,8.72821044921875,9.935046195983887,,,WIFI
40:86:cb:81:d7:ba,Golden_Guest,[WPA2-PSK-CCMP][RSN-PSK-CCMP][ESS],2026-09-26 08:25:10,13,2472,-59,26.189444853032548,91.70126662527498,8.72821044921875,9.935046195983887,,,WIFI
b8:fb:b3:4c:ae:4d,Ghatotkach_ka_nichla_tatta_5G,[WPA2-PSK-CCMP][RSN-PSK-CCMP][ESS][WPS],2026-09-26 08:25:10,153,5765,-59,26.189444853032548,91.70126662527498,8.72821044921875,9.935046195983887,,,WIFI
b8:fb:b3:4c:ae:4b,Ghatotkach_ka_nichla_tatta,[WPA2-PSK-CCMP][RSN-PSK-CCMP][ESS][WPS],2026-09-26 08:25:10,10,2457,-48,26.189444853032548,91.70126662527498,8.72821044921875,9.935046195983887,,,WIFI
40:86:cb:81:d7:b8,Golden,[WPA2-PSK-CCMP][RSN-PSK-CCMP][ESS],2026-09-26 08:25:10,13,2472,-59,26.189444853032548,91.70126662527498,8.72821044921875,9.935046195983887,,,WIFI
c3:2c:49:91:ef:ce,,Misc,2026-09-26 08:25:11,,,-99,26.18944211164224,91.70127698755219,9.209564208984375,9.935046195983887,,76,BLE
ba:fb:b3:2c:b2:ca,,[WPA2-PSK-CCMP][RSN-PSK-CCMP][ESS],2026-09-26 08:25:14,157,5785,-70,26.189421794340046,91.70130783324959,9.36712646484375,9.935046195983887,,,WIFI
3c:6a:d2:4f:80:c0,TP-Link_80C0,[WPA2-PSK-CCMP][RSN-PSK-CCMP][ESS][WPS],2026-09-26 08:25:14,2,2417,-79,26.189421794340046,91.70130783324959,9.36712646484375,9.935046195983887,,,WIFI
f2:75:0c:7c:ce:c5,IITG_CONNECT,[WPA2-EAP/SHA1+FT/EAP-CCMP][RSN-EAP/SHA1+FT/EAP-CCMP][ESS],2026-09-26 08:25:14,153,5765,-79,26.189421794340046,91.70130783324959,9.36712646484375,9.935046195983887,,,WIFI
c2:07:1d:66:c2:54,IITG_CONNECT,[WPA2-EAP/SHA1+FT/EAP-CCMP][RSN-EAP/SHA1+FT/EAP-CCMP][ESS],2026-09-26 08:25:14,11,2462,-22,26.189421794340046,91.70130783324959,9.36712646484375,9.935046195983887,,,WIFI
f2:75:0c:7c:cb:9c,IITG_CONNECT,[WPA2-EAP/SHA1+FT/EAP-CCMP][RSN-EAP/SHA1+FT/EAP-CCMP][ESS],2026-09-26 08:25:14,1,2412,-72,26.189421794340046,91.70130783324959,9.36712646484375,9.935046195983887,,,WIFI
c2:07:1d:66:c2:55,IITG_CONNECT,[WPA2-EAP/SHA1+FT/EAP-CCMP][RSN-EAP/SHA1+FT/EAP-CCMP][ESS],2026-09-26 08:25:14,44,5220,-32,26.189421794340046,91.70130783324959,9.36712646484375,9.935046195983887,,,WIFI
5b:3b:72:70:80:7b,,Uncategorized;10,2026-09-26 08:25:14,,7936,-99,26.189421794340046,91.70130783324959,9.36712646484375,9.935046195983887,,,BLE
58:55:68:68:b5:c9,,Misc,2026-09-26 08:25:15,,7936,-90,26.18941616689562,91.7013184351047,9.8837890625,9.935046195983887,,76,BLE
56:f4:43:b7:6a:15,,Misc,2026-09-26 08:25:15,,7936,-96,26.18941616689562,91.7013184351047,9.8837890625,9.935046195983887,,76,BLE
ca:39:52:ec:63:2b,,Misc,2026-09-26 08:25:16,,,-103,26.189409307878424,91.7013307107046,10.512542724609375,9.935046195983887,,76,BLE
ed:81:e1:f6:7c:63,,Misc,2026-09-26 08:25:16,,,-95,26.189409307878424,91.7013307107046,10.512542724609375,9.935046195983887,,76,BLE
50:c0:f0:a8:3d:1c,Titan_90197_3D1C,Watch;10,2026-09-26 08:25:16,,1796,-72,26.189409307878424,91.7013307107046,10.512542724609375,9.935046195983887,,,BLE
5b:3b:72:70:80:7b,,Uncategorized;10,2026-09-26 08:25:16,,7936,-99,26.189409307878424,91.7013307107046,10.512542724609375,9.935046195983887,,76,BLE
31:3b:7a:ac:d1:65,,Misc,2026-09-26 08:25:16,,,-88,26.189409307878424,91.7013307107046,10.512542724609375,9.935046195983887,,6,BLE
28:a9:9b:58:e3:16,,Misc,2026-09-26 08:25:16,,,-96,26.189409307878424,91.7013307107046,10.512542724609375,9.935046195983887,,6,BLE
57:46:7d:46:3d:c7,,Uncategorized;10,2026-09-26 08:25:18,,7936,-95,26.189397890991682,91.70135439182765,10.84759521484375,9.935046195983887,,,BLE
51:ae:b0:67:9e:8c,,Uncategorized;10,2026-09-26 08:25:19,,7936,-92,26.18939495521204,91.70136578621147,11.39227294921875,9.935046195983887,,76,BLE
6b:27:63:a1:c0:1a,,Uncategorized;10,2026-09-26 08:25:19,,7936,-101,26.18939495521204,91.70136578621147,11.39227294921875,9.935046195983887,,,BLE
7e:35:e0:89:3e:51,,Misc,2026-09-26 08:25:21,,,-98,26.18939582403897,91.70138624863648,10.33056640625,9.994927406311035,,76,BLE
3c:b0:ed:47:c8:70,CMF Watch Pro 2-C870,Uncategorized,2026-09-26 08:25:21,,7936,-97,26.18939582403897,91.70138624863648,10.33056640625,9.994927406311035,,,BLE
57:46:7d:46:3d:c7,,Uncategorized;10,2026-09-26 08:25:21,,7936,-97,26.18939582403897,91.70138624863648,10.33056640625,9.994927406311035,,76,BLE
4e:4f:54:e3:7a:96,,Misc,2026-09-26 08:25:21,,7936,-68,26.18939582403897,91.70138624863648,10.33056640625,9.994927406311035,,76,BLE
7c:a9:6b:d3:e0:21,FTTH-5G,[WPA-PSK-TKIP][WPA2-PSK+FT/PSK-CCMP][RSN-PSK+FT/PSK-CCMP][ESS][WPS],2026-09-26 08:25:22,157,5785,-78,26.189397823803574,91.70139587792013,10.135498046875,10.037705421447754,,,WIFI
c0:3a:55:41:1b:e2,Punjabi aagye oye,[WPA2-PSK-CCMP][RSN-PSK-CCMP][ESS][WPS],2026-09-26 08:25:22,2,2417,-62,26.189397823803574,91.70139587792013,10.135498046875,10.037705421447754,,,WIFI
7c:a9:6b:d3:e0:25,FTTH,[WPA-PSK-TKIP][WPA2-PSK+FT/PSK-CCMP][RSN-PSK+FT/PSK-CCMP][ESS],2026-09-26 08:25:22,7,2442,-60,26.189397823803574,91.70139587792013,10.135498046875,10.037705421447754,,,WIFI
f2:75:0c:7c:ce:c5,IITG_CONNECT,[WPA2-EAP/SHA1+FT/EAP-CCMP][RSN-EAP/SHA1+FT/EAP-CCMP][ESS],2026-09-26 08:25:22,153,5765,-74,26.189397823803574,91.70139587792013,10.135498046875,10.037705421447754,,,WIFI
7e:9c:38:1d:f0:d1,,Uncategorized;10,2026-09-26 08:25:25,,7936,-89,26.189399538931877,91.70142495107913,10.581298828125,10.178348541259766,,76,BLE
55:80:13:b0:23:8c,,Misc,2026-09-26 08:25:26,,7936,-91,26.189398767560533,91.70143406053869,10.67608642578125,10.199030876159668,,76,BLE
28:38:16:57:6e:8a,,Misc,2026-09-26 08:25:26,,,-104,26.189398767560533,91.70143406053869,10.67608642578125,10.199030876159668,,6,BLE
50:68:a0:40:ed:ca,realme Buds T500 Pro,Misc,2026-09-26 08:25:26,,,-97,26.189398767560533,91.70143406053869,10.67608642578125,10.199030876159668,,,BLE
c3:2c:49:91:ef:ce,,Misc,2026-09-26 08:25:26,,,-77,26.189398767560533,91.70143406053869,10.67608642578125,10.199030876159668,,76,BLE
ed:5a:4e:fc:6c:ec,,Misc,2026-09-26 08:25:26,,,-95,26.189398767560533,91.70143406053869,10.67608642578125,10.199030876159668,,76,BLE
64:29:43:4e:3e:7c,Not_Confined,[WPA2-PSK-CCMP][RSN-PSK-CCMP][ESS][WPS],2026-09-26 08:25:28,6,2437,-58,26.189393695150976,91.70144697501335,11.22528076171875,10.073797225952148,,,WIFI
5c:02:14:65:17:43,sorrybabu,[WPA-PSK-TKIP+CCMP][WPA2-PSK-TKIP+CCMP][RSN-PSK-TKIP+CCMP][ESS][WPS],2026-09-26 08:25:28,44,5220,-78,26.189393695150976,91.70144697501335,11.22528076171875,10.073797225952148,,,WIFI
5c:02:14:65:17:42,sorrybabu,[WPA-PSK-TKIP+CCMP][WPA2-PSK-TKIP+CCMP][RSN-PSK-TKIP+CCMP][ESS][WPS],2026-09-26 08:25:28,11,2462,-70,26.189393695150976,91.70144697501335,11.22528076171875,10.073797225952148,,,WIFI
c0:3a:55:41:1b:e2,Punjabi aagye oye,[WPA2-PSK-CCMP][RSN-PSK-CCMP][ESS][WPS],2026-09-26 08:25:28,2,2417,-55,26.189393695150976,91.70144697501335,11.22528076171875,10.073797225952148,,,WIFI
c2:07:1d:66:c1:58,IITG_CONNECT,[WPA2-EAP/SHA1+FT/EAP-CCMP][RSN-EAP/SHA1+FT/EAP-CCMP][ESS],2026-09-26 08:25:28,1,2412,-61,26.189393695150976,91.70144697501335,11.22528076171875,10.073797225952148,,,WIFI
c2:07:1d:66:c8:93,IITG_CONNECT,[WPA2-EAP/SHA1+FT/EAP-CCMP][RSN-EAP/SHA1+FT/EAP-CCMP][ESS],2026-09-26 08:25:28,161,5805,-56,26.189393695150976,91.70144697501335,11.22528076171875,10.073797225952148,,,WIFI
be:a8:a6:9e:50:c5,Projho,[WPA2-PSK-CCMP][RSN-PSK-CCMP][ESS][WPS],2026-09-26 08:25:28,6,2437,-82,26.189393695150976,91.70144697501335,11.22528076171875,10.073797225952148,,,WIFI
c2:07:1d:66:c8:92,IITG_CONNECT,[WPA2-EAP/SHA1+FT/EAP-CCMP][RSN-EAP/SHA1+FT/EAP-CCMP][ESS],2026-09-26 08:25:28,11,2462,-52,26.189393695150976,91.70144697501335,11.22528076171875,10.073797225952148,,,WIFI
50:2b:73:88:69:e1,alok,[WPA-PSK-CCMP][WPA2-PSK-CCMP][RSN-PSK-CCMP][ESS][WPS],2026-09-26 08:25:28,5,2432,-88,26.189393695150976,91.70144697501335,11.22528076171875,10.073797225952148,,,WIFI
10:86:ac:dc:72:c0,,Misc,2026-09-26 08:25:31,,,-100,26.189380702788444,91.70145807001786,6.530029296875,10.094559669494629,,6,BLE
eb:d6:29:7c:ae:7a,,Misc,2026-09-26 08:25:31,,,-98,26.189380702788444,91.70145807001786,6.530029296875,10.094559669494629,,76,BLE
e9:9f:b4:6d:89:97,,Misc,2026-09-26 08:25:31,,,-87,26.189380702788444,91.70145807001786,6.530029296875,10.094559669494629,,76,BLE
02:9c:76:32:81:24,,Misc,2026-09-26 08:25:31,,,-104,26.189380702788444,91.70145807001786,6.530029296875,10.094559669494629,,6,BLE
4e:67:b1:80:b8:ba,,Misc,2026-09-26 08:25:31,,7936,-83,26.189380702788444,91.70145807001786,6.530029296875,10.094559669494629,,76,BLE
e5:c9:22:37:91:91,,Misc,2026-09-26 08:25:31,,,-96,26.189380702788444,91.70145807001786,6.530029296875,10.094559669494629,,76,BLE
cb:6f:60:a6:b7:1f,LE_WF-C710N,Uncategorized,2026-09-26 08:25:31,,7936,-82,26.189380702788444,91.70145807001786,6.530029296875,10.094559669494629,,,BLE
5c:17:cf:51:20:5d,OnePlus Nord,Smartphone;10,2026-09-26 08:25:31,,524,-98,26.189380702788444,91.70145807001786,6.530029296875,10.094559669494629,,,BT
57:61:ab:e8:4f:74,,Uncategorized;10,2026-09-26 08:25:32,,7936,-94,26.189375026014694,91.70146101910372,5.4632568359375,10.053977966308594,,76,BLE
6f:24:12:e6:37:db,,Uncategorized;10,2026-09-26 08:25:32,,7936,-89,26.189375026014694,91.70146101910372,5.4632568359375,10.053977966308594,,,BLE
5c:17:cf:51:20:5d,OnePlus Nord,Smartphone;10,2026-09-26 08:25:34,,524,-81,26.189361803771362,91.70146760420158,3.429412841796875,10.039505958557129,,,BT
73:a1:dd:42:0b:27,,Uncategorized;10,2026-09-26 08:25:34,,7936,-87,26.189361803771362,91.70146760420158,3.429412841796875,10.039505958557129,,,BLE
40:86:cb:2a:dc:e4,Shani_ka_prakop,[WPA2-PSK-CCMP][RSN-PSK-CCMP][ESS],2026-09-26 08:25:35,4,2427,-75,26.189353971336605,91.70147104504555,4.1065673828125,10.016551971435547,,,WIFI
c2:07:1d:66:c1:59,IITG_CONNECT,[WPA2-EAP/SHA1+FT/EAP-CCMP][RSN-EAP/SHA1+FT/EAP-CCMP][ESS],2026-09-26 08:25:35,44,5220,-70,26.189353971336605,91.70147104504555,4.1065673828125,10.016551971435547,,,WIFI
c2:07:1d:66:c8:93,IITG_CONNECT,[WPA2-EAP/SHA1+FT/EAP-CCMP][RSN-EAP/SHA1+FT/EAP-CCMP][ESS],2026-09-26 08:25:35,161,5805,-41,26.189353971336605,91.70147104504555,4.1065673828125,10.016551971435547,,,WIFI
5a:e7:d5:4a:63:ed,,Misc,2026-09-26 08:25:36,,7936,-75,26.189346500602632,91.70147474318834,4.279296875,10.004876136779785,,76,BLE
49:66:f6:93:47:65,,Uncategorized;10,2026-09-26 08:25:36,,7936,-81,26.189346500602632,91.70147474318834,4.279296875,10.004876136779785,,,BLE
73:a1:dd:42:0b:27,,Uncategorized;10,2026-09-26 08:25:36,,7936,-87,26.189346500602632,91.70147474318834,4.279296875,10.004876136779785,,76,BLE
e5:c9:22:37:91:91,,Misc,2026-09-26 08:25:36,,,-78,26.189346500602632,91.70147474318834,4.279296875,10.004876136779785,,76,BLE
3b:67:5c:f0:f6:fb,,Misc,2026-09-26 08:25:36,,,-88,26.189346500602632,91.70147474318834,4.279296875,10.004876136779785,,6,BLE
e9:9f:b4:6d:89:97,,Misc,2026-09-26 08:25:36,,,-79,26.189346500602632,91.70147474318834,4.279296875,10.004876136779785,,76,BLE
3f:b4:f5:bf:06:0f,,Misc,2026-09-26 08:25:36,,,-96,26.189346500602632,91.70147474318834,4.279296875,10.004876136779785,,6,BLE
cc:d4:07:93:1c:b4,LE_WF-C710N,Misc,2026-09-26 08:25:36,,7936,-93,26.189346500602632,91.70147474318834,4.279296875,10.004876136779785,,,BLE
0a:2b:08:da:06:4b,,Misc,2026-09-26 08:25:36,,7936,-100,26.189346500602632,91.70147474318834,4.279296875,10.004876136779785,,,BLE
c2:32:92:79:02:d5,,Misc,2026-09-26 08:25:36,,,-87,26.189346500602632,91.70147474318834,4.279296875,10.004876136779785,,76,BLE
7e:9c:38:1d:f0:d1,,Uncategorized;10,2026-09-26 08:25:36,,7936,-83,26.189346500602632,91.70147474318834,4.279296875,10.004876136779785,,76,BLE
4d:0a:19:fb:75:7b,,Misc,2026-09-26 08:25:36,,7936,-100,26.189346500602632,91.70147474318834,4.279296875,10.004876136779785,,,BLE
4b:aa:c2:4c:e3:03,,Misc,2026-09-26 08:25:36,,7936,-76,26.189346500602632,91.70147474318834,4.279296875,10.004876136779785,,76,BLE
4e:67:b1:80:b8:ba,,Misc,2026-09-26 08:25:36,,7936,-68,26.189346500602632,91.70147474318834,4.279296875,10.004876136779785,,76,BLE
7c:d8:77:92:5b:12,,Misc,2026-09-26 08:25:37,,7936,-85,26.189339055429016,91.70148043730548,3.145111083984375,10.017298698425293,,76,BLE
23:43:43:8e:67:ae,,Uncategorized;10,2026-09-26 08:25:37,,7936,-99,26.189339055429016,91.70148043730548,3.145111083984375,10.017298698425293,,,BLE
55:80:13:b0:23:8c,,Misc,2026-09-26 08:25:37,,7936,-84,26.189339055429016,91.70148043730548,3.145111083984375,10.017298698425293,,76,BLE
6e:9a:2c:ce:c6:2c,,Uncategorized;10,2026-09-26 08:25:37,,7936,-102,26.189339055429016,91.70148043730548,3.145111083984375,10.017298698425293,,,BLE
5a:1b:13:55:ea:7c,,Misc,2026-09-26 08:25:38,,7936,-88,26.189331779440863,91.70148519360966,2.823333740234375,9.970720291137695,,76,BLE
5c:17:cf:51:20:5d,OnePlus Nord,Smartphone;10,2026-09-26 08:25:39,,524,-76,26.18932439638787,91.70148971826292,-0.96502685546875,9.935046195983887,,,BT
52:d4:8e:f3:00:85,,Uncategorized;10,2026-09-26 08:25:39,,7936,-101,26.18932439638787,91.70148971826292,-0.96502685546875,9.935046195983887,,,BLE
20:6f:56:01:87:8b,,Uncategorized;10,2026-09-26 08:25:39,,7936,-90,26.18932439638787,91.70148971826292,-0.96502685546875,9.935046195983887,,,BLE
0a:2b:08:da:06:4b,,Misc,2026-09-26 08:25:40,,7936,-91,26.189307882735545,91.70149755598639,-1.425689697265625,9.935046195983887,,,BLE
23:43:43:8e:67:ae,,Uncategorized;10,2026-09-26 08:25:40,,7936,-87,26.189307882735545,91.70149755598639,-1.425689697265625,9.935046195983887,,,BLE
20:6f:56:01:87:8b,,Uncategorized;10,2026-09-26 08:25:41,,7936,-81,26.189314312183456,91.70149650949207,-1.30499267578125,9.935046195983887,,,BLE
5a:1b:13:55:ea:7c,,Misc,2026-09-26 08:25:41,,7936,-74,26.189314312183456,91.70149650949207,-1.30499267578125,9.935046195983887,,76,BLE
4d:0a:19:fb:75:7b,,Misc,2026-09-26 08:25:41,,7936,-94,26.189314312183456,91.70149650949207,-1.30499267578125,9.935046195983887,,,BLE
44:a3:43:70:41:93,,Uncategorized;10,2026-09-26 08:25:41,,7936,-101,26.189314312183456,91.70149650949207,-1.30499267578125,9.935046195983887,,,BLE
6d:b7:a3:aa:37:c6,,Misc,2026-09-26 08:25:41,,,-100,26.189314312183456,91.70149650949207,-1.30499267578125,9.935046195983887,,76,BLE
c0:87:06:12:9f:3d,,Misc,2026-09-26 08:25:41,,,-97,26.189314312183456,91.70149650949207,-1.30499267578125,9.935046195983887,,18025,BLE
53:9d:6c:4a:c1:55,,Misc,2026-09-26 08:25:41,,,-102,26.189314312183456,91.70149650949207,-1.30499267578125,9.935046195983887,,76,BLE
52:d4:8e:f3:00:85,,Uncategorized;10,2026-09-26 08:25:41,,7936,-101,26.189314312183456,91.70149650949207,-1.30499267578125,9.935046195983887,,76,BLE
44:a3:43:70:41:93,,Uncategorized;10,2026-09-26 08:25:41,,7936,-101,26.189314312183456,91.70149650949207,-1.30499267578125,9.935046195983887,,76,BLE
fa:f5:5d:15:3b:18,,Misc,2026-09-26 08:25:41,,,-128,26.189314312183456,91.70149650949207,-1.30499267578125,9.935046195983887,,76,BLE
d9:61:3b:bd:93:7d,,Misc,2026-09-26 08:25:41,,,-93,26.189314312183456,91.70149650949207,-1.30499267578125,9.935046195983887,,76,BLE
48:98:a1:67:8d:d5,,Misc,2026-09-26 08:25:41,,,-89,26.189314312183456,91.70149650949207,-1.30499267578125,9.935046195983887,,301,BLE
6e:9a:2c:ce:c6:2c,,Uncategorized;10,2026-09-26 08:25:41,,7936,-102,26.189314312183456,91.70149650949207,-1.30499267578125,9.935046195983887,,76,BLE
5d:03:d3:2c:ce:3a,,Misc,2026-09-26 08:25:46,,,-101,26.189255702708707,91.70151809944329,3.796600341796875,10.197539329528809,,,BLE
f4:58:30:ee:77:bd,,Misc,2026-09-26 08:25:46,,,-100,26.189255702708707,91.70151809944329,3.796600341796875,10.197539329528809,,76,BLE
26:23:88:16:93:a8,,Misc,2026-09-26 08:25:46,,,-96,26.189255702708707,91.70151809944329,3.796600341796875,10.197539329528809,,6,BLE
60:fd:c6:39:9b:ef,,Misc,2026-09-26 08:25:46,,,-104,26.189255702708707,91.70151809944329,3.796600341796875,10.197539329528809,,76,BLE
04:95:a3:a1:0b:cb,,Misc,2026-09-26 08:25:46,,,-105,26.189255702708707,91.70151809944329,3.796600341796875,10.197539329528809,,6,BLE
7c:d8:77:92:5b:12,,Misc,2026-09-26 08:25:46,,7936,-76,26.189255702708707,91.70151809944329,3.796600341796875,10.197539329528809,,76,BLE
f9:a1:8e:a7:32:4d,,Misc,2026-09-26 08:25:46,,,-68,26.189255702708707,91.70151809944329,3.796600341796875,10.197539329528809,,76,BLE
66:87:ad:ec:b3:ca,,Misc,2026-09-26 08:25:46,,,-105,26.189255702708707,91.70151809944329,3.796600341796875,10.197539329528809,,76,BLE
46:ab:02:2f:73:98,,Misc,2026-09-26 08:25:46,,7936,-105,26.189255702708707,91.70151809944329,3.796600341796875,10.197539329528809,,,BLE
5b:f1:33:41:08:5c,realme,Uncategorized,2026-09-26 08:25:46,,,-94,26.189255702708707,91.70151809944329,3.796600341796875,10.197539329528809,,,BLE
53:53:53:e0:e6:34,,Misc,2026-09-26 08:25:46,,,-94,26.189255702708707,91.70151809944329,3.796600341796875,10.197539329528809,,,BLE
23:43:43:8e:67:ae,,Uncategorized;10,2026-09-26 08:25:46,,7936,-78,26.189255702708707,91.70151809944329,3.796600341796875,10.197539329528809,,,BLE
c7:88:f6:d8:37:d9,,Misc,2026-09-26 08:25:46,,,-83,26.189255702708707,91.70151809944329,3.796600341796875,10.197539329528809,,76,BLE
6b:0e:54:23:11:fd,,Misc,2026-09-26 08:25:46,,7936,-102,26.189255702708707,91.70151809944329,3.796600341796875,10.197539329528809,,,BLE
5a:89:ea:41:f0:f7,,Uncategorized;10,2026-09-26 08:25:47,,7936,-100,26.189261724211,91.70151683123358,4.5631103515625,10.15514850616455,,,BLE
44:14:d1:a0:9c:27,,Uncategorized;10,2026-09-26 08:25:47,,7936,-101,26.189261724211,91.70151683123358,4.5631103515625,10.15514850616455,,,BLE
68:75:50:6f:39:94,,Uncategorized;10,2026-09-26 08:25:47,,7936,-101,26.189261724211,91.70151683123358,4.5631103515625,10.15514850616455,,,BLE
6e:fd:1f:34:2c:bf,,Uncategorized;10,2026-09-26 08:25:47,,7936,-103,26.189261724211,91.70151683123358,4.5631103515625,10.15514850616455,,,BLE
7d:b9:24:9b:f6:ff,,Uncategorized;10,2026-09-26 08:25:47,,7936,-105,26.189261724211,91.70151683123358,4.5631103515625,10.15514850616455,,,BLE
47:92:b3:49:c2:8a,,Uncategorized;10,2026-09-26 08:25:47,,7936,-99,26.189261724211,91.70151683123358,4.5631103515625,10.15514850616455,,,BLE
4b:74:d3:94:b5:c8,,Uncategorized;10,2026-09-26 08:25:47,,7936,-98,26.189261724211,91.70151683123358,4.5631103515625,10.15514850616455,,,BLE
53:4b:80:48:ac:db,,Uncategorized;10,2026-09-26 08:25:47,,7936,-98,26.189261724211,91.70151683123358,4.5631103515625,10.15514850616455,,,BLE
46:ab:02:2f:73:98,,Misc,2026-09-26 08:25:47,,7936,-98,26.189261724211,91.70151683123358,4.5631103515625,10.15514850616455,,,BLE
6b:0e:54:23:11:fd,,Misc,2026-09-26 08:25:47,,7936,-97,26.189261724211,91.70151683123358,4.5631103515625,10.15514850616455,,,BLE
75:cd:70:89:c3:08,,Uncategorized;10,2026-09-26 08:25:48,,7936,-98,26.189250311588335,91.70152013377542,4.674896240234375,10.189310073852539,,,BLE
5f:78:3c:f2:ea:aa,,Uncategorized;10,2026-09-26 08:25:48,,7936,-90,26.189250311588335,91.70152013377542,4.674896240234375,10.189310073852539,,,BLE
bc:22:28:c0:cd:56,R04-CD56,[WPA2-PSK-CCMP][RSN-PSK-CCMP][ESS],2026-09-26 08:25:48,4,2427,-73,26.189250311588335,91.70152013377542,4.674896240234375,10.189310073852539,,,WIFI
c2:07:1d:66:c1:41,IITG_CONNECT,[WPA2-EAP/SHA1+FT/EAP-CCMP][RSN-EAP/SHA1+FT/EAP-CCMP][ESS],2026-09-26 08:25:48,36,5180,-61,26.189250311588335,91.70152013377542,4.674896240234375,10.189310073852539,,,WIFI
6b:e7:a8:18:52:38,,Uncategorized;10,2026-09-26 08:25:48,,7936,-89,26.189250311588335,91.70152013377542,4.674896240234375,10.189310073852539,,,BLE
6c:76:85:87:92:8e,,Uncategorized;10,2026-09-26 08:25:48,,7936,-88,26.189250311588335,91.70152013377542,4.674896240234375,10.189310073852539,,,BLE
42:a4:85:35:07:86,,Uncategorized;10,2026-09-26 08:25:48,,7936,-88,26.189250311588335,91.70152013377542,4.674896240234375,10.189310073852539,,,BLE
48:42:fe:de:5c:cd,,Uncategorized;10,2026-09-26 08:25:48,,7936,-88,26.189250311588335,91.70152013377542,4.674896240234375,10.189310073852539,,,BLE
26:23:88:16:93:a8,,Misc,2026-09-26 08:25:51,,,-91,26.189228617666604,91.7015193359554,5.060699462890625,10.018954277038574,,6,BLE
2b:ec:0e:9a:22:9b,,Misc,2026-09-26 08:25:51,,,-103,26.189228617666604,91.7015193359554,5.060699462890625,10.018954277038574,,,BLE
6b:0e:54:23:11:fd,,Misc,2026-09-26 08:25:51,,7936,-88,26.189228617666604,91.7015193359554,5.060699462890625,10.018954277038574,,,BLE
75:cd:70:89:c3:08,,Uncategorized;10,2026-09-26 08:25:51,,7936,-88,26.189228617666604,91.7015193359554,5.060699462890625,10.018954277038574,,,BLE
47:92:b3:49:c2:8a,,Uncategorized;10,2026-09-26 08:25:51,,7936,-91,26.189228617666604,91.7015193359554,5.060699462890625,10.018954277038574,,,BLE
44:14:d1:a0:9c:27,,Uncategorized;10,2026-09-26 08:25:51,,7936,-90,26.189228617666604,91.7015193359554,5.060699462890625,10.018954277038574,,,BLE
6e:fd:1f:34:2c:bf,,Uncategorized;10,2026-09-26 08:25:52,,7936,-87,26.189223238090996,91.70151456656187,5.21002197265625,10.042214393615723,,,BLE
4b:74:d3:94:b5:c8,,Uncategorized;10,2026-09-26 08:25:52,,7936,-86,26.189223238090996,91.70151456656187,5.21002197265625,10.042214393615723,,,BLE
5f:78:3c:f2:ea:aa,,Uncategorized;10,2026-09-26 08:25:52,,7936,-85,26.189223238090996,91.70151456656187,5.21002197265625,10.042214393615723,,,BLE
53:4b:80:48:ac:db,,Uncategorized;10,2026-09-26 08:25:52,,7936,-85,26.189223238090996,91.70151456656187,5.21002197265625,10.042214393615723,,,BLE
68:75:50:6f:39:94,,Uncategorized;10,2026-09-26 08:25:53,,7936,-86,26.189219712187906,91.7015071166842,5.359588623046875,10.065831184387207,,,BLE
5a:89:ea:41:f0:f7,,Uncategorized;10,2026-09-26 08:25:53,,7936,-95,26.189219712187906,91.7015071166842,5.359588623046875,10.065831184387207,,,BLE
46:ab:02:2f:73:98,,Misc,2026-09-26 08:25:53,,7936,-90,26.189219712187906,91.7015071166842,5.359588623046875,10.065831184387207,,,BLE
7d:b9:24:9b:f6:ff,,Uncategorized;10,2026-09-26 08:25:53,,7936,-91,26.189219712187906,91.7015071166842,5.359588623046875,10.065831184387207,,,BLE
04:10:d7:df:a8:e9,,Uncategorized;10,2026-09-26 08:25:54,,7936,-96,26.18921732057803,91.70149859347617,4.185211181640625,9.935046195983887,,,BLE
42:a4:85:35:07:86,,Uncategorized;10,2026-09-26 08:25:55,,7936,-82,26.189210978285452,91.7014844108636,6.09747314453125,9.935046195983887,,,BLE
4b:74:d3:94:b5:c8,,Uncategorized;10,2026-09-26 08:25:55,,7936,-79,26.189210978285452,91.7014844108636,6.09747314453125,9.935046195983887,,,BLE
c2:07:1d:66:c2:61,IITG_CONNECT,[WPA2-EAP/SHA1+FT/EAP-CCMP][RSN-EAP/SHA1+FT/EAP-CCMP][ESS],2026-09-26 08:25:55,44,5220,-50,26.189210978285452,91.7014844108636,6.09747314453125,9.935046195983887,,,WIFI
c2:07:1d:66:c8:02,IITG_CONNECT,[WPA2-EAP/SHA1+FT/EAP-CCMP][RSN-EAP/SHA1+FT/EAP-CCMP][ESS],2026-09-26 08:25:55,11,2462,-65,26.189210978285452,91.7014844108636,6.09747314453125,9.935046195983887,,,WIFI
c2:07:1d:66:c2:0d,IITG_CONNECT,[WPA2-EAP/SHA1+FT/EAP-CCMP][RSN-EAP/SHA1+FT/EAP-CCMP][ESS],2026-09-26 08:25:55,36,5180,-49,26.189210978285452,91.7014844108636,6.09747314453125,9.935046195983887,,,WIFI
d8:44:89:f5:54:88,Barak_004,[WPA2-PSK-CCMP][RSN-PSK-CCMP][ESS][WPS],2026-09-26 08:25:55,3,2422,-61,26.189210978285452,91.7014844108636,6.09747314453125,9.935046195983887,,,WIFI
38:64:1d:fa:39:18,,Misc,2026-09-26 08:25:56,,,-100,26.189218740168698,91.70147985741544,5.688720703125,9.935046195983887,,,BLE
26:23:88:16:93:a8,,Misc,2026-09-26 08:25:56,,,-85,26.189218740168698,91.70147985741544,5.688720703125,9.935046195983887,,6,BLE
39:45:d1:34:c4:72,,Uncategorized;10,2026-09-26 08:25:56,,7936,-102,26.189218740168698,91.70147985741544,5.688720703125,9.935046195983887,,,BLE
02:53:9a:ae:1b:53,,Uncategorized;10,2026-09-26 08:25:56,,7936,-103,26.189218740168698,91.70147985741544,5.688720703125,9.935046195983887,,,BLE
2b:4b:2e:ab:63:c3,,Uncategorized;10,2026-09-26 08:26:00,,7936,-84,26.189207274834416,91.70142416375826,5.586639404296875,10.149961471557617,,,BLE
39:ae:5d:49:68:8a,,Uncategorized;10,2026-09-26 08:26:01,,7936,-86,26.189207223875933,91.70141263771482,6.215179443359375,10.124567031860352,,,BLE
38:64:1d:fa:39:18,,Misc,2026-09-26 08:26:01,,,-89,26.189207223875933,91.70141263771482,6.215179443359375,10.124567031860352,,,BLE
0a:8d:9d:81:46:92,,Misc,2026-09-26 08:26:01,,,-81,26.189207223875933,91.70141263771482,6.215179443359375,10.124567031860352,,6,BLE
45:8f:9f:27:50:f2,OnePlus Nord Buds 3r,Misc,2026-09-26 08:26:01,,,-104,26.189207223875933,91.70141263771482,6.215179443359375,10.124567031860352,,,BLE
cc:13:0e:50:dd:bf,,Misc,2026-09-26 08:26:01,,,-98,26.189207223875933,91.70141263771482,6.215179443359375,10.124567031860352,,76,BLE
18:f4:da:71:86:e4,,Uncategorized;10,2026-09-26 08:26:01,,7936,-90,26.189207223875933,91.70141263771482,6.215179443359375,10.124567031860352,,,BLE
6a:c3:cc:b7:f3:a0,,Uncategorized;10,2026-09-26 08:26:01,,7936,-104,26.189207223875933,91.70141263771482,6.215179443359375,10.124567031860352,,,BLE
be:69:14:00:04:67,MELK-OA10   26,Uncategorized;10,2026-09-26 08:26:01,,7936,-98,26.189207223875933,91.70141263771482,6.215179443359375,10.124567031860352,,,BLE
c2:07:1d:66:c2:60,IITG_CONNECT,[WPA2-EAP/SHA1+FT/EAP-CCMP][RSN-EAP/SHA1+FT/EAP-CCMP][ESS],2026-09-26 08:26:02,11,2462,-50,26.18920776112135,91.70140129652572,5.22784423828125,10.221274375915527,,,WIFI
3c:6a:d2:4e:9d:94,Lanja-Wifi,[WPA2-PSK-CCMP][RSN-PSK-CCMP][ESS][WPS],2026-09-26 08:26:02,2,2417,-74,26.18920776112135,91.70140129652572,5.22784423828125,10.221274375915527,,,WIFI
c2:07:1d:66:c2:0c,IITG_CONNECT,[WPA2-EAP/SHA1+FT/EAP-CCMP][RSN-EAP/SHA1+FT/EAP-CCMP][ESS],2026-09-26 08:26:02,11,2462,-26,26.18920776112135,91.70140129652572,5.22784423828125,10.221274375915527,,,WIFI
c2:07:1d:66:c2:0d,IITG_CONNECT,[WPA2-EAP/SHA1+FT/EAP-CCMP][RSN-EAP/SHA1+FT/EAP-CCMP][ESS],2026-09-26 08:26:02,36,5180,-36,26.18920776112135,91.70140129652572,5.22784423828125,10.221274375915527,,,WIFI
64:29:43:99:a1:22,Akash,[WPA2-PSK-CCMP][RSN-PSK-CCMP][ESS],2026-09-26 08:26:02,2,2417,-71,26.18920776112135,91.70140129652572,5.22784423828125,10.221274375915527,,,WIFI
de:d3:b8:cd:3c:82,realme 15 Pro 5G 6DFA,[WPA2-PSK-CCMP][RSN-PSK-CCMP][ESS],2026-09-26 08:26:02,1,2412,-61,26.18920776112135,91.70140129652572,5.22784423828125,10.221274375915527,,,WIFI
68:cc:4d:a6:cf:ec,,Misc,2026-09-26 08:26:02,,7936,-93,26.18920776112135,91.70140129652572,5.22784423828125,10.221274375915527,,76,BLE
4d:d4:1a:ea:5e:c6,,Uncategorized;10,2026-09-26 08:26:06,,7936,-75,26.189212395611726,91.70135641328507,7.00360107421875,10.208517074584961,,,BLE
7f:cc:70:67:83:5d,,Misc,2026-09-26 08:26:06,,,-76,26.189212395611726,91.70135641328507,7.00360107421875,10.208517074584961,,6,BLE
28:a9:9b:58:e3:16,,Misc,2026-09-26 08:26:06,,,-70,26.189212395611726,91.70135641328507,7.00360107421875,10.208517074584961,,6,BLE
6a:c3:cc:b7:f3:a0,,Uncategorized;10,2026-09-26 08:26:06,,7936,-103,26.189212395611726,91.70135641328507,7.00360107421875,10.208517074584961,,76,BLE
05:b4:f2:13:71:9a,,Uncategorized;10,2026-09-26 08:26:07,,7936,-71,26.189213235978944,91.7013442851023,8.17193603515625,10.209595680236816,,,BLE
c2:07:1d:66:c2:61,IITG_CONNECT,[WPA2-EAP/SHA1+FT/EAP-CCMP][RSN-EAP/SHA1+FT/EAP-CCMP][ESS],2026-09-26 08:26:08,44,5220,-45,26.189215742475987,91.701332315945,8.930755615234375,10.217123031616211,,,WIFI
c2:07:1d:66:c2:60,IITG_CONNECT,[WPA2-EAP/SHA1+FT/EAP-CCMP][RSN-EAP/SHA1+FT/EAP-CCMP][ESS],2026-09-26 08:26:08,11,2462,-41,26.189215742475987,91.701332315945,8.930755615234375,10.217123031616211,,,WIFI
24:2f:d0:c2:04:c2,Adolf Gandhi,[WPA2-PSK-TKIP+CCMP][RSN-PSK-TKIP+CCMP][ESS][WPS],2026-09-26 08:26:08,10,2457,-55,26.189215742475987,91.701332315945,8.930755615234375,10.217123031616211,,,WIFI
0e:74:57:ad:14:3d,realme 15 Pro 5G 5C6A,[WPA2-PSK-CCMP][RSN-PSK+SAE-CCMP][ESS],2026-09-26 08:26:08,6,2437,-79,26.189215742475987,91.701332315945,8.930755615234375,10.217123031616211,,,WIFI
84:d8:1b:13:00:00,TP-Link_0000,[WPA2-PSK-CCMP][RSN-PSK-CCMP][ESS][WPS],2026-09-26 08:26:08,9,2452,-66,26.189215742475987,91.701332315945,8.930755615234375,10.217123031616211,,,WIFI
7c:a9:6b:d3:e0:21,FTTH-5G,[WPA-PSK-TKIP][WPA2-PSK+FT/PSK-CCMP][RSN-PSK+FT/PSK-CCMP][ESS][WPS],2026-09-26 08:26:08,157,5785,-67,26.189215742475987,91.701332315945,8.930755615234375,10.217123031616211,,,WIFI
86:72:40:6c:a4:74,OnePlus Nord CE6 85EE,[WPA2-PSK-CCMP][RSN-PSK+SAE-CCMP][ESS],2026-09-26 08:26:08,1,2412,-66,26.189215742475987,91.701332315945,8.930755615234375,10.217123031616211,,,WIFI
7c:a9:6b:d3:e0:25,FTTH,[WPA-PSK-TKIP][WPA2-PSK+FT/PSK-CCMP][RSN-PSK+FT/PSK-CCMP][ESS],2026-09-26 08:26:08,7,2442,-44,26.189215742475987,91.701332315945,8.930755615234375,10.217123031616211,,,WIFI
00:eb:d8:51:8d:5b,MERCUSYS_8D59_5G,[WPA-PSK-CCMP][WPA2-PSK-CCMP][RSN-PSK-CCMP][ESS][WPS],2026-09-26 08:26:08,161,5805,-86,26.189215742475987,91.701332315945,8.930755615234375,10.217123031616211,,,WIFI
be:a8:a6:9e:50:c5,Projho,[WPA2-PSK-CCMP][RSN-PSK-CCMP][ESS][WPS],2026-09-26 08:26:08,6,2437,-76,26.189215742475987,91.701332315945,8.930755615234375,10.217123031616211,,,WIFI
c8:3a:35:84:38:98,hands_free_thakur,[WPA-PSK-CCMP][ESS],2026-09-26 08:26:08,6,2437,-68,26.189215742475987,91.701332315945,8.930755615234375,10.217123031616211,,,WIFI
c3:23:05:96:30:45,"Noise Airwave Max XR ",Misc,2026-09-26 08:26:11,,7936,-87,26.189212715351704,91.70130068865217,12.0540771484375,10.157155990600586,,9155,BLE
7f:cc:70:67:83:5d,,Misc,2026-09-26 08:26:11,,,-68,26.189212715351704,91.70130068865217,12.0540771484375,10.157155990600586,,6,BLE
58:ca:e2:23:43:b5,,Misc,2026-09-26 08:26:11,,,-103,26.189212715351704,91.70130068865217,12.0540771484375,10.157155990600586,,76,BLE
2f:ab:ea:3d:01:65,,Misc,2026-09-26 08:26:11,,,-69,26.189212715351704,91.70130068865217,12.0540771484375,10.157155990600586,,,BLE
0a:8d:9d:81:46:92,,Misc,2026-09-26 08:26:11,,,-71,26.189212715351704,91.70130068865217,12.0540771484375,10.157155990600586,,6,BLE
41:42:6b:bf:05:41,LEDDMX-03-0541,Misc,2026-09-26 08:26:14,,7936,-94,26.18920762316737,91.70130950744904,15.07232666015625,10.087224960327148,,1602,BLE
6a:c3:cc:b7:f3:a0,,Uncategorized;10,2026-09-26 08:26:15,,7936,-95,26.189217016098358,91.7013172303959,15.2470703125,9.935046195983887,,76,BLE
c2:07:1d:66:c2:60,IITG_CONNECT,[WPA2-EAP/SHA1+FT/EAP-CCMP][RSN-EAP/SHA1+FT/EAP-CCMP][ESS],2026-09-26 08:26:15,11,2462,-30,26.189217016098358,91.7013172303959,15.2470703125,9.935046195983887,,,WIFI
c2:07:1d:66:c1:59,IITG_CONNECT,[WPA2-EAP/SHA1+FT/EAP-CCMP][RSN-EAP/SHA1+FT/EAP-CCMP][ESS],2026-09-26 08:26:15,44,5220,-52,26.189217016098358,91.7013172303959,15.2470703125,9.935046195983887,,,WIFI
be:a8:a6:9e:50:c5,Projho,[WPA2-PSK-CCMP][RSN-PSK-CCMP][ESS][WPS],2026-09-26 08:26:15,6,2437,-67,26.189217016098358,91.7013172303959,15.2470703125,9.935046195983887,,,WIFI
80:9f:e4:d7:57:c5,LaLaLand_5G,[WPA2-PSK-CCMP][RSN-PSK-CCMP][ESS][WPS],2026-09-26 08:26:15,157,5785,-88,26.189217016098358,91.7013172303959,15.2470703125,9.935046195983887,,,WIFI
1b:0e:eb:a9:61:3b,,Misc,2026-09-26 08:26:16,,,-104,26.189219548248825,91.70132483057468,15.53863525390625,9.935046195983887,,,BLE
3c:b0:ed:47:c8:70,CMF Watch Pro 2-C870,Uncategorized,2026-09-26 08:26:16,,7936,-90,26.189219548248825,91.70132483057468,15.53863525390625,9.935046195983887,,,BLE
fa:9f:2c:0e:72:4e,,Misc,2026-09-26 08:26:16,,,-89,26.189219548248825,91.70132483057468,15.53863525390625,9.935046195983887,,76,BLE
52:d4:8e:f3:00:85,,Uncategorized;10,2026-09-26 08:26:18,,7936,-93,26.189226307346026,91.70134202397732,15.89251708984375,9.935046195983887,,76,BLE
2d:c3:27:a6:22:d7,,Misc,2026-09-26 08:26:20,,7936,-93,26.18922216892631,91.70136625298183,16.30029296875,9.935046195983887,,,BLE
39:45:d1:34:c4:72,,Uncategorized;10,2026-09-26 08:26:21,,7936,-95,26.18923629265828,91.70136851690194,17.202880859375,9.935046195983887,,,BLE
c2:07:1d:66:c1:58,IITG_CONNECT,[WPA2-EAP/SHA1+FT/EAP-CCMP][RSN-EAP/SHA1+FT/EAP-CCMP][ESS],2026-09-26 08:26:21,1,2412,-49,26.18923629265828,91.70136851690194,17.202880859375,9.935046195983887,,,WIFI
c2:07:1d:66:c1:41,IITG_CONNECT,[WPA2-EAP/SHA1+FT/EAP-CCMP][RSN-EAP/SHA1+FT/EAP-CCMP][ESS],2026-09-26 08:26:21,36,5180,-48,26.18923629265828,91.70136851690194,17.202880859375,9.935046195983887,,,WIFI
80:9f:e4:d7:57:c5,LaLaLand_5G,[WPA2-PSK-CCMP][RSN-PSK-CCMP][ESS][WPS],2026-09-26 08:26:21,157,5785,-79,26.18923629265828,91.70136851690194,17.202880859375,9.935046195983887,,,WIFI
02:53:9a:ae:1b:53,,Uncategorized;10,2026-09-26 08:26:24,,7936,-98,26.189248929697197,91.70139717317521,18.39697265625,9.935046195983887,,,BLE
7f:51:3e:02:34:15,ARNAV,Misc,2026-09-26 08:26:26,,7936,-93,26.189248952412928,91.70142267638158,20.8211669921875,9.935046195983887,,,BLE
6a:48:1f:b4:04:b5,,Misc,2026-09-26 08:26:26,,,-102,26.189248952412928,91.70142267638158,20.8211669921875,9.935046195983887,,,BLE
6d:f8:12:73:11:e0,,Uncategorized;10,2026-09-26 08:26:30,,7936,-86,26.189270468716664,91.70144871760775,21.8096923828125,9.935046195983887,,76,BLE
6e:c7:9a:ec:ae:39,LAPTOP-1EAPOREV,Uncategorized;10,2026-09-26 08:26:31,,7936,-89,26.189270594533358,91.70145608306674,21.84747314453125,9.935046195983887,,,BLE
40:89:17:a0:1f:31,,Uncategorized;10,2026-09-26 08:26:31,,7936,-101,26.189270594533358,91.70145608306674,21.84747314453125,9.935046195983887,,,BLE
ea:a9:9b:aa:16:38,,Misc,2026-09-26 08:26:31,,,-97,26.189270594533358,91.70145608306674,21.84747314453125,9.935046195983887,,76,BLE
24:84:c5:45:21:31,,Misc,2026-09-26 08:26:31,,,-97,26.189270594533358,91.70145608306674,21.84747314453125,9.935046195983887,,,BLE
12:d5:19:a0:5f:1a,,Misc,2026-09-26 08:26:31,,,-103,26.189270594533358,91.70145608306674,21.84747314453125,9.935046195983887,,,BLE
40:89:17:a0:1f:31,,Uncategorized;10,2026-09-26 08:26:31,,7936,-101,26.189270594533358,91.70145608306674,21.84747314453125,9.935046195983887,,76,BLE
09:22:0e:fa:64:40,,Misc,2026-09-26 08:26:31,,,-98,26.189270594533358,91.70145608306674,21.84747314453125,9.935046195983887,,6,BLE
c2:07:1d:66:c1:40,IITG_CONNECT,[WPA2-EAP/SHA1+FT/EAP-CCMP][RSN-EAP/SHA1+FT/EAP-CCMP][ESS],2026-09-26 08:26:35,1,2412,-50,26.18928088106089,91.70149541483391,19.6876220703125,10.05260181427002,,,WIFI
1a:3d:c0:f5:28:6a,ashis’s iPhone,[WPA2-PSK-CCMP][RSN-PSK+SAE-CCMP][ESS],2026-09-26 08:26:35,149,5745,-88,26.18928088106089,91.70149541483391,19.6876220703125,10.05260181427002,,,WIFI
04:64:f8:52:a9:c4,,Misc,2026-09-26 08:26:36,,,-101,26.189288354083267,91.7015058044022,20.95318603515625,10.073997497558594,,6,BLE
7d:d5:66:af:e8:8a,,Misc,2026-09-26 08:26:36,,,-102,26.189288354083267,91.7015058044022,20.95318603515625,10.073997497558594,,2103,BLE
22:e7:77:e5:73:b6,,Misc,2026-09-26 08:26:36,,,-100,26.189288354083267,91.7015058044022,20.95318603515625,10.073997497558594,,6,BLE
35:a3:3c:b9:bd:f3,,Misc,2026-09-26 08:26:36,,,-82,26.189288354083267,91.7015058044022,20.95318603515625,10.073997497558594,,6,BLE
7b:5e:8d:81:c1:e5,,Misc,2026-09-26 08:26:36,,,-101,26.189288354083267,91.7015058044022,20.95318603515625,10.073997497558594,,76,BLE
6d:b7:a3:aa:37:c6,,Misc,2026-09-26 08:26:41,,,-92,26.189324106808265,91.70155977043676,22.10333251953125,9.935046195983887,,76,BLE
5b:f1:33:41:08:5c,realme,Uncategorized,2026-09-26 08:26:41,,,-89,26.189324106808265,91.70155977043676,22.10333251953125,9.935046195983887,,,BLE
40:86:cb:7a:a3:80,ItHurtsWhenIP,[WPA2-PSK-CCMP][RSN-PSK-CCMP][ESS][WPS],2026-09-26 08:26:41,13,2472,-69,26.189324106808265,91.70155977043676,22.10333251953125,9.935046195983887,,,WIFI
c2:07:1d:66:c1:41,IITG_CONNECT,[WPA2-EAP/SHA1+FT/EAP-CCMP][RSN-EAP/SHA1+FT/EAP-CCMP][ESS],2026-09-26 08:26:41,36,5180,-33,26.189324106808265,91.70155977043676,22.10333251953125,9.935046195983887,,,WIFI
c2:07:1d:66:c1:40,IITG_CONNECT,[WPA2-EAP/SHA1+FT/EAP-CCMP][RSN-EAP/SHA1+FT/EAP-CCMP][ESS],2026-09-26 08:26:41,1,2412,-41,26.189324106808265,91.70155977043676,22.10333251953125,9.935046195983887,,,WIFI
20:15:c0:09:84:57,,Misc,2026-09-26 08:26:46,,,-95,26.18935528963629,91.70161534966094,23.3260498046875,9.935046195983887,,6,BLE
35:a7:2f:f1:9b:9a,,Misc,2026-09-26 08:26:46,,,-104,26.18935528963629,91.70161534966094,23.3260498046875,9.935046195983887,,,BLE
24:ea:18:01:09:c1,,Misc,2026-09-26 08:26:47,,7936,-87,26.189358286691306,91.70162842772349,25.0433349609375,9.935046195983887,,,BLE
52:cf:90:65:9c:8b,,Uncategorized;10,2026-09-26 08:26:47,,7936,-84,26.189358286691306,91.70162842772349,25.0433349609375,9.935046195983887,,1839,BLE
bc:22:28:40:b9:78,Chicken_ka_lag,[WPA-PSK-TKIP+CCMP][WPA2-PSK-TKIP+CCMP][RSN-PSK-TKIP+CCMP][ESS][WPS],2026-09-26 08:26:48,6,2437,-72,26.189362605198777,91.70163986537239,26.269287109375,9.935046195983887,,,WIFI
c2:07:1d:66:c1:58,IITG_CONNECT,[WPA2-EAP/SHA1+FT/EAP-CCMP][RSN-EAP/SHA1+FT/EAP-CCMP][ESS],2026-09-26 08:26:48,1,2412,-35,26.189362605198777,91.70163986537239,26.269287109375,9.935046195983887,,,WIFI
c2:07:1d:66:c1:59,IITG_CONNECT,[WPA2-EAP/SHA1+FT/EAP-CCMP][RSN-EAP/SHA1+FT/EAP-CCMP][ESS],2026-09-26 08:26:48,44,5220,-36,26.189362605198777,91.70163986537239,26.269287109375,9.935046195983887,,,WIFI
40:86:cb:7a:f5:90,DIR-615-F58F,[WPA2-PSK-CCMP][RSN-PSK-CCMP][ESS],2026-09-26 08:26:48,13,2472,-65,26.189362605198777,91.70163986537239,26.269287109375,9.935046195983887,,,WIFI
78:30:ae:16:e5:70,LAPTOP-1EAPOREV,Uncategorized;10,2026-09-26 08:26:48,,7936,-92,26.189362605198777,91.70163986537239,26.269287109375,9.935046195983887,,,BLE
7e:72:ec:f7:fb:f2,,Uncategorized;10,2026-09-26 08:26:49,,7936,-85,26.189367738139342,91.70164984905115,28.2666015625,9.935046195983887,,,BLE
fa:f5:5d:15:3b:18,,Misc,2026-09-26 08:26:51,,,-103,26.189366349935256,91.70167012366453,28.7225341796875,9.935046195983887,,76,BLE
b0:6d:f3:23:1c:0d,FB BGR001,Uncategorized,2026-09-26 08:26:51,,7936,-93,26.189366349935256,91.70167012366453,28.7225341796875,9.935046195983887,,61679,BLE
09:22:0e:fa:64:40,,Misc,2026-09-26 08:26:51,,,-86,26.189366349935256,91.70167012366453,28.7225341796875,9.935046195983887,,6,BLE
52:cf:90:65:9c:8b,,Uncategorized;10,2026-09-26 08:26:51,,7936,-79,26.189366349935256,91.70167012366453,28.7225341796875,9.935046195983887,,1839,BLE
2a:0b:fb:bc:27:29,,Misc,2026-09-26 08:26:56,,,-97,26.189383633030445,91.70171488263074,25.96673583984375,9.935046195983887,,6,BLE
3b:67:5c:f0:f6:fb,,Misc,2026-09-26 08:26:56,,,-83,26.189383633030445,91.70171488263074,25.96673583984375,9.935046195983887,,6,BLE
7d:4e:00:e0:3a:fe,CMF Buds 2a,Misc,2026-09-26 08:26:56,,7936,-87,26.189383633030445,91.70171488263074,25.96673583984375,9.935046195983887,,3275,BLE
53:9d:6c:4a:c1:55,,Misc,2026-09-26 08:26:56,,,-96,26.189383633030445,91.70171488263074,25.96673583984375,9.935046195983887,,76,BLE
5d:03:d3:2c:ce:3a,,Misc,2026-09-26 08:26:56,,,-96,26.189383633030445,91.70171488263074,25.96673583984375,9.935046195983887,,,BLE
67:7a:5b:be:e5:80,,Misc,2026-09-26 08:27:01,,7936,-92,26.18941576693494,91.70171169897687,23.66400146484375,9.935046195983887,,76,BLE
72:02:6f:9d:e1:90,LAPTOP-71RR2PRV,Misc,2026-09-26 08:27:01,,7936,-102,26.18941576693494,91.70171169897687,23.66400146484375,9.935046195983887,,,BLE
47:00:95:de:9c:50,,Misc,2026-09-26 08:27:01,,,-98,26.18941576693494,91.70171169897687,23.66400146484375,9.935046195983887,,,BLE
00:1e:a6:ae:86:94,iBall-Baton,[WPA-PSK-TKIP+CCMP][WPA2-PSK-TKIP+CCMP][RSN-PSK-TKIP+CCMP][ESS][WPS],2026-09-26 08:27:02,9,2452,-79,26.18942581211897,91.7017042268299,23.83941650390625,9.935046195983887,,,WIFI
55:80:13:b0:23:8c,,Misc,2026-09-26 08:27:02,,7936,-79,26.18942581211897,91.7017042268299,23.83941650390625,9.935046195983887,,76,BLE
14:64:1f:4d:9a:94,,Misc,2026-09-26 08:27:05,,7936,-91,26.18944459585123,91.70169223982772,23.211669921875,9.935046195983887,,,BLE
ea:19:1c:c4:d0:7f,,Misc,2026-09-26 08:27:06,,,-102,26.1894498329843,91.70168620232431,22.8194580078125,9.935046195983887,,76,BLE
24:84:c5:45:21:31,,Misc,2026-09-26 08:27:06,,,-92,26.1894498329843,91.70168620232431,22.8194580078125,9.935046195983887,,,BLE
eb:d6:29:7c:ae:7a,,Misc,2026-09-26 08:27:06,,,-91,26.1894498329843,91.70168620232431,22.8194580078125,9.935046195983887,,76,BLE
1e:c9:0a:1e:9f:19,,Misc,2026-09-26 08:27:06,,,-89,26.1894498329843,91.70168620232431,22.8194580078125,9.935046195983887,,,BLE
71:18:4d:02:68:ee,,Misc,2026-09-26 08:27:06,,,-102,26.1894498329843,91.70168620232431,22.8194580078125,9.935046195983887,,76,BLE
74:a6:cd:9c:f1:79,,Laptop;10,2026-09-26 08:27:08,,268,-88,26.18946431585228,91.70167347080495,21.23345947265625,9.935046195983887,,,BT
79:e9:72:81:27:d1,,Uncategorized;10,2026-09-26 08:27:09,,7936,-99,26.18947254605226,91.70166800460704,21.36212158203125,9.935046195983887,,,BLE
79:e9:72:81:27:d1,,Uncategorized;10,2026-09-26 08:27:11,,7936,-99,26.18948762873443,91.70165803405769,22.80377197265625,9.935046195983887,,76,BLE
d9:61:3b:bd:93:7d,,Misc,2026-09-26 08:27:11,,,-82,26.18948762873443,91.70165803405769,22.80377197265625,9.935046195983887,,76,BLE
61:d3:5f:8f:a5:c2,,Misc,2026-09-26 08:27:16,,,-103,26.189522993801727,91.70163789891348,21.74407958984375,9.935046195983887,,76,BLE
50:a4:b5:22:fa:a1,,Misc,2026-09-26 08:27:16,,,-85,26.189522993801727,91.70163789891348,21.74407958984375,9.935046195983887,,,BLE
34:39:b3:1f:d3:bc,,Misc,2026-09-26 08:27:16,,,-92,26.189522993801727,91.70163789891348,21.74407958984375,9.935046195983887,,,BLE
5c:fa:f5:fa:40:ed,,Uncategorized;10,2026-09-26 08:27:21,,7936,-65,26.18954632719688,91.7016450432922,22.39215087890625,9.935046195983887,,76,BLE
c4:ca:c3:a5:a3:23,,Misc,2026-09-26 08:27:21,,,-53,26.18954632719688,91.7016450432922,22.39215087890625,9.935046195983887,,76,BLE
a4:90:ce:5b:bb:2b,,Smartphone;10,2026-09-26 08:27:23,,524,-65,26.189552725107625,91.70166037369442,22.51385498046875,9.935046195983887,,,BT
04:d5:90:66:e4:b1,IITG_CONNECT,[WPA2-EAP/SHA1-CCMP][RSN-EAP/SHA1-CCMP][ESS],2026-09-26 08:27:24,11,2462,-52,26.18956225353704,91.70166843160972,22.57470703125,3.7900924682617188,,,WIFI
ff:d8:61:ee:be:2c,CMF Buds Pro 2,Misc,2026-09-26 08:27:26,,7936,-104,26.189572187253997,91.70168501426373,22.696533203125,3.7900924682617188,,,BLE
7e:c9:45:e1:f3:e5,,Uncategorized;10,2026-09-26 08:27:27,,7936,-128,26.189576502682286,91.70169734976179,22.75738525390625,3.7900924682617188,,,BLE
405855_5_4870848528,Assam,NR;405855,2026-09-26 08:27:28,156510,156510,-111,26.18958175169544,91.70170440017718,22.8182373046875,3.7900924682617188,,,NR
5b:f3:ea:04:39:30,,Uncategorized;10,2026-09-26 08:27:30,,7936,-107,26.189590872152717,91.70172288580983,22.94000244140625,3.7900924682617188,,,BLE
09:d0:55:45:af:76,,Uncategorized;10,2026-09-26 08:27:30,,7936,-98,26.189590872152717,91.70172288580983,22.94000244140625,3.7900924682617188,,,BLE
43:95:2c:ae:a2:f3,,Uncategorized;10,2026-09-26 08:27:30,,7936,-102,26.189590872152717,91.70172288580983,22.94000244140625,3.7900924682617188,,,BLE
04:d5:90:66:e4:b1,IITG_CONNECT,[WPA2-EAP/SHA1-CCMP][RSN-EAP/SHA1-CCMP][ESS],2026-09-26 08:27:31,11,2462,-45,26.18959522767584,91.70173085760084,23.0008544921875,3.7900924682617188,,,WIFI
04:d5:90:66:e4:b0,eduroam,[WPA2-EAP/SHA1-CCMP][RSN-EAP/SHA1-CCMP][ESS],2026-09-26 08:27:31,11,2462,-44,26.18959522767584,91.70173085760084,23.0008544921875,3.7900924682617188,,,WIFI
f2:75:0c:7c:cb:9c,IITG_CONNECT,[WPA2-EAP/SHA1+FT/EAP-CCMP][RSN-EAP/SHA1+FT/EAP-CCMP][ESS],2026-09-26 08:27:31,1,2412,-66,26.18959522767584,91.70173085760084,23.0008544921875,3.7900924682617188,,,WIFI
40:86:cb:28:40:6c,Office,[WPA2-PSK-CCMP][RSN-PSK-CCMP][ESS],2026-09-26 08:27:31,1,2412,-47,26.18959522767584,91.70173085760084,23.0008544921875,3.7900924682617188,,,WIFI
58:3c:98:22:8b:a1,23272,Misc,2026-09-26 08:27:31,,7936,-100,26.18959522767584,91.70173085760084,23.0008544921875,3.7900924682617188,,,BLE
5b:f3:ea:04:39:30,,Uncategorized;10,2026-09-26 08:27:31,,7936,-107,26.18959522767584,91.70173085760084,23.0008544921875,3.7900924682617188,,76,BLE
ff:d8:61:ee:be:2c,CMF Buds Pro 2,Misc,2026-09-26 08:27:31,,7936,-102,26.18959522767584,91.70173085760084,23.0008544921875,3.7900924682617188,,10223,BLE
24:f7:cc:5f:e7:8e,,Misc,2026-09-26 08:27:31,,7936,-105,26.18959522767584,91.70173085760084,23.0008544921875,3.7900924682617188,,,BLE
da:eb:57:f6:35:84,,Misc,2026-09-26 08:27:31,,,-88,26.18959522767584,91.70173085760084,23.0008544921875,3.7900924682617188,,76,BLE
77:29:65:c1:92:6d,,Misc,2026-09-26 08:27:31,,,-99,26.18959522767584,91.70173085760084,23.0008544921875,3.7900924682617188,,76,BLE
43:95:2c:ae:a2:f3,,Uncategorized;10,2026-09-26 08:27:31,,7936,-101,26.18959522767584,91.70173085760084,23.0008544921875,3.7900924682617188,,76,BLE
7e:c9:45:e1:f3:e5,,Uncategorized;10,2026-09-26 08:27:31,,7936,-128,26.18959522767584,91.70173085760084,23.0008544921875,3.7900924682617188,,76,BLE
4c:4c:8a:32:18:83,,Misc,2026-09-26 08:27:31,,7936,-101,26.18959522767584,91.70173085760084,23.0008544921875,3.7900924682617188,,76,BLE
0c:1b:61:b6:2d:14,,Misc,2026-09-26 08:27:31,,7936,-101,26.18959522767584,91.70173085760084,23.0008544921875,3.7900924682617188,,,BLE
62:6d:00:91:7f:3e,realme Buds T200-GFP,Misc,2026-09-26 08:27:31,,7936,-101,26.18959522767584,91.70173085760084,23.0008544921875,3.7900924682617188,,,BLE
26:8d:92:db:79:cc,,Misc,2026-09-26 08:27:31,,,-105,26.18959522767584,91.70173085760084,23.0008544921875,3.7900924682617188,,,BLE
00:50:e6:82:b2:5a,,Misc,2026-09-26 08:27:31,,,-94,26.18959522767584,91.70173085760084,23.0008544921875,3.7900924682617188,,,BLE
28:be:a1:c4:bd:6e,,Uncategorized;10,2026-09-26 08:27:32,,7936,-98,26.18959953374538,91.70173849272827,23.06170654296875,3.7900924682617188,,,BLE
56:f6:e8:d3:20:30,,Uncategorized;10,2026-09-26 08:27:32,,7936,-98,26.18959953374538,91.70173849272827,23.06170654296875,3.7900924682617188,,,BLE
7b:df:5d:02:96:77,,Uncategorized;10,2026-09-26 08:27:32,,7936,-103,26.18959953374538,91.70173849272827,23.06170654296875,3.7900924682617188,,,BLE
2b:92:ad:be:ee:67,,Uncategorized;10,2026-09-26 08:27:32,,7936,-101,26.18959953374538,91.70173849272827,23.06170654296875,3.7900924682617188,,,BLE
4a:f0:6e:43:1a:80,,Uncategorized;10,2026-09-26 08:27:33,,7936,-93,26.18960272469012,91.70174697502426,23.12255859375,3.7900924682617188,,,BLE
71:db:73:ec:32:5b,,Uncategorized;10,2026-09-26 08:27:33,,7936,-93,26.18960272469012,91.70174697502426,23.12255859375,3.7900924682617188,,,BLE
78:e1:c6:54:1f:25,,Uncategorized;10,2026-09-26 08:27:33,,7936,-90,26.18960272469012,91.70174697502426,23.12255859375,3.7900924682617188,,,BLE
20:e2:93:46:2f:a8,,Uncategorized;10,2026-09-26 08:27:33,,7936,-97,26.18960272469012,91.70174697502426,23.12255859375,3.7900924682617188,,,BLE
5d:72:6a:54:9a:ef,,Uncategorized;10,2026-09-26 08:27:34,,7936,-102,26.18960733788315,91.70175686815898,23.18341064453125,3.7900924682617188,,,BLE
12:54:74:cc:38:f0,,Uncategorized;10,2026-09-26 08:27:34,,7936,-101,26.18960733788315,91.70175686815898,23.18341064453125,3.7900924682617188,,,BLE
64:4d:16:73:0a:44,,Uncategorized;10,2026-09-26 08:27:34,,7936,-100,26.18960733788315,91.70175686815898,23.18341064453125,3.7900924682617188,,,BLE
1c:1c:08:92:1d:4d,,Uncategorized;10,2026-09-26 08:27:34,,7936,-96,26.18960733788315,91.70175686815898,23.18341064453125,3.7900924682617188,,,BLE
5e:32:0b:77:41:26,,Uncategorized;10,2026-09-26 08:27:35,,7936,-88,26.18961140372306,91.70175946633012,23.2442626953125,3.7900924682617188,,76,BLE
40:90:70:87:54:e2,,Uncategorized;10,2026-09-26 08:27:35,,7936,-93,26.18961140372306,91.70175946633012,23.2442626953125,3.7900924682617188,,,BLE
63:32:e2:01:86:05,,Misc,2026-09-26 08:27:36,,7936,-94,26.18961753014741,91.70176893493098,23.30511474609375,3.7900924682617188,,76,BLE
ef:27:62:ee:be:2c,,Misc,2026-09-26 08:27:36,,,-99,26.18961753014741,91.70176893493098,23.30511474609375,3.7900924682617188,,,BLE
40:27:aa:d4:e9:d9,,Misc,2026-09-26 08:27:36,,,-98,26.18961753014741,91.70176893493098,23.30511474609375,3.7900924682617188,,117,BLE
64:4d:16:73:0a:44,,Uncategorized;10,2026-09-26 08:27:36,,7936,-90,26.18961753014741,91.70176893493098,23.30511474609375,3.7900924682617188,,,BLE
00:c1:4e:e8:ff:8b,,Misc,2026-09-26 08:27:36,,,-91,26.18961753014741,91.70176893493098,23.30511474609375,3.7900924682617188,,,BLE
7e:c9:45:e1:f3:e5,,Uncategorized;10,2026-09-26 08:27:36,,7936,-95,26.18961753014741,91.70176893493098,23.30511474609375,3.7900924682617188,,76,BLE
62:6d:00:91:7f:3e,realme Buds T200-GFP,Misc,2026-09-26 08:27:36,,7936,-87,26.18961753014741,91.70176893493098,23.30511474609375,3.7900924682617188,,,BLE
21:2b:36:6f:bf:cb,,Misc,2026-09-26 08:27:36,,,-99,26.18961753014741,91.70176893493098,23.30511474609375,3.7900924682617188,,,BLE
07:69:e4:1c:07:97,,Misc,2026-09-26 08:27:36,,,-102,26.18961753014741,91.70176893493098,23.30511474609375,3.7900924682617188,,,BLE
c8:9f:a2:10:72:42,,Misc,2026-09-26 08:27:36,,,-102,26.18961753014741,91.70176893493098,23.30511474609375,3.7900924682617188,,76,BLE
43:9c:00:4f:b6:80,,Misc,2026-09-26 08:27:36,,,-103,26.18961753014741,91.70176893493098,23.30511474609375,3.7900924682617188,,,BLE
d8:3f:41:24:f8:6d,,Misc,2026-09-26 08:27:36,,,-92,26.18961753014741,91.70176893493098,23.30511474609375,3.7900924682617188,,76,BLE
5d:72:6a:54:9a:ef,,Uncategorized;10,2026-09-26 08:27:36,,7936,-96,26.18961753014741,91.70176893493098,23.30511474609375,3.7900924682617188,,,BLE
58:3c:98:22:8b:a1,23272,Misc,2026-09-26 08:27:36,,7936,-99,26.18961753014741,91.70176893493098,23.30511474609375,3.7900924682617188,,3275,BLE
2e:93:5b:63:7a:75,,Misc,2026-09-26 08:27:36,,,-102,26.18961753014741,91.70176893493098,23.30511474609375,3.7900924682617188,,,BLE
00:c1:4e:e8:ff:8b,,Misc,2026-09-26 08:27:36,,,-82,26.18961753014741,91.70176893493098,23.30511474609375,3.7900924682617188,,,BLE
6f:d7:8a:5e:81:5f,,Misc,2026-09-26 08:27:36,,,-91,26.18961753014741,91.70176893493098,23.30511474609375,3.7900924682617188,,76,BLE
32:5f:d5:62:fe:66,,Misc,2026-09-26 08:27:36,,,-98,26.18961753014741,91.70176893493098,23.30511474609375,3.7900924682617188,,,BLE
3e:52:6d:59:33:ad,,Misc,2026-09-26 08:27:36,,,-94,26.18961753014741,91.70176893493098,23.30511474609375,3.7900924682617188,,,BLE
20:3a:18:ca:55:fb,,Misc,2026-09-26 08:27:36,,,-104,26.18961753014741,91.70176893493098,23.30511474609375,3.7900924682617188,,6,BLE
56:23:8d:97:47:2b,,Misc,2026-09-26 08:27:36,,,-104,26.18961753014741,91.70176893493098,23.30511474609375,3.7900924682617188,,,BLE
04:95:a3:a1:0b:cb,,Misc,2026-09-26 08:27:36,,,-97,26.18961753014741,91.70176893493098,23.30511474609375,3.7900924682617188,,6,BLE
63:32:e2:01:86:05,,Misc,2026-09-26 08:27:36,,7936,-88,26.18961753014741,91.70176893493098,23.30511474609375,3.7900924682617188,,76,BLE
04:d5:90:66:fb:f1,IITG_CONNECT,[WPA2-EAP/SHA1-CCMP][RSN-EAP/SHA1-CCMP][ESS],2026-09-26 08:27:39,6,2437,-58,26.189621506995028,91.70178837457843,23.48870849609375,3.7900924682617188,,,WIFI
04:d5:90:66:fb:f0,eduroam,[WPA2-EAP/SHA1-CCMP][RSN-EAP/SHA1-CCMP][ESS],2026-09-26 08:27:39,6,2437,-58,26.189621506995028,91.70178837457843,23.48870849609375,3.7900924682617188,,,WIFI
5e:7a:09:bc:27:25,Useless,[WPA2-PSK-CCMP][RSN-PSK-CCMP][ESS],2026-09-26 08:27:39,11,2462,-68,26.189621506995028,91.70178837457843,23.48870849609375,3.7900924682617188,,,WIFI
8a:25:4a:26:41:d9,,[WPA2-PSK-CCMP][RSN-PSK-CCMP][ESS],2026-09-26 08:27:39,4,2427,-60,26.189621506995028,91.70178837457843,23.48870849609375,3.7900924682617188,,,WIFI
00:50:e6:82:b2:5a,,Misc,2026-09-26 08:27:41,,,-70,26.18960834570686,91.7018000226867,23.61090087890625,3.7900924682617188,,,BLE
c4:55:d8:d9:ce:6a,Galaxy Buds2 Pro LE,Misc,2026-09-26 08:27:41,,,-96,26.18960834570686,91.7018000226867,23.61090087890625,3.7900924682617188,,,BLE
7e:c9:45:e1:f3:e5,,Uncategorized;10,2026-09-26 08:27:41,,7936,-87,26.18960834570686,91.7018000226867,23.61090087890625,3.7900924682617188,,76,BLE
4a:f0:6e:43:1a:80,,Uncategorized;10,2026-09-26 08:27:41,,7936,-88,26.18960834570686,91.7018000226867,23.61090087890625,3.7900924682617188,,,BLE
7b:df:5d:02:96:77,,Uncategorized;10,2026-09-26 08:27:41,,7936,-87,26.18960834570686,91.7018000226867,23.61090087890625,3.7900924682617188,,,BLE
77:29:65:c1:92:6d,,Misc,2026-09-26 08:27:41,,,-91,26.18960834570686,91.7018000226867,23.61090087890625,3.7900924682617188,,76,BLE
00:aa:f7:66:26:a6,,Misc,2026-09-26 08:27:41,,7936,-93,26.18960834570686,91.7018000226867,23.61090087890625,3.7900924682617188,,,BLE
4c:4c:8a:32:18:83,,Misc,2026-09-26 08:27:41,,7936,-87,26.18960834570686,91.7018000226867,23.61090087890625,3.7900924682617188,,76,BLE
00:aa:f7:66:26:a6,,Misc,2026-09-26 08:27:46,,7936,-80,26.189570331902175,91.7018081939827,23.65777587890625,3.7900924682617188,,,BLE
07:9a:5a:e7:87:f2,,Misc,2026-09-26 08:27:46,,,-102,26.189570331902175,91.7018081939827,23.65777587890625,3.7900924682617188,,,BLE
43:95:2c:ae:a2:f3,,Uncategorized;10,2026-09-26 08:27:46,,7936,-83,26.189570331902175,91.7018081939827,23.65777587890625,3.7900924682617188,,76,BLE
21:68:87:a6:85:68,,Misc,2026-09-26 08:27:46,,7936,-99,26.189570331902175,91.7018081939827,23.65777587890625,3.7900924682617188,,,BLE
36:29:65:96:fc:54,,Misc,2026-09-26 08:27:46,,,-101,26.189570331902175,91.7018081939827,23.65777587890625,3.7900924682617188,,,BLE
24:f7:cc:5f:e7:8e,,Misc,2026-09-26 08:27:46,,7936,-91,26.189570331902175,91.7018081939827,23.65777587890625,3.7900924682617188,,,BLE
40:e5:a9:8d:3d:24,LAPTOP-T04CAJGT,Misc,2026-09-26 08:27:46,,7936,-98,26.189570331902175,91.7018081939827,23.65777587890625,3.7900924682617188,,,BLE
20:3a:18:ca:55:fb,,Misc,2026-09-26 08:27:46,,,-99,26.189570331902175,91.7018081939827,23.65777587890625,3.7900924682617188,,6,BLE
66:98:4c:51:e0:cb,,Misc,2026-09-26 08:27:46,,,-101,26.189570331902175,91.7018081939827,23.65777587890625,3.7900924682617188,,,BLE
77:29:65:c1:92:6d,,Misc,2026-09-26 08:27:46,,,-86,26.189570331902175,91.7018081939827,23.65777587890625,3.7900924682617188,,76,BLE
0c:1b:61:b6:2d:14,,Misc,2026-09-26 08:27:47,,7936,-81,26.189563288902992,91.70181093231481,20.6993408203125,3.800182580947876,,,BLE
64:d0:81:e1:15:0e,,Misc,2026-09-26 08:27:47,,7936,-70,26.189563288902992,91.70181093231481,20.6993408203125,3.800182580947876,,76,BLE
76:9d:b5:3f:bc:8c,AirBass Earbuds,null;10,2026-09-26 08:27:47,,1028,-96,26.189563288902992,91.70181093231481,20.6993408203125,3.800182580947876,,,BT
a8:ef:5f:98:bb:bc,realme C65 5G,Smartphone;10,2026-09-26 08:27:49,,524,0,26.189546891403534,91.70181705401036,3.101287841796875,4.717294216156006,,,BT
74:14:c5:89:42:7d,,Uncategorized;10,2026-09-26 08:27:49,,7936,-86,26.189546891403534,91.70181705401036,3.101287841796875,4.717294216156006,,,BLE
00:aa:f7:66:26:a6,,Misc,2026-09-26 08:27:49,,7936,-74,26.189546891403534,91.70181705401036,3.101287841796875,4.717294216156006,,,BLE
18:3f:4e:e4:d5:d2,,Uncategorized;10,2026-09-26 08:27:50,,7936,-91,26.18953545064879,91.70181765218618,3.5364990234375,3.9778637886047363,,,BLE
40:e5:a9:8d:3d:24,LAPTOP-T04CAJGT,Misc,2026-09-26 08:27:50,,7936,-84,26.18953545064879,91.70181765218618,3.5364990234375,3.9778637886047363,,,BLE
75:bd:3d:81:ab:24,,Uncategorized;10,2026-09-26 08:27:50,,7936,-98,26.18953545064879,91.70181765218618,3.5364990234375,3.9778637886047363,,,BLE
3c:78:95:cc:28:7f,"barak_library ",[WPA2-PSK-CCMP][RSN-PSK-CCMP][ESS][WPS],2026-09-26 08:27:51,149,5745,-55,26.189531257875508,91.70181272650771,1.140655517578125,3.841474771499634,,,WIFI
04:d5:90:66:f9:80,eduroam,[WPA2-EAP/SHA1-CCMP][RSN-EAP/SHA1-CCMP][ESS],2026-09-26 08:27:51,11,2462,-43,26.189531257875508,91.70181272650771,1.140655517578125,3.841474771499634,,,WIFI
7e:78:95:cc:28:7e,,[WPA2-PSK-CCMP][RSN-PSK-CCMP][ESS],2026-09-26 08:27:51,4,2427,-45,26.189531257875508,91.70181272650771,1.140655517578125,3.841474771499634,,,WIFI
04:d5:90:66:f9:88,eduroam,[WPA2-EAP/SHA1-CCMP][RSN-EAP/SHA1-CCMP][ESS],2026-09-26 08:27:51,36,5180,-49,26.189531257875508,91.70181272650771,1.140655517578125,3.841474771499634,,,WIFI
e8:c3:c6:a5:98:d5,,Misc,2026-09-26 08:27:51,,,-97,26.189531257875508,91.70181272650771,1.140655517578125,3.841474771499634,,76,BLE
43:9c:00:4f:b6:80,,Misc,2026-09-26 08:27:51,,,-95,26.189531257875508,91.70181272650771,1.140655517578125,3.841474771499634,,,BLE
55:34:92:23:86:0e,realme Buds Air7,Uncategorized,2026-09-26 08:27:51,,7936,-97,26.189531257875508,91.70181272650771,1.140655517578125,3.841474771499634,,,BLE
10:6f:d4:e6:e6:06,,Misc,2026-09-26 08:27:51,,,-100,26.189531257875508,91.70181272650771,1.140655517578125,3.841474771499634,,,BLE
26:3d:5c:4f:b4:d9,,Misc,2026-09-26 08:27:51,,,-84,26.189531257875508,91.70181272650771,1.140655517578125,3.841474771499634,,6,BLE
75:bd:3d:81:ab:24,,Uncategorized;10,2026-09-26 08:27:51,,7936,-98,26.189531257875508,91.70181272650771,1.140655517578125,3.841474771499634,,76,BLE
20:3a:18:ca:55:fb,,Misc,2026-09-26 08:27:51,,,-87,26.189531257875508,91.70181272650771,1.140655517578125,3.841474771499634,,6,BLE
2b:76:a2:bf:dd:10,,Misc,2026-09-26 08:27:51,,,-98,26.189531257875508,91.70181272650771,1.140655517578125,3.841474771499634,,6,BLE
26:8d:92:db:79:cc,,Misc,2026-09-26 08:27:51,,,-98,26.189531257875508,91.70181272650771,1.140655517578125,3.841474771499634,,,BLE
d3:51:71:8f:18:f8,,Misc,2026-09-26 08:27:51,,,-94,26.189531257875508,91.70181272650771,1.140655517578125,3.841474771499634,,76,BLE
29:43:43:d0:08:55,,Misc,2026-09-26 08:27:51,,,-98,26.189531257875508,91.70181272650771,1.140655517578125,3.841474771499634,,,BLE
1c:da:b8:70:e5:6c,,Misc,2026-09-26 08:27:51,,,-93,26.189531257875508,91.70181272650771,1.140655517578125,3.841474771499634,,6,BLE
2c:e9:26:26:40:66,,Misc,2026-09-26 08:27:51,,,-94,26.189531257875508,91.70181272650771,1.140655517578125,3.841474771499634,,,BLE
50:a9:1c:73:cd:38,,Misc,2026-09-26 08:27:51,,,-101,26.189531257875508,91.70181272650771,1.140655517578125,3.841474771499634,,76,BLE
13:58:d8:88:2b:6d,,Misc,2026-09-26 08:27:51,,,-101,26.189531257875508,91.70181272650771,1.140655517578125,3.841474771499634,,6,BLE
2b:76:a2:bf:dd:10,,Misc,2026-09-26 08:27:51,,,-90,26.189531257875508,91.70181272650771,1.140655517578125,3.841474771499634,,6,BLE
75:c1:a0:3b:5d:7b,,Misc,2026-09-26 08:27:53,,7936,-86,26.189516821784654,91.70180503588642,-1.26629638671875,3.7900924682617188,,76,BLE
04:88:53:32:80:06,,Uncategorized;10,2026-09-26 08:27:53,,7936,-100,26.189516821784654,91.70180503588642,-1.26629638671875,3.7900924682617188,,,BLE
0f:3f:7a:ed:d0:02,,Uncategorized;10,2026-09-26 08:27:54,,7936,-104,26.189512009462113,91.70179590930842,-1.9210205078125,3.7900924682617188,,,BLE
6c:70:9d:dd:ce:78,,Misc,2026-09-26 08:27:56,,,-104,26.189507653570626,91.70177675612243,0.169036865234375,3.7900924682617188,,,BLE
0e:45:67:63:dd:83,,Misc,2026-09-26 08:27:56,,,-87,26.189507653570626,91.70177675612243,0.169036865234375,3.7900924682617188,,6,BLE
26:8d:92:db:79:cc,,Misc,2026-09-26 08:27:56,,,-88,26.189507653570626,91.70177675612243,0.169036865234375,3.7900924682617188,,,BLE
5b:f1:33:41:08:5c,realme,Uncategorized,2026-09-26 08:27:56,,,-80,26.189507653570626,91.70177675612243,0.169036865234375,3.7900924682617188,,,BLE
55:34:92:23:86:0e,realme Buds Air7,Uncategorized,2026-09-26 08:27:56,,7936,-91,26.189507653570626,91.70177675612243,0.169036865234375,3.7900924682617188,,,BLE
10:6f:d4:e6:e6:06,,Misc,2026-09-26 08:27:56,,,-93,26.189507653570626,91.70177675612243,0.169036865234375,3.7900924682617188,,,BLE
07:9a:5a:e7:87:f2,,Misc,2026-09-26 08:27:56,,,-92,26.189507653570626,91.70177675612243,0.169036865234375,3.7900924682617188,,,BLE
4a:c9:bd:b7:ac:77,realme Buds T310-GFP,Misc,2026-09-26 08:27:56,,7936,-82,26.189507653570626,91.70177675612243,0.169036865234375,3.7900924682617188,,,BLE
d5:ff:42:fd:e9:41,,Misc,2026-09-26 08:27:56,,,-104,26.189507653570626,91.70177675612243,0.169036865234375,3.7900924682617188,,76,BLE
2b:50:15:94:55:6e,,Misc,2026-09-26 08:27:56,,,-99,26.189507653570626,91.70177675612243,0.169036865234375,3.7900924682617188,,,BLE
c0:4e:56:fe:c6:2e,Ion ANC_BLE,Uncategorized;10,2026-09-26 08:27:57,,7936,-100,26.18949970024546,91.7017702513816,-1.938201904296875,3.7900924682617188,,,BLE
e8:c3:c6:a5:98:d5,,Misc,2026-09-26 08:28:01,,,-90,26.189482927627115,91.7018011047042,-3.30438232421875,3.7900924682617188,,76,BLE
16:31:8e:0d:ea:01,,Misc,2026-09-26 08:28:01,,,-98,26.189482927627115,91.7018011047042,-3.30438232421875,3.7900924682617188,,,BLE
04:95:a3:a1:0b:cb,,Misc,2026-09-26 08:28:01,,,-82,26.189482927627115,91.7018011047042,-3.30438232421875,3.7900924682617188,,6,BLE
08:12:87:b0:36:c7,,Misc,2026-09-26 08:28:01,,,-98,26.189482927627115,91.7018011047042,-3.30438232421875,3.7900924682617188,,1946,BLE
52:b7:d9:f0:e2:7d,,Misc,2026-09-26 08:28:01,,,-98,26.189482927627115,91.7018011047042,-3.30438232421875,3.7900924682617188,,,BLE
c0:4e:56:fe:c6:2e,Ion ANC_BLE,Uncategorized;10,2026-09-26 08:28:01,,7936,-99,26.189482927627115,91.7018011047042,-3.30438232421875,3.7900924682617188,,41104,BLE
0f:3f:7a:ed:d0:02,,Uncategorized;10,2026-09-26 08:28:01,,7936,-93,26.189482927627115,91.7018011047042,-3.30438232421875,3.7900924682617188,,,BLE
04:d5:90:66:f9:81,IITG_CONNECT,[WPA2-EAP/SHA1-CCMP][RSN-EAP/SHA1-CCMP][ESS],2026-09-26 08:28:02,11,2462,-44,26.189483150162577,91.70181165668507,-3.112945556640625,3.7900924682617188,,,WIFI
72:02:6f:9d:e1:90,LAPTOP-71RR2PRV,Misc,2026-09-26 08:28:06,,7936,-92,26.189452358972584,91.70183607808035,1.793426513671875,3.7900924682617188,,,BLE
0f:3f:7a:ed:d0:02,,Uncategorized;10,2026-09-26 08:28:06,,7936,-87,26.189452358972584,91.70183607808035,1.793426513671875,3.7900924682617188,,,BLE
24:f7:cc:5f:e7:8e,,Misc,2026-09-26 08:28:06,,7936,-86,26.189452358972584,91.70183607808035,1.793426513671875,3.7900924682617188,,,BLE
20:3a:18:ca:55:fb,,Misc,2026-09-26 08:28:06,,,-78,26.189452358972584,91.70183607808035,1.793426513671875,3.7900924682617188,,6,BLE
04:88:53:32:80:06,,Uncategorized;10,2026-09-26 08:28:09,,7936,-85,26.189435050090736,91.70185335522537,1.721649169921875,3.7900924682617188,,,BLE
9a:ba:5f:7b:ca:01,,[WPA2-PSK-CCMP][RSN-PSK-CCMP][ESS],2026-09-26 08:28:09,157,5785,-81,26.189435050090736,91.70185335522537,1.721649169921875,3.7900924682617188,,,WIFI
52:b7:d9:f0:e2:7d,,Misc,2026-09-26 08:28:11,,,-82,26.189422009256628,91.70186737065373,3.002044677734375,3.7900924682617188,,,BLE
0e:45:67:63:dd:83,,Misc,2026-09-26 08:28:11,,,-81,26.189422009256628,91.70186737065373,3.002044677734375,3.7900924682617188,,6,BLE
21:68:87:a6:85:68,,Misc,2026-09-26 08:28:11,,7936,-93,26.189422009256628,91.70186737065373,3.002044677734375,3.7900924682617188,,,BLE
26:3d:5c:4f:b4:d9,,Misc,2026-09-26 08:28:11,,,-79,26.189422009256628,91.70186737065373,3.002044677734375,3.7900924682617188,,6,BLE
73:96:3c:75:40:29,,Uncategorized;10,2026-09-26 08:28:12,,7936,-103,26.189415448558236,91.70186971843421,4.46075439453125,3.7900924682617188,,,BLE
17:54:02:e8:50:97,,Uncategorized;10,2026-09-26 08:28:14,,7936,-98,26.1894000887278,91.7018751106518,2.033660888671875,3.7900924682617188,,,BLE
49:fb:6c:29:24:5e,,Uncategorized;10,2026-09-26 08:28:15,,7936,-96,26.189392156209273,91.70187897086575,0.384307861328125,3.7900924682617188,,,BLE
6e:40:77:50:7a:ba,,Uncategorized;10,2026-09-26 08:28:15,,7936,-104,26.189392156209273,91.70187897086575,0.384307861328125,3.7900924682617188,,,BLE
48:23:35:52:2a:65,TVSBT00074759,Misc,2026-09-26 08:28:16,,7936,-93,26.189383301276855,91.70188605875667,1.534088134765625,3.7900924682617188,,,BLE
a8:42:a1:88:10:24,DJDODODODO,[WPA2-PSK-CCMP][RSN-PSK-CCMP][ESS][WPS],2026-09-26 08:28:16,3,2422,-70,26.189383301276855,91.70188605875667,1.534088134765625,3.7900924682617188,,,WIFI
f2:a6:54:34:c1:dd,BHASKAR 5132,[WPA2-PSK-CCMP][RSN-PSK-CCMP][ESS][WPS],2026-09-26 08:28:16,157,5785,-82,26.189383301276855,91.70188605875667,1.534088134765625,3.7900924682617188,,,WIFI
d8:44:89:1e:b8:71,Bytes,[WPA2-PSK-CCMP][RSN-PSK-CCMP][ESS][WPS],2026-09-26 08:28:16,149,5745,-78,26.189383301276855,91.70188605875667,1.534088134765625,3.7900924682617188,,,WIFI
69:52:4f:bb:51:a3,,Uncategorized;10,2026-09-26 08:28:16,,7936,-97,26.189383301276855,91.70188605875667,1.534088134765625,3.7900924682617188,,,BLE
71:50:ba:60:8f:10,Prime800D,Misc,2026-09-26 08:28:16,,,-93,26.189383301276855,91.70188605875667,1.534088134765625,3.7900924682617188,,,BLE
3a:f6:0c:18:e4:3a,,Misc,2026-09-26 08:28:16,,,-95,26.189383301276855,91.70188605875667,1.534088134765625,3.7900924682617188,,6,BLE
15:5a:97:d3:c7:84,,Misc,2026-09-26 08:28:16,,,-103,26.189383301276855,91.70188605875667,1.534088134765625,3.7900924682617188,,,BLE
49:fb:6c:29:24:5e,,Uncategorized;10,2026-09-26 08:28:16,,7936,-96,26.189383301276855,91.70188605875667,1.534088134765625,3.7900924682617188,,76,BLE
78:c9:08:22:0a:5c,,Misc,2026-09-26 08:28:16,,,-100,26.189383301276855,91.70188605875667,1.534088134765625,3.7900924682617188,,76,BLE
44:52:00:b7:27:0f,,Misc,2026-09-26 08:28:16,,,-98,26.189383301276855,91.70188605875667,1.534088134765625,3.7900924682617188,,,BLE
14:58:1b:43:ac:6f,,Misc,2026-09-26 08:28:16,,,-104,26.189383301276855,91.70188605875667,1.534088134765625,3.7900924682617188,,6,BLE
73:23:8e:a2:5a:74,OnePlus Nord Buds 3r,Misc,2026-09-26 08:28:16,,,-99,26.189383301276855,91.70188605875667,1.534088134765625,3.7900924682617188,,,BLE
73:96:3c:75:40:29,,Uncategorized;10,2026-09-26 08:28:16,,7936,-103,26.189383301276855,91.70188605875667,1.534088134765625,3.7900924682617188,,76,BLE
11:39:47:11:99:c4,,Misc,2026-09-26 08:28:16,,,-99,26.189383301276855,91.70188605875667,1.534088134765625,3.7900924682617188,,6,BLE
c0:37:a0:5d:7e:53,Nirvana Ion-LE,Uncategorized,2026-09-26 08:28:16,,7936,-98,26.189383301276855,91.70188605875667,1.534088134765625,3.7900924682617188,,41104,BLE
40:00:0d:ff:44:bd,,Misc,2026-09-26 08:28:16,,,-103,26.189383301276855,91.70188605875667,1.534088134765625,3.7900924682617188,,76,BLE
d5:d1:92:cd:b9:d7,,Misc,2026-09-26 08:28:16,,,-97,26.189383301276855,91.70188605875667,1.534088134765625,3.7900924682617188,,,BLE
1c:da:b8:70:e5:6c,,Misc,2026-09-26 08:28:16,,,-85,26.189383301276855,91.70188605875667,1.534088134765625,3.7900924682617188,,6,BLE
7d:43:61:6a:89:8c,,Misc,2026-09-26 08:28:16,,,-101,26.189383301276855,91.70188605875667,1.534088134765625,3.7900924682617188,,6,BLE
2b:ab:c5:56:63:64,,Misc,2026-09-26 08:28:16,,,-100,26.189383301276855,91.70188605875667,1.534088134765625,3.7900924682617188,,6,BLE
84:9d:4b:86:13:5e,realme Buds T310,Uncategorized,2026-09-26 08:28:16,,7936,-85,26.189383301276855,91.70188605875667,1.534088134765625,3.7900924682617188,,41992,BLE
69:52:4f:bb:51:a3,,Uncategorized;10,2026-09-26 08:28:16,,7936,-97,26.189383301276855,91.70188605875667,1.534088134765625,3.7900924682617188,,76,BLE
0d:e7:55:3f:07:04,,Misc,2026-09-26 08:28:16,,,-98,26.189383301276855,91.70188605875667,1.534088134765625,3.7900924682617188,,6,BLE
ed:e8:5d:4e:93:3f,,Misc,2026-09-26 08:28:16,,,-102,26.189383301276855,91.70188605875667,1.534088134765625,3.7900924682617188,,76,BLE
53:a2:1c:08:da:f7,,Uncategorized;10,2026-09-26 08:28:18,,7936,-84,26.189373195601757,91.70190235247094,0.811798095703125,3.7900924682617188,,,BLE
6a:de:86:81:df:bf,,Uncategorized;10,2026-09-26 08:28:21,,7936,-96,26.189360567770382,91.70192099304394,-0.499664306640625,3.7900924682617188,,,BLE
00:0a:45:44:6b:4b,"LE_ATH-M50xBT2 ",Uncategorized;10,2026-09-26 08:28:21,,7936,-100,26.189360567770382,91.70192099304394,-0.499664306640625,3.7900924682617188,,,BLE
6d:c6:52:5d:36:e3,Jabra Evolve2 65,Uncategorized;10,2026-09-26 08:28:21,,7936,-101,26.189360567770382,91.70192099304394,-0.499664306640625,3.7900924682617188,,,BLE
29:d5:80:3d:ad:95,,Misc,2026-09-26 08:28:21,,,-101,26.189360567770382,91.70192099304394,-0.499664306640625,3.7900924682617188,,6,BLE
f0:3d:c3:00:1a:21,,Misc,2026-09-26 08:28:21,,,-95,26.189360567770382,91.70192099304394,-0.499664306640625,3.7900924682617188,,76,BLE
6a:de:86:81:df:bf,,Uncategorized;10,2026-09-26 08:28:21,,7936,-95,26.189360567770382,91.70192099304394,-0.499664306640625,3.7900924682617188,,76,BLE
72:02:6f:9d:e1:90,LAPTOP-71RR2PRV,Misc,2026-09-26 08:28:21,,7936,-85,26.189360567770382,91.70192099304394,-0.499664306640625,3.7900924682617188,,,BLE
68:6b:09:be:c5:23,,Misc,2026-09-26 08:28:21,,,-101,26.189360567770382,91.70192099304394,-0.499664306640625,3.7900924682617188,,76,BLE
00:0a:45:44:6b:4b,"LE_ATH-M50xBT2 ",Uncategorized;10,2026-09-26 08:28:21,,7936,-101,26.189360567770382,91.70192099304394,-0.499664306640625,3.7900924682617188,,1560,BLE
35:e7:6c:4e:95:a5,,Misc,2026-09-26 08:28:21,,,-103,26.189360567770382,91.70192099304394,-0.499664306640625,3.7900924682617188,,6,BLE
14:58:1b:43:ac:6f,,Misc,2026-09-26 08:28:21,,,-95,26.189360567770382,91.70192099304394,-0.499664306640625,3.7900924682617188,,6,BLE
13:58:d8:88:2b:6d,,Misc,2026-09-26 08:28:21,,,-86,26.189360567770382,91.70192099304394,-0.499664306640625,3.7900924682617188,,6,BLE
50:a9:1c:73:cd:38,,Misc,2026-09-26 08:28:21,,,-92,26.189360567770382,91.70192099304394,-0.499664306640625,3.7900924682617188,,76,BLE
d5:ff:42:fd:e9:41,,Misc,2026-09-26 08:28:21,,,-95,26.189360567770382,91.70192099304394,-0.499664306640625,3.7900924682617188,,76,BLE
0d:e7:55:3f:07:04,,Misc,2026-09-26 08:28:21,,,-88,26.189360567770382,91.70192099304394,-0.499664306640625,3.7900924682617188,,6,BLE
67:7a:5b:be:e5:80,,Misc,2026-09-26 08:28:21,,7936,-85,26.189360567770382,91.70192099304394,-0.499664306640625,3.7900924682617188,,76,BLE
3d:c3:22:0a:1f:8f,,Misc,2026-09-26 08:28:21,,,-102,26.189360567770382,91.70192099304394,-0.499664306640625,3.7900924682617188,,6,BLE
53:a2:1c:08:da:f7,,Uncategorized;10,2026-09-26 08:28:22,,7936,-78,26.189353985290722,91.70192644897331,-0.768768310546875,3.7900924682617188,,,BLE
9c:c7:d3:00:90:ab,LAPTOP-71RR2PRV,Laptop;10,2026-09-26 08:28:22,,268,-81,26.189353985290722,91.70192644897331,-0.768768310546875,3.7900924682617188,,,BT
a8:42:a1:68:9b:a1,Bikram 2,[WPA2-PSK-CCMP][RSN-PSK-CCMP][ESS][WPS],2026-09-26 08:28:23,9,2452,-67,26.18934782218461,91.70192807647031,0.2425537109375,3.7900924682617188,,,WIFI
2c:ea:67:fc:5b:17,,Uncategorized;10,2026-09-26 08:28:23,,7936,-102,26.18934782218461,91.70192807647031,0.2425537109375,3.7900924682617188,,,BLE
49:fb:6c:29:24:5e,,Uncategorized;10,2026-09-26 08:28:23,,7936,-91,26.18934782218461,91.70192807647031,0.2425537109375,3.7900924682617188,,76,BLE
7a:1f:67:28:42:c8,,Uncategorized;10,2026-09-26 08:28:24,,7936,-101,26.189338622156075,91.70193262266153,1.037628173828125,3.7900924682617188,,,BLE
2c:ea:67:fc:5b:17,,Uncategorized;10,2026-09-26 08:28:25,,7936,-96,26.18932909349363,91.7019378519425,1.336029052734375,3.7900924682617188,,,BLE
75:bd:3d:81:ab:24,,Uncategorized;10,2026-09-26 08:28:26,,7936,-88,26.189318753682944,91.70194560529004,2.72833251953125,3.7900924682617188,,76,BLE
1c:58:0f:b7:67:e7,,Misc,2026-09-26 08:28:26,,,-94,26.189318753682944,91.70194560529004,2.72833251953125,3.7900924682617188,,,BLE
5c:63:a9:c4:53:3d,,Misc,2026-09-26 08:28:26,,,-95,26.189318753682944,91.70194560529004,2.72833251953125,3.7900924682617188,,76,BLE
d5:ff:42:fd:e9:41,,Misc,2026-09-26 08:28:26,,,-87,26.189318753682944,91.70194560529004,2.72833251953125,3.7900924682617188,,76,BLE
7d:43:61:6a:89:8c,,Misc,2026-09-26 08:28:26,,,-96,26.189318753682944,91.70194560529004,2.72833251953125,3.7900924682617188,,6,BLE
7a:96:06:42:73:b7,4,Uncategorized;10,2026-09-26 08:28:26,,7936,-95,26.189318753682944,91.70194560529004,2.72833251953125,3.7900924682617188,,76,BLE
35:e7:6c:4e:95:a5,,Misc,2026-09-26 08:28:26,,,-97,26.189318753682944,91.70194560529004,2.72833251953125,3.7900924682617188,,6,BLE
11:39:47:11:99:c4,,Misc,2026-09-26 08:28:26,,,-91,26.189318753682944,91.70194560529004,2.72833251953125,3.7900924682617188,,6,BLE
73:96:3c:75:40:29,,Uncategorized;10,2026-09-26 08:28:26,,7936,-96,26.189318753682944,91.70194560529004,2.72833251953125,3.7900924682617188,,76,BLE
15:5a:97:d3:c7:84,,Misc,2026-09-26 08:28:26,,,-95,26.189318753682944,91.70194560529004,2.72833251953125,3.7900924682617188,,,BLE
58:e5:ff:fe:9c:c8,,Misc,2026-09-26 08:28:26,,,-100,26.189318753682944,91.70194560529004,2.72833251953125,3.7900924682617188,,,BLE
00:ea:24:31:3a:3b,,Misc,2026-09-26 08:28:26,,,-99,26.189318753682944,91.70194560529004,2.72833251953125,3.7900924682617188,,6,BLE
3d:c3:22:0a:1f:8f,,Misc,2026-09-26 08:28:26,,,-95,26.189318753682944,91.70194560529004,2.72833251953125,3.7900924682617188,,6,BLE
17:54:02:e8:50:97,,Uncategorized;10,2026-09-26 08:28:28,,7936,-91,26.189295439606077,91.70196522156962,5.837493896484375,3.7900924682617188,,,BLE
96:96:61:04:ac:80,SG,[WPA2-PSK-CCMP][RSN-PSK-CCMP][ESS],2026-09-26 08:28:31,149,5745,-88,26.189264932942386,91.70198634593149,8.829620361328125,3.7900924682617188,,,WIFI
a8:42:a1:88:0f:48,TP-Link_0F48,[WPA2-PSK-CCMP][RSN-PSK-CCMP][ESS][WPS],2026-09-26 08:28:31,10,2457,-69,26.189264932942386,91.70198634593149,8.829620361328125,3.7900924682617188,,,WIFI
52:1f:05:f9:c7:24,,Misc,2026-09-26 08:28:31,,7936,-101,26.189264932942386,91.70198634593149,8.829620361328125,3.7900924682617188,,76,BLE
44:52:01:eb:42:d6,,Misc,2026-09-26 08:28:31,,,-100,26.189264932942386,91.70198634593149,8.829620361328125,3.7900924682617188,,,BLE
12:53:30:69:c2:a7,,Misc,2026-09-26 08:28:31,,,-99,26.189264932942386,91.70198634593149,8.829620361328125,3.7900924682617188,,,BLE
6f:f5:39:3a:dd:8d,,Misc,2026-09-26 08:28:31,,,-105,26.189264932942386,91.70198634593149,8.829620361328125,3.7900924682617188,,,BLE
f7:11:ff:0e:e1:3a,,Misc,2026-09-26 08:28:31,,,-100,26.189264932942386,91.70198634593149,8.829620361328125,3.7900924682617188,,76,BLE
44:a3:43:70:41:93,,Uncategorized;10,2026-09-26 08:28:36,,7936,-96,26.189220885621562,91.7019855836222,9.717132568359375,3.7900924682617188,,76,BLE
26:01:b9:87:7c:14,,Misc,2026-09-26 08:28:36,,7936,-99,26.189220885621562,91.7019855836222,9.717132568359375,3.7900924682617188,,,BLE
78:0b:2f:1c:88:84,,Misc,2026-09-26 08:28:36,,,-101,26.189220885621562,91.7019855836222,9.717132568359375,3.7900924682617188,,,BLE
15:99:3c:30:d0:1b,,Misc,2026-09-26 08:28:36,,,-104,26.189220885621562,91.7019855836222,9.717132568359375,3.7900924682617188,,,BLE
d5:54:a0:db:b2:65,,Misc,2026-09-26 08:28:36,,,-105,26.189220885621562,91.7019855836222,9.717132568359375,3.7900924682617188,,76,BLE
36:ed:16:c9:20:14,,Misc,2026-09-26 08:28:36,,,-107,26.189220885621562,91.7019855836222,9.717132568359375,3.7900924682617188,,6,BLE
20:aa:a2:37:2d:d7,,Misc,2026-09-26 08:28:36,,,-104,26.189220885621562,91.7019855836222,9.717132568359375,3.7900924682617188,,6,BLE
f9:c8:a0:4f:b6:e2,,Misc,2026-09-26 08:28:36,,,-100,26.189220885621562,91.7019855836222,9.717132568359375,3.7900924682617188,,76,BLE
44:52:01:eb:42:d6,,Misc,2026-09-26 08:28:36,,,-92,26.189220885621562,91.7019855836222,9.717132568359375,3.7900924682617188,,,BLE
66:87:ad:ec:b3:ca,,Misc,2026-09-26 08:28:36,,,-98,26.189220885621562,91.7019855836222,9.717132568359375,3.7900924682617188,,76,BLE
5c:cc:0a:7f:9b:10,,Misc,2026-09-26 08:28:36,,,-104,26.189220885621562,91.7019855836222,9.717132568359375,3.7900924682617188,,76,BLE
9c:c7:d3:00:90:ab,LAPTOP-71RR2PRV,Laptop;10,2026-09-26 08:28:39,,268,0,26.189201511299206,91.70196467418907,11.31982421875,3.7900924682617188,,,BT
24:2f:d0:f5:94:76,TP-Link_9476,[WPA2-PSK-CCMP][RSN-PSK-CCMP][ESS][WPS],2026-09-26 08:28:39,9,2452,-76,26.189201511299206,91.70196467418907,11.31982421875,3.7900924682617188,,,WIFI
40:86:cb:30:5e:1e,DIR-825-5E1B,[WPA2-PSK-CCMP][RSN-PSK-CCMP][ESS][WPS],2026-09-26 08:28:39,4,2427,-78,26.189201511299206,91.70196467418907,11.31982421875,3.7900924682617188,,,WIFI
74:e4:bf:e3:1d:eb,LE-Jashanpreet's Headphones,Uncategorized,2026-09-26 08:28:41,,7936,-98,26.189188701650696,91.70195202660894,10.5789794921875,3.7900924682617188,,,BLE
7b:5e:8d:81:c1:e5,,Misc,2026-09-26 08:28:41,,,-96,26.189188701650696,91.70195202660894,10.5789794921875,3.7900924682617188,,76,BLE
00:ea:2f:2b:cc:d5,,Misc,2026-09-26 08:28:41,,,-99,26.189188701650696,91.70195202660894,10.5789794921875,3.7900924682617188,,6,BLE
5d:c5:a1:e1:d0:47,,Misc,2026-09-26 08:28:41,,,-98,26.189188701650696,91.70195202660894,10.5789794921875,3.7900924682617188,,76,BLE
63:7d:f8:2d:8a:30,,Uncategorized;10,2026-09-26 08:28:46,,7936,-92,26.189149732467445,91.70193416906643,11.83001708984375,3.7900924682617188,,,BLE
f9:c8:a0:4f:b6:e2,,Misc,2026-09-26 08:28:46,,,-93,26.189149732467445,91.70193416906643,11.83001708984375,3.7900924682617188,,76,BLE
60:fd:c6:39:9b:ef,,Misc,2026-09-26 08:28:46,,,-98,26.189149732467445,91.70193416906643,11.83001708984375,3.7900924682617188,,76,BLE
7b:03:b5:6f:be:54,,Misc,2026-09-26 08:28:46,,,-106,26.189149732467445,91.70193416906643,11.83001708984375,3.7900924682617188,,76,BLE
38:c9:59:c3:50:58,,Misc,2026-09-26 08:28:46,,,-102,26.189149732467445,91.70193416906643,11.83001708984375,3.7900924682617188,,,BLE
1a:c2:fe:4c:b3:59,,Misc,2026-09-26 08:28:46,,,-102,26.189149732467445,91.70193416906643,11.83001708984375,3.7900924682617188,,6,BLE
23:49:4a:9b:68:d2,,Misc,2026-09-26 08:28:46,,7936,-106,26.189149732467445,91.70193416906643,11.83001708984375,3.7900924682617188,,,BLE
0c:58:ec:c2:30:89,,Misc,2026-09-26 08:28:46,,7936,-103,26.189149732467445,91.70193416906643,11.83001708984375,3.7900924682617188,,,BLE
36:ed:16:c9:20:14,,Misc,2026-09-26 08:28:46,,,-96,26.189149732467445,91.70193416906643,11.83001708984375,3.7900924682617188,,6,BLE
0c:58:ec:c2:30:89,,Misc,2026-09-26 08:28:47,,7936,-95,26.18914295014459,91.70193143457531,11.790802001953125,3.7900924682617188,,,BLE
23:49:4a:9b:68:d2,,Misc,2026-09-26 08:28:47,,7936,-97,26.18914295014459,91.70193143457531,11.790802001953125,3.7900924682617188,,,BLE
40:86:cb:2a:dc:e4,Shani_ka_prakop,[WPA2-PSK-CCMP][RSN-PSK-CCMP][ESS],2026-09-26 08:28:48,4,2427,-66,26.189135994927867,91.70192922075029,11.667694091796875,3.7900924682617188,,,WIFI
6c:4c:bc:ae:41:b6,sirfapsalot,[WPA2-PSK-CCMP][RSN-PSK-CCMP][ESS][WPS],2026-09-26 08:28:48,10,2457,-68,26.189135994927867,91.70192922075029,11.667694091796875,3.7900924682617188,,,WIFI
24:2f:d0:f5:94:76,TP-Link_9476,[WPA2-PSK-CCMP][RSN-PSK-CCMP][ESS][WPS],2026-09-26 08:28:48,9,2452,-69,26.189135994927867,91.70192922075029,11.667694091796875,3.7900924682617188,,,WIFI
24:2f:d0:f5:94:75,TP-Link_9476_5G,[WPA2-PSK-CCMP][RSN-PSK-CCMP][ESS][WPS],2026-09-26 08:28:48,149,5745,-77,26.189135994927867,91.70192922075029,11.667694091796875,3.7900924682617188,,,WIFI
a8:42:a1:88:0f:48,TP-Link_0F48,[WPA2-PSK-CCMP][RSN-PSK-CCMP][ESS][WPS],2026-09-26 08:28:48,10,2457,-63,26.189135994927867,91.70192922075029,11.667694091796875,3.7900924682617188,,,WIFI
49:f4:e5:3f:f3:f1,,Uncategorized;10,2026-09-26 08:28:49,,7936,-101,26.189128741827048,91.70192686341495,11.720977783203125,3.7900924682617188,,,BLE
d4:ba:fe:fa:ea:fc,,Misc,2026-09-26 08:28:51,,,-104,26.18911474855233,91.70192391904244,11.88275146484375,3.7900924682617188,,76,BLE
45:5c:18:37:5d:b0,,Misc,2026-09-26 08:28:51,,,-104,26.18911474855233,91.70192391904244,11.88275146484375,3.7900924682617188,,,BLE
49:f4:e5:3f:f3:f1,,Uncategorized;10,2026-09-26 08:28:51,,7936,-102,26.18911474855233,91.70192391904244,11.88275146484375,3.7900924682617188,,76,BLE
d7:5c:7d:ea:4b:1d,,Misc,2026-09-26 08:28:51,,,-101,26.18911474855233,91.70192391904244,11.88275146484375,3.7900924682617188,,76,BLE
52:1f:05:f9:c7:24,,Misc,2026-09-26 08:28:51,,7936,-96,26.18911474855233,91.70192391904244,11.88275146484375,3.7900924682617188,,76,BLE
cf:a7:41:11:df:63,,Misc,2026-09-26 08:28:51,,,-104,26.18911474855233,91.70192391904244,11.88275146484375,3.7900924682617188,,76,BLE
de:c6:b9:e0:ae:a0,,Misc,2026-09-26 08:28:51,,,-106,26.18911474855233,91.70192391904244,11.88275146484375,3.7900924682617188,,76,BLE
6d:de:9d:98:b0:06,,Misc,2026-09-26 08:28:56,,,-104,26.189074781195885,91.70192558890808,12.4522705078125,3.7900924682617188,,76,BLE
70:5e:74:85:c6:53,,Misc,2026-09-26 08:28:56,,7936,-98,26.189074781195885,91.70192558890808,12.4522705078125,3.7900924682617188,,76,BLE
71:c0:60:44:b5:11,,Misc,2026-09-26 08:28:56,,,-105,26.189074781195885,91.70192558890808,12.4522705078125,3.7900924682617188,,76,BLE
38:c9:59:c3:50:58,,Misc,2026-09-26 08:28:56,,,-97,26.189074781195885,91.70192558890808,12.4522705078125,3.7900924682617188,,,BLE
2f:62:a1:27:0e:6b,,Misc,2026-09-26 08:28:56,,,-98,26.189074781195885,91.70192558890808,12.4522705078125,3.7900924682617188,,,BLE
f9:43:37:f9:0f:2f,XTEND,Misc,2026-09-26 08:28:56,,,-103,26.189074781195885,91.70192558890808,12.4522705078125,3.7900924682617188,,,BLE
29:0a:41:fd:a9:bb,,Misc,2026-09-26 08:28:56,,,-104,26.189074781195885,91.70192558890808,12.4522705078125,3.7900924682617188,,6,BLE
70:5e:74:85:c6:53,,Misc,2026-09-26 08:28:59,,7936,-93,26.189047397956852,91.70192958020095,13.385009765625,3.7900924682617188,,76,BLE
1b:2f:aa:14:9c:69,,Misc,2026-09-26 08:29:01,,,-104,26.189034300716717,91.70193159003298,13.4549560546875,3.7900924682617188,,6,BLE
50:a9:1c:73:cd:38,,Misc,2026-09-26 08:29:01,,,-86,26.189034300716717,91.70193159003298,13.4549560546875,3.7900924682617188,,76,BLE
1a:c2:fe:4c:b3:59,,Misc,2026-09-26 08:29:01,,,-95,26.189034300716717,91.70193159003298,13.4549560546875,3.7900924682617188,,6,BLE
d1:6f:db:e4:dc:f3,,Misc,2026-09-26 08:29:01,,,-104,26.189034300716717,91.70193159003298,13.4549560546875,3.7900924682617188,,76,BLE
26:01:b9:87:7c:14,,Misc,2026-09-26 08:29:01,,7936,-93,26.189034300716717,91.70193159003298,13.4549560546875,3.7900924682617188,,,BLE
f7:11:ff:0e:e1:3a,,Misc,2026-09-26 08:29:01,,,-86,26.189034300716717,91.70193159003298,13.4549560546875,3.7900924682617188,,76,BLE
6d:cc:8f:04:c7:a5,OnePlus Nord Buds 3r,Misc,2026-09-26 08:29:01,,,-99,26.189034300716717,91.70193159003298,13.4549560546875,3.7900924682617188,,,BLE
09:84:81:29:98:6a,,Misc,2026-09-26 08:29:01,,,-104,26.189034300716717,91.70193159003298,13.4549560546875,3.7900924682617188,,6,BLE
6a:00:0d:54:6f:47,,Misc,2026-09-26 08:29:01,,,-102,26.189034300716717,91.70193159003298,13.4549560546875,3.7900924682617188,,76,BLE
70:4f:5d:6e:f6:7e,,Uncategorized;10,2026-09-26 08:29:03,,7936,-96,26.189025997229262,91.70193790184675,13.58770751953125,3.7900924682617188,,,BLE
78:c6:be:18:1c:26,,Uncategorized;10,2026-09-26 08:29:05,,7936,-99,26.189024285189948,91.7019406556324,13.582275390625,3.7900924682617188,,,BLE
40:ca:03:c8:55:79,LAPTOP-RVJT9QAC,Uncategorized;10,2026-09-26 08:29:05,,7936,-102,26.189024285189948,91.7019406556324,13.582275390625,3.7900924682617188,,,BLE
07:41:e1:7f:99:2d,,Uncategorized;10,2026-09-26 08:29:05,,7936,-95,26.189024285189948,91.7019406556324,13.582275390625,3.7900924682617188,,,BLE
1b:2f:aa:14:9c:69,,Misc,2026-09-26 08:29:06,,,-99,26.189024184725792,91.70194105989614,13.57867431640625,3.7900924682617188,,6,BLE
27:f7:c7:8e:27:fb,,Misc,2026-09-26 08:29:06,,,-104,26.189024184725792,91.70194105989614,13.57867431640625,3.7900924682617188,,,BLE
cb:10:e1:37:75:30,,Misc,2026-09-26 08:29:06,,,-97,26.189024184725792,91.70194105989614,13.57867431640625,3.7900924682617188,,76,BLE
70:4f:5d:6e:f6:7e,,Uncategorized;10,2026-09-26 08:29:06,,7936,-96,26.189024184725792,91.70194105989614,13.57867431640625,3.7900924682617188,,76,BLE
44:52:01:eb:42:d6,,Misc,2026-09-26 08:29:06,,,-84,26.189024184725792,91.70194105989614,13.57867431640625,3.7900924682617188,,,BLE
14:5c:69:1b:a6:61,,Uncategorized;10,2026-09-26 08:29:09,,7936,-102,26.189024354703,91.70194126145802,13.572509765625,3.7900924682617188,,,BLE
