WigleWifi-1.6,appRelease=2.111,model=RMX3461,release=13,device=RE54BFL1,display=RMX3461_13.1.0.100(EX01),board=lahaina,brand=realme,star=Sol,body=3,subBody=0
MAC,SSID,AuthMode,FirstSeen,Channel,Frequency,RSSI,CurrentLatitude,CurrentLongitude,AltitudeMeters,AccuracyMeters,RCOIs,MfgrId,Type
34:60:f9:51:b8:76,TP2020,[WPA2-PSK-CCMP][RSN-PSK-CCMP][ESS][WPS],2026-09-26 07:26:29,3,2422,-70,26.18842132,91.70177465,-8.697998046875,20.511188507080078,,,WIFI
20:e1:5d:3d:ea:aa,Reeeeeeeeeeeeeeeee,[WPA2-PSK-CCMP][RSN-PSK-CCMP][ESS][WPS],2026-09-26 07:26:29,3,2422,-79,26.18842132,91.70177465,-8.697998046875,20.511188507080078,,,WIFI
c6:07:1d:66:c5:97,IITG_CONNECT,[WPA2-EAP/SHA1+FT/EAP-CCMP][RSN-EAP/SHA1+FT/EAP-CCMP][ESS],2026-09-26 07:26:29,48,5240,-73,26.18842132,91.70177465,-8.697998046875,20.511188507080078,,,WIFI
20:e1:5d:3d:eb:02,TP-Link_EB02,[WPA2-PSK-CCMP][RSN-PSK-CCMP][ESS][WPS],2026-09-26 07:26:29,10,2457,-77,26.18842132,91.70177465,-8.697998046875,20.511188507080078,,,WIFI
c2:07:1d:66:ca:2e,,[ESS],2026-09-26 07:26:29,1,2412,-62,26.18842132,91.70177465,-8.697998046875,20.511188507080078,,,WIFI
c6:07:1d:66:ca:2e,IITG_CONNECT,[WPA2-EAP/SHA1+FT/EAP-CCMP][RSN-EAP/SHA1+FT/EAP-CCMP][ESS],2026-09-26 07:26:29,1,2412,-64,26.18842132,91.70177465,-8.697998046875,20.511188507080078,,,WIFI
aa:b9:54:05:07:bd,vivo T4 5G,[WPA2-PSK-CCMP][RSN-PSK-CCMP][ESS],2026-09-26 07:26:29,6,2437,-66,26.18842132,91.70177465,-8.697998046875,20.511188507080078,,,WIFI
c6:07:1d:66:ca:2f,IITG_CONNECT,[WPA2-EAP/SHA1+FT/EAP-CCMP][RSN-EAP/SHA1+FT/EAP-CCMP][ESS],2026-09-26 07:26:29,149,5745,-67,26.18842132,91.70177465,-8.697998046875,20.511188507080078,,,WIFI
c2:07:1d:66:c5:24,,[ESS],2026-09-26 07:26:29,11,2462,-75,26.18842132,91.70177465,-8.697998046875,20.511188507080078,,,WIFI
24:2f:d0:c1:64:ac,TP-Link_64AC,[WPA2-PSK-TKIP+CCMP][RSN-PSK-TKIP+CCMP][ESS][WPS],2026-09-26 07:26:29,4,2427,-67,26.18842132,91.70177465,-8.697998046875,20.511188507080078,,,WIFI
c6:07:1d:66:c2:6d,IITG_CONNECT,[WPA2-EAP/SHA1+FT/EAP-CCMP][RSN-EAP/SHA1+FT/EAP-CCMP][ESS],2026-09-26 07:26:29,44,5220,-67,26.18842132,91.70177465,-8.697998046875,20.511188507080078,,,WIFI
40:ae:30:a5:25:ce,IITB_CONNECT,[WPA2-PSK-CCMP][RSN-PSK-CCMP][ESS][WPS],2026-09-26 07:26:29,9,2452,-73,26.18842132,91.70177465,-8.697998046875,20.511188507080078,,,WIFI
c6:07:1d:66:c2:6c,IITG_CONNECT,[WPA2-EAP/SHA1+FT/EAP-CCMP][RSN-EAP/SHA1+FT/EAP-CCMP][ESS],2026-09-26 07:26:29,1,2412,-70,26.18842132,91.70177465,-8.697998046875,20.511188507080078,,,WIFI
c2:07:1d:66:c2:6d,,[ESS],2026-09-26 07:26:29,44,5220,-70,26.18842132,91.70177465,-8.697998046875,20.511188507080078,,,WIFI
c2:07:1d:66:c2:6c,,[ESS],2026-09-26 07:26:29,1,2412,-69,26.18842132,91.70177465,-8.697998046875,20.511188507080078,,,WIFI
c6:07:1d:66:c5:25,IITG_CONNECT,[WPA2-EAP/SHA1+FT/EAP-CCMP][RSN-EAP/SHA1+FT/EAP-CCMP][ESS],2026-09-26 07:26:29,157,5785,-84,26.18842132,91.70177465,-8.697998046875,20.511188507080078,,,WIFI
c2:07:1d:66:c5:25,,[ESS],2026-09-26 07:26:29,157,5785,-84,26.18842132,91.70177465,-8.697998046875,20.511188507080078,,,WIFI
c6:07:1d:66:c5:24,IITG_CONNECT,[WPA2-EAP/SHA1+FT/EAP-CCMP][RSN-EAP/SHA1+FT/EAP-CCMP][ESS],2026-09-26 07:26:29,11,2462,-77,26.18842132,91.70177465,-8.697998046875,20.511188507080078,,,WIFI
42:67:3e:da:37:fa,Moto Edge 70,[WPA2-PSK-CCMP][RSN-PSK+SAE-CCMP][ESS],2026-09-26 07:26:29,7,2442,-85,26.18842132,91.70177465,-8.697998046875,20.511188507080078,,,WIFI
39:ba:a5:c9:d3:a1,,Uncategorized;10,2026-09-26 07:26:29,,7936,-98,26.18842132,91.70177465,-8.697998046875,20.511188507080078,,,BLE
b8:f7:75:2a:92:c4,HIMANGSHU,Laptop;10,2026-09-26 07:26:29,,268,-62,26.18842132,91.70177465,-8.697998046875,20.511188507080078,,,BT
8c:4e:46:d5:c6:a8,moto watch C6A8,Watch;10,2026-09-26 07:26:30,,1796,-98,26.18842226104852,91.70177493123559,-9.264068603515625,14.711830139160156,,,BT
405751_53815_205093376,Assam,LTE;405751,2026-09-26 07:26:31,1351,1351,-83,26.188421354770757,91.7017740764676,-10.921234130859375,12.312117576599121,,,LTE
6a:e2:6b:3a:fb:29,,Uncategorized;10,2026-09-26 07:26:32,,7936,-96,26.188420557122644,91.70177297364332,-16.115325927734375,10.620235443115234,,,BLE
22:a1:d1:71:14:47,,Uncategorized;10,2026-09-26 07:26:32,,7936,-96,26.188420557122644,91.70177297364332,-16.115325927734375,10.620235443115234,,,BLE
7a:2c:47:3b:15:4e,,Uncategorized;10,2026-09-26 07:26:32,,7936,-99,26.188420557122644,91.70177297364332,-16.115325927734375,10.620235443115234,,,BLE
1f:2c:ba:e2:94:0e,,Uncategorized;10,2026-09-26 07:26:32,,7936,-101,26.188420557122644,91.70177297364332,-16.115325927734375,10.620235443115234,,,BLE
44:79:9d:06:d7:81,,Uncategorized;10,2026-09-26 07:26:33,,7936,-96,26.188420084890208,91.70177224315955,-16.420654296875,10.394526481628418,,,BLE
73:ab:c4:23:59:9b,,Uncategorized;10,2026-09-26 07:26:33,,7936,-99,26.188420084890208,91.70177224315955,-16.420654296875,10.394526481628418,,,BLE
49:0e:b6:b3:0c:27,,Uncategorized;10,2026-09-26 07:26:33,,7936,-97,26.188420084890208,91.70177224315955,-16.420654296875,10.394526481628418,,,BLE
62:67:c5:c3:2d:1c,,Uncategorized;10,2026-09-26 07:26:33,,7936,-94,26.188420084890208,91.70177224315955,-16.420654296875,10.394526481628418,,,BLE
eb:d3:3c:c1:2e:5e,XTEND,Uncategorized;10,2026-09-26 07:26:33,,7936,-61,26.188420084890208,91.70177224315955,-16.420654296875,10.394526481628418,,,BLE
0b:2e:6b:c1:69:ae,,Misc,2026-09-26 07:26:34,,,-85,26.188419706435216,91.70177156460109,-17.903106689453125,9.717157363891602,,6,BLE
28:52:e0:55:a6:a2,,Misc,2026-09-26 07:26:34,,,-103,26.188419706435216,91.70177156460109,-17.903106689453125,9.717157363891602,,,BLE
76:44:b3:c3:10:8f,,Misc,2026-09-26 07:26:34,,,-105,26.188419706435216,91.70177156460109,-17.903106689453125,9.717157363891602,,76,BLE
98:47:44:a4:1c:25,realme Buds T310,Uncategorized,2026-09-26 07:26:34,,7936,-46,26.188419706435216,91.70177156460109,-17.903106689453125,9.717157363891602,,41992,BLE
49:0e:b6:b3:0c:27,,Uncategorized;10,2026-09-26 07:26:34,,7936,-99,26.188419706435216,91.70177156460109,-17.903106689453125,9.717157363891602,,76,BLE
5c:61:98:42:43:e1,realme Buds Air7,Uncategorized,2026-09-26 07:26:34,,7936,-103,26.188419706435216,91.70177156460109,-17.903106689453125,9.717157363891602,,,BLE
36:46:85:2c:46:3d,,Misc,2026-09-26 07:26:34,,,-99,26.188419706435216,91.70177156460109,-17.903106689453125,9.717157363891602,,6,BLE
1c:74:b0:1b:68:75,,Misc,2026-09-26 07:26:34,,,-89,26.188419706435216,91.70177156460109,-17.903106689453125,9.717157363891602,,6,BLE
3f:42:b3:94:36:f4,,Misc,2026-09-26 07:26:34,,,-102,26.188419706435216,91.70177156460109,-17.903106689453125,9.717157363891602,,6,BLE
65:73:f2:67:9f:0b,Zenith Pro_BLE,Uncategorized,2026-09-26 07:26:34,,7936,-101,26.188419706435216,91.70177156460109,-17.903106689453125,9.717157363891602,,,BLE
73:ab:c4:23:59:9b,,Uncategorized;10,2026-09-26 07:26:34,,7936,-99,26.188419706435216,91.70177156460109,-17.903106689453125,9.717157363891602,,76,BLE
5a:29:a9:17:86:6e,,Misc,2026-09-26 07:26:34,,7936,-104,26.188419706435216,91.70177156460109,-17.903106689453125,9.717157363891602,,76,BLE
4e:0c:0c:37:86:7b,OnePlus Nord Buds 3r,Uncategorized,2026-09-26 07:26:34,,7936,-97,26.188419706435216,91.70177156460109,-17.903106689453125,9.717157363891602,,,BLE
62:67:c5:c3:2d:1c,,Uncategorized;10,2026-09-26 07:26:34,,7936,-101,26.188419706435216,91.70177156460109,-17.903106689453125,9.717157363891602,,76,BLE
fc:83:d2:02:77:81,,Misc,2026-09-26 07:26:34,,,-92,26.188419706435216,91.70177156460109,-17.903106689453125,9.717157363891602,,76,BLE
7c:2e:75:77:7c:74,,Uncategorized;10,2026-09-26 07:26:34,,7936,-104,26.188419706435216,91.70177156460109,-17.903106689453125,9.717157363891602,,,BLE
71:0a:94:a4:f7:72,,Uncategorized;10,2026-09-26 07:26:35,,7936,-105,26.188419356931263,91.70177085576825,-18.75274658203125,8.613516807556152,,,BLE
56:90:7f:6c:0b:74,,Uncategorized;10,2026-09-26 07:26:36,,7936,-105,26.188419201426463,91.70177029410989,-18.542205810546875,8.870892524719238,,,BLE
64:e0:a5:5e:14:27,,Uncategorized;10,2026-09-26 07:26:36,,7936,-99,26.188419201426463,91.70177029410989,-18.542205810546875,8.870892524719238,,,BLE
22:a1:d1:71:14:47,,Uncategorized;10,2026-09-26 07:26:36,,7936,-91,26.188419201426463,91.70177029410989,-18.542205810546875,8.870892524719238,,,BLE
405855_5_367894,Assam,LTE;405855,2026-09-26 07:26:37,38750,38750,-95,26.188419083854612,91.70176973941594,-19.73291015625,8.77704906463623,,,LTE
4f:bd:ae:27:33:8e,,Uncategorized;10,2026-09-26 07:26:37,,7936,-101,26.188419083854612,91.70176973941594,-19.73291015625,8.77704906463623,,,BLE
4c:9e:af:15:00:f6,,Uncategorized;10,2026-09-26 07:26:38,,7936,-104,26.188419081462662,91.70176925615695,-21.293243408203125,8.423406600952148,,,BLE
62:39:a0:ca:15:f2,,Uncategorized;10,2026-09-26 07:26:38,,7936,-96,26.188419081462662,91.70176925615695,-21.293243408203125,8.423406600952148,,,BLE
7c:2e:75:77:7c:74,,Uncategorized;10,2026-09-26 07:26:39,,7936,-97,26.18841906550547,91.70176880206544,-21.9058837890625,7.9791975021362305,,76,BLE
56:90:7f:6c:0b:74,,Uncategorized;10,2026-09-26 07:26:39,,7936,-105,26.18841906550547,91.70176880206544,-21.9058837890625,7.9791975021362305,,76,BLE
49:0e:b6:b3:0c:27,,Uncategorized;10,2026-09-26 07:26:39,,7936,-92,26.18841906550547,91.70176880206544,-21.9058837890625,7.9791975021362305,,76,BLE
e6:28:d6:34:64:91,,Misc,2026-09-26 07:26:39,,,-94,26.18841906550547,91.70176880206544,-21.9058837890625,7.9791975021362305,,76,BLE
62:39:a0:ca:15:f2,,Uncategorized;10,2026-09-26 07:26:39,,7936,-97,26.18841906550547,91.70176880206544,-21.9058837890625,7.9791975021362305,,76,BLE
4f:bd:ae:27:33:8e,,Uncategorized;10,2026-09-26 07:26:39,,7936,-101,26.18841906550547,91.70176880206544,-21.9058837890625,7.9791975021362305,,76,BLE
c0:ea:75:2d:86:29,,Misc,2026-09-26 07:26:39,,,-95,26.18841906550547,91.70176880206544,-21.9058837890625,7.9791975021362305,,76,BLE
71:0a:94:a4:f7:72,,Uncategorized;10,2026-09-26 07:26:39,,7936,-105,26.18841906550547,91.70176880206544,-21.9058837890625,7.9791975021362305,,76,BLE
74:4b:18:cd:ee:73,,Misc,2026-09-26 07:26:39,,7936,-104,26.18841906550547,91.70176880206544,-21.9058837890625,7.9791975021362305,,76,BLE
4c:9e:af:15:00:f6,,Uncategorized;10,2026-09-26 07:26:39,,7936,-104,26.18841906550547,91.70176880206544,-21.9058837890625,7.9791975021362305,,76,BLE
64:e0:a5:5e:14:27,,Uncategorized;10,2026-09-26 07:26:39,,7936,-96,26.18841906550547,91.70176880206544,-21.9058837890625,7.9791975021362305,,76,BLE
4c:d1:de:15:76:fc,,Misc,2026-09-26 07:26:39,,7936,-94,26.18841906550547,91.70176880206544,-21.9058837890625,7.9791975021362305,,76,BLE
6b:f1:4f:02:18:85,WF-C510-GFP,Misc,2026-09-26 07:26:39,,7936,-104,26.18841906550547,91.70176880206544,-21.9058837890625,7.9791975021362305,,,BLE
5b:86:84:d6:70:06,,Misc,2026-09-26 07:26:39,,7936,-99,26.18841906550547,91.70176880206544,-21.9058837890625,7.9791975021362305,,76,BLE
65:e4:de:8b:3e:55,realme Buds T310-GFP,Uncategorized,2026-09-26 07:26:39,,7936,-48,26.18841906550547,91.70176880206544,-21.9058837890625,7.9791975021362305,,,BLE
c5:12:bf:c7:8c:7d,,Misc,2026-09-26 07:26:39,,,-102,26.18841906550547,91.70176880206544,-21.9058837890625,7.9791975021362305,,76,BLE
f6:6e:35:ed:f0:a0,,Misc,2026-09-26 07:26:39,,,-96,26.18841906550547,91.70176880206544,-21.9058837890625,7.9791975021362305,,76,BLE
70:c7:87:27:46:94,,Uncategorized;10,2026-09-26 07:26:39,,7936,-97,26.18841906550547,91.70176880206544,-21.9058837890625,7.9791975021362305,,,BLE
405751_53815_205093376,Assam,LTE;405751,2026-09-26 07:26:40,1351,1351,-78,26.188418904439683,91.70176833780062,-21.53729248046875,7.941232681274414,,,LTE
4e:56:ff:b3:b1:73,,Uncategorized;10,2026-09-26 07:26:40,,7936,-95,26.188418904439683,91.70176833780062,-21.53729248046875,7.941232681274414,,,BLE
5c:82:34:fb:f4:f9,,Uncategorized;10,2026-09-26 07:26:41,,7936,-100,26.18840847429595,91.7017401113173,-13.591827392578125,7.381225109100342,,,BLE
5c:cd:35:17:d5:9e,,Misc,2026-09-26 07:26:44,,7936,-107,26.18836704714459,91.70164602834025,-5.0555419921875,6.036680698394775,,76,BLE
62:67:c5:c3:2d:1c,,Uncategorized;10,2026-09-26 07:26:44,,7936,-94,26.18836704714459,91.70164602834025,-5.0555419921875,6.036680698394775,,76,BLE
70:c7:87:27:46:94,,Uncategorized;10,2026-09-26 07:26:44,,7936,-98,26.18836704714459,91.70164602834025,-5.0555419921875,6.036680698394775,,76,BLE
c1:53:c3:29:d4:43,,Misc,2026-09-26 07:26:44,,,-102,26.18836704714459,91.70164602834025,-5.0555419921875,6.036680698394775,,76,BLE
4c:9e:af:15:00:f6,,Uncategorized;10,2026-09-26 07:26:44,,7936,-98,26.18836704714459,91.70164602834025,-5.0555419921875,6.036680698394775,,76,BLE
4e:56:ff:b3:b1:73,,Uncategorized;10,2026-09-26 07:26:44,,7936,-95,26.18836704714459,91.70164602834025,-5.0555419921875,6.036680698394775,,76,BLE
f2:09:fc:7d:64:d1,,Misc,2026-09-26 07:26:44,,,-103,26.18836704714459,91.70164602834025,-5.0555419921875,6.036680698394775,,76,BLE
d1:e1:92:0e:f8:76,,Misc,2026-09-26 07:26:44,,,-107,26.18836704714459,91.70164602834025,-5.0555419921875,6.036680698394775,,76,BLE
44:79:9d:06:d7:81,,Uncategorized;10,2026-09-26 07:26:44,,7936,-68,26.18836704714459,91.70164602834025,-5.0555419921875,6.036680698394775,,,BLE
7c:2e:75:77:7c:74,,Uncategorized;10,2026-09-26 07:26:44,,7936,-92,26.18836704714459,91.70164602834025,-5.0555419921875,6.036680698394775,,76,BLE
e6:a6:38:fa:48:f9,,Misc,2026-09-26 07:26:44,,,-103,26.18836704714459,91.70164602834025,-5.0555419921875,6.036680698394775,,76,BLE
5c:82:34:fb:f4:f9,,Uncategorized;10,2026-09-26 07:26:44,,7936,-99,26.18836704714459,91.70164602834025,-5.0555419921875,6.036680698394775,,76,BLE
75:10:4c:b3:93:09,,Misc,2026-09-26 07:26:44,,,-89,26.18836704714459,91.70164602834025,-5.0555419921875,6.036680698394775,,,BLE
7a:17:49:be:54:97,,Misc,2026-09-26 07:26:44,,,-99,26.18836704714459,91.70164602834025,-5.0555419921875,6.036680698394775,,76,BLE
42:01:d1:c7:4d:52,GFPS_Finder,Misc,2026-09-26 07:26:44,,7936,-103,26.18836704714459,91.70164602834025,-5.0555419921875,6.036680698394775,,,BLE
4c:88:01:a9:53:22,Smartwatch SK,Misc,2026-09-26 07:26:44,,7936,-104,26.18836704714459,91.70164602834025,-5.0555419921875,6.036680698394775,,,BLE
e3:5c:2c:b3:a4:0d,,Misc,2026-09-26 07:26:44,,,-107,26.18836704714459,91.70164602834025,-5.0555419921875,6.036680698394775,,76,BLE
4c:32:ac:2f:7b:fe,,Misc,2026-09-26 07:26:44,,,-97,26.18836704714459,91.70164602834025,-5.0555419921875,6.036680698394775,,,BLE
46:4e:9e:63:d9:31,,Misc,2026-09-26 07:26:44,,,-101,26.18836704714459,91.70164602834025,-5.0555419921875,6.036680698394775,,76,BLE
56:90:7f:6c:0b:74,,Uncategorized;10,2026-09-26 07:26:44,,7936,-100,26.18836704714459,91.70164602834025,-5.0555419921875,6.036680698394775,,76,BLE
df:5a:fb:2f:65:b7,,Misc,2026-09-26 07:26:44,,,-98,26.18836704714459,91.70164602834025,-5.0555419921875,6.036680698394775,,76,BLE
43:12:80:cb:0a:62,,Misc,2026-09-26 07:26:44,,,-103,26.18836704714459,91.70164602834025,-5.0555419921875,6.036680698394775,,76,BLE
5a:29:a9:17:86:6e,,Misc,2026-09-26 07:26:44,,7936,-99,26.18836704714459,91.70164602834025,-5.0555419921875,6.036680698394775,,76,BLE
70:03:9c:52:99:6d,,Misc,2026-09-26 07:26:44,,,-103,26.18836704714459,91.70164602834025,-5.0555419921875,6.036680698394775,,,BLE
73:ab:c4:23:59:9b,,Uncategorized;10,2026-09-26 07:26:46,,7936,-90,26.188317485594613,91.70157822717042,-1.445037841796875,5.031261920928955,,76,BLE
c6:07:1d:66:bf:89,IITG_CONNECT,[WPA2-EAP/SHA1+FT/EAP-CCMP][RSN-EAP/SHA1+FT/EAP-CCMP][ESS],2026-09-26 07:26:46,48,5240,-74,26.188317485594613,91.70157822717042,-1.445037841796875,5.031261920928955,,,WIFI
d8:47:32:d5:70:9c,ACTFIBERNET,[WPA2-PSK-CCMP][RSN-PSK-CCMP][ESS],2026-09-26 07:26:46,11,2462,-83,26.188317485594613,91.70157822717042,-1.445037841796875,5.031261920928955,,,WIFI
c6:07:1d:66:bf:88,IITG_CONNECT,[WPA2-EAP/SHA1+FT/EAP-CCMP][RSN-EAP/SHA1+FT/EAP-CCMP][ESS],2026-09-26 07:26:46,6,2437,-71,26.188317485594613,91.70157822717042,-1.445037841796875,5.031261920928955,,,WIFI
1c:3b:f3:0e:df:dc,Bongothon Champs,[WPA2-PSK-CCMP][RSN-PSK-CCMP][ESS][WPS],2026-09-26 07:26:46,2,2417,-71,26.188317485594613,91.70157822717042,-1.445037841796875,5.031261920928955,,,WIFI
e4:c3:2a:d8:e5:b1,TP-Link_E5B2_5G,[WPA2-PSK-CCMP][RSN-PSK-CCMP][ESS][WPS],2026-09-26 07:26:46,149,5745,-82,26.188317485594613,91.70157822717042,-1.445037841796875,5.031261920928955,,,WIFI
c6:07:1d:66:c5:96,IITG_CONNECT,[WPA2-EAP/SHA1+FT/EAP-CCMP][RSN-EAP/SHA1+FT/EAP-CCMP][ESS],2026-09-26 07:26:46,1,2412,-49,26.188317485594613,91.70157822717042,-1.445037841796875,5.031261920928955,,,WIFI
10:27:f5:e2:d7:9a,Thronefell,[WPA2-PSK-CCMP][RSN-PSK-CCMP][ESS][WPS],2026-09-26 07:26:46,153,5765,-81,26.188317485594613,91.70157822717042,-1.445037841796875,5.031261920928955,,,WIFI
62:a4:b7:f2:49:b0,FREE_WIFI,[WPA2-PSK-CCMP][RSN-PSK+SAE-CCMP][ESS][MFPC],2026-09-26 07:26:46,10,2457,-85,26.188317485594613,91.70157822717042,-1.445037841796875,5.031261920928955,,,WIFI
24:2f:d0:c2:04:c2,Adolf Gandhi,[WPA2-PSK-TKIP+CCMP][RSN-PSK-TKIP+CCMP][ESS][WPS],2026-09-26 07:26:46,10,2457,-87,26.188317485594613,91.70157822717042,-1.445037841796875,5.031261920928955,,,WIFI
34:60:f9:51:ec:40,TP-Link_EC40,[WPA2-PSK-CCMP][RSN-PSK-CCMP][ESS][WPS],2026-09-26 07:26:46,3,2422,-88,26.188317485594613,91.70157822717042,-1.445037841796875,5.031261920928955,,,WIFI
c6:07:1d:66:c5:97,IITG_CONNECT,[WPA2-EAP/SHA1+FT/EAP-CCMP][RSN-EAP/SHA1+FT/EAP-CCMP][ESS],2026-09-26 07:26:46,48,5240,-47,26.188317485594613,91.70157822717042,-1.445037841796875,5.031261920928955,,,WIFI
10:27:f5:e2:d7:9b,Thronefell,[WPA2-PSK-CCMP][RSN-PSK-CCMP][ESS][WPS],2026-09-26 07:26:46,3,2422,-63,26.188317485594613,91.70157822717042,-1.445037841796875,5.031261920928955,,,WIFI
28:ee:52:fd:bd:14,TP-Link_BD14,[WPA2-PSK-CCMP][RSN-PSK-CCMP][ESS][WPS],2026-09-26 07:26:46,10,2457,-77,26.188317485594613,91.70157822717042,-1.445037841796875,5.031261920928955,,,WIFI
54:af:97:56:b4:42,TP-Link_B442,[WPA2-PSK-CCMP][RSN-PSK-CCMP][ESS][WPS],2026-09-26 07:26:46,3,2422,-79,26.188317485594613,91.70157822717042,-1.445037841796875,5.031261920928955,,,WIFI
24:2f:d0:c1:65:d6,TP-Link_65D60,[WPA2-PSK-TKIP+CCMP][RSN-PSK-TKIP+CCMP][ESS][WPS],2026-09-26 07:26:46,3,2422,-71,26.188317485594613,91.70157822717042,-1.445037841796875,5.031261920928955,,,WIFI
3c:6a:d2:4f:1a:3e,TP-Link_1A3E,[WPA2-PSK-CCMP][RSN-PSK-CCMP][ESS][WPS],2026-09-26 07:26:46,4,2427,-87,26.188317485594613,91.70157822717042,-1.445037841796875,5.031261920928955,,,WIFI
68:ff:7b:9f:8e:a6,Mamilla,[WPA2-PSK-CCMP][RSN-PSK-CCMP][ESS][WPS],2026-09-26 07:26:46,3,2422,-78,26.188317485594613,91.70157822717042,-1.445037841796875,5.031261920928955,,,WIFI
e4:c3:2a:d8:e5:b2,Hamaaree Wifi chahiye tere kho,[WPA2-PSK-CCMP][RSN-PSK-CCMP][ESS][WPS],2026-09-26 07:26:46,9,2452,-76,26.188317485594613,91.70157822717042,-1.445037841796875,5.031261920928955,,,WIFI
58:d5:6e:bc:b2:96,dlink-B292,[WPA-PSK-TKIP+CCMP][WPA2-PSK-TKIP+CCMP][RSN-PSK-TKIP+CCMP][ESS][WPS],2026-09-26 07:26:46,6,2437,-78,26.188317485594613,91.70157822717042,-1.445037841796875,5.031261920928955,,,WIFI
58:d5:6e:bc:b2:94,dlink-B292-5GHz,[WPA-PSK-TKIP+CCMP][WPA2-PSK-TKIP+CCMP][RSN-PSK-TKIP+CCMP][ESS][WPS],2026-09-26 07:26:46,153,5765,-82,26.188317485594613,91.70157822717042,-1.445037841796875,5.031261920928955,,,WIFI
1c:3b:f3:f2:a7:bb,ChinnuRand,[WPA2-PSK-CCMP][RSN-PSK-CCMP][ESS][WPS],2026-09-26 07:26:46,10,2457,-72,26.188317485594613,91.70157822717042,-1.445037841796875,5.031261920928955,,,WIFI
12:27:f5:e2:d7:9b,,[WPA2-PSK-CCMP][RSN-PSK-CCMP][ESS],2026-09-26 07:26:46,3,2422,-63,26.188317485594613,91.70157822717042,-1.445037841796875,5.031261920928955,,,WIFI
1e:b7:eb:83:98:88,OnePlus Nord 3 5G 7078,[WPA2-PSK-CCMP][RSN-PSK+SAE-CCMP][ESS],2026-09-26 07:26:46,11,2462,-81,26.188317485594613,91.70157822717042,-1.445037841796875,5.031261920928955,,,WIFI
71:0a:94:a4:f7:72,,Uncategorized;10,2026-09-26 07:26:47,,7936,-99,26.188305732038593,91.70155722206688,-0.71527099609375,4.654130458831787,,76,BLE
5c:cd:35:17:d5:9e,,Misc,2026-09-26 07:26:48,,7936,-97,26.188302303388532,91.7015515661239,-0.66619873046875,4.711692810058594,,76,BLE
02:fb:d7:58:4d:ae,,Misc,2026-09-26 07:26:49,,,-105,26.18830036093963,91.70155079310567,-2.329315185546875,4.804173469543457,,,BLE
43:12:80:cb:0a:62,,Misc,2026-09-26 07:26:49,,,-96,26.18830036093963,91.70155079310567,-2.329315185546875,4.804173469543457,,76,BLE
31:b7:89:1a:07:4e,,Misc,2026-09-26 07:26:49,,7936,-104,26.18830036093963,91.70155079310567,-2.329315185546875,4.804173469543457,,,BLE
62:39:a0:ca:15:f2,,Uncategorized;10,2026-09-26 07:26:49,,7936,-92,26.18830036093963,91.70155079310567,-2.329315185546875,4.804173469543457,,76,BLE
40:1a:a2:e3:9e:35,,Uncategorized;10,2026-09-26 07:26:50,,7936,-103,26.18829750023153,91.70154921430535,-1.77423095703125,4.708518028259277,,,BLE
5b:86:84:d6:70:06,,Misc,2026-09-26 07:26:52,,7936,-83,26.188290701135422,91.70155027206789,-3.377410888671875,4.505340576171875,,76,BLE
22:a1:d1:71:14:47,,Uncategorized;10,2026-09-26 07:26:52,,7936,-83,26.188290701135422,91.70155027206789,-3.377410888671875,4.505340576171875,,,BLE
4c:d1:de:15:76:fc,,Misc,2026-09-26 07:26:53,,7936,-82,26.188287625329252,91.70155047986628,-2.86529541015625,4.31845760345459,,76,BLE
44:79:9d:06:d7:81,,Uncategorized;10,2026-09-26 07:26:54,,7936,-57,26.18828701100389,91.70155045599189,-4.20745849609375,4.4552154541015625,,,BLE
cc:e6:8c:82:38:a2,,Misc,2026-09-26 07:26:54,,,-105,26.18828701100389,91.70155045599189,-4.20745849609375,4.4552154541015625,,76,BLE
23:07:17:00:a0:6c,WAVECALL2_A06C,Misc,2026-09-26 07:26:54,,,-100,26.18828701100389,91.70155045599189,-4.20745849609375,4.4552154541015625,,,BLE
6b:f1:4f:02:18:85,WF-C510-GFP,Misc,2026-09-26 07:26:54,,7936,-96,26.18828701100389,91.70155045599189,-4.20745849609375,4.4552154541015625,,,BLE
6e:8b:5e:32:1c:cf,Boult Watch SJ,Misc,2026-09-26 07:26:54,,,-105,26.18828701100389,91.70155045599189,-4.20745849609375,4.4552154541015625,,,BLE
c2:07:1d:66:c2:60,IITG_CONNECT,[WPA2-EAP/SHA1+FT/EAP-CCMP][RSN-EAP/SHA1+FT/EAP-CCMP][ESS],2026-09-26 07:26:57,11,2462,-87,26.188284220501956,91.70154292660197,-2.82421875,4.379365921020508,,,WIFI
c2:07:1d:66:bf:89,,[ESS],2026-09-26 07:26:57,48,5240,-72,26.188284220501956,91.70154292660197,-2.82421875,4.379365921020508,,,WIFI
1c:3b:f3:f2:a7:ba,Cant_Connect,[WPA2-PSK-CCMP][RSN-PSK-CCMP][ESS][WPS],2026-09-26 07:26:57,161,5805,-85,26.188284220501956,91.70154292660197,-2.82421875,4.379365921020508,,,WIFI
60:a4:b7:f2:49:b0,,[WPA2-PSK-CCMP][RSN-PSK+SAE-CCMP][ESS][MFPC],2026-09-26 07:26:57,10,2457,-76,26.188284220501956,91.70154292660197,-2.82421875,4.379365921020508,,,WIFI
90:9a:4a:78:13:22,Polar Tang,[WPA2-PSK-CCMP][RSN-PSK-CCMP][ESS][WPS],2026-09-26 07:26:57,9,2452,-76,26.188284220501956,91.70154292660197,-2.82421875,4.379365921020508,,,WIFI
c2:07:1d:66:bf:88,,[ESS],2026-09-26 07:26:57,6,2437,-70,26.188284220501956,91.70154292660197,-2.82421875,4.379365921020508,,,WIFI
5c:02:14:c6:fb:fb,Satheesh_Anna,[WPA-PSK-TKIP+CCMP][WPA2-PSK-TKIP+CCMP][RSN-PSK-TKIP+CCMP][ESS][WPS],2026-09-26 07:26:57,10,2457,-86,26.188284220501956,91.70154292660197,-2.82421875,4.379365921020508,,,WIFI
c6:07:1d:66:c5:96,IITG_CONNECT,[WPA2-EAP/SHA1+FT/EAP-CCMP][RSN-EAP/SHA1+FT/EAP-CCMP][ESS],2026-09-26 07:26:57,1,2412,-38,26.188284220501956,91.70154292660197,-2.82421875,4.379365921020508,,,WIFI
e4:fa:c4:0c:c6:98,TellMyWiFiLoveHer,[WPA2-PSK-CCMP][RSN-PSK-CCMP][ESS][WPS],2026-09-26 07:26:57,4,2427,-86,26.188284220501956,91.70154292660197,-2.82421875,4.379365921020508,,,WIFI
d4:35:38:2c:dd:2f,$i₹E_5G,[WPA-PSK-TKIP+CCMP][WPA2-PSK-TKIP+CCMP][RSN-PSK-TKIP+CCMP][ESS][WPS],2026-09-26 07:26:57,36,5180,-82,26.188284220501956,91.70154292660197,-2.82421875,4.379365921020508,,,WIFI
9a:b9:b9:d4:5a:55,Aditya,[WPA2-PSK-CCMP][RSN-PSK-CCMP][ESS],2026-09-26 07:26:57,10,2457,-86,26.188284220501956,91.70154292660197,-2.82421875,4.379365921020508,,,WIFI
c6:07:1d:66:c2:6d,IITG_CONNECT,[WPA2-EAP/SHA1+FT/EAP-CCMP][RSN-EAP/SHA1+FT/EAP-CCMP][ESS],2026-09-26 07:26:57,44,5220,-62,26.188284220501956,91.70154292660197,-2.82421875,4.379365921020508,,,WIFI
fe:3a:57:29:de:a9,POCO X8 Pro,[WPA2-PSK-CCMP][RSN-PSK-CCMP][ESS],2026-09-26 07:26:57,12,2467,-82,26.188284220501956,91.70154292660197,-2.82421875,4.379365921020508,,,WIFI
12:27:f5:e2:d7:9a,,[WPA2-PSK-CCMP][RSN-PSK-CCMP][ESS],2026-09-26 07:26:57,153,5765,-85,26.188284220501956,91.70154292660197,-2.82421875,4.379365921020508,,,WIFI
c2:07:1d:66:c2:6d,,[ESS],2026-09-26 07:26:57,44,5220,-63,26.188284220501956,91.70154292660197,-2.82421875,4.379365921020508,,,WIFI
70:c7:87:27:46:94,,Uncategorized;10,2026-09-26 07:26:59,,7936,-93,26.188287236230547,91.70153538829375,-2.638946533203125,4.437288284301758,,76,BLE
f7:20:60:4f:da:4e,,Misc,2026-09-26 07:26:59,,,-101,26.188287236230547,91.70153538829375,-2.638946533203125,4.437288284301758,,76,BLE
b1:31:64:c3:9e:1a,,Misc,2026-09-26 07:26:59,,,-86,26.188287236230547,91.70153538829375,-2.638946533203125,4.437288284301758,,16972,BLE
d1:e1:92:0e:f8:76,,Misc,2026-09-26 07:26:59,,,-91,26.188287236230547,91.70153538829375,-2.638946533203125,4.437288284301758,,76,BLE
63:a0:43:3b:3e:94,JBL Tune 520BT-LE,Uncategorized,2026-09-26 07:26:59,,7936,-102,26.188287236230547,91.70153538829375,-2.638946533203125,4.437288284301758,,,BLE
f7:74:a4:3f:cc:7e,,Misc,2026-09-26 07:26:59,,,-95,26.188287236230547,91.70153538829375,-2.638946533203125,4.437288284301758,,76,BLE
65:e4:de:8b:3e:55,realme Buds T310-GFP,Uncategorized,2026-09-26 07:26:59,,7936,-43,26.188287236230547,91.70153538829375,-2.638946533203125,4.437288284301758,,,BLE
41:a6:9f:b0:cc:f7,,Uncategorized;10,2026-09-26 07:27:01,,7936,-99,26.188289167405298,91.70153774796543,-2.890594482421875,4.656380653381348,,,BLE
5a:6d:72:b8:df:95,,Uncategorized;10,2026-09-26 07:27:02,,7936,-105,26.188288298657362,91.7015371231214,-2.497283935546875,4.351999759674072,,,BLE
5c:6e:54:77:63:49,,Uncategorized;10,2026-09-26 07:27:02,,7936,-103,26.188288298657362,91.7015371231214,-2.497283935546875,4.351999759674072,,,BLE
40:1a:a2:e3:9e:35,,Uncategorized;10,2026-09-26 07:27:03,,7936,-91,26.18828530098743,91.7015363235412,-2.646270751953125,4.337573528289795,,,BLE
40:1f:e4:0c:91:db,,Uncategorized;10,2026-09-26 07:27:03,,7936,-91,26.18828530098743,91.7015363235412,-2.646270751953125,4.337573528289795,,,BLE
41:a6:9f:b0:cc:f7,,Uncategorized;10,2026-09-26 07:27:03,,7936,-91,26.18828530098743,91.7015363235412,-2.646270751953125,4.337573528289795,,,BLE
a4:2a:95:db:4c:da,R04-4CDA,[WPA2-PSK-CCMP][RSN-PSK-CCMP][ESS],2026-09-26 07:27:04,8,2447,-82,26.188287641940196,91.70153306847622,-2.63299560546875,4.447181701660156,,,WIFI
c6:07:1d:66:bf:89,IITG_CONNECT,[WPA2-EAP/SHA1+FT/EAP-CCMP][RSN-EAP/SHA1+FT/EAP-CCMP][ESS],2026-09-26 07:27:04,48,5240,-66,26.188287641940196,91.70153306847622,-2.63299560546875,4.447181701660156,,,WIFI
c6:07:1d:66:bf:88,IITG_CONNECT,[WPA2-EAP/SHA1+FT/EAP-CCMP][RSN-EAP/SHA1+FT/EAP-CCMP][ESS],2026-09-26 07:27:04,6,2437,-66,26.188287641940196,91.70153306847622,-2.63299560546875,4.447181701660156,,,WIFI
dc:ea:e7:7a:f4:fa,SAARANG,[WPA2-PSK-CCMP][RSN-PSK-CCMP][ESS],2026-09-26 07:27:04,13,2472,-71,26.188287641940196,91.70153306847622,-2.63299560546875,4.447181701660156,,,WIFI
c6:07:1d:66:c5:97,IITG_CONNECT,[WPA2-EAP/SHA1+FT/EAP-CCMP][RSN-EAP/SHA1+FT/EAP-CCMP][ESS],2026-09-26 07:27:04,48,5240,-36,26.188287641940196,91.70153306847622,-2.63299560546875,4.447181701660156,,,WIFI
54:af:97:56:b4:42,TP-Link_B442,[WPA2-PSK-CCMP][RSN-PSK-CCMP][ESS][WPS],2026-09-26 07:27:04,3,2422,-68,26.188287641940196,91.70153306847622,-2.63299560546875,4.447181701660156,,,WIFI
24:2f:d0:c1:65:d6,TP-Link_65D60,[WPA2-PSK-TKIP+CCMP][RSN-PSK-TKIP+CCMP][ESS][WPS],2026-09-26 07:27:04,3,2422,-63,26.188287641940196,91.70153306847622,-2.63299560546875,4.447181701660156,,,WIFI
5a:e9:82:45:ca:11,,[WPA2-PSK-CCMP][RSN-PSK+SAE-CCMP][ESS],2026-09-26 07:27:04,149,5745,-86,26.188287641940196,91.70153306847622,-2.63299560546875,4.447181701660156,,,WIFI
36:7d:a1:8e:f2:69,vivo T4x 5G,[WPA2-PSK-CCMP][RSN-PSK+SAE-CCMP][ESS],2026-09-26 07:27:04,13,2472,-87,26.188287641940196,91.70153306847622,-2.63299560546875,4.447181701660156,,,WIFI
1a:93:41:b6:99:46,DESKTOP-0VSMCJA 1554,[WPA2-PSK-CCMP][RSN-PSK-CCMP][ESS][WPS],2026-09-26 07:27:04,40,5200,-86,26.188287641940196,91.70153306847622,-2.63299560546875,4.447181701660156,,,WIFI
fe:3a:57:29:de:a9,POCO X8 Pro,[WPA2-PSK-CCMP][RSN-PSK-CCMP][ESS],2026-09-26 07:27:04,12,2467,-76,26.188287641940196,91.70153306847622,-2.63299560546875,4.447181701660156,,,WIFI
c6:07:1d:66:c2:6c,IITG_CONNECT,[WPA2-EAP/SHA1+FT/EAP-CCMP][RSN-EAP/SHA1+FT/EAP-CCMP][ESS],2026-09-26 07:27:04,1,2412,-58,26.188287641940196,91.70153306847622,-2.63299560546875,4.447181701660156,,,WIFI
24:2f:d0:c1:9a:52,M03,[WPA2-PSK-TKIP+CCMP][RSN-PSK-TKIP+CCMP][ESS][WPS],2026-09-26 07:27:04,10,2457,-86,26.188287641940196,91.70153306847622,-2.63299560546875,4.447181701660156,,,WIFI
4e:0c:0c:37:86:7b,OnePlus Nord Buds 3r,Uncategorized,2026-09-26 07:27:04,,7936,-91,26.188287641940196,91.70153306847622,-2.63299560546875,4.447181701660156,,,BLE
65:73:f2:67:9f:0b,Zenith Pro_BLE,Uncategorized,2026-09-26 07:27:04,,7936,-100,26.188287641940196,91.70153306847622,-2.63299560546875,4.447181701660156,,65208,BLE
5c:6e:54:77:63:49,,Uncategorized;10,2026-09-26 07:27:04,,7936,-103,26.188287641940196,91.70153306847622,-2.63299560546875,4.447181701660156,,76,BLE
df:5a:fb:2f:65:b7,,Misc,2026-09-26 07:27:04,,,-90,26.188287641940196,91.70153306847622,-2.63299560546875,4.447181701660156,,76,BLE
0c:f6:47:56:3c:07,,Misc,2026-09-26 07:27:04,,,-104,26.188287641940196,91.70153306847622,-2.63299560546875,4.447181701660156,,6,BLE
71:50:16:a1:26:5d,,Misc,2026-09-26 07:27:04,,7936,-105,26.188287641940196,91.70153306847622,-2.63299560546875,4.447181701660156,,76,BLE
40:1f:e4:0c:91:db,,Uncategorized;10,2026-09-26 07:27:04,,7936,-91,26.188287641940196,91.70153306847622,-2.63299560546875,4.447181701660156,,76,BLE
f8:ed:f1:b4:99:f1,,Misc,2026-09-26 07:27:04,,,-100,26.188287641940196,91.70153306847622,-2.63299560546875,4.447181701660156,,76,BLE
41:a6:9f:b0:cc:f7,,Uncategorized;10,2026-09-26 07:27:04,,7936,-99,26.188287641940196,91.70153306847622,-2.63299560546875,4.447181701660156,,76,BLE
5a:6d:72:b8:df:95,,Uncategorized;10,2026-09-26 07:27:04,,7936,-104,26.188287641940196,91.70153306847622,-2.63299560546875,4.447181701660156,,76,BLE
7b:2e:de:71:01:da,"realme Buds Air6 Pro ",Misc,2026-09-26 07:27:04,,7936,-104,26.188287641940196,91.70153306847622,-2.63299560546875,4.447181701660156,,,BLE
71:50:16:a1:26:5d,,Misc,2026-09-26 07:27:05,,7936,-94,26.188289331973216,91.70153187580793,-2.78179931640625,4.255928993225098,,76,BLE
49:0e:b6:b3:0c:27,,Uncategorized;10,2026-09-26 07:27:05,,7936,-87,26.188289331973216,91.70153187580793,-2.78179931640625,4.255928993225098,,76,BLE
49:06:c0:80:f1:0c,,Uncategorized;10,2026-09-26 07:27:06,,7936,-102,26.18828761180785,91.70153247820662,-2.740478515625,4.449667453765869,,,BLE
5e:1a:4b:bd:83:47,,Misc,2026-09-26 07:27:09,,,-104,26.18829044218147,91.70153388715572,-2.63629150390625,4.752168655395508,,,BLE
0c:f6:47:56:3c:07,,Misc,2026-09-26 07:27:09,,,-96,26.18829044218147,91.70153388715572,-2.63629150390625,4.752168655395508,,6,BLE
46:0f:26:3c:55:db,,Misc,2026-09-26 07:27:09,,7936,-104,26.18829044218147,91.70153388715572,-2.63629150390625,4.752168655395508,,76,BLE
fa:b4:18:cf:11:dd,,Misc,2026-09-26 07:27:09,,,-98,26.18829044218147,91.70153388715572,-2.63629150390625,4.752168655395508,,76,BLE
3f:42:b3:94:36:f4,,Misc,2026-09-26 07:27:09,,,-97,26.18829044218147,91.70153388715572,-2.63629150390625,4.752168655395508,,6,BLE
76:44:b3:c3:10:8f,,Misc,2026-09-26 07:27:09,,,-100,26.18829044218147,91.70153388715572,-2.63629150390625,4.752168655395508,,76,BLE
41:a6:9f:b0:cc:f7,,Uncategorized;10,2026-09-26 07:27:09,,7936,-94,26.18829044218147,91.70153388715572,-2.63629150390625,4.752168655395508,,76,BLE
49:06:c0:80:f1:0c,,Uncategorized;10,2026-09-26 07:27:09,,7936,-101,26.18829044218147,91.70153388715572,-2.63629150390625,4.752168655395508,,76,BLE
c1:e4:ef:12:a0:c1,JBL Tune 520BT-LE,Misc,2026-09-26 07:27:09,,7936,-104,26.18829044218147,91.70153388715572,-2.63629150390625,4.752168655395508,,,BLE
57:07:12:b7:77:8e,,Uncategorized;10,2026-09-26 07:27:12,,7936,-92,26.18829214503839,91.70153582542444,-2.377166748046875,4.613865375518799,,,BLE
0c:f6:47:56:3c:07,,Misc,2026-09-26 07:27:14,,,-89,26.18829113445592,91.70154059403706,-2.5322265625,4.343296527862549,,6,BLE
23:37:38:34:10:fb,,Misc,2026-09-26 07:27:14,,,-102,26.18829113445592,91.70154059403706,-2.5322265625,4.343296527862549,,6,BLE
c5:12:bf:c7:8c:7d,,Misc,2026-09-26 07:27:14,,,-90,26.18829113445592,91.70154059403706,-2.5322265625,4.343296527862549,,76,BLE
65:73:f2:67:9f:0b,Zenith Pro_BLE,Uncategorized,2026-09-26 07:27:14,,7936,-85,26.18829113445592,91.70154059403706,-2.5322265625,4.343296527862549,,65208,BLE
40:1f:e4:0c:91:db,,Uncategorized;10,2026-09-26 07:27:14,,7936,-85,26.18829113445592,91.70154059403706,-2.5322265625,4.343296527862549,,76,BLE
f8:89:d2:e6:c9:68,LAPTOP-BQHGP07O,Laptop;10,2026-09-26 07:27:15,,268,-92,26.188288744919273,91.70153656307762,-2.573150634765625,4.306654930114746,,,BT
36:e8:a1:fc:5e:01,,Uncategorized;10,2026-09-26 07:27:17,,7936,-99,26.18828804925429,91.70153823001574,-2.58984375,5.215838432312012,,,BLE
26:ca:61:03:f5:d4,,Uncategorized;10,2026-09-26 07:27:18,,7936,-96,26.188289345489725,91.70154022293873,-2.59814453125,5.897553443908691,,,BLE
69:2f:97:c3:4d:da,,Uncategorized;10,2026-09-26 07:27:18,,7936,-88,26.188289345489725,91.70154022293873,-2.59814453125,5.897553443908691,,,BLE
7a:2c:47:3b:15:4e,,Uncategorized;10,2026-09-26 07:27:18,,7936,-85,26.188289345489725,91.70154022293873,-2.59814453125,5.897553443908691,,,BLE
36:e8:a1:fc:5e:01,,Uncategorized;10,2026-09-26 07:27:18,,7936,-92,26.188289345489725,91.70154022293873,-2.59814453125,5.897553443908691,,,BLE
3e:d7:13:64:24:10,,Uncategorized;10,2026-09-26 07:27:18,,7936,-99,26.188289345489725,91.70154022293873,-2.59814453125,5.897553443908691,,,BLE
ce:be:83:9d:69:8a,JBL Tune 770NC-LE,Uncategorized;10,2026-09-26 07:27:19,,7936,-88,26.188289267271216,91.7015394640419,-2.635101318359375,5.848033905029297,,,BLE
09:9b:73:d2:ff:0f,,Misc,2026-09-26 07:27:19,,,-93,26.188289267271216,91.7015394640419,-2.635101318359375,5.848033905029297,,6,BLE
0d:1d:be:d3:45:62,,Misc,2026-09-26 07:27:19,,,-103,26.188289267271216,91.7015394640419,-2.635101318359375,5.848033905029297,,6,BLE
76:6c:bc:9e:c2:f3,Prime80,Uncategorized,2026-09-26 07:27:19,,,-101,26.188289267271216,91.7015394640419,-2.635101318359375,5.848033905029297,,,BLE
37:13:4d:7d:4d:10,,Misc,2026-09-26 07:27:19,,,-103,26.188289267271216,91.7015394640419,-2.635101318359375,5.848033905029297,,6,BLE
40:c1:57:6e:fc:e4,,Misc,2026-09-26 07:27:19,,7936,-101,26.188289267271216,91.7015394640419,-2.635101318359375,5.848033905029297,,76,BLE
59:93:7e:46:fc:15,,Misc,2026-09-26 07:27:19,,7936,-107,26.188289267271216,91.7015394640419,-2.635101318359375,5.848033905029297,,76,BLE
48:db:fd:d1:91:5b,OPPO Enco Buds3 Pro,Uncategorized,2026-09-26 07:27:19,,7936,-102,26.188289267271216,91.7015394640419,-2.635101318359375,5.848033905029297,,,BLE
27:1a:3e:1b:72:ad,,Misc,2026-09-26 07:27:19,,7936,-104,26.188289267271216,91.7015394640419,-2.635101318359375,5.848033905029297,,,BLE
6f:4e:87:2d:4a:7c,,Misc,2026-09-26 07:27:19,,,-103,26.188289267271216,91.7015394640419,-2.635101318359375,5.848033905029297,,117,BLE
f0:c6:60:7f:27:51,,Misc,2026-09-26 07:27:19,,,-93,26.188289267271216,91.7015394640419,-2.635101318359375,5.848033905029297,,76,BLE
25:0b:21:2f:5a:69,,Misc,2026-09-26 07:27:19,,,-96,26.188289267271216,91.7015394640419,-2.635101318359375,5.848033905029297,,6,BLE
11:5d:a6:6a:01:1f,,Misc,2026-09-26 07:27:19,,7936,-106,26.188289267271216,91.7015394640419,-2.635101318359375,5.848033905029297,,,BLE
0f:2a:49:32:63:fa,,Misc,2026-09-26 07:27:19,,,-100,26.188289267271216,91.7015394640419,-2.635101318359375,5.848033905029297,,6,BLE
3e:78:74:ce:e0:f7,,Misc,2026-09-26 07:27:19,,,-99,26.188289267271216,91.7015394640419,-2.635101318359375,5.848033905029297,,6,BLE
32:1c:7d:01:46:3b,,Misc,2026-09-26 07:27:19,,,-103,26.188289267271216,91.7015394640419,-2.635101318359375,5.848033905029297,,,BLE
65:73:f2:67:9f:0b,Zenith Pro_BLE,Uncategorized,2026-09-26 07:27:19,,7936,-78,26.188289267271216,91.7015394640419,-2.635101318359375,5.848033905029297,,65208,BLE
84:d3:52:a5:66:93,JBL Tune 770NC,Uncategorized,2026-09-26 07:27:19,,,-103,26.188289267271216,91.7015394640419,-2.635101318359375,5.848033905029297,,,BLE
1c:74:b0:1b:68:75,,Misc,2026-09-26 07:27:19,,,-70,26.188289267271216,91.7015394640419,-2.635101318359375,5.848033905029297,,6,BLE
63:13:14:42:61:a0,,Misc,2026-09-26 07:27:19,,,-105,26.188289267271216,91.7015394640419,-2.635101318359375,5.848033905029297,,,BLE
20:25:9e:a8:24:4a,,Misc,2026-09-26 07:27:19,,7936,-102,26.188289267271216,91.7015394640419,-2.635101318359375,5.848033905029297,,,BLE
d5:08:b8:28:93:e2,,Misc,2026-09-26 07:27:19,,,-91,26.188289267271216,91.7015394640419,-2.635101318359375,5.848033905029297,,76,BLE
2c:4e:3a:43:5c:5f,,Uncategorized;10,2026-09-26 07:27:20,,7936,-98,26.188288976517967,91.70153830373494,-2.753936767578125,6.5853071212768555,,,BLE
44:74:bb:88:48:ef,,Uncategorized;10,2026-09-26 07:27:20,,7936,-101,26.188288976517967,91.70153830373494,-2.753936767578125,6.5853071212768555,,,BLE
15:f5:3a:74:fc:55,,Uncategorized;10,2026-09-26 07:27:20,,7936,-107,26.188288976517967,91.70153830373494,-2.753936767578125,6.5853071212768555,,,BLE
59:93:7e:46:fc:15,,Misc,2026-09-26 07:27:21,,7936,-84,26.18829010399193,91.70154059169339,-2.75347900390625,7.7061872482299805,,76,BLE
5c:82:34:fb:f4:f9,,Uncategorized;10,2026-09-26 07:27:21,,7936,-94,26.18829010399193,91.70154059169339,-2.75347900390625,7.7061872482299805,,76,BLE
61:7c:19:27:5c:63,,Uncategorized;10,2026-09-26 07:27:21,,7936,-87,26.18829010399193,91.70154059169339,-2.75347900390625,7.7061872482299805,,,BLE
5c:dd:68:d9:4a:20,4,Uncategorized;10,2026-09-26 07:27:21,,7936,-98,26.18829010399193,91.70154059169339,-2.75347900390625,7.7061872482299805,,,BLE
27:e7:5a:1a:ce:4d,,Uncategorized;10,2026-09-26 07:27:21,,7936,-93,26.18829010399193,91.70154059169339,-2.75347900390625,7.7061872482299805,,,BLE
46:0f:26:3c:55:db,,Misc,2026-09-26 07:27:21,,7936,-89,26.18829010399193,91.70154059169339,-2.75347900390625,7.7061872482299805,,76,BLE
3c:a6:f6:10:cd:58,,Uncategorized;10,2026-09-26 07:27:21,,7936,-88,26.18829010399193,91.70154059169339,-2.75347900390625,7.7061872482299805,,,BLE
41:b0:20:56:f7:a4,,Uncategorized;10,2026-09-26 07:27:21,,7936,-86,26.18829010399193,91.70154059169339,-2.75347900390625,7.7061872482299805,,,BLE
69:46:84:c5:f0:b9,,Uncategorized;10,2026-09-26 07:27:22,,7936,-97,26.18829024669515,91.70154112439157,-3.16961669921875,8.390326499938965,,,BLE
77:3a:ed:5a:ad:2d,,Uncategorized;10,2026-09-26 07:27:23,,7936,-103,26.188289551489255,91.70154231150711,-3.789306640625,7.0890679359436035,,,BLE
51:ba:bb:33:34:d2,,Misc,2026-09-26 07:27:24,,,-103,26.188293302149585,91.70156209938676,-4.641937255859375,6.102288722991943,,76,BLE
2a:a7:e8:78:fe:17,,Misc,2026-09-26 07:27:24,,,-103,26.188293302149585,91.70156209938676,-4.641937255859375,6.102288722991943,,6,BLE
32:1c:7d:01:46:3b,,Misc,2026-09-26 07:27:24,,,-96,26.188293302149585,91.70156209938676,-4.641937255859375,6.102288722991943,,,BLE
5d:ee:6f:e3:7c:8a,OnePlus Nord Buds 3 Pro,Misc,2026-09-26 07:27:24,,,-105,26.188293302149585,91.70156209938676,-4.641937255859375,6.102288722991943,,,BLE
0e:31:40:3e:e8:20,,Misc,2026-09-26 07:27:24,,,-105,26.188293302149585,91.70156209938676,-4.641937255859375,6.102288722991943,,,BLE
3c:2d:a3:49:c0:41,,Misc,2026-09-26 07:27:24,,,-97,26.188293302149585,91.70156209938676,-4.641937255859375,6.102288722991943,,6,BLE
61:7c:19:27:5c:63,,Uncategorized;10,2026-09-26 07:27:24,,7936,-87,26.188293302149585,91.70156209938676,-4.641937255859375,6.102288722991943,,76,BLE
41:b0:20:56:f7:a4,,Uncategorized;10,2026-09-26 07:27:24,,7936,-87,26.188293302149585,91.70156209938676,-4.641937255859375,6.102288722991943,,76,BLE
84:d3:52:a5:66:93,JBL Tune 770NC,Uncategorized,2026-09-26 07:27:24,,,-90,26.188293302149585,91.70156209938676,-4.641937255859375,6.102288722991943,,,BLE
72:07:2c:25:04:54,"Noise Airwave Max XR ",Misc,2026-09-26 07:27:24,,7936,-103,26.188293302149585,91.70156209938676,-4.641937255859375,6.102288722991943,,1906,BLE
0f:4b:e5:87:3f:fe,,Misc,2026-09-26 07:27:24,,7936,-102,26.188293302149585,91.70156209938676,-4.641937255859375,6.102288722991943,,,BLE
57:a6:0c:da:2a:be,AMROZR,Misc,2026-09-26 07:27:24,,7936,-105,26.188293302149585,91.70156209938676,-4.641937255859375,6.102288722991943,,,BLE
23:37:38:34:10:fb,,Misc,2026-09-26 07:27:24,,,-92,26.188293302149585,91.70156209938676,-4.641937255859375,6.102288722991943,,6,BLE
37:13:4d:7d:4d:10,,Misc,2026-09-26 07:27:24,,,-89,26.188293302149585,91.70156209938676,-4.641937255859375,6.102288722991943,,6,BLE
48:db:fd:d1:91:5b,OPPO Enco Buds3 Pro,Uncategorized,2026-09-26 07:27:24,,7936,-97,26.188293302149585,91.70156209938676,-4.641937255859375,6.102288722991943,,,BLE
51:8b:3d:ba:63:a5,,Misc,2026-09-26 07:27:24,,7936,-106,26.188293302149585,91.70156209938676,-4.641937255859375,6.102288722991943,,76,BLE
26:6b:65:f4:db:5a,,Misc,2026-09-26 07:27:24,,,-106,26.188293302149585,91.70156209938676,-4.641937255859375,6.102288722991943,,,BLE
55:3e:43:a8:d7:23,,Misc,2026-09-26 07:27:24,,,-100,26.188293302149585,91.70156209938676,-4.641937255859375,6.102288722991943,,76,BLE
63:c5:bd:dd:df:47,LAPTOP-KR1EL41L,Misc,2026-09-26 07:27:24,,7936,-103,26.188293302149585,91.70156209938676,-4.641937255859375,6.102288722991943,,,BLE
77:3a:ed:5a:ad:2d,,Uncategorized;10,2026-09-26 07:27:24,,7936,-104,26.188293302149585,91.70156209938676,-4.641937255859375,6.102288722991943,,76,BLE
3e:53:ad:20:39:d4,,Misc,2026-09-26 07:27:24,,,-101,26.188293302149585,91.70156209938676,-4.641937255859375,6.102288722991943,,6,BLE
45:1c:b2:fb:49:5b,,Misc,2026-09-26 07:27:24,,,-104,26.188293302149585,91.70156209938676,-4.641937255859375,6.102288722991943,,,BLE
69:46:84:c5:f0:b9,,Uncategorized;10,2026-09-26 07:27:24,,7936,-97,26.188293302149585,91.70156209938676,-4.641937255859375,6.102288722991943,,76,BLE
7f:a9:23:d0:46:06,,Misc,2026-09-26 07:27:24,,,-100,26.188293302149585,91.70156209938676,-4.641937255859375,6.102288722991943,,,BLE
61:c1:b6:64:77:cd,,Misc,2026-09-26 07:27:24,,,-98,26.188293302149585,91.70156209938676,-4.641937255859375,6.102288722991943,,,BLE
24:aa:b7:02:1d:0e,,Misc,2026-09-26 07:27:24,,7936,-105,26.188293302149585,91.70156209938676,-4.641937255859375,6.102288722991943,,,BLE
75:90:e2:19:21:e1,,Uncategorized;10,2026-09-26 07:27:26,,7936,-101,26.188308654821693,91.70161257751754,-8.516571044921875,5.4753546714782715,,,BLE
0f:4b:e5:87:3f:fe,,Misc,2026-09-26 07:27:28,,7936,-94,26.18831576255737,91.70163539783962,-9.11712646484375,10.755850791931152,,,BLE
2a:a7:e8:78:fe:17,,Misc,2026-09-26 07:27:29,,,-96,26.188321263476745,91.70164891791114,-9.35107421875,10.811026573181152,,6,BLE
75:90:e2:19:21:e1,,Uncategorized;10,2026-09-26 07:27:29,,7936,-101,26.188321263476745,91.70164891791114,-9.35107421875,10.811026573181152,,76,BLE
49:06:c0:80:f1:0c,,Uncategorized;10,2026-09-26 07:27:29,,7936,-96,26.188321263476745,91.70164891791114,-9.35107421875,10.811026573181152,,76,BLE
d5:08:b8:28:93:e2,,Misc,2026-09-26 07:27:29,,,-78,26.188321263476745,91.70164891791114,-9.35107421875,10.811026573181152,,76,BLE
4a:9c:87:b4:bb:0d,,Misc,2026-09-26 07:27:29,,,-101,26.188321263476745,91.70164891791114,-9.35107421875,10.811026573181152,,76,BLE
0e:31:40:3e:e8:20,,Misc,2026-09-26 07:27:29,,,-100,26.188321263476745,91.70164891791114,-9.35107421875,10.811026573181152,,,BLE
23:37:38:34:10:fb,,Misc,2026-09-26 07:27:29,,,-76,26.188321263476745,91.70164891791114,-9.35107421875,10.811026573181152,,6,BLE
52:74:b4:4d:a4:e1,,Misc,2026-09-26 07:27:29,,7936,-102,26.188321263476745,91.70164891791114,-9.35107421875,10.811026573181152,,76,BLE
3e:78:74:ce:e0:f7,,Misc,2026-09-26 07:27:29,,,-92,26.188321263476745,91.70164891791114,-9.35107421875,10.811026573181152,,6,BLE
c1:e4:ef:12:a0:c1,JBL Tune 520BT-LE,Misc,2026-09-26 07:27:34,,7936,-98,26.18836317449172,91.70173228802952,-6.5087890625,10.312370300292969,,,BLE
75:33:d2:66:04:2c,,Misc,2026-09-26 07:27:34,,,-103,26.18836317449172,91.70173228802952,-6.5087890625,10.312370300292969,,,BLE
02:8f:23:77:09:47,,Misc,2026-09-26 07:27:34,,,-103,26.18836317449172,91.70173228802952,-6.5087890625,10.312370300292969,,6,BLE
40:01:00:74:4d:dc,,Misc,2026-09-26 07:27:34,,,-101,26.18836317449172,91.70173228802952,-6.5087890625,10.312370300292969,,,BLE
75:90:e2:19:21:e1,,Uncategorized;10,2026-09-26 07:27:34,,7936,-94,26.18836317449172,91.70173228802952,-6.5087890625,10.312370300292969,,76,BLE
e3:5c:2c:b3:a4:0d,,Misc,2026-09-26 07:27:34,,,-100,26.18836317449172,91.70173228802952,-6.5087890625,10.312370300292969,,76,BLE
76:6c:bc:9e:c2:f3,Prime80,Uncategorized,2026-09-26 07:27:34,,,-95,26.18836317449172,91.70173228802952,-6.5087890625,10.312370300292969,,,BLE
77:3a:ed:5a:ad:2d,,Uncategorized;10,2026-09-26 07:27:34,,7936,-91,26.18836317449172,91.70173228802952,-6.5087890625,10.312370300292969,,76,BLE
58:5e:97:e8:d6:77,,Misc,2026-09-26 07:27:34,,,-87,26.18836317449172,91.70173228802952,-6.5087890625,10.312370300292969,,76,BLE
48:35:df:eb:04:ab,,Uncategorized;10,2026-09-26 07:27:36,,7936,-90,26.188383128427606,91.70176215862843,-5.993927001953125,10.456068992614746,,,BLE
5c:82:34:fb:f4:f9,,Uncategorized;10,2026-09-26 07:27:36,,7936,-88,26.188383128427606,91.70176215862843,-5.993927001953125,10.456068992614746,,76,BLE
7d:7d:b4:4a:50:71,,Uncategorized;10,2026-09-26 07:27:36,,7936,-128,26.188383128427606,91.70176215862843,-5.993927001953125,10.456068992614746,,,BLE
49:89:13:bc:aa:3f,,Uncategorized;10,2026-09-26 07:27:36,,7936,-85,26.188383128427606,91.70176215862843,-5.993927001953125,10.456068992614746,,,BLE
52:74:b4:4d:a4:e1,,Misc,2026-09-26 07:27:36,,7936,-84,26.188383128427606,91.70176215862843,-5.993927001953125,10.456068992614746,,76,BLE
20:e1:5d:3d:ea:aa,Reeeeeeeeeeeeeeeee,[WPA2-PSK-CCMP][RSN-PSK-CCMP][ESS][WPS],2026-09-26 07:27:37,3,2422,-47,26.188390212513983,91.70177216002591,-4.89208984375,10.735608100891113,,,WIFI
20:e1:5d:3d:eb:02,TP-Link_EB02,[WPA2-PSK-CCMP][RSN-PSK-CCMP][ESS][WPS],2026-09-26 07:27:37,10,2457,-63,26.188390212513983,91.70177216002591,-4.89208984375,10.735608100891113,,,WIFI
58:04:4f:f6:7a:a0,Hogwards hall of wifi,[WPA2-PSK-CCMP][RSN-PSK-CCMP][ESS][WPS],2026-09-26 07:27:37,4,2427,-73,26.188390212513983,91.70177216002591,-4.89208984375,10.735608100891113,,,WIFI
c6:07:1d:66:c2:6d,IITG_CONNECT,[WPA2-EAP/SHA1+FT/EAP-CCMP][RSN-EAP/SHA1+FT/EAP-CCMP][ESS],2026-09-26 07:27:37,44,5220,-41,26.188390212513983,91.70177216002591,-4.89208984375,10.735608100891113,,,WIFI
c6:07:1d:66:c2:6c,IITG_CONNECT,[WPA2-EAP/SHA1+FT/EAP-CCMP][RSN-EAP/SHA1+FT/EAP-CCMP][ESS],2026-09-26 07:27:37,1,2412,-27,26.188390212513983,91.70177216002591,-4.89208984375,10.735608100891113,,,WIFI
ca:f1:73:01:17:52,Gulabbo,[WPA2-PSK-CCMP][RSN-PSK-CCMP][ESS],2026-09-26 07:27:37,6,2437,-76,26.188390212513983,91.70177216002591,-4.89208984375,10.735608100891113,,,WIFI
dc:ea:e7:3e:61:a3,A-051,[RSN-SAE-CCMP][ESS],2026-09-26 07:27:37,11,2462,-47,26.188390212513983,91.70177216002591,-4.89208984375,10.735608100891113,,,WIFI
c2:07:1d:66:c2:6c,,[ESS],2026-09-26 07:27:37,1,2412,-27,26.188390212513983,91.70177216002591,-4.89208984375,10.735608100891113,,,WIFI
dc:ea:e7:3e:61:a0,A-051,[RSN-SAE-CCMP][ESS],2026-09-26 07:27:37,161,5805,-45,26.188390212513983,91.70177216002591,-4.89208984375,10.735608100891113,,,WIFI
c6:07:1d:66:c5:25,IITG_CONNECT,[WPA2-EAP/SHA1+FT/EAP-CCMP][RSN-EAP/SHA1+FT/EAP-CCMP][ESS],2026-09-26 07:27:37,157,5785,-77,26.188390212513983,91.70177216002591,-4.89208984375,10.735608100891113,,,WIFI
c2:07:1d:66:c5:25,,[ESS],2026-09-26 07:27:37,157,5785,-77,26.188390212513983,91.70177216002591,-4.89208984375,10.735608100891113,,,WIFI
c6:07:1d:66:c5:24,IITG_CONNECT,[WPA2-EAP/SHA1+FT/EAP-CCMP][RSN-EAP/SHA1+FT/EAP-CCMP][ESS],2026-09-26 07:27:37,11,2462,-65,26.188390212513983,91.70177216002591,-4.89208984375,10.735608100891113,,,WIFI
69:46:84:c5:f0:b9,,Uncategorized;10,2026-09-26 07:27:37,,7936,-83,26.188390212513983,91.70177216002591,-4.89208984375,10.735608100891113,,76,BLE
7d:7d:b4:4a:50:71,,Uncategorized;10,2026-09-26 07:27:38,,7936,-91,26.188397500663413,91.70178278567708,-5.25701904296875,10.777098655700684,,,BLE
52:4d:4b:59:3f:af,,Misc,2026-09-26 07:27:39,,,-97,26.188403466396213,91.70179350059962,-6.126678466796875,10.978265762329102,,76,BLE
dc:16:a2:4d:87:05,CGM GT5080837M,Misc,2026-09-26 07:27:39,,,-101,26.188403466396213,91.70179350059962,-6.126678466796875,10.978265762329102,,505,BLE
75:33:d2:66:04:2c,,Misc,2026-09-26 07:27:39,,,-97,26.188403466396213,91.70179350059962,-6.126678466796875,10.978265762329102,,,BLE
76:d2:31:2f:3c:61,,Misc,2026-09-26 07:27:39,,,-94,26.188403466396213,91.70179350059962,-6.126678466796875,10.978265762329102,,76,BLE
d6:0a:fb:91:49:92,,Misc,2026-09-26 07:27:39,,,-102,26.188403466396213,91.70179350059962,-6.126678466796875,10.978265762329102,,76,BLE
7d:7d:b4:4a:50:71,,Uncategorized;10,2026-09-26 07:27:39,,7936,-128,26.188403466396213,91.70179350059962,-6.126678466796875,10.978265762329102,,76,BLE
6c:9b:91:7f:4d:32,,Misc,2026-09-26 07:27:39,,,-104,26.188403466396213,91.70179350059962,-6.126678466796875,10.978265762329102,,,BLE
49:89:13:bc:aa:3f,,Uncategorized;10,2026-09-26 07:27:39,,7936,-85,26.188403466396213,91.70179350059962,-6.126678466796875,10.978265762329102,,76,BLE
27:ff:e7:e7:27:e3,,Misc,2026-09-26 07:27:39,,,-108,26.188403466396213,91.70179350059962,-6.126678466796875,10.978265762329102,,6,BLE
78:fe:52:b7:a3:59,,Misc,2026-09-26 07:27:39,,,-100,26.188403466396213,91.70179350059962,-6.126678466796875,10.978265762329102,,76,BLE
e5:a5:44:63:f0:51,,Misc,2026-09-26 07:27:39,,,-90,26.188403466396213,91.70179350059962,-6.126678466796875,10.978265762329102,,76,BLE
73:cf:7d:b8:ae:40,,Uncategorized;10,2026-09-26 07:27:40,,7936,-102,26.188408518332704,91.70180416403488,-5.87005615234375,10.96545124053955,,,BLE
11:5d:a6:6a:01:1f,,Misc,2026-09-26 07:27:40,,7936,-92,26.188408518332704,91.70180416403488,-5.87005615234375,10.96545124053955,,,BLE
15:f5:3a:74:fc:55,,Uncategorized;10,2026-09-26 07:27:40,,7936,-90,26.188408518332704,91.70180416403488,-5.87005615234375,10.96545124053955,,,BLE
24:aa:b7:02:1d:0e,,Misc,2026-09-26 07:27:40,,7936,-87,26.188408518332704,91.70180416403488,-5.87005615234375,10.96545124053955,,,BLE
5c:82:34:fb:f4:f9,,Uncategorized;10,2026-09-26 07:27:40,,7936,-72,26.188408518332704,91.70180416403488,-5.87005615234375,10.96545124053955,,76,BLE
68:35:b9:a8:b9:fd,,Uncategorized;10,2026-09-26 07:27:40,,7936,-105,26.188408518332704,91.70180416403488,-5.87005615234375,10.96545124053955,,,BLE
6e:15:5c:28:14:b2,,Uncategorized;10,2026-09-26 07:27:42,,7936,-93,26.188418316593165,91.70182740752547,-3.524658203125,10.90522289276123,,,BLE
40:58:61:cd:97:0c,,Uncategorized;10,2026-09-26 07:27:43,,7936,-102,26.18842394544509,91.70183890267865,-3.229461669921875,10.674622535705566,,,BLE
5c:cd:17:a1:1a:70,,Uncategorized;10,2026-09-26 07:27:43,,7936,-105,26.18842394544509,91.70183890267865,-3.229461669921875,10.674622535705566,,,BLE
ee:4b:e9:c1:6a:f6,Must be the bandwidth,[WPA2-PSK-CCMP][RSN-PSK-CCMP][ESS],2026-09-26 07:27:43,149,5745,-89,26.18842394544509,91.70183890267865,-3.229461669921875,10.674622535705566,,,WIFI
58:04:4f:f6:7a:a0,Hogwards hall of wifi,[WPA2-PSK-CCMP][RSN-PSK-CCMP][ESS][WPS],2026-09-26 07:27:43,4,2427,-65,26.18842394544509,91.70183890267865,-3.229461669921875,10.674622535705566,,,WIFI
e4:fa:c4:0c:a4:64,TP-Link_A464,[WPA2-PSK-CCMP][RSN-PSK-CCMP][ESS][WPS],2026-09-26 07:27:43,10,2457,-72,26.18842394544509,91.70183890267865,-3.229461669921875,10.674622535705566,,,WIFI
04:d5:90:66:fb:69,IITG_CONNECT,[WPA2-EAP/SHA1-CCMP][RSN-EAP/SHA1-CCMP][ESS],2026-09-26 07:27:43,124,5620,-89,26.18842394544509,91.70183890267865,-3.229461669921875,10.674622535705566,,,WIFI
30:de:4b:c6:f9:de,TP-Link_F9DE,[WPA2-PSK-CCMP][RSN-PSK-CCMP][ESS][WPS],2026-09-26 07:27:43,3,2422,-53,26.18842394544509,91.70183890267865,-3.229461669921875,10.674622535705566,,,WIFI
c2:07:1d:66:c2:6d,,[ESS],2026-09-26 07:27:43,44,5220,-51,26.18842394544509,91.70183890267865,-3.229461669921875,10.674622535705566,,,WIFI
26:ca:61:03:f5:d4,,Uncategorized;10,2026-09-26 07:27:44,,7936,-87,26.188429461483178,91.70185008395198,-3.918121337890625,10.562535285949707,,,BLE
73:59:f1:62:eb:d6,,Uncategorized;10,2026-09-26 07:27:44,,7936,-97,26.188429461483178,91.70185008395198,-3.918121337890625,10.562535285949707,,,BLE
27:ff:e7:e7:27:e3,,Misc,2026-09-26 07:27:44,,,-103,26.188429461483178,91.70185008395198,-3.918121337890625,10.562535285949707,,6,BLE
68:35:b9:a8:b9:fd,,Uncategorized;10,2026-09-26 07:27:44,,7936,-105,26.188429461483178,91.70185008395198,-3.918121337890625,10.562535285949707,,76,BLE
6e:15:5c:28:14:b2,,Uncategorized;10,2026-09-26 07:27:44,,7936,-96,26.188429461483178,91.70185008395198,-3.918121337890625,10.562535285949707,,76,BLE
e4:4f:e6:d9:ab:4d,,Misc,2026-09-26 07:27:44,,,-97,26.188429461483178,91.70185008395198,-3.918121337890625,10.562535285949707,,76,BLE
e5:a5:44:63:f0:51,,Misc,2026-09-26 07:27:44,,,-75,26.188429461483178,91.70185008395198,-3.918121337890625,10.562535285949707,,76,BLE
73:cf:7d:b8:ae:40,,Uncategorized;10,2026-09-26 07:27:44,,7936,-102,26.188429461483178,91.70185008395198,-3.918121337890625,10.562535285949707,,76,BLE
3c:d3:87:1c:b8:58,,Misc,2026-09-26 07:27:44,,,-91,26.188429461483178,91.70185008395198,-3.918121337890625,10.562535285949707,,,BLE
5c:cd:17:a1:1a:70,,Uncategorized;10,2026-09-26 07:27:44,,7936,-128,26.188429461483178,91.70185008395198,-3.918121337890625,10.562535285949707,,76,BLE
42:90:07:84:3f:79,,Misc,2026-09-26 07:27:44,,7936,-98,26.188429461483178,91.70185008395198,-3.918121337890625,10.562535285949707,,76,BLE
7d:7d:b4:4a:50:71,,Uncategorized;10,2026-09-26 07:27:44,,7936,-75,26.188429461483178,91.70185008395198,-3.918121337890625,10.562535285949707,,76,BLE
73:59:f1:62:eb:d6,,Uncategorized;10,2026-09-26 07:27:44,,7936,-96,26.188429461483178,91.70185008395198,-3.918121337890625,10.562535285949707,,76,BLE
53:79:45:20:d2:83,,Misc,2026-09-26 07:27:44,,,-106,26.188429461483178,91.70185008395198,-3.918121337890625,10.562535285949707,,,BLE
ed:1e:ed:3a:01:a2,,Misc,2026-09-26 07:27:44,,,-86,26.188429461483178,91.70185008395198,-3.918121337890625,10.562535285949707,,76,BLE
69:46:84:c5:f0:b9,,Uncategorized;10,2026-09-26 07:27:44,,7936,-72,26.188429461483178,91.70185008395198,-3.918121337890625,10.562535285949707,,76,BLE
7a:17:49:be:54:97,,Misc,2026-09-26 07:27:49,,,-92,26.18845213370121,91.70190017005376,-4.308868408203125,10.295454978942871,,76,BLE
46:4e:9e:63:d9:31,,Misc,2026-09-26 07:27:49,,,-93,26.18845213370121,91.70190017005376,-4.308868408203125,10.295454978942871,,76,BLE
20:25:9e:a8:24:4a,,Misc,2026-09-26 07:27:49,,7936,-92,26.18845213370121,91.70190017005376,-4.308868408203125,10.295454978942871,,,BLE
5c:cd:17:a1:1a:70,,Uncategorized;10,2026-09-26 07:27:49,,7936,-95,26.18845213370121,91.70190017005376,-4.308868408203125,10.295454978942871,,76,BLE
75:33:d2:66:04:2c,,Misc,2026-09-26 07:27:49,,,-87,26.18845213370121,91.70190017005376,-4.308868408203125,10.295454978942871,,,BLE
63:a0:43:3b:3e:94,JBL Tune 520BT-LE,Uncategorized,2026-09-26 07:27:49,,7936,-90,26.18845213370121,91.70190017005376,-4.308868408203125,10.295454978942871,,,BLE
d0:16:be:27:31:1f,,Misc,2026-09-26 07:27:49,,,-104,26.18845213370121,91.70190017005376,-4.308868408203125,10.295454978942871,,76,BLE
54:3f:1c:f1:56:5a,,Misc,2026-09-26 07:27:49,,,-102,26.18845213370121,91.70190017005376,-4.308868408203125,10.295454978942871,,76,BLE
50:2a:3f:c5:ea:de,,Misc,2026-09-26 07:27:49,,,-104,26.18845213370121,91.70190017005376,-4.308868408203125,10.295454978942871,,76,BLE
f9:84:c5:7c:af:d6,,Misc,2026-09-26 07:27:49,,,-85,26.18845213370121,91.70190017005376,-4.308868408203125,10.295454978942871,,76,BLE
56:90:7f:6c:0b:74,,Uncategorized;10,2026-09-26 07:27:51,,7936,-86,26.18846029260916,91.70190939128462,-3.5565185546875,10.096647262573242,,76,BLE
c1:e4:ef:12:a0:c1,JBL Tune 520BT-LE,Misc,2026-09-26 07:27:51,,7936,-89,26.18846029260916,91.70190939128462,-3.5565185546875,10.096647262573242,,,BLE
22:a1:d1:71:14:47,,Uncategorized;10,2026-09-26 07:27:53,,7936,-77,26.188468706388303,91.70191575815218,-0.22662353515625,10.153943061828613,,,BLE
e6:33:bf:08:62:52,,Misc,2026-09-26 07:27:54,,,-85,26.188474188584173,91.70191294652268,0.173675537109375,10.225813865661621,,76,BLE
46:4e:9e:63:d9:31,,Misc,2026-09-26 07:27:54,,,-88,26.188474188584173,91.70191294652268,0.173675537109375,10.225813865661621,,76,BLE
c2:ea:5d:77:1e:9b,,Misc,2026-09-26 07:27:54,,,-101,26.188474188584173,91.70191294652268,0.173675537109375,10.225813865661621,,76,BLE
df:5a:fb:2f:65:b7,,Misc,2026-09-26 07:27:54,,,-84,26.188474188584173,91.70191294652268,0.173675537109375,10.225813865661621,,76,BLE
36:46:85:2c:46:3d,,Misc,2026-09-26 07:27:54,,,-92,26.188474188584173,91.70191294652268,0.173675537109375,10.225813865661621,,6,BLE
26:6b:65:f4:db:5a,,Misc,2026-09-26 07:27:54,,,-101,26.188474188584173,91.70191294652268,0.173675537109375,10.225813865661621,,,BLE
88:92:cc:d0:b4:5b,WH-CH720N,Uncategorized,2026-09-26 07:27:54,,7936,-102,26.188474188584173,91.70191294652268,0.173675537109375,10.225813865661621,,,BLE
79:ef:38:72:f3:95,,Uncategorized;10,2026-09-26 07:27:55,,7936,-101,26.188477313495742,91.70192203082257,0.052032470703125,10.09139633178711,,,BLE
78:90:9c:0c:94:06,,Uncategorized;10,2026-09-26 07:27:57,,7936,-102,26.188483975309442,91.70192209322936,2.03570556640625,10.145246505737305,,,BLE
36:e8:a1:fc:5e:01,,Uncategorized;10,2026-09-26 07:27:57,,7936,-86,26.188483975309442,91.70192209322936,2.03570556640625,10.145246505737305,,,BLE
40:58:61:cd:97:0c,,Uncategorized;10,2026-09-26 07:27:58,,7936,-97,26.188484001540196,91.70192482260146,2.488067626953125,10.163933753967285,,,BLE
c8:0c:8f:39:5b:0a,,Misc,2026-09-26 07:27:59,,,-103,26.188486519656124,91.7019226894308,3.01300048828125,10.132707595825195,,,BLE
e6:ed:7e:ac:d0:22,,Misc,2026-09-26 07:27:59,,,-106,26.188486519656124,91.7019226894308,3.01300048828125,10.132707595825195,,76,BLE
57:a6:0c:da:2a:be,AMROZR,Misc,2026-09-26 07:27:59,,7936,-100,26.188486519656124,91.7019226894308,3.01300048828125,10.132707595825195,,,BLE
79:ef:38:72:f3:95,,Uncategorized;10,2026-09-26 07:27:59,,7936,-101,26.188486519656124,91.7019226894308,3.01300048828125,10.132707595825195,,76,BLE
e4:4f:e6:d9:ab:4d,,Misc,2026-09-26 07:27:59,,,-91,26.188486519656124,91.7019226894308,3.01300048828125,10.132707595825195,,76,BLE
3e:78:74:ce:e0:f7,,Misc,2026-09-26 07:27:59,,,-85,26.188486519656124,91.7019226894308,3.01300048828125,10.132707595825195,,6,BLE
f9:50:c6:b8:3f:b8,,Misc,2026-09-26 07:27:59,,,-92,26.188486519656124,91.7019226894308,3.01300048828125,10.132707595825195,,76,BLE
78:90:9c:0c:94:06,,Uncategorized;10,2026-09-26 07:27:59,,7936,-102,26.188486519656124,91.7019226894308,3.01300048828125,10.132707595825195,,76,BLE
df:71:fd:59:f2:ed,,Misc,2026-09-26 07:27:59,,,-105,26.188486519656124,91.7019226894308,3.01300048828125,10.132707595825195,,76,BLE
7a:17:49:be:54:97,,Misc,2026-09-26 07:27:59,,,-86,26.188486519656124,91.7019226894308,3.01300048828125,10.132707595825195,,76,BLE
cc:e6:8c:82:38:a2,,Misc,2026-09-26 07:27:59,,,-91,26.188486519656124,91.7019226894308,3.01300048828125,10.132707595825195,,76,BLE
2e:cf:f2:21:97:fe,,Misc,2026-09-26 07:27:59,,,-106,26.188486519656124,91.7019226894308,3.01300048828125,10.132707595825195,,,BLE
7b:ef:5b:89:64:53,,Uncategorized,2026-09-26 07:27:59,,7936,-99,26.188486519656124,91.7019226894308,3.01300048828125,10.132707595825195,,76,BLE
3e:d7:13:64:24:10,,Uncategorized;10,2026-09-26 07:28:00,,7936,-94,26.188486368713825,91.70193119930394,3.831634521484375,10.211647987365723,,,BLE
67:94:cd:dd:2f:55,,Uncategorized;10,2026-09-26 07:28:02,,7936,-99,26.18849614341525,91.70193387837145,4.5076904296875,9.935046195983887,,,BLE
27:1a:3e:1b:72:ad,,Misc,2026-09-26 07:28:02,,7936,-95,26.18849614341525,91.70193387837145,4.5076904296875,9.935046195983887,,,BLE
27:ff:e7:e7:27:e3,,Misc,2026-09-26 07:28:04,,,-97,26.18850413700238,91.70194136915492,4.848846435546875,9.935046195983887,,6,BLE
78:b4:8c:62:52:24,,Misc,2026-09-26 07:28:04,,7936,-128,26.18850413700238,91.70194136915492,4.848846435546875,9.935046195983887,,,BLE
d8:1c:71:fe:2f:17,,Misc,2026-09-26 07:28:04,,,-102,26.18850413700238,91.70194136915492,4.848846435546875,9.935046195983887,,76,BLE
76:6c:bc:9e:c2:f3,Prime80,Uncategorized,2026-09-26 07:28:04,,,-89,26.18850413700238,91.70194136915492,4.848846435546875,9.935046195983887,,38672,BLE
74:75:98:b7:af:cc,,Misc,2026-09-26 07:28:04,,,-99,26.18850413700238,91.70194136915492,4.848846435546875,9.935046195983887,,76,BLE
10:04:5f:90:e5:91,,Misc,2026-09-26 07:28:04,,7936,-102,26.18850413700238,91.70194136915492,4.848846435546875,9.935046195983887,,,BLE
e3:5c:2c:b3:a4:0d,,Misc,2026-09-26 07:28:04,,,-87,26.18850413700238,91.70194136915492,4.848846435546875,9.935046195983887,,76,BLE
6e:e2:3a:e9:1d:d3,,Misc,2026-09-26 07:28:04,,,-101,26.18850413700238,91.70194136915492,4.848846435546875,9.935046195983887,,76,BLE
67:94:cd:dd:2f:55,,Uncategorized;10,2026-09-26 07:28:04,,7936,-99,26.18850413700238,91.70194136915492,4.848846435546875,9.935046195983887,,76,BLE
6c:18:09:08:7e:1b,,Misc,2026-09-26 07:28:04,,,-104,26.18850413700238,91.70194136915492,4.848846435546875,9.935046195983887,,,BLE
0e:31:40:3e:e8:20,,Misc,2026-09-26 07:28:04,,,-86,26.18850413700238,91.70194136915492,4.848846435546875,9.935046195983887,,,BLE
78:b4:8c:62:52:24,,Misc,2026-09-26 07:28:05,,7936,-100,26.188509038494463,91.70194464089674,4.114715576171875,9.935046195983887,,,BLE
73:6e:ac:8c:aa:2d,,Uncategorized;10,2026-09-26 07:28:08,,7936,-101,26.18852318413211,91.70195315953752,3.185791015625,9.935046195983887,,,BLE
40:c1:57:6e:fc:e4,,Misc,2026-09-26 07:28:08,,7936,-85,26.18852318413211,91.70195315953752,3.185791015625,9.935046195983887,,76,BLE
3e:d7:13:64:24:10,,Uncategorized;10,2026-09-26 07:28:09,,7936,-82,26.188528997340587,91.70195491515089,4.2049560546875,9.935046195983887,,,BLE
51:ba:bb:33:34:d2,,Misc,2026-09-26 07:28:09,,,-97,26.188528997340587,91.70195491515089,4.2049560546875,9.935046195983887,,76,BLE
3e:13:98:1f:7d:0d,,Misc,2026-09-26 07:28:09,,,-103,26.188528997340587,91.70195491515089,4.2049560546875,9.935046195983887,,6,BLE
c2:ea:5d:77:1e:9b,,Misc,2026-09-26 07:28:09,,,-85,26.188528997340587,91.70195491515089,4.2049560546875,9.935046195983887,,76,BLE
cd:eb:3a:e4:fa:1a,,Misc,2026-09-26 07:28:09,,,-102,26.188528997340587,91.70195491515089,4.2049560546875,9.935046195983887,,76,BLE
c8:0c:8f:39:5b:0a,,Misc,2026-09-26 07:28:09,,,-95,26.188528997340587,91.70195491515089,4.2049560546875,9.935046195983887,,,BLE
6d:ba:2b:04:7e:89,,Misc,2026-09-26 07:28:09,,7936,-103,26.188528997340587,91.70195491515089,4.2049560546875,9.935046195983887,,76,BLE
c2:7a:d4:b4:e9:1c,,Misc,2026-09-26 07:28:09,,,-97,26.188528997340587,91.70195491515089,4.2049560546875,9.935046195983887,,76,BLE
c9:18:17:1c:1f:e6,,Misc,2026-09-26 07:28:09,,,-104,26.188528997340587,91.70195491515089,4.2049560546875,9.935046195983887,,76,BLE
73:6e:ac:8c:aa:2d,,Uncategorized;10,2026-09-26 07:28:09,,7936,-100,26.188528997340587,91.70195491515089,4.2049560546875,9.935046195983887,,76,BLE
51:06:2a:b1:83:26,,Misc,2026-09-26 07:28:09,,,-102,26.188528997340587,91.70195491515089,4.2049560546875,9.935046195983887,,76,BLE
10:04:5f:90:e5:91,,Misc,2026-09-26 07:28:10,,7936,-91,26.18853553329037,91.70195428590937,4.125701904296875,9.935046195983887,,,BLE
78:90:9c:0c:94:06,,Uncategorized;10,2026-09-26 07:28:11,,7936,-95,26.18854266087032,91.70195221168748,4.11688232421875,9.935046195983887,,76,BLE
76:c2:54:79:75:f1,,Uncategorized;10,2026-09-26 07:28:11,,7936,-100,26.18854266087032,91.70195221168748,4.11688232421875,9.935046195983887,,,BLE
27:e7:5a:1a:ce:4d,,Uncategorized;10,2026-09-26 07:28:13,,7936,-87,26.188556773626882,91.70194248059371,3.209625244140625,9.935046195983887,,,BLE
405855_5_367894,Assam,LTE;405855,2026-09-26 07:28:13,38750,38750,-88,26.188556773626882,91.70194248059371,3.209625244140625,9.935046195983887,,,LTE
74:7b:e9:4c:8e:ac,,Misc,2026-09-26 07:28:15,,7936,-103,26.188563061573774,91.70192362962675,2.34771728515625,9.935046195983887,,76,BLE
00:00:00:00:00:00,,Misc,2026-09-26 07:28:15,,,-101,26.188563061573774,91.70192362962675,2.34771728515625,9.935046195983887,,,BLE
ef:74:98:14:13:35,FireBoltt 100,Misc,2026-09-26 07:28:15,,,-103,26.188563061573774,91.70192362962675,2.34771728515625,9.935046195983887,,,BLE
3f:df:40:c2:75:10,,Misc,2026-09-26 07:28:15,,,-104,26.188563061573774,91.70192362962675,2.34771728515625,9.935046195983887,,,BLE
2e:cf:f2:21:97:fe,,Misc,2026-09-26 07:28:15,,,-100,26.188563061573774,91.70192362962675,2.34771728515625,9.935046195983887,,,BLE
72:07:2c:25:04:54,"Noise Airwave Max XR ",Misc,2026-09-26 07:28:15,,7936,-98,26.188563061573774,91.70192362962675,2.34771728515625,9.935046195983887,,1906,BLE
04:0e:00:48:0f:c6,,Misc,2026-09-26 07:28:15,,,-102,26.188563061573774,91.70192362962675,2.34771728515625,9.935046195983887,,,BLE
5b:b7:6e:0a:78:75,,Misc,2026-09-26 07:28:15,,7936,-128,26.188563061573774,91.70192362962675,2.34771728515625,9.935046195983887,,76,BLE
d0:16:be:27:31:1f,,Misc,2026-09-26 07:28:15,,,-92,26.188563061573774,91.70192362962675,2.34771728515625,9.935046195983887,,76,BLE
76:c2:54:79:75:f1,,Uncategorized;10,2026-09-26 07:28:15,,7936,-100,26.188563061573774,91.70192362962675,2.34771728515625,9.935046195983887,,76,BLE
32:1c:7d:01:46:3b,,Misc,2026-09-26 07:28:15,,,-81,26.188563061573774,91.70192362962675,2.34771728515625,9.935046195983887,,,BLE
79:ef:38:72:f3:95,,Uncategorized;10,2026-09-26 07:28:15,,7936,-95,26.188563061573774,91.70192362962675,2.34771728515625,9.935046195983887,,76,BLE
25:86:03:db:61:7f,,Misc,2026-09-26 07:28:15,,,-104,26.188563061573774,91.70192362962675,2.34771728515625,9.935046195983887,,,BLE
51:ba:bb:33:34:d2,,Misc,2026-09-26 07:28:15,,,-92,26.188563061573774,91.70192362962675,2.34771728515625,9.935046195983887,,76,BLE
42:01:d1:c7:4d:52,GFPS_Finder,Misc,2026-09-26 07:28:15,,7936,-98,26.188563061573774,91.70192362962675,2.34771728515625,9.935046195983887,,,BLE
f9:50:c6:b8:3f:b8,,Misc,2026-09-26 07:28:15,,,-87,26.188563061573774,91.70192362962675,2.34771728515625,9.935046195983887,,76,BLE
58:54:78:56:6f:aa,,Uncategorized;10,2026-09-26 07:28:16,,7936,-98,26.1885659735697,91.70191104547472,1.783416748046875,9.935046195983887,,,BLE
42:90:07:84:3f:79,,Misc,2026-09-26 07:28:16,,7936,-92,26.1885659735697,91.70191104547472,1.783416748046875,9.935046195983887,,76,BLE
c6:07:1d:66:bf:89,IITG_CONNECT,[WPA2-EAP/SHA1+FT/EAP-CCMP][RSN-EAP/SHA1+FT/EAP-CCMP][ESS],2026-09-26 07:28:16,48,5240,-52,26.1885659735697,91.70191104547472,1.783416748046875,9.935046195983887,,,WIFI
88:76:b9:f3:ba:69,DIR-615-A 32,[WPA2-PSK-CCMP][RSN-PSK-CCMP][ESS][WPS],2026-09-26 07:28:16,1,2412,-57,26.1885659735697,91.70191104547472,1.783416748046875,9.935046195983887,,,WIFI
a8:42:a1:88:0f:d2,TP-Link_0FD2,[WPA2-PSK-CCMP][RSN-PSK-CCMP][ESS][WPS],2026-09-26 07:28:16,2,2417,-68,26.1885659735697,91.70191104547472,1.783416748046875,9.935046195983887,,,WIFI
c2:07:1d:66:bf:88,,[ESS],2026-09-26 07:28:16,6,2437,-60,26.1885659735697,91.70191104547472,1.783416748046875,9.935046195983887,,,WIFI
5e:f3:46:94:f0:be,iPhone,[WPA2-PSK-CCMP][RSN-PSK-CCMP][ESS],2026-09-26 07:28:16,6,2437,-78,26.1885659735697,91.70191104547472,1.783416748046875,9.935046195983887,,,WIFI
40:ae:30:a5:25:cd,IITD_CONNECT,[WPA2-PSK-CCMP][RSN-PSK-CCMP][ESS][WPS],2026-09-26 07:28:16,149,5745,-82,26.1885659735697,91.70191104547472,1.783416748046875,9.935046195983887,,,WIFI
40:ae:30:a5:25:ce,IITB_CONNECT,[WPA2-PSK-CCMP][RSN-PSK-CCMP][ESS][WPS],2026-09-26 07:28:16,9,2452,-67,26.1885659735697,91.70191104547472,1.783416748046875,9.935046195983887,,,WIFI
bc:22:28:45:ee:d4,Shubham,[WPA-PSK-TKIP+CCMP][WPA2-PSK-TKIP+CCMP][RSN-PSK-TKIP+CCMP][ESS][WPS],2026-09-26 07:28:16,7,2442,-71,26.1885659735697,91.70191104547472,1.783416748046875,9.935046195983887,,,WIFI
04:d5:90:66:fb:61,IITG_CONNECT,[WPA2-EAP/SHA1-CCMP][RSN-EAP/SHA1-CCMP][ESS],2026-09-26 07:28:16,1,2412,-75,26.1885659735697,91.70191104547472,1.783416748046875,9.935046195983887,,,WIFI
c6:07:1d:66:c5:25,IITG_CONNECT,[WPA2-EAP/SHA1+FT/EAP-CCMP][RSN-EAP/SHA1+FT/EAP-CCMP][ESS],2026-09-26 07:28:16,157,5785,-45,26.1885659735697,91.70191104547472,1.783416748046875,9.935046195983887,,,WIFI
b6:7a:fc:dd:c4:bd,"Your Buddy ",[WPA2-PSK-CCMP][RSN-PSK+SAE-CCMP][ESS],2026-09-26 07:28:16,36,5180,-86,26.1885659735697,91.70191104547472,1.783416748046875,9.935046195983887,,,WIFI
c6:07:1d:66:c5:24,IITG_CONNECT,[WPA2-EAP/SHA1+FT/EAP-CCMP][RSN-EAP/SHA1+FT/EAP-CCMP][ESS],2026-09-26 07:28:16,11,2462,-40,26.1885659735697,91.70191104547472,1.783416748046875,9.935046195983887,,,WIFI
7b:ef:5b:89:64:53,,Uncategorized,2026-09-26 07:28:17,,7936,-93,26.18855973837864,91.70190543681238,1.3297119140625,9.935046195983887,,76,BLE
36:e8:a1:fc:5e:01,,Uncategorized;10,2026-09-26 07:28:17,,7936,-77,26.18855973837864,91.70190543681238,1.3297119140625,9.935046195983887,,,BLE
d4:d7:cf:c8:f0:1c,realme 8i,Smartphone;10,2026-09-26 07:28:18,,524,-90,26.18855505448907,91.70189412818645,0.756561279296875,9.935046195983887,,,BT
62:0f:42:20:9b:47,,Uncategorized;10,2026-09-26 07:28:18,,7936,-101,26.18855505448907,91.70189412818645,0.756561279296875,9.935046195983887,,,BLE
88:92:cc:d0:b4:5b,WH-CH720N,Uncategorized,2026-09-26 07:28:19,,7936,-96,26.188551391805117,91.70188481258833,0.541015625,9.935046195983887,,,BLE
58:54:78:56:6f:aa,,Uncategorized;10,2026-09-26 07:28:19,,7936,-99,26.188551391805117,91.70188481258833,0.541015625,9.935046195983887,,117,BLE
76:6c:bc:9e:c2:f3,Prime80,Uncategorized,2026-09-26 07:28:19,,,-80,26.188551391805117,91.70188481258833,0.541015625,9.935046195983887,,38672,BLE
5c:dd:68:d9:4a:20,4,Uncategorized;10,2026-09-26 07:28:19,,7936,-91,26.188551391805117,91.70188481258833,0.541015625,9.935046195983887,,,BLE
62:0f:42:20:9b:47,,Uncategorized;10,2026-09-26 07:28:19,,7936,-101,26.188551391805117,91.70188481258833,0.541015625,9.935046195983887,,76,BLE
27:e7:5a:1a:ce:4d,,Uncategorized;10,2026-09-26 07:28:19,,7936,-75,26.188551391805117,91.70188481258833,0.541015625,9.935046195983887,,,BLE
15:56:51:e6:03:9f,,Misc,2026-09-26 07:28:19,,,-97,26.188551391805117,91.70188481258833,0.541015625,9.935046195983887,,,BLE
3c:2d:a3:49:c0:41,,Misc,2026-09-26 07:28:19,,,-88,26.188551391805117,91.70188481258833,0.541015625,9.935046195983887,,6,BLE
d4:d7:cf:c8:f0:1c,realme 8i,Smartphone;10,2026-09-26 07:28:20,,524,-78,26.18854852150106,91.70187514490311,0.378936767578125,9.935046195983887,,,BT
34:6f:24:fc:84:76,AMROZR,Laptop;10,2026-09-26 07:28:21,,268,-92,26.18854634152402,91.70186075752352,0.116058349609375,9.935046195983887,,,BT
47:e4:7e:e3:68:68,,Uncategorized;10,2026-09-26 07:28:21,,7936,-107,26.18854634152402,91.70186075752352,0.116058349609375,9.935046195983887,,,BLE
26:ca:61:03:f5:d4,,Uncategorized;10,2026-09-26 07:28:21,,7936,-76,26.18854634152402,91.70186075752352,0.116058349609375,9.935046195983887,,,BLE
20:25:9e:a8:24:4a,,Misc,2026-09-26 07:28:21,,7936,-76,26.18854634152402,91.70186075752352,0.116058349609375,9.935046195983887,,,BLE
2c:4e:3a:43:5c:5f,,Uncategorized;10,2026-09-26 07:28:21,,7936,-93,26.18854634152402,91.70186075752352,0.116058349609375,9.935046195983887,,,BLE
11:5d:a6:6a:01:1f,,Misc,2026-09-26 07:28:22,,7936,-84,26.188543078098423,91.70185673400394,-1.01397705078125,9.935046195983887,,,BLE
73:59:f1:62:eb:d6,,Uncategorized;10,2026-09-26 07:28:22,,7936,-91,26.188543078098423,91.70185673400394,-1.01397705078125,9.935046195983887,,76,BLE
7b:ef:5b:89:64:53,,Uncategorized,2026-09-26 07:28:22,,7936,-68,26.188543078098423,91.70185673400394,-1.01397705078125,9.935046195983887,,76,BLE
36:e8:a1:fc:5e:01,,Uncategorized;10,2026-09-26 07:28:22,,7936,-63,26.188543078098423,91.70185673400394,-1.01397705078125,9.935046195983887,,,BLE
70:0a:49:9c:a1:5d,,Misc,2026-09-26 07:28:24,,7936,-104,26.188539278624333,91.70183592126287,-1.516387939453125,9.935046195983887,,76,BLE
47:e4:7e:e3:68:68,,Uncategorized;10,2026-09-26 07:28:24,,7936,-107,26.188539278624333,91.70183592126287,-1.516387939453125,9.935046195983887,,76,BLE
3e:78:74:ce:e0:f7,,Misc,2026-09-26 07:28:24,,,-76,26.188539278624333,91.70183592126287,-1.516387939453125,9.935046195983887,,6,BLE
d4:13:3e:aa:0c:28,,Misc,2026-09-26 07:28:24,,,-105,26.188539278624333,91.70183592126287,-1.516387939453125,9.935046195983887,,76,BLE
06:16:f8:28:e4:74,,Misc,2026-09-26 07:28:24,,,-96,26.188539278624333,91.70183592126287,-1.516387939453125,9.935046195983887,,6,BLE
d6:0a:fb:91:49:92,,Misc,2026-09-26 07:28:24,,,-97,26.188539278624333,91.70183592126287,-1.516387939453125,9.935046195983887,,76,BLE
3c:2d:a3:49:c0:41,,Misc,2026-09-26 07:28:24,,,-82,26.188539278624333,91.70183592126287,-1.516387939453125,9.935046195983887,,6,BLE
11:5d:a6:6a:01:1f,,Misc,2026-09-26 07:28:25,,7936,-72,26.188536496285543,91.70182773050465,-2.42059326171875,9.950239181518555,,,BLE
5b:b7:6e:0a:78:75,,Misc,2026-09-26 07:28:28,,7936,-103,26.18853158615882,91.7018063785796,-2.861328125,10.28395938873291,,76,BLE
65:60:ea:59:6d:e3,,Uncategorized;10,2026-09-26 07:28:29,,7936,-96,26.188530062540234,91.70179956316059,-2.982574462890625,10.372105598449707,,,BLE
44:3d:c7:db:c9:8c,,Misc,2026-09-26 07:28:30,,,-105,26.188527685572392,91.70179062030982,-2.484771728515625,10.357352256774902,,76,BLE
65:60:ea:59:6d:e3,,Uncategorized;10,2026-09-26 07:28:30,,7936,-128,26.188527685572392,91.70179062030982,-2.484771728515625,10.357352256774902,,76,BLE
70:0a:49:9c:a1:5d,,Misc,2026-09-26 07:28:30,,7936,-99,26.188527685572392,91.70179062030982,-2.484771728515625,10.357352256774902,,76,BLE
65:60:ea:59:6d:e3,,Uncategorized;10,2026-09-26 07:28:30,,7936,-98,26.188527685572392,91.70179062030982,-2.484771728515625,10.357352256774902,,76,BLE
4c:88:01:a9:53:22,Smartwatch SK,Misc,2026-09-26 07:28:30,,7936,-100,26.188527685572392,91.70179062030982,-2.484771728515625,10.357352256774902,,61679,BLE
0b:2e:6b:c1:69:ae,,Misc,2026-09-26 07:28:30,,,-77,26.188527685572392,91.70179062030982,-2.484771728515625,10.357352256774902,,6,BLE
56:aa:da:ce:30:7c,,Uncategorized;10,2026-09-26 07:28:31,,7936,-103,26.188524370014942,91.70178094940374,-3.069793701171875,10.431325912475586,,,BLE
78:b4:8c:62:52:24,,Misc,2026-09-26 07:28:33,,7936,-81,26.188514421836807,91.70176274320859,-3.689788818359375,10.500720024108887,,,BLE
56:5a:a8:11:83:9c,,Misc,2026-09-26 07:28:35,,,-95,26.18850106619404,91.7017374576121,-4.73577880859375,10.445488929748535,,76,BLE
4d:bd:72:37:61:08,,Misc,2026-09-26 07:28:35,,,-105,26.18850106619404,91.7017374576121,-4.73577880859375,10.445488929748535,,76,BLE
f0:a4:02:c2:ef:e4,,Misc,2026-09-26 07:28:35,,,-98,26.18850106619404,91.7017374576121,-4.73577880859375,10.445488929748535,,76,BLE
25:0b:21:2f:5a:69,,Misc,2026-09-26 07:28:35,,,-91,26.18850106619404,91.7017374576121,-4.73577880859375,10.445488929748535,,6,BLE
56:aa:da:ce:30:7c,,Uncategorized;10,2026-09-26 07:28:35,,7936,-101,26.18850106619404,91.7017374576121,-4.73577880859375,10.445488929748535,,76,BLE
19:5e:4c:ed:e8:02,,Misc,2026-09-26 07:28:35,,,-103,26.18850106619404,91.7017374576121,-4.73577880859375,10.445488929748535,,6,BLE
31:bc:9a:f9:d6:ec,,Misc,2026-09-26 07:28:35,,,-101,26.18850106619404,91.7017374576121,-4.73577880859375,10.445488929748535,,6,BLE
01:a6:41:4b:95:44,,Misc,2026-09-26 07:28:39,,,-106,26.18848659505883,91.70170701186187,-4.8748779296875,10.481450080871582,,6,BLE
4e:9c:f5:d6:42:58,,Misc,2026-09-26 07:28:39,,7936,-94,26.18848659505883,91.70170701186187,-4.8748779296875,10.481450080871582,,,BLE
fa:95:c6:c0:64:03,realme Buds T200x(BLE),Misc,2026-09-26 07:28:39,,7936,-103,26.18848659505883,91.70170701186187,-4.8748779296875,10.481450080871582,,,BLE
09:11:e0:e5:fc:29,,Misc,2026-09-26 07:28:39,,,-128,26.18848659505883,91.70170701186187,-4.8748779296875,10.481450080871582,,6,BLE
28:2e:89:cf:73:89,ADITYA-BHAWAL,Laptop;10,2026-09-26 07:28:41,,268,-87,26.188481072101464,91.70168705637734,-5.397369384765625,10.412518501281738,,,BT
41:a6:9f:b0:cc:f7,,Uncategorized;10,2026-09-26 07:28:41,,7936,-87,26.188481072101464,91.70168705637734,-5.397369384765625,10.412518501281738,,76,BLE
b8:f7:75:2a:92:c4,HIMANGSHU,Laptop;10,2026-09-26 07:28:43,,268,0,26.188474918927998,91.70166369603982,-4.58428955078125,10.482000350952148,,,BT
70:c7:87:27:46:94,,Uncategorized;10,2026-09-26 07:28:44,,7936,-87,26.18847597040991,91.70166202589735,-4.6326904296875,10.538774490356445,,76,BLE
71:50:16:a1:26:5d,,Misc,2026-09-26 07:28:44,,7936,-80,26.18847597040991,91.70166202589735,-4.6326904296875,10.538774490356445,,76,BLE
37:b9:d1:64:76:2f,,Misc,2026-09-26 07:28:44,,,-92,26.18847597040991,91.70166202589735,-4.6326904296875,10.538774490356445,,6,BLE
d6:f7:18:e0:90:ae,,Misc,2026-09-26 07:28:44,,,-91,26.18847597040991,91.70166202589735,-4.6326904296875,10.538774490356445,,76,BLE
6c:06:78:95:99:e4,realme Buds Air7,Uncategorized,2026-09-26 07:28:44,,7936,-99,26.18847597040991,91.70166202589735,-4.6326904296875,10.538774490356445,,,BLE
01:a6:41:4b:95:44,,Misc,2026-09-26 07:28:44,,,-90,26.18847597040991,91.70166202589735,-4.6326904296875,10.538774490356445,,6,BLE
61:4d:59:3e:81:a6,,Uncategorized;10,2026-09-26 07:28:48,,7936,-104,26.188470887942078,91.70162090014438,-6.12066650390625,10.506868362426758,,,BLE
8c:4e:46:d5:c6:a8,moto watch C6A8,Watch;10,2026-09-26 07:28:49,,1796,-93,26.188473446926512,91.70161835906917,-7.030792236328125,10.47898006439209,,,BT
61:4d:59:3e:81:a6,,Uncategorized;10,2026-09-26 07:28:49,,7936,-104,26.188473446926512,91.70161835906917,-7.030792236328125,10.47898006439209,,76,BLE
4e:0c:0c:37:86:7b,OnePlus Nord Buds 3r,Uncategorized,2026-09-26 07:28:49,,7936,-65,26.188473446926512,91.70161835906917,-7.030792236328125,10.47898006439209,,,BLE
41:a6:9f:b0:cc:f7,,Uncategorized;10,2026-09-26 07:28:49,,7936,-78,26.188473446926512,91.70161835906917,-7.030792236328125,10.47898006439209,,76,BLE
63:e9:46:dd:1b:6f,AYUSH,Misc,2026-09-26 07:28:49,,7936,-104,26.188473446926512,91.70161835906917,-7.030792236328125,10.47898006439209,,,BLE
a4:2a:95:db:4c:da,R04-4CDA,[WPA2-PSK-CCMP][RSN-PSK-CCMP][ESS],2026-09-26 07:28:50,8,2447,-74,26.18847318402301,91.70160748404476,-7.0067138671875,10.43266487121582,,,WIFI
c6:07:1d:66:bf:89,IITG_CONNECT,[WPA2-EAP/SHA1+FT/EAP-CCMP][RSN-EAP/SHA1+FT/EAP-CCMP][ESS],2026-09-26 07:28:50,48,5240,-34,26.18847318402301,91.70160748404476,-7.0067138671875,10.43266487121582,,,WIFI
c6:07:1d:66:bf:67,IITG_CONNECT,[WPA2-EAP/SHA1-CCMP][RSN-EAP/SHA1-CCMP][ESS],2026-09-26 07:28:50,48,5240,-80,26.18847318402301,91.70160748404476,-7.0067138671875,10.43266487121582,,,WIFI
d8:47:32:d5:70:9c,ACTFIBERNET,[WPA2-PSK-CCMP][RSN-PSK-CCMP][ESS],2026-09-26 07:28:50,11,2462,-75,26.18847318402301,91.70160748404476,-7.0067138671875,10.43266487121582,,,WIFI
c2:07:1d:66:bf:89,,[ESS],2026-09-26 07:28:50,48,5240,-34,26.18847318402301,91.70160748404476,-7.0067138671875,10.43266487121582,,,WIFI
c6:07:1d:66:bf:88,IITG_CONNECT,[WPA2-EAP/SHA1+FT/EAP-CCMP][RSN-EAP/SHA1+FT/EAP-CCMP][ESS],2026-09-26 07:28:50,6,2437,-44,26.18847318402301,91.70160748404476,-7.0067138671875,10.43266487121582,,,WIFI
10:27:f5:e2:d7:9a,Thronefell,[WPA2-PSK-CCMP][RSN-PSK-CCMP][ESS][WPS],2026-09-26 07:28:50,153,5765,-66,26.18847318402301,91.70160748404476,-7.0067138671875,10.43266487121582,,,WIFI
6c:72:20:6f:b8:58,chinnuuu,[WPA-PSK-CCMP][WPA2-PSK-CCMP][RSN-PSK-CCMP][ESS],2026-09-26 07:28:50,1,2412,-77,26.18847318402301,91.70160748404476,-7.0067138671875,10.43266487121582,,,WIFI
10:27:f5:e2:d7:9b,Thronefell,[WPA2-PSK-CCMP][RSN-PSK-CCMP][ESS][WPS],2026-09-26 07:28:50,3,2422,-52,26.18847318402301,91.70160748404476,-7.0067138671875,10.43266487121582,,,WIFI
e4:fa:c4:0c:c6:98,TellMyWiFiLoveHer,[WPA2-PSK-CCMP][RSN-PSK-CCMP][ESS][WPS],2026-09-26 07:28:50,4,2427,-79,26.18847318402301,91.70160748404476,-7.0067138671875,10.43266487121582,,,WIFI
9a:b9:b9:d4:5a:55,Aditya,[WPA2-PSK-CCMP][RSN-PSK-CCMP][ESS],2026-09-26 07:28:50,10,2457,-81,26.18847318402301,91.70160748404476,-7.0067138671875,10.43266487121582,,,WIFI
12:27:f5:e2:d7:9a,,[WPA2-PSK-CCMP][RSN-PSK-CCMP][ESS],2026-09-26 07:28:50,153,5765,-67,26.18847318402301,91.70160748404476,-7.0067138671875,10.43266487121582,,,WIFI
62:67:c5:c3:2d:1c,,Uncategorized;10,2026-09-26 07:28:50,,7936,-77,26.18847318402301,91.70160748404476,-7.0067138671875,10.43266487121582,,76,BLE
5a:6d:72:b8:df:95,,Uncategorized;10,2026-09-26 07:28:50,,7936,-99,26.18847318402301,91.70160748404476,-7.0067138671875,10.43266487121582,,76,BLE
6e:64:25:f0:40:7c,,Uncategorized;10,2026-09-26 07:28:52,,7936,-99,26.18847445548258,91.70158902037807,-6.8001708984375,10.531424522399902,,,BLE
6c:06:78:95:99:e4,realme Buds Air7,Uncategorized,2026-09-26 07:28:54,,7936,-93,26.18847599807866,91.70156526270381,-10.267364501953125,10.719010353088379,,,BLE
e6:a6:38:fa:48:f9,,Misc,2026-09-26 07:28:54,,,-78,26.18847599807866,91.70156526270381,-10.267364501953125,10.719010353088379,,76,BLE
06:c2:aa:36:af:5d,,Misc,2026-09-26 07:28:54,,,-102,26.18847599807866,91.70156526270381,-10.267364501953125,10.719010353088379,,6,BLE
6e:64:25:f0:40:7c,,Uncategorized;10,2026-09-26 07:28:54,,7936,-101,26.18847599807866,91.70156526270381,-10.267364501953125,10.719010353088379,,76,BLE
d1:e1:92:0e:f8:76,,Misc,2026-09-26 07:28:54,,,-81,26.18847599807866,91.70156526270381,-10.267364501953125,10.719010353088379,,76,BLE
db:86:86:5d:16:93,,Misc,2026-09-26 07:28:54,,,-97,26.18847599807866,91.70156526270381,-10.267364501953125,10.719010353088379,,76,BLE
fb:c8:0a:ce:b2:c9,,Misc,2026-09-26 07:28:54,,,-107,26.18847599807866,91.70156526270381,-10.267364501953125,10.719010353088379,,,BLE
fa:95:c6:c0:64:03,realme Buds T200x(BLE),Misc,2026-09-26 07:28:54,,7936,-98,26.18847599807866,91.70156526270381,-10.267364501953125,10.719010353088379,,,BLE
30:bb:7d:31:b1:6e,OnePlus Nord CE 2 Lite 5G,Smartphone;10,2026-09-26 07:28:56,,524,-98,26.188477005189135,91.70154060119428,-11.20428466796875,11.019906044006348,,,BT
7b:2e:de:71:01:da,"realme Buds Air6 Pro ",Misc,2026-09-26 07:29:00,,7936,-98,26.188467299157374,91.7014997505642,-9.86651611328125,10.690958976745605,,,BLE
fb:c8:0a:ce:b2:c9,,Misc,2026-09-26 07:29:00,,,-98,26.188467299157374,91.7014997505642,-9.86651611328125,10.690958976745605,,,BLE
74:4b:18:cd:ee:73,,Misc,2026-09-26 07:29:00,,7936,-91,26.188467299157374,91.7014997505642,-9.86651611328125,10.690958976745605,,76,BLE
f7:74:a4:3f:cc:7e,,Misc,2026-09-26 07:29:00,,,-86,26.188467299157374,91.7014997505642,-9.86651611328125,10.690958976745605,,76,BLE
39:ba:a5:c9:d3:a1,,Uncategorized;10,2026-09-26 07:29:00,,7936,-89,26.188467299157374,91.7014997505642,-9.86651611328125,10.690958976745605,,,BLE
1f:2c:ba:e2:94:0e,,Uncategorized;10,2026-09-26 07:29:00,,7936,-90,26.188467299157374,91.7014997505642,-9.86651611328125,10.690958976745605,,,BLE
08:12:87:42:6d:cb,,Misc,2026-09-26 07:29:00,,,-106,26.188467299157374,91.7014997505642,-9.86651611328125,10.690958976745605,,41992,BLE
405855_5_4870848512,Assam,NR;405855,2026-09-26 07:29:02,634080,634080,-67,26.18844784312473,91.70148799220004,-5.958343505859375,10.098356246948242,,,NR
3b:02:e0:7f:4f:c3,,Misc,2026-09-26 07:29:05,,,-104,26.188414187036386,91.70146648776344,-3.5977783203125,9.935046195983887,,,BLE
68:35:b9:a8:b9:fd,,Uncategorized;10,2026-09-26 07:29:06,,7936,-100,26.18840376308205,91.70145730568741,-1.55841064453125,9.935046195983887,,76,BLE
405855_5_4870848512,Assam,NR;405855,2026-09-26 07:29:08,634080,634080,-58,26.188386688844602,91.70143469830934,2.8624267578125,9.935046195983887,,,NR
4b:b8:05:f4:7d:b7,,Uncategorized;10,2026-09-26 07:29:09,,7936,-99,26.18838168835475,91.70142297860241,3.935028076171875,9.935046195983887,,,BLE
05:c1:aa:08:f9:cf,,Misc,2026-09-26 07:29:10,,,-105,26.1883792868025,91.70141218885537,3.992431640625,9.935046195983887,,6,BLE
f2:09:57:69:bc:b5,,Misc,2026-09-26 07:29:10,,,-103,26.1883792868025,91.70141218885537,3.992431640625,9.935046195983887,,76,BLE
5c:cd:35:17:d5:9e,,Misc,2026-09-26 07:29:10,,7936,-92,26.1883792868025,91.70141218885537,3.992431640625,9.935046195983887,,76,BLE
e2:86:ee:c0:3a:12,,Misc,2026-09-26 07:29:10,,,-103,26.1883792868025,91.70141218885537,3.992431640625,9.935046195983887,,76,BLE
c0:ea:75:2d:86:29,,Misc,2026-09-26 07:29:10,,,-90,26.1883792868025,91.70141218885537,3.992431640625,9.935046195983887,,76,BLE
30:bb:7d:31:b1:6e,OnePlus Nord CE 2 Lite 5G,Smartphone;10,2026-09-26 07:29:10,,524,-88,26.1883792868025,91.70141218885537,3.992431640625,9.935046195983887,,,BT
42:01:d1:c7:4d:52,GFPS_Finder,Misc,2026-09-26 07:29:10,,7936,-91,26.1883792868025,91.70141218885537,3.992431640625,9.935046195983887,,,BLE
09:11:e0:e5:fc:29,,Misc,2026-09-26 07:29:15,,,-105,26.188399933965123,91.70138432661582,4.46734619140625,9.935046195983887,,6,BLE
63:e9:46:dd:1b:6f,AYUSH,Misc,2026-09-26 07:29:15,,7936,-94,26.188399933965123,91.70138432661582,4.46734619140625,9.935046195983887,,,BLE
41:42:b7:79:ae:2e,450ANC_BLE,Uncategorized,2026-09-26 07:29:15,,7936,-104,26.188399933965123,91.70138432661582,4.46734619140625,9.935046195983887,,,BLE
06:c2:aa:36:af:5d,,Misc,2026-09-26 07:29:15,,,-96,26.188399933965123,91.70138432661582,4.46734619140625,9.935046195983887,,6,BLE
4b:b8:05:f4:7d:b7,,Uncategorized;10,2026-09-26 07:29:17,,7936,-90,26.188418566590972,91.70137472839697,5.20208740234375,9.935046195983887,,,BLE
b8:b4:09:d1:80:f7,,Misc,2026-09-26 07:29:20,,,-99,26.18844964271821,91.70136345232272,6.199615478515625,9.935046195983887,,117,BLE
06:83:42:c0:80:c7,,Misc,2026-09-26 07:29:20,,,-101,26.18844964271821,91.70136345232272,6.199615478515625,9.935046195983887,,6,BLE
07:df:47:a7:51:26,,Misc,2026-09-26 07:29:20,,,-103,26.18844964271821,91.70136345232272,6.199615478515625,9.935046195983887,,,BLE
3a:a5:6c:bd:03:95,,Misc,2026-09-26 07:29:20,,,-98,26.18844964271821,91.70136345232272,6.199615478515625,9.935046195983887,,,BLE
07:b5:eb:90:93:28,,Misc,2026-09-26 07:29:20,,7936,-100,26.18844964271821,91.70136345232272,6.199615478515625,9.935046195983887,,,BLE
16:27:3c:45:65:fe,,Misc,2026-09-26 07:29:20,,,-103,26.18844964271821,91.70136345232272,6.199615478515625,9.935046195983887,,,BLE
76:9a:e2:9f:e4:32,,Misc,2026-09-26 07:29:20,,,-97,26.18844964271821,91.70136345232272,6.199615478515625,9.935046195983887,,,BLE
fa:b4:18:cf:11:dd,,Misc,2026-09-26 07:29:20,,,-92,26.18844964271821,91.70136345232272,6.199615478515625,9.935046195983887,,76,BLE
41:42:b7:79:ae:2e,450ANC_BLE,Uncategorized,2026-09-26 07:29:20,,7936,-90,26.18844964271821,91.70136345232272,6.199615478515625,9.935046195983887,,,BLE
4e:0c:a8:a5:50:f9,,Misc,2026-09-26 07:29:20,,7936,-104,26.18844964271821,91.70136345232272,6.199615478515625,9.935046195983887,,76,BLE
3c:6a:d2:4f:13:a8,TP-Link_13A8,[WPA2-PSK-CCMP][RSN-PSK-CCMP][ESS][WPS],2026-09-26 07:29:23,10,2457,-84,26.188476622302606,91.70135807258504,6.8133544921875,9.935046195983887,,,WIFI
9c:a2:f4:f1:68:d8,TP-Link_112,[WPA2-PSK-CCMP][RSN-PSK-CCMP][ESS][WPS],2026-09-26 07:29:23,4,2427,-64,26.188476622302606,91.70135807258504,6.8133544921875,9.935046195983887,,,WIFI
1c:3b:f3:0e:df:dc,Bongothon Champs,[WPA2-PSK-CCMP][RSN-PSK-CCMP][ESS][WPS],2026-09-26 07:29:23,2,2417,-63,26.188476622302606,91.70135807258504,6.8133544921875,9.935046195983887,,,WIFI
90:9a:4a:78:13:22,Polar Tang,[WPA2-PSK-CCMP][RSN-PSK-CCMP][ESS][WPS],2026-09-26 07:29:23,9,2452,-63,26.188476622302606,91.70135807258504,6.8133544921875,9.935046195983887,,,WIFI
5c:02:14:c6:fb:fb,Satheesh_Anna,[WPA-PSK-TKIP+CCMP][WPA2-PSK-TKIP+CCMP][RSN-PSK-TKIP+CCMP][ESS][WPS],2026-09-26 07:29:23,10,2457,-81,26.188476622302606,91.70135807258504,6.8133544921875,9.935046195983887,,,WIFI
62:a4:b7:f2:49:b2,FREE_WIFI_5G,[WPA2-PSK-CCMP][RSN-PSK+SAE-CCMP][ESS][MFPC],2026-09-26 07:29:23,157,5785,-82,26.188476622302606,91.70135807258504,6.8133544921875,9.935046195983887,,,WIFI
62:a4:b7:f2:49:b0,FREE_WIFI,[WPA2-PSK-CCMP][RSN-PSK+SAE-CCMP][ESS][MFPC],2026-09-26 07:29:23,10,2457,-66,26.188476622302606,91.70135807258504,6.8133544921875,9.935046195983887,,,WIFI
24:2f:d0:c2:04:c2,Adolf Gandhi,[WPA2-PSK-TKIP+CCMP][RSN-PSK-TKIP+CCMP][ESS][WPS],2026-09-26 07:29:23,10,2457,-81,26.188476622302606,91.70135807258504,6.8133544921875,9.935046195983887,,,WIFI
28:ee:52:fd:bd:14,TP-Link_BD14,[WPA2-PSK-CCMP][RSN-PSK-CCMP][ESS][WPS],2026-09-26 07:29:23,10,2457,-57,26.188476622302606,91.70135807258504,6.8133544921875,9.935046195983887,,,WIFI
3c:33:32:e8:04:f6,Arpan,[WPA-PSK-TKIP+CCMP][WPA2-PSK-TKIP+CCMP][RSN-PSK-TKIP+CCMP][ESS][WPS],2026-09-26 07:29:23,11,2462,-69,26.188476622302606,91.70135807258504,6.8133544921875,9.935046195983887,,,WIFI
7c:a9:6b:d3:e0:21,FTTH-5G,[WPA-PSK-TKIP][WPA2-PSK+FT/PSK-CCMP][RSN-PSK+FT/PSK-CCMP][ESS][WPS],2026-09-26 07:29:23,157,5785,-84,26.188476622302606,91.70135807258504,6.8133544921875,9.935046195983887,,,WIFI
dc:ea:e7:b2:6d:7b,A-28,[WPA2-PSK-CCMP][RSN-PSK-CCMP][ESS],2026-09-26 07:29:23,1,2412,-62,26.188476622302606,91.70135807258504,6.8133544921875,9.935046195983887,,,WIFI
d4:35:38:2c:dd:2f,$i₹E_5G,[WPA-PSK-TKIP+CCMP][WPA2-PSK-TKIP+CCMP][RSN-PSK-TKIP+CCMP][ESS][WPS],2026-09-26 07:29:23,36,5180,-71,26.188476622302606,91.70135807258504,6.8133544921875,9.935046195983887,,,WIFI
58:d5:6e:bc:b2:96,dlink-B292,[WPA-PSK-TKIP+CCMP][WPA2-PSK-TKIP+CCMP][RSN-PSK-TKIP+CCMP][ESS][WPS],2026-09-26 07:29:23,6,2437,-69,26.188476622302606,91.70135807258504,6.8133544921875,9.935046195983887,,,WIFI
1e:b7:eb:83:98:88,OnePlus Nord 3 5G 7078,[WPA2-PSK-CCMP][RSN-PSK+SAE-CCMP][ESS],2026-09-26 07:29:23,11,2462,-75,26.188476622302606,91.70135807258504,6.8133544921875,9.935046195983887,,,WIFI
64:29:43:99:ee:85,Nirupam,[WPA2-PSK-CCMP][RSN-PSK-CCMP][ESS],2026-09-26 07:29:23,11,2462,-84,26.188476622302606,91.70135807258504,6.8133544921875,9.935046195983887,,,WIFI
04:ba:d6:4a:3a:da,R04-3ADA,[WPA2-PSK-CCMP][RSN-PSK-CCMP][ESS],2026-09-26 07:29:23,13,2472,-68,26.188476622302606,91.70135807258504,6.8133544921875,9.935046195983887,,,WIFI
38:57:fa:c1:f0:60,,Misc,2026-09-26 07:29:25,,,-102,26.18850003433078,91.7013561657168,6.214019775390625,9.935046195983887,,6,BLE
06:c2:aa:36:af:5d,,Misc,2026-09-26 07:29:25,,,-90,26.18850003433078,91.7013561657168,6.214019775390625,9.935046195983887,,6,BLE
3d:bc:fc:a1:37:b3,,Misc,2026-09-26 07:29:25,,7936,-101,26.18850003433078,91.7013561657168,6.214019775390625,9.935046195983887,,,BLE
e2:86:ee:c0:3a:12,,Misc,2026-09-26 07:29:25,,,-88,26.18850003433078,91.7013561657168,6.214019775390625,9.935046195983887,,76,BLE
e6:ed:7e:ac:d0:22,,Misc,2026-09-26 07:29:25,,,-98,26.18850003433078,91.7013561657168,6.214019775390625,9.935046195983887,,76,BLE
63:e9:46:dd:1b:6f,AYUSH,Misc,2026-09-26 07:29:25,,7936,-88,26.18850003433078,91.7013561657168,6.214019775390625,9.935046195983887,,,BLE
7f:23:9e:de:6a:73,,Misc,2026-09-26 07:29:25,,,-104,26.18850003433078,91.7013561657168,6.214019775390625,9.935046195983887,,1946,BLE
06:83:42:c0:80:c7,,Misc,2026-09-26 07:29:25,,,-93,26.18850003433078,91.7013561657168,6.214019775390625,9.935046195983887,,6,BLE
cb:b5:83:e6:ad:ee,,Misc,2026-09-26 07:29:25,,,-94,26.18850003433078,91.7013561657168,6.214019775390625,9.935046195983887,,76,BLE
68:ee:1b:ea:2e:6e,LAPTOP-4OFI1H4H,Misc,2026-09-26 07:29:25,,7936,-105,26.18850003433078,91.7013561657168,6.214019775390625,9.935046195983887,,,BLE
72:67:d4:7e:e6:61,OnePlus Nord Buds 3,Misc,2026-09-26 07:29:25,,7936,-105,26.18850003433078,91.7013561657168,6.214019775390625,9.935046195983887,,,BLE
12:4c:41:08:96:4b,,Misc,2026-09-26 07:29:25,,,-103,26.18850003433078,91.7013561657168,6.214019775390625,9.935046195983887,,,BLE
09:11:e0:e5:fc:29,,Misc,2026-09-26 07:29:25,,,-98,26.18850003433078,91.7013561657168,6.214019775390625,9.935046195983887,,6,BLE
68:ee:1b:ea:2e:6e,LAPTOP-4OFI1H4H,Misc,2026-09-26 07:29:25,,7936,-97,26.18850003433078,91.7013561657168,6.214019775390625,9.935046195983887,,,BLE
6e:64:25:f0:40:7c,,Uncategorized;10,2026-09-26 07:29:26,,7936,-92,26.188504038161433,91.70135608043726,6.615020751953125,9.935046195983887,,76,BLE
4b:e8:65:82:4f:11,,Uncategorized;10,2026-09-26 07:29:26,,7936,-104,26.188504038161433,91.70135608043726,6.615020751953125,9.935046195983887,,,BLE
d0:5a:fd:ad:73:e2,realme narzo 20,Smartphone;10,2026-09-26 07:29:26,,524,-91,26.188504038161433,91.70135608043726,6.615020751953125,9.935046195983887,,,BT
41:3e:1c:66:82:d2,,Uncategorized;10,2026-09-26 07:29:27,,7936,-93,26.188514594045785,91.70135389337779,6.720733642578125,9.935046195983887,,,BLE
3c:a0:46:29:b0:d0,,Uncategorized;10,2026-09-26 07:29:28,,7936,-102,26.188524000676818,91.70135126701334,8.15887451171875,9.935046195983887,,,BLE
53:7b:9c:64:75:68,,Misc,2026-09-26 07:29:30,,7936,-128,26.188546144628695,91.70134714481863,6.576416015625,9.935046195983887,,,BLE
4b:e8:65:82:4f:11,,Uncategorized;10,2026-09-26 07:29:30,,7936,-104,26.188546144628695,91.70134714481863,6.576416015625,9.935046195983887,,76,BLE
68:ee:1b:ea:2e:6e,LAPTOP-4OFI1H4H,Misc,2026-09-26 07:29:30,,7936,-92,26.188546144628695,91.70134714481863,6.576416015625,9.935046195983887,,,BLE
4b:00:93:d3:f5:78,,Misc,2026-09-26 07:29:30,,7936,-104,26.188546144628695,91.70134714481863,6.576416015625,9.935046195983887,,76,BLE
34:09:c9:9c:5b:3a,,Misc,2026-09-26 07:29:30,,7936,-102,26.188546144628695,91.70134714481863,6.576416015625,9.935046195983887,,,BLE
b8:b4:09:d1:80:f7,,Misc,2026-09-26 07:29:30,,,-94,26.188546144628695,91.70134714481863,6.576416015625,9.935046195983887,,117,BLE
c3:23:05:96:30:45,"Noise Airwave Max XR ",Misc,2026-09-26 07:29:30,,,-105,26.188546144628695,91.70134714481863,6.576416015625,9.935046195983887,,9155,BLE
03:a9:e0:27:48:65,,Uncategorized;10,2026-09-26 07:29:33,,7936,-90,26.18857200847219,91.70134773544892,7.230682373046875,9.935046195983887,,,BLE
3d:bc:fc:a1:37:b3,,Misc,2026-09-26 07:29:33,,7936,-89,26.18857200847219,91.70134773544892,7.230682373046875,9.935046195983887,,,BLE
34:09:c9:9c:5b:3a,,Misc,2026-09-26 07:29:33,,7936,-90,26.18857200847219,91.70134773544892,7.230682373046875,9.935046195983887,,,BLE
5e:7a:34:e0:75:25,,Uncategorized;10,2026-09-26 07:29:33,,7936,-102,26.18857200847219,91.70134773544892,7.230682373046875,9.935046195983887,,,BLE
6e:64:25:f0:40:7c,,Uncategorized;10,2026-09-26 07:29:34,,7936,-81,26.18858077384322,91.70134991852191,6.967987060546875,9.935046195983887,,76,BLE
4e:0c:a8:a5:50:f9,,Misc,2026-09-26 07:29:34,,7936,-94,26.18858077384322,91.70134991852191,6.967987060546875,9.935046195983887,,76,BLE
53:7b:9c:64:75:68,,Misc,2026-09-26 07:29:34,,7936,-102,26.18858077384322,91.70134991852191,6.967987060546875,9.935046195983887,,,BLE
c2:07:1d:66:c2:60,IITG_CONNECT,[WPA2-EAP/SHA1+FT/EAP-CCMP][RSN-EAP/SHA1+FT/EAP-CCMP][ESS],2026-09-26 07:29:34,11,2462,-81,26.18858077384322,91.70134991852191,6.967987060546875,9.935046195983887,,,WIFI
60:a4:b7:f2:49:b2,,[WPA2-PSK-CCMP][RSN-PSK+SAE-CCMP][ESS][MFPC],2026-09-26 07:29:34,157,5785,-79,26.18858077384322,91.70134991852191,6.967987060546875,9.935046195983887,,,WIFI
60:a4:b7:f2:49:b0,,[WPA2-PSK-CCMP][RSN-PSK+SAE-CCMP][ESS][MFPC],2026-09-26 07:29:34,10,2457,-60,26.18858077384322,91.70134991852191,6.967987060546875,9.935046195983887,,,WIFI
d0:32:c3:31:5f:bb,DIR-615-5FBA,[WPA2-PSK-CCMP][RSN-PSK-CCMP][ESS],2026-09-26 07:29:34,13,2472,-78,26.18858077384322,91.70134991852191,6.967987060546875,9.935046195983887,,,WIFI
62:a4:b7:f2:49:b2,FREE_WIFI_5G,[WPA2-PSK-CCMP][RSN-PSK+SAE-CCMP][ESS][MFPC],2026-09-26 07:29:34,157,5785,-76,26.18858077384322,91.70134991852191,6.967987060546875,9.935046195983887,,,WIFI
3c:33:32:b9:fb:9f,Hakla wifi_EXT,[WPA2-PSK-CCMP][RSN-PSK-CCMP][ESS],2026-09-26 07:29:34,1,2412,-68,26.18858077384322,91.70134991852191,6.967987060546875,9.935046195983887,,,WIFI
62:a4:b7:f2:49:b0,FREE_WIFI,[WPA2-PSK-CCMP][RSN-PSK+SAE-CCMP][ESS][MFPC],2026-09-26 07:29:34,10,2457,-59,26.18858077384322,91.70134991852191,6.967987060546875,9.935046195983887,,,WIFI
88:76:b9:f4:77:31,DIR-615-7730,[WPA2-PSK-CCMP][RSN-PSK-CCMP][ESS],2026-09-26 07:29:34,1,2412,-68,26.18858077384322,91.70134991852191,6.967987060546875,9.935046195983887,,,WIFI
a8:42:a1:88:0f:e2,Lakers2024,[WPA2-PSK-CCMP][RSN-PSK-CCMP][ESS][WPS],2026-09-26 07:29:34,10,2457,-85,26.18858077384322,91.70134991852191,6.967987060546875,9.935046195983887,,,WIFI
8c:90:2d:f2:64:96,Diljit Dosanjh,[WPA2-PSK-CCMP][RSN-PSK-CCMP][ESS][WPS],2026-09-26 07:29:34,4,2427,-62,26.18858077384322,91.70134991852191,6.967987060546875,9.935046195983887,,,WIFI
20:b5:c6:7d:a0:54,JioAirfiberA6,[WPA2-PSK-CCMP][RSN-PSK-CCMP][ESS],2026-09-26 07:29:34,108,5540,-88,26.18858077384322,91.70134991852191,6.967987060546875,9.935046195983887,,,WIFI
dc:ea:e7:33:b6:1e,DLink-A311,[WPA2-PSK-CCMP][RSN-PSK-CCMP][ESS],2026-09-26 07:29:34,1,2412,-77,26.18858077384322,91.70134991852191,6.967987060546875,9.935046195983887,,,WIFI
58:04:4f:f6:7a:be,Avenique,[WPA2-PSK-CCMP][RSN-PSK-CCMP][ESS][WPS],2026-09-26 07:29:34,2,2417,-65,26.18858077384322,91.70134991852191,6.967987060546875,9.935046195983887,,,WIFI
64:29:43:99:ee:85,Nirupam,[WPA2-PSK-CCMP][RSN-PSK-CCMP][ESS],2026-09-26 07:29:34,11,2462,-77,26.18858077384322,91.70134991852191,6.967987060546875,9.935046195983887,,,WIFI
405751_53815_205093376,Assam,LTE;405751,2026-09-26 07:29:34,1351,1351,-70,26.18858077384322,91.70134991852191,6.967987060546875,9.935046195983887,,,LTE
4b:00:93:d3:f5:78,,Misc,2026-09-26 07:29:35,,7936,-92,26.18858982097166,91.70135455829178,6.772216796875,9.935046195983887,,76,BLE
46:b8:19:d8:31:05,,Uncategorized;10,2026-09-26 07:29:35,,7936,-96,26.18858982097166,91.70135455829178,6.772216796875,9.935046195983887,,,BLE
79:22:82:99:69:f2,,Uncategorized;10,2026-09-26 07:29:35,,7936,-97,26.18858982097166,91.70135455829178,6.772216796875,9.935046195983887,,,BLE
10:71:95:f1:3f:99,,Misc,2026-09-26 07:29:35,,,-101,26.18858982097166,91.70135455829178,6.772216796875,9.935046195983887,,6,BLE
5e:7a:34:e0:75:25,,Uncategorized;10,2026-09-26 07:29:35,,7936,-102,26.18858982097166,91.70135455829178,6.772216796875,9.935046195983887,,76,BLE
75:cb:8f:4d:08:9c,,Misc,2026-09-26 07:29:35,,7936,-104,26.18858982097166,91.70135455829178,6.772216796875,9.935046195983887,,,BLE
32:1a:a7:b6:a9:98,,Misc,2026-09-26 07:29:35,,,-101,26.18858982097166,91.70135455829178,6.772216796875,9.935046195983887,,,BLE
76:54:a0:73:39:2c,,Misc,2026-09-26 07:29:35,,7936,-104,26.18858982097166,91.70135455829178,6.772216796875,9.935046195983887,,,BLE
62:f8:4d:68:34:a6,,Misc,2026-09-26 07:29:35,,,-101,26.18858982097166,91.70135455829178,6.772216796875,9.935046195983887,,76,BLE
c3:23:05:96:30:45,"Noise Airwave Max XR ",Misc,2026-09-26 07:29:35,,,-97,26.18858982097166,91.70135455829178,6.772216796875,9.935046195983887,,9155,BLE
41:cb:5d:2d:ef:82,,Misc,2026-09-26 07:29:35,,,-103,26.18858982097166,91.70135455829178,6.772216796875,9.935046195983887,,,BLE
51:81:36:e0:72:6b,,Misc,2026-09-26 07:29:35,,,-102,26.18858982097166,91.70135455829178,6.772216796875,9.935046195983887,,,BLE
79:22:82:99:69:f2,,Uncategorized;10,2026-09-26 07:29:35,,7936,-97,26.18858982097166,91.70135455829178,6.772216796875,9.935046195983887,,76,BLE
46:b8:19:d8:31:05,,Uncategorized;10,2026-09-26 07:29:35,,7936,-96,26.18858982097166,91.70135455829178,6.772216796875,9.935046195983887,,76,BLE
f4:2f:e9:d6:e6:ce,,Misc,2026-09-26 07:29:35,,,-100,26.18858982097166,91.70135455829178,6.772216796875,9.935046195983887,,76,BLE
cf:e4:64:91:d7:c3,,Misc,2026-09-26 07:29:35,,,-103,26.18858982097166,91.70135455829178,6.772216796875,9.935046195983887,,76,BLE
7c:73:df:9f:5b:5e,,Misc,2026-09-26 07:29:35,,,-97,26.18858982097166,91.70135455829178,6.772216796875,9.935046195983887,,76,BLE
72:67:d4:7e:e6:61,OnePlus Nord Buds 3,Misc,2026-09-26 07:29:35,,7936,-99,26.18858982097166,91.70135455829178,6.772216796875,9.935046195983887,,,BLE
05:c1:aa:08:f9:cf,,Misc,2026-09-26 07:29:35,,,-91,26.18858982097166,91.70135455829178,6.772216796875,9.935046195983887,,6,BLE
45:b9:4c:6b:60:ae,,Misc,2026-09-26 07:29:35,,7936,-96,26.18858982097166,91.70135455829178,6.772216796875,9.935046195983887,,76,BLE
f0:62:5a:7a:5b:a0,RMX3193,Smartphone;10,2026-09-26 07:29:36,,524,-96,26.18860256136294,91.70136884003762,6.662139892578125,9.935046195983887,,,BT
75:cb:8f:4d:08:9c,,Misc,2026-09-26 07:29:38,,7936,-97,26.18861759262557,91.70139706944097,7.209808349609375,9.935046195983887,,,BLE
7a:c0:d1:cd:b8:1c,,Uncategorized;10,2026-09-26 07:29:39,,7936,-98,26.188616889951494,91.7014028050939,7.829559326171875,9.935046195983887,,,BLE
38:57:fa:c1:f0:60,,Misc,2026-09-26 07:29:40,,,-95,26.188615208985542,91.70141812822924,8.341583251953125,9.935046195983887,,6,BLE
06:83:42:c0:80:c7,,Misc,2026-09-26 07:29:40,,,-81,26.188615208985542,91.70141812822924,8.341583251953125,9.935046195983887,,6,BLE
12:4c:41:08:96:4b,,Misc,2026-09-26 07:29:40,,,-98,26.188615208985542,91.70141812822924,8.341583251953125,9.935046195983887,,,BLE
24:db:9b:b1:c2:a0,,Misc,2026-09-26 07:29:40,,,-96,26.188615208985542,91.70141812822924,8.341583251953125,9.935046195983887,,,BLE
30:de:4b:c6:f7:d2,saale-apna-router-laga,[WPA2-PSK-CCMP][RSN-PSK-CCMP][ESS][WPS],2026-09-26 07:29:40,4,2427,-74,26.188615208985542,91.70141812822924,8.341583251953125,9.935046195983887,,,WIFI
ba:ab:3c:c6:7f:20,Ace,[WPA2-PSK-CCMP][RSN-PSK-CCMP][ESS],2026-09-26 07:29:40,6,2437,-85,26.188615208985542,91.70141812822924,8.341583251953125,9.935046195983887,,,WIFI
9a:ed:96:e2:23:60,Nothing Phone (3a) Lite_763,[WPA2-PSK-CCMP][RSN-PSK+SAE-CCMP][ESS],2026-09-26 07:29:40,13,2472,-76,26.188615208985542,91.70141812822924,8.341583251953125,9.935046195983887,,,WIFI
f6:da:c7:20:89:1f,srikar,[WPA2-PSK-CCMP][RSN-PSK-CCMP][ESS],2026-09-26 07:29:40,11,2462,-78,26.188615208985542,91.70141812822924,8.341583251953125,9.935046195983887,,,WIFI
9a:f6:bc:a1:8b:93,OPPO K14x 5G f88h,[WPA2-PSK-CCMP][RSN-PSK-CCMP][ESS],2026-09-26 07:29:40,10,2457,-87,26.188615208985542,91.70141812822924,8.341583251953125,9.935046195983887,,,WIFI
3c:1e:04:24:b2:26,Rohan,[WPA-PSK-CCMP][WPA2-PSK-CCMP][RSN-PSK-CCMP][ESS],2026-09-26 07:29:40,1,2412,-69,26.188615208985542,91.70141812822924,8.341583251953125,9.935046195983887,,,WIFI
23:40:22:f4:4b:b9,,Uncategorized;10,2026-09-26 07:29:43,,7936,-104,26.188605477230126,91.70143769152914,8.247833251953125,9.935046195983887,,,BLE
38:57:fa:c1:f0:60,,Misc,2026-09-26 07:29:45,,,-81,26.188595337136572,91.70145168667625,8.068603515625,9.935046195983887,,6,BLE
b8:b4:09:d1:80:f7,,Misc,2026-09-26 07:29:45,,,-85,26.188595337136572,91.70145168667625,8.068603515625,9.935046195983887,,117,BLE
4e:9c:f5:d6:42:58,,Misc,2026-09-26 07:29:45,,7936,-87,26.188595337136572,91.70145168667625,8.068603515625,9.935046195983887,,,BLE
6e:64:25:f0:40:7c,,Uncategorized;10,2026-09-26 07:29:45,,7936,-75,26.188595337136572,91.70145168667625,8.068603515625,9.935046195983887,,76,BLE
23:40:22:f4:4b:b9,,Uncategorized;10,2026-09-26 07:29:45,,7936,-99,26.188595337136572,91.70145168667625,8.068603515625,9.935046195983887,,,BLE
68:ee:1b:ea:2e:6e,LAPTOP-4OFI1H4H,Misc,2026-09-26 07:29:45,,7936,-83,26.188595337136572,91.70145168667625,8.068603515625,9.935046195983887,,,BLE
62:f8:4d:68:34:a6,,Misc,2026-09-26 07:29:45,,,-96,26.188595337136572,91.70145168667625,8.068603515625,9.935046195983887,,76,BLE
69:dd:8c:2a:57:6f,,Misc,2026-09-26 07:29:45,,7936,-100,26.188595337136572,91.70145168667625,8.068603515625,9.935046195983887,,76,BLE
76:54:a0:73:39:2c,,Misc,2026-09-26 07:29:50,,7936,-96,26.188587948554936,91.70149836079725,8.04864501953125,9.935046195983887,,,BLE
24:db:9b:b1:c2:a0,,Misc,2026-09-26 07:29:50,,,-86,26.188587948554936,91.70149836079725,8.04864501953125,9.935046195983887,,,BLE
07:b5:eb:90:93:28,,Misc,2026-09-26 07:29:51,,7936,-94,26.18858839354845,91.70150802122863,7.775482177734375,9.935046195983887,,,BLE
4e:9c:f5:d6:42:58,,Misc,2026-09-26 07:29:51,,7936,-79,26.18858839354845,91.70150802122863,7.775482177734375,9.935046195983887,,,BLE
b6:08:53:60:38:bb,,[WPA2-PSK-CCMP][RSN-PSK-CCMP][ESS],2026-09-26 07:29:52,52,5260,-85,26.18858867947206,91.70151707339458,7.49334716796875,9.935046195983887,,,WIFI
5c:02:14:c6:fb:fb,Satheesh_Anna,[WPA-PSK-TKIP+CCMP][WPA2-PSK-TKIP+CCMP][RSN-PSK-TKIP+CCMP][ESS][WPS],2026-09-26 07:29:52,10,2457,-75,26.18858867947206,91.70151707339458,7.49334716796875,9.935046195983887,,,WIFI
a4:2a:95:29:5d:e5,R04-5DE4,[WPA2-PSK-CCMP][RSN-PSK-CCMP][ESS],2026-09-26 07:29:52,8,2447,-83,26.18858867947206,91.70151707339458,7.49334716796875,9.935046195983887,,,WIFI
9a:f6:bc:a1:8b:93,OPPO K14x 5G f88h,[WPA2-PSK-CCMP][RSN-PSK-CCMP][ESS],2026-09-26 07:29:52,10,2457,-69,26.18858867947206,91.70151707339458,7.49334716796875,9.935046195983887,,,WIFI
ba:08:53:60:38:bb,,[WPA2-PSK-CCMP][RSN-PSK-CCMP][ESS],2026-09-26 07:29:52,52,5260,-87,26.18858867947206,91.70151707339458,7.49334716796875,9.935046195983887,,,WIFI
a4:08:53:60:38:bb,Airtel_bidi_7996,[WPA2-PSK-CCMP][RSN-PSK-CCMP][ESS],2026-09-26 07:29:52,52,5260,-85,26.18858867947206,91.70151707339458,7.49334716796875,9.935046195983887,,,WIFI
a4:08:53:60:38:ba,Airtel_bidi_7996,[WPA2-PSK-CCMP][RSN-PSK-CCMP][ESS],2026-09-26 07:29:52,6,2437,-74,26.18858867947206,91.70151707339458,7.49334716796875,9.935046195983887,,,WIFI
41:3e:1c:66:82:d2,,Uncategorized;10,2026-09-26 07:29:52,,7936,-87,26.18858867947206,91.70151707339458,7.49334716796875,9.935046195983887,,,BLE
45:b9:4c:6b:60:ae,,Misc,2026-09-26 07:29:53,,7936,-89,26.188589440971512,91.70152639600929,7.916473388671875,9.935046195983887,,76,BLE
46:b8:19:d8:31:05,,Uncategorized;10,2026-09-26 07:29:53,,7936,-89,26.188589440971512,91.70152639600929,7.916473388671875,9.935046195983887,,76,BLE
37:b9:d1:64:76:2f,,Misc,2026-09-26 07:29:55,,,-86,26.188600458494683,91.70154500489011,7.777801513671875,9.935046195983887,,6,BLE
4e:7f:08:e3:9c:68,,Misc,2026-09-26 07:29:55,,,-104,26.188600458494683,91.70154500489011,7.777801513671875,9.935046195983887,,76,BLE
fa:95:c6:c0:64:03,realme Buds T200x(BLE),Misc,2026-09-26 07:29:55,,7936,-92,26.188600458494683,91.70154500489011,7.777801513671875,9.935046195983887,,,BLE
79:22:82:99:69:f2,,Uncategorized;10,2026-09-26 07:29:55,,7936,-91,26.188600458494683,91.70154500489011,7.777801513671875,9.935046195983887,,76,BLE
d0:5a:fd:ad:73:e2,realme narzo 20,Smartphone;10,2026-09-26 07:29:55,,524,-77,26.188600458494683,91.70154500489011,7.777801513671875,9.935046195983887,,,BT
32:dc:fe:f9:d5:8b,,Uncategorized;10,2026-09-26 07:29:56,,7936,-92,26.188604936842754,91.70155514590058,6.286224365234375,9.935046195983887,,,BLE
76:54:a0:73:39:2c,,Misc,2026-09-26 07:29:56,,7936,-83,26.188604936842754,91.70155514590058,6.286224365234375,9.935046195983887,,,BLE
41:42:19:69:ad:fe,,null;10,2026-09-26 07:29:56,,1028,0,26.188604936842754,91.70155514590058,6.286224365234375,9.935046195983887,,,BT
ba:ab:3c:c6:7f:20,Ace,[WPA2-PSK-CCMP][RSN-PSK-CCMP][ESS],2026-09-26 07:29:58,6,2437,-62,26.18861210304,91.70157975502161,7.6593017578125,9.935046195983887,,,WIFI
7c:a9:6b:d3:e0:25,FTTH,[WPA-PSK-TKIP][WPA2-PSK+FT/PSK-CCMP][RSN-PSK+FT/PSK-CCMP][ESS],2026-09-26 07:29:58,7,2442,-76,26.18861210304,91.70157975502161,7.6593017578125,9.935046195983887,,,WIFI
bc:22:28:c0:f3:24,Rameshwar,[WPA2-PSK-CCMP][RSN-PSK-CCMP][ESS],2026-09-26 07:29:58,1,2412,-79,26.18861210304,91.70157975502161,7.6593017578125,9.935046195983887,,,WIFI
04:d5:90:66:d1:f8,eduroam,[WPA2-EAP/SHA1-CCMP][RSN-EAP/SHA1-CCMP][ESS],2026-09-26 07:29:58,36,5180,-88,26.18861210304,91.70157975502161,7.6593017578125,9.935046195983887,,,WIFI
4e:8b:ba:d9:38:d6,,Misc,2026-09-26 07:30:00,,7936,-101,26.18861599965328,91.70159701467699,7.05145263671875,9.935046195983887,,76,BLE
cf:e4:64:91:d7:c3,,Misc,2026-09-26 07:30:00,,,-79,26.18861599965328,91.70159701467699,7.05145263671875,9.935046195983887,,76,BLE
de:7e:c0:10:af:ac,,Misc,2026-09-26 07:30:00,,,-98,26.18861599965328,91.70159701467699,7.05145263671875,9.935046195983887,,76,BLE
7a:18:9b:fd:90:b7,,Misc,2026-09-26 07:30:00,,7936,-103,26.18861599965328,91.70159701467699,7.05145263671875,9.935046195983887,,76,BLE
04:60:4f:e6:0d:b6,,Misc,2026-09-26 07:30:00,,,-91,26.18861599965328,91.70159701467699,7.05145263671875,9.935046195983887,,,BLE
37:b9:d1:64:76:2f,,Misc,2026-09-26 07:30:00,,,-78,26.18861599965328,91.70159701467699,7.05145263671875,9.935046195983887,,6,BLE
7f:23:9e:de:6a:73,,Misc,2026-09-26 07:30:00,,,-99,26.18861599965328,91.70159701467699,7.05145263671875,9.935046195983887,,1946,BLE
de:4e:b2:43:3c:05,,Misc,2026-09-26 07:30:00,,,-93,26.18861599965328,91.70159701467699,7.05145263671875,9.935046195983887,,76,BLE
fa:95:c6:c0:64:03,realme Buds T200x(BLE),Misc,2026-09-26 07:30:00,,7936,-82,26.18861599965328,91.70159701467699,7.05145263671875,9.935046195983887,,,BLE
76:3f:bd:07:98:85,,Uncategorized;10,2026-09-26 07:30:01,,7936,-102,26.188611804325955,91.70160050283464,6.43048095703125,9.935046195983887,,,BLE
fa:95:c6:c0:64:03,realme Buds T200x(BLE),Misc,2026-09-26 07:30:05,,7936,-69,26.18861240616718,91.70163596490781,6.376495361328125,9.935046195983887,,,BLE
63:c5:bd:dd:df:47,LAPTOP-KR1EL41L,Misc,2026-09-26 07:30:05,,7936,-96,26.18861240616718,91.70163596490781,6.376495361328125,9.935046195983887,,,BLE
08:87:eb:05:2f:26,,Misc,2026-09-26 07:30:05,,,-93,26.18861240616718,91.70163596490781,6.376495361328125,9.935046195983887,,6,BLE
0b:26:57:f6:9c:33,,Misc,2026-09-26 07:30:05,,,-96,26.18861240616718,91.70163596490781,6.376495361328125,9.935046195983887,,6,BLE
dc:01:e0:2b:0b:00,,Misc,2026-09-26 07:30:05,,,-98,26.18861240616718,91.70163596490781,6.376495361328125,9.935046195983887,,76,BLE
10:31:f4:a2:82:42,,Misc,2026-09-26 07:30:05,,,-98,26.18861240616718,91.70163596490781,6.376495361328125,9.935046195983887,,6,BLE
45:77:32:73:46:ba,OnePlus Nord Buds 3r,Uncategorized,2026-09-26 07:30:05,,7936,-100,26.18861240616718,91.70163596490781,6.376495361328125,9.935046195983887,,,BLE
51:7a:28:91:af:af,realme Buds T310-GFP,Uncategorized,2026-09-26 07:30:05,,,-98,26.18861240616718,91.70163596490781,6.376495361328125,9.935046195983887,,,BLE
88:0e:85:90:c8:56,realme Buds T310,Uncategorized,2026-09-26 07:30:05,,7936,-92,26.18861240616718,91.70163596490781,6.376495361328125,9.935046195983887,,41992,BLE
d6:28:09:30:3a:55,Evolve3_3A55,Misc,2026-09-26 07:30:05,,7936,-99,26.18861240616718,91.70163596490781,6.376495361328125,9.935046195983887,,,BLE
e7:73:0d:a4:e0:d6,,Misc,2026-09-26 07:30:05,,,-105,26.18861240616718,91.70163596490781,6.376495361328125,9.935046195983887,,76,BLE
d0:5a:fd:ad:73:e2,realme narzo 20,Smartphone;10,2026-09-26 07:30:05,,524,0,26.18861240616718,91.70163596490781,6.376495361328125,9.935046195983887,,,BT
63:c5:bd:dd:df:47,LAPTOP-KR1EL41L,Misc,2026-09-26 07:30:06,,7936,-88,26.188611302582576,91.70164518232569,6.317779541015625,9.935046195983887,,,BLE
76:3f:bd:07:98:85,,Uncategorized;10,2026-09-26 07:30:06,,7936,-83,26.188611302582576,91.70164518232569,6.317779541015625,9.935046195983887,,,BLE
6d:11:4f:c3:2a:1d,,Uncategorized;10,2026-09-26 07:30:07,,7936,-84,26.18861011240324,91.70165449998012,5.726348876953125,9.935046195983887,,,BLE
32:dc:fe:f9:d5:8b,,Uncategorized;10,2026-09-26 07:30:07,,7936,-86,26.18861011240324,91.70165449998012,5.726348876953125,9.935046195983887,,,BLE
46:b8:19:d8:31:05,,Uncategorized;10,2026-09-26 07:30:08,,7936,-84,26.188609060145765,91.70166359656555,5.1551513671875,9.935046195983887,,76,BLE
45:b9:4c:6b:60:ae,,Misc,2026-09-26 07:30:08,,7936,-80,26.188609060145765,91.70166359656555,5.1551513671875,9.935046195983887,,76,BLE
79:22:82:99:69:f2,,Uncategorized;10,2026-09-26 07:30:08,,7936,-85,26.188609060145765,91.70166359656555,5.1551513671875,9.935046195983887,,76,BLE
28:87:ba:9f:d1:7d,TP-Link_D17D,[WPA2-PSK-CCMP][RSN-PSK-CCMP][ESS][WPS],2026-09-26 07:30:08,9,2452,-73,26.188609060145765,91.70166359656555,5.1551513671875,9.935046195983887,,,WIFI
3e:78:95:ad:06:87,,[WPA2-PSK-CCMP][RSN-PSK-CCMP][ESS],2026-09-26 07:30:08,5,2432,-83,26.188609060145765,91.70166359656555,5.1551513671875,9.935046195983887,,,WIFI
20:e1:5d:c2:6d:d4,A06 Goats but Faster,[WPA2-PSK-CCMP][RSN-PSK-CCMP][ESS][WPS],2026-09-26 07:30:08,153,5765,-83,26.188609060145765,91.70166359656555,5.1551513671875,9.935046195983887,,,WIFI
3c:33:32:e8:04:f6,Arpan,[WPA-PSK-TKIP+CCMP][WPA2-PSK-TKIP+CCMP][RSN-PSK-TKIP+CCMP][ESS][WPS],2026-09-26 07:30:08,11,2462,-56,26.188609060145765,91.70166359656555,5.1551513671875,9.935046195983887,,,WIFI
6c:4c:bc:ae:41:b6,sirfapsalot,[WPA2-PSK-CCMP][RSN-PSK-CCMP][ESS][WPS],2026-09-26 07:30:08,10,2457,-84,26.188609060145765,91.70166359656555,5.1551513671875,9.935046195983887,,,WIFI
8c:de:f9:75:ec:c9,Why Fi,[WPA-PSK-TKIP+CCMP][WPA2-PSK-TKIP+CCMP][RSN-PSK-TKIP+CCMP][ESS][WPS],2026-09-26 07:30:08,10,2457,-82,26.188609060145765,91.70166359656555,5.1551513671875,9.935046195983887,,,WIFI
3c:78:95:cd:06:87,TP-Link_0687,[WPA2-PSK-CCMP][RSN-PSK-CCMP][ESS],2026-09-26 07:30:08,5,2432,-82,26.188609060145765,91.70166359656555,5.1551513671875,9.935046195983887,,,WIFI
3c:6a:d2:4f:18:06,A05,[WPA2-PSK-CCMP][RSN-PSK-CCMP][ESS][WPS],2026-09-26 07:30:08,2,2417,-88,26.188609060145765,91.70166359656555,5.1551513671875,9.935046195983887,,,WIFI
04:d5:90:66:c0:20,eduroam,[WPA2-EAP/SHA1-CCMP][RSN-EAP/SHA1-CCMP][ESS],2026-09-26 07:30:08,6,2437,-86,26.188609060145765,91.70166359656555,5.1551513671875,9.935046195983887,,,WIFI
0f:10:21:22:03:a9,,Misc,2026-09-26 07:30:10,,,-87,26.18860858983068,91.70168095917977,6.162384033203125,9.935046195983887,,6,BLE
45:77:32:73:46:ba,OnePlus Nord Buds 3r,Uncategorized,2026-09-26 07:30:10,,7936,-93,26.18860858983068,91.70168095917977,6.162384033203125,9.935046195983887,,,BLE
10:31:f4:a2:82:42,,Misc,2026-09-26 07:30:10,,,-84,26.18860858983068,91.70168095917977,6.162384033203125,9.935046195983887,,6,BLE
01:b0:0e:72:c9:cb,,Misc,2026-09-26 07:30:10,,,-98,26.18860858983068,91.70168095917977,6.162384033203125,9.935046195983887,,6,BLE
6d:11:4f:c3:2a:1d,,Uncategorized;10,2026-09-26 07:30:10,,7936,-84,26.18860858983068,91.70168095917977,6.162384033203125,9.935046195983887,,76,BLE
88:0e:85:90:c8:56,realme Buds T310,Uncategorized,2026-09-26 07:30:10,,7936,-87,26.18860858983068,91.70168095917977,6.162384033203125,9.935046195983887,,41992,BLE
76:85:15:99:7a:28,,Misc,2026-09-26 07:30:10,,7936,-98,26.18860858983068,91.70168095917977,6.162384033203125,9.935046195983887,,76,BLE
51:7a:28:91:af:af,realme Buds T310-GFP,Uncategorized,2026-09-26 07:30:10,,,-80,26.18860858983068,91.70168095917977,6.162384033203125,9.935046195983887,,,BLE
f5:4e:16:2c:bb:32,,Misc,2026-09-26 07:30:10,,,-82,26.18860858983068,91.70168095917977,6.162384033203125,9.935046195983887,,76,BLE
0b:26:57:f6:9c:33,,Misc,2026-09-26 07:30:10,,,-89,26.18860858983068,91.70168095917977,6.162384033203125,9.935046195983887,,6,BLE
4e:6e:de:cb:fb:70,,Uncategorized;10,2026-09-26 07:30:14,,7936,-97,26.18861955729678,91.70171185695015,6.52691650390625,9.935046195983887,,,BLE
72:69:bd:31:02:6f,,Uncategorized;10,2026-09-26 07:30:14,,7936,-103,26.18861955729678,91.70171185695015,6.52691650390625,9.935046195983887,,,BLE
72:69:bd:31:02:6f,,Uncategorized;10,2026-09-26 07:30:15,,7936,-100,26.18862107204178,91.70172067738943,7.182891845703125,9.935046195983887,,76,BLE
45:e6:73:5e:cf:92,,Misc,2026-09-26 07:30:15,,,-96,26.18862107204178,91.70172067738943,7.182891845703125,9.935046195983887,,76,BLE
1e:06:2c:b0:68:97,,Misc,2026-09-26 07:30:15,,7936,-103,26.18862107204178,91.70172067738943,7.182891845703125,9.935046195983887,,,BLE
4c:ce:d3:71:68:af,,Misc,2026-09-26 07:30:15,,7936,-95,26.18862107204178,91.70172067738943,7.182891845703125,9.935046195983887,,76,BLE
46:1b:90:32:e2:d4,,Misc,2026-09-26 07:30:15,,,-99,26.18862107204178,91.70172067738943,7.182891845703125,9.935046195983887,,6,BLE
fd:0e:e1:51:74:05,,Misc,2026-09-26 07:30:15,,,-102,26.18862107204178,91.70172067738943,7.182891845703125,9.935046195983887,,76,BLE
4e:6e:de:cb:fb:70,,Uncategorized;10,2026-09-26 07:30:15,,7936,-95,26.18862107204178,91.70172067738943,7.182891845703125,9.935046195983887,,76,BLE
0f:10:21:22:03:a9,,Misc,2026-09-26 07:30:15,,,-82,26.18862107204178,91.70172067738943,7.182891845703125,9.935046195983887,,6,BLE
4b:00:93:d3:f5:78,,Misc,2026-09-26 07:30:15,,7936,-87,26.18862107204178,91.70172067738943,7.182891845703125,9.935046195983887,,76,BLE
d6:28:09:30:3a:55,Evolve3_3A55,Misc,2026-09-26 07:30:15,,7936,-89,26.18862107204178,91.70172067738943,7.182891845703125,9.935046195983887,,,BLE
08:5a:11:58:30:0b,Wifi2,[WPA2-PSK-CCMP][RSN-PSK-CCMP][ESS],2026-09-26 07:30:16,1,2412,-74,26.188622829910745,91.7017323938204,6.675506591796875,9.935046195983887,,,WIFI
28:87:ba:9f:d1:7c,TP-Link_D17D_5G,[WPA2-PSK-CCMP][RSN-PSK-CCMP][ESS][WPS],2026-09-26 07:30:16,149,5745,-83,26.188622829910745,91.7017323938204,6.675506591796875,9.935046195983887,,,WIFI
e2:8f:4c:f2:35:50,LAPTOP-L55TLLN5 1560,[WPA2-PSK-CCMP][RSN-PSK-CCMP][ESS][WPS],2026-09-26 07:30:16,11,2462,-69,26.188622829910745,91.7017323938204,6.675506591796875,9.935046195983887,,,WIFI
64:29:43:99:7a:1a,Barbie,[WPA2-PSK-CCMP][RSN-PSK-CCMP][ESS],2026-09-26 07:30:16,5,2432,-82,26.188622829910745,91.7017323938204,6.675506591796875,9.935046195983887,,,WIFI
40:ed:00:2c:f7:14,Blag gai,[WPA2-PSK-CCMP][RSN-PSK-CCMP][ESS][WPS],2026-09-26 07:30:16,4,2427,-80,26.188622829910745,91.7017323938204,6.675506591796875,9.935046195983887,,,WIFI
8c:de:f9:75:ec:c9,Why Fi,[WPA-PSK-TKIP+CCMP][WPA2-PSK-TKIP+CCMP][RSN-PSK-TKIP+CCMP][ESS][WPS],2026-09-26 07:30:16,10,2457,-75,26.188622829910745,91.7017323938204,6.675506591796875,9.935046195983887,,,WIFI
3c:78:95:cd:06:87,TP-Link_0687,[WPA2-PSK-CCMP][RSN-PSK-CCMP][ESS],2026-09-26 07:30:16,5,2432,-65,26.188622829910745,91.7017323938204,6.675506591796875,9.935046195983887,,,WIFI
3c:6a:d2:4f:18:06,A05,[WPA2-PSK-CCMP][RSN-PSK-CCMP][ESS][WPS],2026-09-26 07:30:16,2,2417,-70,26.188622829910745,91.7017323938204,6.675506591796875,9.935046195983887,,,WIFI
a8:42:a1:88:0f:e2,Lakers2024,[WPA2-PSK-CCMP][RSN-PSK-CCMP][ESS][WPS],2026-09-26 07:30:16,10,2457,-80,26.188622829910745,91.7017323938204,6.675506591796875,9.935046195983887,,,WIFI
3c:78:95:cd:06:89,TP-Link_0687,[WPA2-PSK-CCMP][RSN-PSK-CCMP][ESS],2026-09-26 07:30:16,161,5805,-80,26.188622829910745,91.7017323938204,6.675506591796875,9.935046195983887,,,WIFI
40:86:cb:7a:f5:90,DIR-615-F58F,[WPA2-PSK-CCMP][RSN-PSK-CCMP][ESS],2026-09-26 07:30:16,13,2472,-86,26.188622829910745,91.7017323938204,6.675506591796875,9.935046195983887,,,WIFI
10:be:f5:95:32:16,Bharath_A106,[WPA-PSK-TKIP+CCMP][WPA2-PSK-TKIP+CCMP][RSN-PSK-TKIP+CCMP][ESS][WPS],2026-09-26 07:30:16,12,2467,-62,26.188622829910745,91.7017323938204,6.675506591796875,9.935046195983887,,,WIFI
40:86:cb:30:5e:1c,DIR-825-5G-5E1B,[WPA2-PSK-CCMP][RSN-PSK-CCMP][ESS][WPS],2026-09-26 07:30:16,36,5180,-76,26.188622829910745,91.7017323938204,6.675506591796875,9.935046195983887,,,WIFI
10:be:f5:95:32:17,Bharath,[WPA-PSK-TKIP+CCMP][WPA2-PSK-TKIP+CCMP][RSN-PSK-TKIP+CCMP][ESS][WPS],2026-09-26 07:30:16,48,5240,-77,26.188622829910745,91.7017323938204,6.675506591796875,9.935046195983887,,,WIFI
42:90:07:84:3f:79,,Misc,2026-09-26 07:30:16,,7936,-84,26.188622829910745,91.7017323938204,6.675506591796875,9.935046195983887,,76,BLE
56:aa:da:ce:30:7c,,Uncategorized;10,2026-09-26 07:30:16,,7936,-89,26.188622829910745,91.7017323938204,6.675506591796875,9.935046195983887,,76,BLE
62:0f:42:20:9b:47,,Uncategorized;10,2026-09-26 07:30:16,,7936,-93,26.188622829910745,91.7017323938204,6.675506591796875,9.935046195983887,,76,BLE
74:2d:15:ae:c6:f2,,Uncategorized;10,2026-09-26 07:30:18,,7936,-93,26.188633367165686,91.70174330360051,5.759674072265625,9.935046195983887,,,BLE
57:0d:4a:59:74:3c,,Uncategorized;10,2026-09-26 07:30:19,,7936,-89,26.188633348002142,91.70175068983315,4.538421630859375,9.935046195983887,,,BLE
6b:8e:d9:7d:d6:88,,Misc,2026-09-26 07:30:20,,,-99,26.18863756988182,91.70175826295518,4.924102783203125,9.935046195983887,,76,BLE
77:2e:1c:55:64:19,CMF Buds 2a,Uncategorized,2026-09-26 07:30:20,,7936,-94,26.18863756988182,91.70175826295518,4.924102783203125,9.935046195983887,,3275,BLE
57:0d:4a:59:74:3c,,Uncategorized;10,2026-09-26 07:30:20,,7936,-91,26.18863756988182,91.70175826295518,4.924102783203125,9.935046195983887,,76,BLE
01:c2:7e:4a:a9:d5,,Misc,2026-09-26 07:30:20,,,-100,26.18863756988182,91.70175826295518,4.924102783203125,9.935046195983887,,6,BLE
c0:7e:59:b0:b3:52,Nirvana Ion-LE,Uncategorized,2026-09-26 07:30:20,,,-97,26.18863756988182,91.70175826295518,4.924102783203125,9.935046195983887,,,BLE
c6:30:a0:3e:83:e6,,Misc,2026-09-26 07:30:20,,,-93,26.18863756988182,91.70175826295518,4.924102783203125,9.935046195983887,,76,BLE
51:7a:28:91:af:af,realme Buds T310-GFP,Uncategorized,2026-09-26 07:30:20,,,-75,26.18863756988182,91.70175826295518,4.924102783203125,9.935046195983887,,,BLE
72:07:2c:25:04:54,"Noise Airwave Max XR ",Misc,2026-09-26 07:30:20,,7936,-91,26.18863756988182,91.70175826295518,4.924102783203125,9.935046195983887,,1906,BLE
05:c1:77:75:2e:48,,Misc,2026-09-26 07:30:20,,,-101,26.18863756988182,91.70175826295518,4.924102783203125,9.935046195983887,,6,BLE
32:28:53:d3:64:4e,,Misc,2026-09-26 07:30:20,,,-106,26.18863756988182,91.70175826295518,4.924102783203125,9.935046195983887,,6,BLE
74:2d:15:ae:c6:f2,,Uncategorized;10,2026-09-26 07:30:20,,7936,-91,26.18863756988182,91.70175826295518,4.924102783203125,9.935046195983887,,76,BLE
4c:ce:d3:71:68:af,,Misc,2026-09-26 07:30:20,,7936,-89,26.18863756988182,91.70175826295518,4.924102783203125,9.935046195983887,,76,BLE
88:0e:85:90:c8:56,realme Buds T310,Uncategorized,2026-09-26 07:30:20,,7936,-73,26.18863756988182,91.70175826295518,4.924102783203125,9.935046195983887,,41992,BLE
44:82:9f:74:8c:fc,,Misc,2026-09-26 07:30:20,,,-105,26.18863756988182,91.70175826295518,4.924102783203125,9.935046195983887,,76,BLE
06:4e:08:41:85:9c,,Misc,2026-09-26 07:30:20,,,-93,26.18863756988182,91.70175826295518,4.924102783203125,9.935046195983887,,,BLE
77:20:57:1a:5d:58,,Uncategorized;10,2026-09-26 07:30:24,,7936,-90,26.188646356547697,91.7017906342119,4.923736572265625,10.01784896850586,,,BLE
7a:18:9b:fd:90:b7,,Misc,2026-09-26 07:30:24,,7936,-93,26.188646356547697,91.7017906342119,4.923736572265625,10.01784896850586,,76,BLE
69:27:b5:29:74:17,,Misc,2026-09-26 07:30:25,,,-107,26.188647755163526,91.7017987304267,5.569091796875,10.00450611114502,,76,BLE
73:d7:39:d2:45:26,,Misc,2026-09-26 07:30:25,,,-105,26.188647755163526,91.7017987304267,5.569091796875,10.00450611114502,,,BLE
e7:3b:bb:1b:bd:25,,Misc,2026-09-26 07:30:25,,,-104,26.188647755163526,91.7017987304267,5.569091796875,10.00450611114502,,76,BLE
17:a0:e4:4a:17:30,,Misc,2026-09-26 07:30:25,,7936,-105,26.188647755163526,91.7017987304267,5.569091796875,10.00450611114502,,,BLE
e7:94:f7:ac:ee:0e,,Misc,2026-09-26 07:30:25,,,-107,26.188647755163526,91.7017987304267,5.569091796875,10.00450611114502,,76,BLE
3e:78:95:ed:06:87,,[WPA2-PSK-CCMP][RSN-PSK-CCMP][ESS],2026-09-26 07:30:26,161,5805,-74,26.1886499570004,91.7018071003599,5.0406494140625,10.047423362731934,,,WIFI
3e:78:95:ad:06:87,,[WPA2-PSK-CCMP][RSN-PSK-CCMP][ESS],2026-09-26 07:30:26,5,2432,-60,26.1886499570004,91.7018071003599,5.0406494140625,10.047423362731934,,,WIFI
b6:08:53:60:38:bb,,[WPA2-PSK-CCMP][RSN-PSK-CCMP][ESS],2026-09-26 07:30:26,52,5260,-80,26.1886499570004,91.7018071003599,5.0406494140625,10.047423362731934,,,WIFI
98:ba:5f:0b:ca:01,TP-Link_CA01,[WPA2-PSK-CCMP][RSN-PSK+SAE-CCMP][ESS][WPS][MFPC],2026-09-26 07:30:26,8,2447,-71,26.1886499570004,91.7018071003599,5.0406494140625,10.047423362731934,,,WIFI
3c:78:95:cd:06:87,TP-Link_0687,[WPA2-PSK-CCMP][RSN-PSK-CCMP][ESS],2026-09-26 07:30:26,5,2432,-58,26.1886499570004,91.7018071003599,5.0406494140625,10.047423362731934,,,WIFI
3c:78:95:cd:06:89,TP-Link_0687,[WPA2-PSK-CCMP][RSN-PSK-CCMP][ESS],2026-09-26 07:30:26,161,5805,-71,26.1886499570004,91.7018071003599,5.0406494140625,10.047423362731934,,,WIFI
ba:08:53:60:38:bb,,[WPA2-PSK-CCMP][RSN-PSK-CCMP][ESS],2026-09-26 07:30:26,52,5260,-80,26.1886499570004,91.7018071003599,5.0406494140625,10.047423362731934,,,WIFI
12:8c:8c:c1:69:b1,Oooooo,[WPA2-PSK-CCMP][RSN-PSK-CCMP][ESS],2026-09-26 07:30:26,7,2442,-75,26.1886499570004,91.7018071003599,5.0406494140625,10.047423362731934,,,WIFI
40:3f:8c:99:1d:ad,Curry,[WPA2-PSK-CCMP][RSN-PSK-CCMP][ESS][WPS],2026-09-26 07:30:26,3,2422,-84,26.1886499570004,91.7018071003599,5.0406494140625,10.047423362731934,,,WIFI
a4:08:53:60:38:bb,Airtel_bidi_7996,[WPA2-PSK-CCMP][RSN-PSK-CCMP][ESS],2026-09-26 07:30:26,52,5260,-79,26.1886499570004,91.7018071003599,5.0406494140625,10.047423362731934,,,WIFI
9a:ba:5f:2b:ca:01,,[WPA2-PSK-CCMP][RSN-PSK-CCMP][ESS],2026-09-26 07:30:26,8,2447,-74,26.1886499570004,91.7018071003599,5.0406494140625,10.047423362731934,,,WIFI
54:6d:45:21:73:dc,,Misc,2026-09-26 07:30:30,,,-104,26.18866418054547,91.70183060960193,5.360931396484375,10.071245193481445,,76,BLE
f8:13:d8:3c:e1:ee,,Misc,2026-09-26 07:30:30,,,-97,26.18866418054547,91.70183060960193,5.360931396484375,10.071245193481445,,76,BLE
c4:d8:a2:9b:e3:c3,,Misc,2026-09-26 07:30:30,,,-102,26.18866418054547,91.70183060960193,5.360931396484375,10.071245193481445,,76,BLE
72:69:bd:31:02:6f,,Uncategorized;10,2026-09-26 07:30:30,,7936,-89,26.18866418054547,91.70183060960193,5.360931396484375,10.071245193481445,,76,BLE
68:45:90:07:e7:aa,CMF Buds,Misc,2026-09-26 07:30:30,,,-92,26.18866418054547,91.70183060960193,5.360931396484375,10.071245193481445,,,BLE
45:17:a6:93:58:a8,LAPTOP-5TDTU01O,Misc,2026-09-26 07:30:30,,7936,-104,26.18866418054547,91.70183060960193,5.360931396484375,10.071245193481445,,,BLE
4f:6a:38:9e:49:25,,Misc,2026-09-26 07:30:30,,7936,-105,26.18866418054547,91.70183060960193,5.360931396484375,10.071245193481445,,76,BLE
44:81:38:ac:a5:cf,,Misc,2026-09-26 07:30:30,,,-95,26.18866418054547,91.70183060960193,5.360931396484375,10.071245193481445,,76,BLE
e5:d5:3d:19:62:6b,,Misc,2026-09-26 07:30:30,,,-94,26.18866418054547,91.70183060960193,5.360931396484375,10.071245193481445,,76,BLE
53:bc:90:83:aa:cb,,Uncategorized;10,2026-09-26 07:30:30,,7936,-105,26.18866418054547,91.70183060960193,5.360931396484375,10.071245193481445,,,BLE
0c:22:79:88:c3:20,,Uncategorized;10,2026-09-26 07:30:33,,7936,-86,26.188673888433698,91.70185443315675,6.82342529296875,10.001569747924805,,,BLE
0a:12:ea:07:4a:ba,,Misc,2026-09-26 07:30:35,,,-99,26.188681361109406,91.7018722566121,7.8345947265625,9.935046195983887,,,BLE
70:a7:7c:76:06:80,,Misc,2026-09-26 07:30:35,,7936,-101,26.188681361109406,91.7018722566121,7.8345947265625,9.935046195983887,,76,BLE
c9:3b:28:40:c2:06,,Misc,2026-09-26 07:30:35,,,-88,26.188681361109406,91.7018722566121,7.8345947265625,9.935046195983887,,76,BLE
54:6d:45:21:73:dc,,Misc,2026-09-26 07:30:35,,,-94,26.188681361109406,91.7018722566121,7.8345947265625,9.935046195983887,,76,BLE
53:bc:90:83:aa:cb,,Uncategorized;10,2026-09-26 07:30:35,,7936,-105,26.188681361109406,91.7018722566121,7.8345947265625,9.935046195983887,,76,BLE
68:45:90:07:e7:aa,CMF Buds,Misc,2026-09-26 07:30:35,,,-100,26.188681361109406,91.7018722566121,7.8345947265625,9.935046195983887,,3275,BLE
53:17:1c:c7:01:2d,,Uncategorized;10,2026-09-26 07:30:36,,7936,-94,26.18868818767346,91.70187830618859,7.540802001953125,9.935046195983887,,,BLE
20:e1:5d:c2:6d:d4,A06 Goats but Faster,[WPA2-PSK-CCMP][RSN-PSK-CCMP][ESS][WPS],2026-09-26 07:30:36,153,5765,-76,26.18868818767346,91.70187830618859,7.540802001953125,9.935046195983887,,,WIFI
ea:19:20:82:64:ff,iPhone,[WPA2-PSK-CCMP][RSN-PSK-CCMP][ESS],2026-09-26 07:30:36,6,2437,-77,26.18868818767346,91.70187830618859,7.540802001953125,9.935046195983887,,,WIFI
8c:86:dd:90:40:76,TP-Link_4076,[WPA2-PSK-CCMP][RSN-PSK-CCMP][ESS][WPS],2026-09-26 07:30:36,3,2422,-74,26.18868818767346,91.70187830618859,7.540802001953125,9.935046195983887,,,WIFI
04:d5:90:66:d1:f1,IITG_CONNECT,[WPA2-EAP/SHA1-CCMP][RSN-EAP/SHA1-CCMP][ESS],2026-09-26 07:30:36,11,2462,-75,26.18868818767346,91.70187830618859,7.540802001953125,9.935046195983887,,,WIFI
a8:42:a1:88:0f:e2,Lakers2024,[WPA2-PSK-CCMP][RSN-PSK-CCMP][ESS][WPS],2026-09-26 07:30:36,10,2457,-73,26.18868818767346,91.70187830618859,7.540802001953125,9.935046195983887,,,WIFI
04:d5:90:66:d1:f0,eduroam,[WPA2-EAP/SHA1-CCMP][RSN-EAP/SHA1-CCMP][ESS],2026-09-26 07:30:36,11,2462,-72,26.18868818767346,91.70187830618859,7.540802001953125,9.935046195983887,,,WIFI
98:ba:5f:0b:ca:03,TP-Link_CA01,[WPA2-PSK-CCMP][RSN-PSK+SAE-CCMP][ESS][WPS][MFPC],2026-09-26 07:30:36,157,5785,-82,26.18868818767346,91.70187830618859,7.540802001953125,9.935046195983887,,,WIFI
04:d5:90:66:c0:21,IITG_CONNECT,[WPA2-EAP/SHA1-CCMP][RSN-EAP/SHA1-CCMP][ESS],2026-09-26 07:30:36,6,2437,-77,26.18868818767346,91.70187830618859,7.540802001953125,9.935046195983887,,,WIFI
f2:0e:c1:9e:29:c6,"realme GT 7T ",[WPA2-PSK-CCMP][RSN-PSK+SAE-CCMP][ESS],2026-09-26 07:30:36,11,2462,-76,26.18868818767346,91.70187830618859,7.540802001953125,9.935046195983887,,,WIFI
9a:ba:5f:2b:ca:01,,[WPA2-PSK-CCMP][RSN-PSK-CCMP][ESS],2026-09-26 07:30:36,8,2447,-66,26.18868818767346,91.70187830618859,7.540802001953125,9.935046195983887,,,WIFI
a8:63:7d:dc:ad:79,dlink-AD78,[WPA-PSK-TKIP+CCMP][WPA2-PSK-TKIP+CCMP][RSN-PSK-TKIP+CCMP][ESS][WPS],2026-09-26 07:30:36,11,2462,-87,26.18868818767346,91.70187830618859,7.540802001953125,9.935046195983887,,,WIFI
1e:06:2c:b0:68:97,,Misc,2026-09-26 07:30:40,,7936,-97,26.18872550445312,91.7018808774307,8.30841064453125,9.935046195983887,,,BLE
54:20:d4:2a:b4:5e,,Misc,2026-09-26 07:30:40,,,-105,26.18872550445312,91.7018808774307,8.30841064453125,9.935046195983887,,,BLE
53:17:1c:c7:01:2d,,Uncategorized;10,2026-09-26 07:30:40,,7936,-94,26.18872550445312,91.7018808774307,8.30841064453125,9.935046195983887,,1839,BLE
66:10:77:03:34:d4,,Misc,2026-09-26 07:30:40,,7936,-104,26.18872550445312,91.7018808774307,8.30841064453125,9.935046195983887,,76,BLE
17:a0:e4:4a:17:30,,Misc,2026-09-26 07:30:40,,7936,-95,26.18872550445312,91.7018808774307,8.30841064453125,9.935046195983887,,,BLE
21:fe:83:bd:b0:5c,,Misc,2026-09-26 07:30:40,,,-94,26.18872550445312,91.7018808774307,8.30841064453125,9.935046195983887,,,BLE
41:ab:49:e5:a0:57,,Misc,2026-09-26 07:30:40,,,-106,26.18872550445312,91.7018808774307,8.30841064453125,9.935046195983887,,,BLE
cb:b5:83:e6:ad:ee,,Misc,2026-09-26 07:30:40,,,-87,26.18872550445312,91.7018808774307,8.30841064453125,9.935046195983887,,76,BLE
21:6d:4f:aa:7c:69,,Misc,2026-09-26 07:30:40,,,-100,26.18872550445312,91.7018808774307,8.30841064453125,9.935046195983887,,,BLE
2e:a1:a9:72:1d:8f,,Misc,2026-09-26 07:30:40,,,-98,26.18872550445312,91.7018808774307,8.30841064453125,9.935046195983887,,,BLE
5e:2a:e7:60:d2:3c,,Misc,2026-09-26 07:30:40,,,-104,26.18872550445312,91.7018808774307,8.30841064453125,9.935046195983887,,76,BLE
32:28:53:d3:64:4e,,Misc,2026-09-26 07:30:40,,,-101,26.18872550445312,91.7018808774307,8.30841064453125,9.935046195983887,,6,BLE
f0:62:5a:7a:5b:a0,RMX3193,Smartphone;10,2026-09-26 07:30:41,,524,-88,26.188735990134106,91.70187752554301,9.22760009765625,9.935046195983887,,,BT
4f:6a:38:9e:49:25,,Misc,2026-09-26 07:30:42,,7936,-90,26.188746109022368,91.70187342300277,9.068939208984375,9.935046195983887,,76,BLE
20:e1:5d:c2:6d:d4,A06 Goats but Faster,[WPA2-PSK-CCMP][RSN-PSK-CCMP][ESS][WPS],2026-09-26 07:30:42,153,5765,-70,26.188746109022368,91.70187342300277,9.068939208984375,9.935046195983887,,,WIFI
04:d5:90:66:c0:28,eduroam,[WPA2-EAP/SHA1-CCMP][RSN-EAP/SHA1-CCMP][ESS],2026-09-26 07:30:42,140,5700,-87,26.188746109022368,91.70187342300277,9.068939208984375,9.935046195983887,,,WIFI
04:d5:90:66:c0:29,IITG_CONNECT,[WPA2-EAP/SHA1-CCMP][RSN-EAP/SHA1-CCMP][ESS],2026-09-26 07:30:42,140,5700,-88,26.188746109022368,91.70187342300277,9.068939208984375,9.935046195983887,,,WIFI
05:c1:77:75:2e:48,,Misc,2026-09-26 07:30:45,,,-92,26.18877608687828,91.70185656008854,7.070281982421875,9.935046195983887,,6,BLE
23:b2:88:2f:86:9d,,Misc,2026-09-26 07:30:45,,,-104,26.18877608687828,91.70185656008854,7.070281982421875,9.935046195983887,,6,BLE
2e:a1:a9:72:1d:8f,,Misc,2026-09-26 07:30:45,,,-91,26.18877608687828,91.70185656008854,7.070281982421875,9.935046195983887,,,BLE
63:c5:bd:dd:df:47,LAPTOP-KR1EL41L,Misc,2026-09-26 07:30:45,,7936,-82,26.18877608687828,91.70185656008854,7.070281982421875,9.935046195983887,,,BLE
45:77:32:73:46:ba,OnePlus Nord Buds 3r,Uncategorized,2026-09-26 07:30:50,,7936,-88,26.188825179745624,91.70185230488788,9.25579833984375,9.935046195983887,,,BLE
29:3a:28:c4:35:3b,,Misc,2026-09-26 07:30:50,,,-103,26.188825179745624,91.70185230488788,9.25579833984375,9.935046195983887,,6,BLE
7f:92:7b:1f:6a:43,,Misc,2026-09-26 07:30:50,,,-80,26.188825179745624,91.70185230488788,9.25579833984375,9.935046195983887,,,BLE
e5:d5:3d:19:62:6b,,Misc,2026-09-26 07:30:50,,,-88,26.188825179745624,91.70185230488788,9.25579833984375,9.935046195983887,,76,BLE
4b:00:93:d3:f5:78,,Misc,2026-09-26 07:30:50,,7936,-82,26.188825179745624,91.70185230488788,9.25579833984375,9.935046195983887,,76,BLE
32:28:53:d3:64:4e,,Misc,2026-09-26 07:30:50,,,-96,26.188825179745624,91.70185230488788,9.25579833984375,9.935046195983887,,6,BLE
72:36:c8:44:3b:5c,,Misc,2026-09-26 07:30:50,,,-100,26.188825179745624,91.70185230488788,9.25579833984375,9.935046195983887,,,BLE
2d:dc:02:8e:97:24,,Misc,2026-09-26 07:30:50,,,-75,26.188825179745624,91.70185230488788,9.25579833984375,9.935046195983887,,,BLE
45:17:a6:93:58:a8,LAPTOP-5TDTU01O,Misc,2026-09-26 07:30:50,,7936,-94,26.188825179745624,91.70185230488788,9.25579833984375,9.935046195983887,,,BLE
d4:16:00:e6:31:cd,,Misc,2026-09-26 07:30:50,,,-92,26.188825179745624,91.70185230488788,9.25579833984375,9.935046195983887,,76,BLE
62:a4:b7:f2:49:b2,FREE_WIFI_5G,[WPA2-PSK-CCMP][RSN-PSK+SAE-CCMP][ESS][MFPC],2026-09-26 07:30:53,157,5785,-71,26.188854122583294,91.7018478088401,8.037017822265625,9.935046195983887,,,WIFI
f6:da:c7:20:89:1f,srikar,[WPA2-PSK-CCMP][RSN-PSK-CCMP][ESS],2026-09-26 07:30:53,11,2462,-68,26.188854122583294,91.7018478088401,8.037017822265625,9.935046195983887,,,WIFI
40:3f:8c:7d:46:2d,TP-Link_462D,[WPA2-PSK-CCMP][RSN-PSK-CCMP][ESS][WPS],2026-09-26 07:30:53,10,2457,-80,26.188854122583294,91.7018478088401,8.037017822265625,9.935046195983887,,,WIFI
3c:52:a1:10:51:a4,saale-apna-router-laga,[WPA2-PSK-CCMP][RSN-PSK-CCMP][ESS][WPS],2026-09-26 07:30:53,4,2427,-71,26.188854122583294,91.7018478088401,8.037017822265625,9.935046195983887,,,WIFI
24:2f:d0:f5:94:75,TP-Link_9476_5G,[WPA2-PSK-CCMP][RSN-PSK-CCMP][ESS][WPS],2026-09-26 07:30:53,149,5745,-84,26.188854122583294,91.7018478088401,8.037017822265625,9.935046195983887,,,WIFI
bc:22:28:45:5f:b4,Benstoke,[WPA-PSK-TKIP+CCMP][WPA2-PSK-TKIP+CCMP][RSN-PSK-TKIP+CCMP][ESS][WPS],2026-09-26 07:30:53,8,2447,-79,26.188854122583294,91.7018478088401,8.037017822265625,9.935046195983887,,,WIFI
24:2f:d0:c1:db:0c,TP-Link_DB0C,[WPA2-PSK-TKIP+CCMP][RSN-PSK-TKIP+CCMP][ESS][WPS],2026-09-26 07:30:53,10,2457,-83,26.188854122583294,91.7018478088401,8.037017822265625,9.935046195983887,,,WIFI
6c:4c:bc:ae:20:46,TP-Link_2046,[WPA2-PSK-CCMP][RSN-PSK-CCMP][ESS][WPS],2026-09-26 07:30:53,4,2427,-78,26.188854122583294,91.7018478088401,8.037017822265625,9.935046195983887,,,WIFI
a8:42:a1:88:10:30,TP-Link_1030,[WPA2-PSK-CCMP][RSN-PSK-CCMP][ESS][WPS],2026-09-26 07:30:53,10,2457,-86,26.188854122583294,91.7018478088401,8.037017822265625,9.935046195983887,,,WIFI
04:d5:90:66:c0:21,IITG_CONNECT,[WPA2-EAP/SHA1-CCMP][RSN-EAP/SHA1-CCMP][ESS],2026-09-26 07:30:53,6,2437,-68,26.188854122583294,91.7018478088401,8.037017822265625,9.935046195983887,,,WIFI
c0:7e:59:b0:b3:52,Nirvana Ion-LE,Uncategorized,2026-09-26 07:30:55,,,-97,26.18887303068673,91.70184650872454,7.573455810546875,9.935046195983887,,41104,BLE
2a:8a:a9:03:59:f3,,Uncategorized;10,2026-09-26 07:30:56,,7936,-93,26.188883669099443,91.70184469571048,7.017730712890625,9.935046195983887,,,BLE
40:ed:00:ee:ae:42,certifiedpedophile,[WPA2-PSK-CCMP][RSN-PSK-CCMP][ESS][WPS],2026-09-26 07:30:59,3,2422,-84,26.188913220417586,91.70184115807449,6.877410888671875,9.935046195983887,,,WIFI
8c:86:dd:90:40:76,TP-Link_4076,[WPA2-PSK-CCMP][RSN-PSK-CCMP][ESS][WPS],2026-09-26 07:30:59,3,2422,-66,26.188913220417586,91.70184115807449,6.877410888671875,9.935046195983887,,,WIFI
24:2f:d0:c1:db:0c,TP-Link_DB0C,[WPA2-PSK-TKIP+CCMP][RSN-PSK-TKIP+CCMP][ESS][WPS],2026-09-26 07:30:59,10,2457,-76,26.188913220417586,91.70184115807449,6.877410888671875,9.935046195983887,,,WIFI
04:d5:90:66:c0:20,eduroam,[WPA2-EAP/SHA1-CCMP][RSN-EAP/SHA1-CCMP][ESS],2026-09-26 07:30:59,6,2437,-62,26.188913220417586,91.70184115807449,6.877410888671875,9.935046195983887,,,WIFI
40:86:cb:7a:f5:90,DIR-615-F58F,[WPA2-PSK-CCMP][RSN-PSK-CCMP][ESS],2026-09-26 07:30:59,13,2472,-73,26.188913220417586,91.70184115807449,6.877410888671875,9.935046195983887,,,WIFI
70:a7:7c:76:06:80,,Misc,2026-09-26 07:31:00,,7936,-90,26.188921925137407,91.70183842268672,6.705169677734375,9.935046195983887,,76,BLE
2f:f6:fa:d4:8f:fc,,Misc,2026-09-26 07:31:00,,,-103,26.188921925137407,91.70183842268672,6.705169677734375,9.935046195983887,,6,BLE
f1:1f:db:5a:4a:0c,,Misc,2026-09-26 07:31:00,,,-99,26.188921925137407,91.70183842268672,6.705169677734375,9.935046195983887,,76,BLE
18:42:6d:16:2e:8d,,Misc,2026-09-26 07:31:00,,,-100,26.188921925137407,91.70183842268672,6.705169677734375,9.935046195983887,,6,BLE
58:1c:52:47:94:b7,,Uncategorized;10,2026-09-26 07:31:02,,7936,-101,26.18893195995616,91.70182449230032,6.5849609375,9.935046195983887,,,BLE
64:a3:37:6e:3d:72,,Uncategorized;10,2026-09-26 07:31:02,,7936,-99,26.18893195995616,91.70182449230032,6.5849609375,9.935046195983887,,,BLE
64:a3:37:6e:3d:72,,Uncategorized;10,2026-09-26 07:31:05,,7936,-105,26.188932683154395,91.70179438730148,3.770416259765625,9.935046195983887,,135,BLE
46:f5:95:83:51:a3,,Misc,2026-09-26 07:31:05,,7936,-103,26.188932683154395,91.70179438730148,3.770416259765625,9.935046195983887,,76,BLE
58:1c:52:47:94:b7,,Uncategorized;10,2026-09-26 07:31:05,,7936,-101,26.188932683154395,91.70179438730148,3.770416259765625,9.935046195983887,,76,BLE
44:82:9f:74:8c:fc,,Misc,2026-09-26 07:31:05,,,-97,26.188932683154395,91.70179438730148,3.770416259765625,9.935046195983887,,76,BLE
74:d7:13:cc:20:5b,,Misc,2026-09-26 07:31:05,,,-96,26.188932683154395,91.70179438730148,3.770416259765625,9.935046195983887,,1946,BLE
69:dd:8c:2a:57:6f,,Misc,2026-09-26 07:31:06,,7936,-94,26.18893113550168,91.70178902748016,3.68505859375,9.935046195983887,,76,BLE
58:0f:72:73:3c:86,,Uncategorized;10,2026-09-26 07:31:06,,7936,-104,26.18893113550168,91.70178902748016,3.68505859375,9.935046195983887,,,BLE
46:f5:95:83:51:a3,,Misc,2026-09-26 07:31:07,,7936,-91,26.188929999228932,91.70177887076186,3.300048828125,9.935046195983887,,76,BLE
66:10:77:03:34:d4,,Misc,2026-09-26 07:31:07,,7936,-94,26.188929999228932,91.70177887076186,3.300048828125,9.935046195983887,,76,BLE
28:87:ba:9f:d1:7d,TP-Link_D17D,[WPA2-PSK-CCMP][RSN-PSK-CCMP][ESS][WPS],2026-09-26 07:31:08,9,2452,-65,26.188928542270258,91.70176889747033,2.83349609375,9.935046195983887,,,WIFI
8c:86:dd:90:40:76,TP-Link_4076,[WPA2-PSK-CCMP][RSN-PSK-CCMP][ESS][WPS],2026-09-26 07:31:08,3,2422,-46,26.188928542270258,91.70176889747033,2.83349609375,9.935046195983887,,,WIFI
a4:2a:95:3c:62:5c,pirateking,[WPA2-PSK-CCMP][RSN-PSK-CCMP][ESS],2026-09-26 07:31:08,13,2472,-70,26.188928542270258,91.70176889747033,2.83349609375,9.935046195983887,,,WIFI
f2:0e:c1:9e:29:c6,"realme GT 7T ",[WPA2-PSK-CCMP][RSN-PSK+SAE-CCMP][ESS],2026-09-26 07:31:08,11,2462,-67,26.188928542270258,91.70176889747033,2.83349609375,9.935046195983887,,,WIFI
64:29:43:99:ee:85,Nirupam,[WPA2-PSK-CCMP][RSN-PSK-CCMP][ESS],2026-09-26 07:31:08,11,2462,-72,26.188928542270258,91.70176889747033,2.83349609375,9.935046195983887,,,WIFI
a8:63:7d:dc:ad:79,dlink-AD78,[WPA-PSK-TKIP+CCMP][WPA2-PSK-TKIP+CCMP][RSN-PSK-TKIP+CCMP][ESS][WPS],2026-09-26 07:31:08,11,2462,-73,26.188928542270258,91.70176889747033,2.83349609375,9.935046195983887,,,WIFI
58:1c:52:47:94:b7,,Uncategorized;10,2026-09-26 07:31:08,,7936,-92,26.188928542270258,91.70176889747033,2.83349609375,9.935046195983887,,76,BLE
63:c5:bd:dd:df:47,LAPTOP-KR1EL41L,Misc,2026-09-26 07:31:09,,7936,-77,26.18892503503094,91.70175522829435,2.58770751953125,9.935046195983887,,,BLE
04:f7:77:4f:15:08,,Misc,2026-09-26 07:31:10,,,-102,26.188921882137773,91.70174849065886,1.867218017578125,9.935046195983887,,6,BLE
40:01:00:74:4d:dc,,Misc,2026-09-26 07:31:10,,,-96,26.188921882137773,91.70174849065886,1.867218017578125,9.935046195983887,,,BLE
0b:26:57:f6:9c:33,,Misc,2026-09-26 07:31:10,,,-81,26.188921882137773,91.70174849065886,1.867218017578125,9.935046195983887,,6,BLE
74:d7:13:cc:20:5b,,Misc,2026-09-26 07:31:10,,,-88,26.188921882137773,91.70174849065886,1.867218017578125,9.935046195983887,,1946,BLE
58:0f:72:73:3c:86,,Uncategorized;10,2026-09-26 07:31:10,,7936,-104,26.188921882137773,91.70174849065886,1.867218017578125,9.935046195983887,,76,BLE
6d:11:4f:c3:2a:1d,,Uncategorized;10,2026-09-26 07:31:10,,7936,-76,26.188921882137773,91.70174849065886,1.867218017578125,9.935046195983887,,76,BLE
76:3f:bd:07:98:85,,Uncategorized;10,2026-09-26 07:31:10,,7936,-78,26.188921882137773,91.70174849065886,1.867218017578125,9.935046195983887,,,BLE
68:3f:32:c3:1b:a5,,Uncategorized;10,2026-09-26 07:31:11,,7936,-77,26.188917068687264,91.70173866180497,1.730865478515625,9.935046195983887,,,BLE
a8:63:7d:dc:ad:7a,dlink-AD78-5GHz,[WPA-PSK-TKIP+CCMP][WPA2-PSK-TKIP+CCMP][RSN-PSK-TKIP+CCMP][ESS][WPS],2026-09-26 07:31:13,44,5220,-70,26.188910269932762,91.70171929682864,0.63580322265625,9.935046195983887,,,WIFI
3c:6a:d2:4f:18:06,A05,[WPA2-PSK-CCMP][RSN-PSK-CCMP][ESS][WPS],2026-09-26 07:31:13,2,2417,-63,26.188910269932762,91.70171929682864,0.63580322265625,9.935046195983887,,,WIFI
bc:22:28:45:ee:d4,Shubham,[WPA-PSK-TKIP+CCMP][WPA2-PSK-TKIP+CCMP][RSN-PSK-TKIP+CCMP][ESS][WPS],2026-09-26 07:31:13,7,2442,-64,26.188910269932762,91.70171929682864,0.63580322265625,9.935046195983887,,,WIFI
12:8c:8c:c1:69:b1,Oooooo,[WPA2-PSK-CCMP][RSN-PSK-CCMP][ESS],2026-09-26 07:31:13,7,2442,-70,26.188910269932762,91.70171929682864,0.63580322265625,9.935046195983887,,,WIFI
e2:4a:69:3d:c0:e4,Mellow,[WPA2-PSK-CCMP][RSN-PSK-CCMP][ESS],2026-09-26 07:31:13,1,2412,-79,26.188910269932762,91.70171929682864,0.63580322265625,9.935046195983887,,,WIFI
f2:0e:c1:9e:29:c6,"realme GT 7T ",[WPA2-PSK-CCMP][RSN-PSK+SAE-CCMP][ESS],2026-09-26 07:31:13,11,2462,-59,26.188910269932762,91.70171929682864,0.63580322265625,9.935046195983887,,,WIFI
1d:57:3d:3c:ec:fa,,Uncategorized;10,2026-09-26 07:31:15,,7936,-87,26.188904393289224,91.70169724555528,-0.614990234375,9.935046195983887,,,BLE
45:77:32:73:46:ba,OnePlus Nord Buds 3r,Uncategorized,2026-09-26 07:31:15,,7936,-80,26.188904393289224,91.70169724555528,-0.614990234375,9.935046195983887,,,BLE
63:c5:bd:dd:df:47,LAPTOP-KR1EL41L,Misc,2026-09-26 07:31:15,,7936,-72,26.188904393289224,91.70169724555528,-0.614990234375,9.935046195983887,,,BLE
0b:26:57:f6:9c:33,,Misc,2026-09-26 07:31:15,,,-73,26.188904393289224,91.70169724555528,-0.614990234375,9.935046195983887,,6,BLE
54:20:d4:2a:b4:5e,,Misc,2026-09-26 07:31:15,,,-99,26.188904393289224,91.70169724555528,-0.614990234375,9.935046195983887,,,BLE
60:32:b1:0b:8e:8e,TP-Link_8E8E,[WPA-PSK-CCMP][WPA2-PSK-CCMP][RSN-PSK-CCMP][ESS][WPS],2026-09-26 07:31:16,2,2417,-67,26.18890011351155,91.70169038758932,-0.863372802734375,9.935046195983887,,,WIFI
a8:42:a1:88:1a:9e,Table,[WPA2-PSK-CCMP][RSN-PSK-CCMP][ESS][WPS],2026-09-26 07:31:16,2,2417,-79,26.18890011351155,91.70169038758932,-0.863372802734375,9.935046195983887,,,WIFI
58:0f:72:73:3c:86,,Uncategorized;10,2026-09-26 07:31:18,,7936,-99,26.188891395860143,91.70167008339278,-1.81524658203125,9.935046195983887,,76,BLE
63:c5:bd:dd:df:47,LAPTOP-KR1EL41L,Misc,2026-09-26 07:31:20,,7936,-54,26.188882039291705,91.70164764295986,-1.87115478515625,9.935046195983887,,,BLE
d6:28:09:30:3a:55,Evolve3_3A55,Misc,2026-09-26 07:31:20,,7936,-72,26.188882039291705,91.70164764295986,-1.87115478515625,9.935046195983887,,,BLE
72:b2:56:d4:0c:2f,,Misc,2026-09-26 07:31:20,,,-104,26.188882039291705,91.70164764295986,-1.87115478515625,9.935046195983887,,76,BLE
23:b2:88:2f:86:9d,,Misc,2026-09-26 07:31:20,,,-97,26.188882039291705,91.70164764295986,-1.87115478515625,9.935046195983887,,6,BLE
45:77:32:73:46:ba,OnePlus Nord Buds 3r,Uncategorized,2026-09-26 07:31:20,,7936,-71,26.188882039291705,91.70164764295986,-1.87115478515625,9.935046195983887,,,BLE
e5:d5:3d:19:62:6b,,Misc,2026-09-26 07:31:20,,,-80,26.188882039291705,91.70164764295986,-1.87115478515625,9.935046195983887,,76,BLE
2e:a1:a9:72:1d:8f,,Misc,2026-09-26 07:31:20,,,-82,26.188882039291705,91.70164764295986,-1.87115478515625,9.935046195983887,,,BLE
10:31:f4:a2:82:42,,Misc,2026-09-26 07:31:20,,,-66,26.188882039291705,91.70164764295986,-1.87115478515625,9.935046195983887,,6,BLE
0b:26:57:f6:9c:33,,Misc,2026-09-26 07:31:20,,,-55,26.188882039291705,91.70164764295986,-1.87115478515625,9.935046195983887,,6,BLE
20:e1:5d:c2:6d:d4,A06 Goats but Faster,[WPA2-PSK-CCMP][RSN-PSK-CCMP][ESS][WPS],2026-09-26 07:31:24,153,5765,-62,26.18886928691541,91.70161806416054,-1.9053955078125,9.935046195983887,,,WIFI
3c:6a:d2:4f:18:06,A05,[WPA2-PSK-CCMP][RSN-PSK-CCMP][ESS][WPS],2026-09-26 07:31:24,2,2417,-58,26.18886928691541,91.70161806416054,-1.9053955078125,9.935046195983887,,,WIFI
64:29:43:99:fc:c6,R03-FCC5,[WPA2-PSK-CCMP][RSN-PSK-CCMP][ESS],2026-09-26 07:31:24,8,2447,-81,26.18886928691541,91.70161806416054,-1.9053955078125,9.935046195983887,,,WIFI
72:36:c8:e5:02:ef,CMF Buds,Uncategorized,2026-09-26 07:31:25,,7936,-97,26.18886519880138,91.70160855164364,-2.8255615234375,9.935046195983887,,,BLE
39:b6:0e:ed:9f:3d,,Misc,2026-09-26 07:31:25,,,-100,26.18886519880138,91.70160855164364,-2.8255615234375,9.935046195983887,,6,BLE
64:29:43:99:fd:96,HatsuneSignal,[WPA2-PSK-CCMP][RSN-PSK-CCMP][ESS],2026-09-26 07:31:29,6,2437,-81,26.188838786276907,91.70157015891223,-5.1788330078125,9.935046195983887,,,WIFI
3c:33:32:e7:ec:e2,dlink-ECE2,[WPA-PSK-TKIP+CCMP][WPA2-PSK-TKIP+CCMP][RSN-PSK-TKIP+CCMP][ESS][WPS],2026-09-26 07:31:29,7,2442,-68,26.188838786276907,91.70157015891223,-5.1788330078125,9.935046195983887,,,WIFI
8c:90:2d:f2:64:96,Diljit Dosanjh,[WPA2-PSK-CCMP][RSN-PSK-CCMP][ESS][WPS],2026-09-26 07:31:29,4,2427,-56,26.188838786276907,91.70157015891223,-5.1788330078125,9.935046195983887,,,WIFI
88:76:b9:b7:b2:67,Austin Houston_EXT,[WPA2-PSK-CCMP][RSN-PSK-CCMP][ESS],2026-09-26 07:31:29,13,2472,-59,26.188838786276907,91.70157015891223,-5.1788330078125,9.935046195983887,,,WIFI
6e:1a:1c:5e:85:f4,,Misc,2026-09-26 07:31:30,,7936,-100,26.188835855691696,91.70156118657921,-5.25341796875,9.935046195983887,,76,BLE
f4:4e:7b:14:2e:db,FT_38100_2EDB,Misc,2026-09-26 07:31:30,,7936,-102,26.188835855691696,91.70156118657921,-5.25341796875,9.935046195983887,,,BLE
01:57:1a:70:61:1c,,Uncategorized;10,2026-09-26 07:31:32,,7936,-102,26.18882790910251,91.70154421737327,-7.236297607421875,9.935046195983887,,,BLE
05:78:15:f3:94:d3,,Uncategorized;10,2026-09-26 07:31:32,,7936,-103,26.18882790910251,91.70154421737327,-7.236297607421875,9.935046195983887,,,BLE
12:50:84:e0:c5:70,,Uncategorized;10,2026-09-26 07:31:32,,7936,-103,26.18882790910251,91.70154421737327,-7.236297607421875,9.935046195983887,,,BLE
39:6f:2b:22:46:88,,Uncategorized;10,2026-09-26 07:31:34,,7936,-105,26.188822459450297,91.70152719622209,-5.4241943359375,9.935046195983887,,,BLE
3b:df:e6:7f:85:0f,,Misc,2026-09-26 07:31:35,,,-96,26.188816289832474,91.70151608303622,-6.102996826171875,9.935046195983887,,6,BLE
05:56:93:07:df:3c,,Misc,2026-09-26 07:31:35,,,-100,26.188816289832474,91.70151608303622,-6.102996826171875,9.935046195983887,,6,BLE
05:90:4e:de:8f:7c,,Misc,2026-09-26 07:31:35,,7936,-100,26.188816289832474,91.70151608303622,-6.102996826171875,9.935046195983887,,,BLE
07:eb:4a:a9:10:a4,,Misc,2026-09-26 07:31:35,,,-104,26.188816289832474,91.70151608303622,-6.102996826171875,9.935046195983887,,,BLE
6c:de:55:0a:93:43,OnePlus Nord Buds 3r,Uncategorized,2026-09-26 07:31:35,,7936,-98,26.188816289832474,91.70151608303622,-6.102996826171875,9.935046195983887,,,BLE
7a:6b:84:2f:da:12,OnePlus Nord Buds 3,Misc,2026-09-26 07:31:35,,,-98,26.188816289832474,91.70151608303622,-6.102996826171875,9.935046195983887,,,BLE
05:c1:77:75:2e:48,,Misc,2026-09-26 07:31:35,,,-80,26.188816289832474,91.70151608303622,-6.102996826171875,9.935046195983887,,6,BLE
4e:7f:08:e3:9c:68,,Misc,2026-09-26 07:31:35,,,-98,26.188816289832474,91.70151608303622,-6.102996826171875,9.935046195983887,,76,BLE
88:76:b9:f4:77:31,DIR-615-7730,[WPA2-PSK-CCMP][RSN-PSK-CCMP][ESS],2026-09-26 07:31:36,1,2412,-51,26.188817249547892,91.70150939488566,-5.267730712890625,9.935046195983887,,,WIFI
d8:44:89:f5:8a:62,TP-Link_8A62,[WPA2-PSK-CCMP][RSN-PSK-CCMP][ESS][WPS],2026-09-26 07:31:36,4,2427,-76,26.188817249547892,91.70150939488566,-5.267730712890625,9.935046195983887,,,WIFI
3c:33:32:e7:ec:e2,dlink-ECE2,[WPA-PSK-TKIP+CCMP][WPA2-PSK-TKIP+CCMP][RSN-PSK-TKIP+CCMP][ESS][WPS],2026-09-26 07:31:36,7,2442,-62,26.188817249547892,91.70150939488566,-5.267730712890625,9.935046195983887,,,WIFI
bc:22:28:c0:f3:24,Rameshwar,[WPA2-PSK-CCMP][RSN-PSK-CCMP][ESS],2026-09-26 07:31:36,1,2412,-64,26.188817249547892,91.70150939488566,-5.267730712890625,9.935046195983887,,,WIFI
00:5f:67:07:1f:e1,Lauda,[WPA2-PSK-CCMP][RSN-PSK-CCMP][ESS][WPS],2026-09-26 07:31:36,2,2417,-79,26.188817249547892,91.70150939488566,-5.267730712890625,9.935046195983887,,,WIFI
d8:44:89:f5:54:88,Barak_004,[WPA2-PSK-CCMP][RSN-PSK-CCMP][ESS][WPS],2026-09-26 07:31:36,3,2422,-79,26.188817249547892,91.70150939488566,-5.267730712890625,9.935046195983887,,,WIFI
4e:0c:a8:a5:50:f9,,Misc,2026-09-26 07:31:40,,7936,-70,26.18880848009399,91.7014703530112,-4.78839111328125,9.935046195983887,,76,BLE
4c:0e:ac:72:93:f0,,Misc,2026-09-26 07:31:40,,7936,-105,26.18880848009399,91.7014703530112,-4.78839111328125,9.935046195983887,,76,BLE
39:6f:2b:22:46:88,,Uncategorized;10,2026-09-26 07:31:40,,7936,-99,26.18880848009399,91.7014703530112,-4.78839111328125,9.935046195983887,,,BLE
6e:1a:1c:5e:85:f4,,Misc,2026-09-26 07:31:40,,7936,-93,26.18880848009399,91.7014703530112,-4.78839111328125,9.935046195983887,,76,BLE
7b:7c:5e:b2:99:db,OnePlus Nord Buds 3r,Misc,2026-09-26 07:31:40,,,-102,26.18880848009399,91.7014703530112,-4.78839111328125,9.935046195983887,,,BLE
7f:a7:95:63:58:bb,,Misc,2026-09-26 07:31:40,,7936,-105,26.18880848009399,91.7014703530112,-4.78839111328125,9.935046195983887,,,BLE
dd:95:c6:c0:64:03,,Misc,2026-09-26 07:31:40,,,-101,26.18880848009399,91.7014703530112,-4.78839111328125,9.935046195983887,,,BLE
13:b4:cc:22:09:fc,,Misc,2026-09-26 07:31:40,,7936,-106,26.18880848009399,91.7014703530112,-4.78839111328125,9.935046195983887,,,BLE
7c:86:02:16:40:ec,,Misc,2026-09-26 07:31:40,,,-102,26.18880848009399,91.7014703530112,-4.78839111328125,9.935046195983887,,,BLE
32:f6:f6:23:f5:6b,,Misc,2026-09-26 07:31:40,,,-102,26.18880848009399,91.7014703530112,-4.78839111328125,9.935046195983887,,6,BLE
30:bb:7d:31:b1:6e,OnePlus Nord CE 2 Lite 5G,Smartphone;10,2026-09-26 07:31:42,,524,0,26.188803228235635,91.70144744624744,-5.69091796875,9.935046195983887,,,BT
31:b7:89:1a:07:4e,,Misc,2026-09-26 07:31:43,,7936,-99,26.188803182657608,91.70144231146435,-5.70037841796875,9.935046195983887,,,BLE
c2:07:1d:66:c5:96,,[ESS],2026-09-26 07:31:43,1,2412,-83,26.188803182657608,91.70144231146435,-5.70037841796875,9.935046195983887,,,WIFI
60:a4:b7:f2:49:b2,,[WPA2-PSK-CCMP][RSN-PSK+SAE-CCMP][ESS][MFPC],2026-09-26 07:31:43,157,5785,-70,26.188803182657608,91.70144231146435,-5.70037841796875,9.935046195983887,,,WIFI
dc:ea:e7:7a:bc:7e,MobileHotspot,[WPA2-PSK-CCMP][RSN-PSK-CCMP][ESS],2026-09-26 07:31:43,13,2472,-81,26.188803182657608,91.70144231146435,-5.70037841796875,9.935046195983887,,,WIFI
13:b4:cc:22:09:fc,,Misc,2026-09-26 07:31:45,,7936,-101,26.188797085973754,91.70142395185397,-5.905548095703125,9.935046195983887,,,BLE
7f:a7:95:63:58:bb,,Misc,2026-09-26 07:31:45,,7936,-100,26.188797085973754,91.70142395185397,-5.905548095703125,9.935046195983887,,,BLE
5d:7f:8e:d8:6d:0f,,Misc,2026-09-26 07:31:45,,,-105,26.188797085973754,91.70142395185397,-5.905548095703125,9.935046195983887,,,BLE
16:27:3c:45:65:fe,,Misc,2026-09-26 07:31:45,,,-91,26.188797085973754,91.70142395185397,-5.905548095703125,9.935046195983887,,,BLE
18:d1:8c:2d:d6:c7,,Misc,2026-09-26 07:31:45,,7936,-103,26.188797085973754,91.70142395185397,-5.905548095703125,9.935046195983887,,,BLE
05:90:4e:de:8f:7c,,Misc,2026-09-26 07:31:45,,7936,-95,26.188797085973754,91.70142395185397,-5.905548095703125,9.935046195983887,,,BLE
52:89:94:28:91:f4,,Misc,2026-09-26 07:31:45,,7936,-101,26.188797085973754,91.70142395185397,-5.905548095703125,9.935046195983887,,76,BLE
d2:54:3d:29:5a:20,,Misc,2026-09-26 07:31:45,,,-97,26.188797085973754,91.70142395185397,-5.905548095703125,9.935046195983887,,76,BLE
3c:6a:d2:4f:1a:3e,TP-Link_1A3E,[WPA2-PSK-CCMP][RSN-PSK-CCMP][ESS][WPS],2026-09-26 07:31:46,4,2427,-56,26.188794027000025,91.70141591378281,-4.2784423828125,9.935046195983887,,,WIFI
46:00:de:a3:2e:10,Vivo T3,[WPA2-PSK-CCMP][RSN-PSK+SAE-CCMP][ESS],2026-09-26 07:31:46,1,2412,-87,26.188794027000025,91.70141591378281,-4.2784423828125,9.935046195983887,,,WIFI
18:d1:8c:2d:d6:c7,,Misc,2026-09-26 07:31:47,,7936,-90,26.188789522372936,91.70140454871023,-3.16796875,9.935046195983887,,,BLE
7f:a7:95:63:58:bb,,Misc,2026-09-26 07:31:47,,7936,-93,26.188789522372936,91.70140454871023,-3.16796875,9.935046195983887,,,BLE
13:b4:cc:22:09:fc,,Misc,2026-09-26 07:31:47,,7936,-91,26.188789522372936,91.70140454871023,-3.16796875,9.935046195983887,,,BLE
05:90:4e:de:8f:7c,,Misc,2026-09-26 07:31:47,,7936,-87,26.188789522372936,91.70140454871023,-3.16796875,9.935046195983887,,,BLE
39:6f:2b:22:46:88,,Uncategorized;10,2026-09-26 07:31:47,,7936,-84,26.188789522372936,91.70140454871023,-3.16796875,9.935046195983887,,,BLE
51:8b:3d:ba:63:a5,,Misc,2026-09-26 07:31:50,,7936,-100,26.18878566551739,91.70138248196551,-1.609771728515625,9.935046195983887,,76,BLE
16:27:3c:45:65:fe,,Misc,2026-09-26 07:31:50,,,-83,26.18878566551739,91.70138248196551,-1.609771728515625,9.935046195983887,,,BLE
32:f6:f6:23:f5:6b,,Misc,2026-09-26 07:31:50,,,-90,26.18878566551739,91.70138248196551,-1.609771728515625,9.935046195983887,,6,BLE
dd:95:c6:c0:64:03,,Misc,2026-09-26 07:31:50,,,-96,26.18878566551739,91.70138248196551,-1.609771728515625,9.935046195983887,,,BLE
3c:6a:d2:4f:1a:3e,TP-Link_1A3E,[WPA2-PSK-CCMP][RSN-PSK-CCMP][ESS][WPS],2026-09-26 07:31:54,4,2427,-49,26.188779470492054,91.70134578203715,-2.21710205078125,9.935046195983887,,,WIFI
9a:ed:96:e2:23:60,Nothing Phone (3a) Lite_763,[WPA2-PSK-CCMP][RSN-PSK+SAE-CCMP][ESS],2026-09-26 07:31:54,13,2472,-65,26.188779470492054,91.70134578203715,-2.21710205078125,9.935046195983887,,,WIFI
13:b4:cc:22:09:fc,,Misc,2026-09-26 07:31:55,,7936,-86,26.18878255049817,91.70133440749737,-0.739898681640625,9.935046195983887,,,BLE
12:4c:41:08:96:4b,,Misc,2026-09-26 07:31:55,,,-84,26.18878255049817,91.70133440749737,-0.739898681640625,9.935046195983887,,,BLE
64:f4:a7:a3:8f:88,OnePlus Nord Buds 3r,Uncategorized,2026-09-26 07:31:55,,7936,-102,26.18878255049817,91.70133440749737,-0.739898681640625,9.935046195983887,,,BLE
7f:a7:95:63:58:bb,,Misc,2026-09-26 07:31:55,,7936,-82,26.18878255049817,91.70133440749737,-0.739898681640625,9.935046195983887,,,BLE
e1:58:dc:58:08:06,,Misc,2026-09-26 07:31:55,,,-101,26.18878255049817,91.70133440749737,-0.739898681640625,9.935046195983887,,76,BLE
51:8b:3d:ba:63:a5,,Misc,2026-09-26 07:31:55,,7936,-94,26.18878255049817,91.70133440749737,-0.739898681640625,9.935046195983887,,76,BLE
05:90:4e:de:8f:7c,,Misc,2026-09-26 07:31:55,,7936,-82,26.18878255049817,91.70133440749737,-0.739898681640625,9.935046195983887,,,BLE
3a:18:2f:b1:36:a9,,Uncategorized;10,2026-09-26 07:31:55,,7936,-100,26.18878255049817,91.70133440749737,-0.739898681640625,9.935046195983887,,,BLE
1a:8e:92:69:19:16,,Uncategorized;10,2026-09-26 07:31:56,,7936,-87,26.18878843123254,91.70133567544008,0.137725830078125,9.935046195983887,,,BLE
3c:6a:d2:4f:1a:3e,TP-Link_1A3E,[WPA2-PSK-CCMP][RSN-PSK-CCMP][ESS][WPS],2026-09-26 07:31:59,4,2427,-44,26.188795193407717,91.7013519261919,-2.1142578125,9.935046195983887,,,WIFI
2e:aa:c2:6a:68:40,,Misc,2026-09-26 07:32:00,,,-102,26.18879585768862,91.70136691193564,-3.27410888671875,9.935046195983887,,,BLE
1e:fd:9f:ea:cc:1f,,Misc,2026-09-26 07:32:00,,,-94,26.18879585768862,91.70136691193564,-3.27410888671875,9.935046195983887,,,BLE
11:6b:50:e1:e2:2c,,Misc,2026-09-26 07:32:00,,,-104,26.18879585768862,91.70136691193564,-3.27410888671875,9.935046195983887,,,BLE
2b:24:28:8f:99:c3,,Misc,2026-09-26 07:32:00,,,-98,26.18879585768862,91.70136691193564,-3.27410888671875,9.935046195983887,,,BLE
16:27:3c:45:65:fe,,Misc,2026-09-26 07:32:00,,,-78,26.18879585768862,91.70136691193564,-3.27410888671875,9.935046195983887,,,BLE
4e:7f:08:e3:9c:68,,Misc,2026-09-26 07:32:00,,,-93,26.18879585768862,91.70136691193564,-3.27410888671875,9.935046195983887,,76,BLE
7f:a7:95:63:58:bb,,Misc,2026-09-26 07:32:00,,7936,-74,26.18879585768862,91.70136691193564,-3.27410888671875,9.935046195983887,,,BLE
64:f4:a7:a3:8f:88,OnePlus Nord Buds 3r,Uncategorized,2026-09-26 07:32:00,,7936,-95,26.18879585768862,91.70136691193564,-3.27410888671875,9.935046195983887,,,BLE
f4:4e:7b:14:2e:db,FT_38100_2EDB,Misc,2026-09-26 07:32:03,,7936,-80,26.188795817986854,91.70140080785362,-3.949554443359375,9.935046195983887,,,BLE
44:a7:3f:87:bc:25,,Uncategorized;10,2026-09-26 07:32:04,,7936,-104,26.18879696714802,91.70140521756697,-4.5806884765625,9.935046195983887,,,BLE
44:a7:3f:87:bc:25,,Uncategorized;10,2026-09-26 07:32:05,,7936,-104,26.188796968199604,91.7014167207521,-4.733489990234375,9.935046195983887,,76,BLE
4e:4c:c2:c3:99:39,,Uncategorized;10,2026-09-26 07:32:06,,7936,-95,26.188798227888483,91.7014306880264,-5.02593994140625,9.935046195983887,,,BLE
4e:0c:a8:a5:50:f9,,Misc,2026-09-26 07:32:07,,7936,-60,26.1887996724602,91.7014349343765,-4.948028564453125,9.935046195983887,,76,BLE
60:a4:b7:f2:49:b2,,[WPA2-PSK-CCMP][RSN-PSK+SAE-CCMP][ESS][MFPC],2026-09-26 07:32:07,157,5785,-59,26.1887996724602,91.7014349343765,-4.948028564453125,9.935046195983887,,,WIFI
62:a4:b7:f2:49:b2,FREE_WIFI_5G,[WPA2-PSK-CCMP][RSN-PSK+SAE-CCMP][ESS][MFPC],2026-09-26 07:32:07,157,5785,-60,26.1887996724602,91.7014349343765,-4.948028564453125,9.935046195983887,,,WIFI
40:86:cb:2a:d9:68,Rohit ka internet,[WPA2-PSK-CCMP][RSN-PSK-CCMP][ESS],2026-09-26 07:32:07,1,2412,-85,26.1887996724602,91.7014349343765,-4.948028564453125,9.935046195983887,,,WIFI
e1:f6:a2:c3:00:73,,Misc,2026-09-26 07:32:10,,,-85,26.18880074050701,91.70146630888358,-5.444122314453125,10.060873031616211,,76,BLE
6e:1a:1c:5e:85:f4,,Misc,2026-09-26 07:32:10,,7936,-87,26.18880074050701,91.70146630888358,-5.444122314453125,10.060873031616211,,76,BLE
44:a7:3f:87:bc:25,,Uncategorized;10,2026-09-26 07:32:10,,7936,-94,26.18880074050701,91.70146630888358,-5.444122314453125,10.060873031616211,,76,BLE
4e:4c:c2:c3:99:39,,Uncategorized;10,2026-09-26 07:32:10,,7936,-97,26.18880074050701,91.70146630888358,-5.444122314453125,10.060873031616211,,2103,BLE
41:a4:47:ca:44:b0,,Uncategorized;10,2026-09-26 07:32:11,,7936,-105,26.188801377887813,91.7014756282979,-5.4466552734375,10.099058151245117,,,BLE
c2:07:1d:66:c2:61,IITG_CONNECT,[WPA2-EAP/SHA1+FT/EAP-CCMP][RSN-EAP/SHA1+FT/EAP-CCMP][ESS],2026-09-26 07:32:13,44,5220,-88,26.188804057434414,91.70149778851298,-5.375396728515625,10.081392288208008,,,WIFI
c2:07:1d:66:c2:0d,IITG_CONNECT,[WPA2-EAP/SHA1+FT/EAP-CCMP][RSN-EAP/SHA1+FT/EAP-CCMP][ESS],2026-09-26 07:32:13,36,5180,-83,26.188804057434414,91.70149778851298,-5.375396728515625,10.081392288208008,,,WIFI
de:d3:b8:cd:3c:82,realme 15 Pro 5G 6DFA,[WPA2-PSK-CCMP][RSN-PSK-CCMP][ESS],2026-09-26 07:32:13,11,2462,-76,26.188804057434414,91.70149778851298,-5.375396728515625,10.081392288208008,,,WIFI
d8:44:89:f5:54:88,Barak_004,[WPA2-PSK-CCMP][RSN-PSK-CCMP][ESS][WPS],2026-09-26 07:32:13,3,2422,-74,26.188804057434414,91.70149778851298,-5.375396728515625,10.081392288208008,,,WIFI
00:eb:d8:51:8d:59,MERCUSYS_8D59,[WPA-PSK-CCMP][WPA2-PSK-CCMP][RSN-PSK-CCMP][ESS][WPS],2026-09-26 07:32:13,2,2417,-81,26.188804057434414,91.70149778851298,-5.375396728515625,10.081392288208008,,,WIFI
3c:6a:d2:4e:fa:e8,AbuAhmed,[WPA2-PSK-CCMP][RSN-PSK-CCMP][ESS][WPS],2026-09-26 07:32:13,4,2427,-82,26.188804057434414,91.70149778851298,-5.375396728515625,10.081392288208008,,,WIFI
4b:31:99:b1:94:8e,,Misc,2026-09-26 07:32:15,,,-102,26.188810199517366,91.70151034421741,-5.819366455078125,10.05188274383545,,,BLE
52:fc:81:3d:7f:20,,Misc,2026-09-26 07:32:15,,,-103,26.188810199517366,91.70151034421741,-5.819366455078125,10.05188274383545,,,BLE
45:f9:a5:d5:e3:0c,,Misc,2026-09-26 07:32:15,,,-103,26.188810199517366,91.70151034421741,-5.819366455078125,10.05188274383545,,,BLE
c0:f6:58:a2:f4:ee,JBL WAVE FLEX-LE,Uncategorized,2026-09-26 07:32:15,,7936,-90,26.188810199517366,91.70151034421741,-5.819366455078125,10.05188274383545,,,BLE
6c:de:55:0a:93:43,OnePlus Nord Buds 3r,Uncategorized,2026-09-26 07:32:15,,7936,-90,26.188810199517366,91.70151034421741,-5.819366455078125,10.05188274383545,,,BLE
64:b4:48:34:b4:06,,Misc,2026-09-26 07:32:15,,,-103,26.188810199517366,91.70151034421741,-5.819366455078125,10.05188274383545,,,BLE
5c:ad:aa:0d:89:64,,Misc,2026-09-26 07:32:15,,,-103,26.188810199517366,91.70151034421741,-5.819366455078125,10.05188274383545,,,BLE
42:f9:c5:96:3a:08,,Misc,2026-09-26 07:32:15,,,-102,26.188810199517366,91.70151034421741,-5.819366455078125,10.05188274383545,,,BLE
5a:6d:66:b5:f1:56,,Misc,2026-09-26 07:32:15,,,-103,26.188810199517366,91.70151034421741,-5.819366455078125,10.05188274383545,,,BLE
6e:ab:38:7a:b4:61,,Misc,2026-09-26 07:32:15,,,-99,26.188810199517366,91.70151034421741,-5.819366455078125,10.05188274383545,,,BLE
52:89:94:28:91:f4,,Misc,2026-09-26 07:32:15,,7936,-95,26.188810199517366,91.70151034421741,-5.819366455078125,10.05188274383545,,76,BLE
24:2f:d0:f5:94:76,TP-Link_9476,[WPA2-PSK-CCMP][RSN-PSK-CCMP][ESS][WPS],2026-09-26 07:32:17,9,2452,-87,26.1888182684611,91.70152670977514,-6.18023681640625,10.1044340133667,,,WIFI
5f:d8:b6:97:75:a9,,Uncategorized;10,2026-09-26 07:32:19,,7936,-99,26.188824958363476,91.70154662713996,-6.477874755859375,10.187050819396973,,,BLE
02:b1:56:d4:b0:57,,Misc,2026-09-26 07:32:20,,,-102,26.18882731072209,91.70155623941211,-6.187713623046875,10.315535545349121,,,BLE
5f:d8:b6:97:75:a9,,Uncategorized;10,2026-09-26 07:32:20,,7936,-102,26.18882731072209,91.70155623941211,-6.187713623046875,10.315535545349121,,1839,BLE
32:d5:3e:77:70:74,,Misc,2026-09-26 07:32:20,,,-103,26.18882731072209,91.70155623941211,-6.187713623046875,10.315535545349121,,,BLE
c2:07:1d:66:c1:58,IITG_CONNECT,[WPA2-EAP/SHA1+FT/EAP-CCMP][RSN-EAP/SHA1+FT/EAP-CCMP][ESS],2026-09-26 07:32:25,1,2412,-84,26.18883761445203,91.70161158769751,-4.18609619140625,10.371443748474121,,,WIFI
40:3f:8c:99:1d:ad,Curry,[WPA2-PSK-CCMP][RSN-PSK-CCMP][ESS][WPS],2026-09-26 07:32:25,3,2422,-74,26.18883761445203,91.70161158769751,-4.18609619140625,10.371443748474121,,,WIFI
40:3f:8c:99:1d:ac,larry,[WPA2-PSK-CCMP][RSN-PSK-CCMP][ESS][WPS],2026-09-26 07:32:25,149,5745,-85,26.18883761445203,91.70161158769751,-4.18609619140625,10.371443748474121,,,WIFI
60:37:8c:b4:9d:05,,Misc,2026-09-26 07:32:25,,,-105,26.18883761445203,91.70161158769751,-4.18609619140625,10.371443748474121,,76,BLE
39:b6:0e:ed:9f:3d,,Misc,2026-09-26 07:32:25,,,-92,26.18883761445203,91.70161158769751,-4.18609619140625,10.371443748474121,,6,BLE
57:3d:39:4c:88:48,,Misc,2026-09-26 07:32:25,,,-106,26.18883761445203,91.70161158769751,-4.18609619140625,10.371443748474121,,76,BLE
1e:06:2c:b0:68:97,,Misc,2026-09-26 07:32:26,,7936,-82,26.188838035225736,91.70161674501414,-4.925750732421875,10.40295124053955,,,BLE
17:a0:e4:4a:17:30,,Misc,2026-09-26 07:32:27,,7936,-75,26.18884147400569,91.70162910137194,-3.928955078125,10.438982009887695,,,BLE
64:dd:86:96:05:bf,,Uncategorized;10,2026-09-26 07:32:27,,7936,-103,26.18884147400569,91.70162910137194,-3.928955078125,10.438982009887695,,,BLE
40:01:00:74:4d:dc,,Misc,2026-09-26 07:32:30,,,-90,26.188846211982742,91.70165863338067,-2.0107421875,10.366913795471191,,,BLE
21:b7:d6:18:4c:93,,Misc,2026-09-26 07:32:30,,,-96,26.188846211982742,91.70165863338067,-2.0107421875,10.366913795471191,,,BLE
02:a9:39:27:22:fc,,Misc,2026-09-26 07:32:30,,,-97,26.188846211982742,91.70165863338067,-2.0107421875,10.366913795471191,,6,BLE
79:32:ab:fc:7b:94,,Misc,2026-09-26 07:32:30,,,-88,26.188846211982742,91.70165863338067,-2.0107421875,10.366913795471191,,,BLE
44:a7:3f:87:bc:25,,Uncategorized;10,2026-09-26 07:32:30,,7936,-86,26.188846211982742,91.70165863338067,-2.0107421875,10.366913795471191,,76,BLE
3e:d8:56:e8:71:53,,Misc,2026-09-26 07:32:30,,,-100,26.188846211982742,91.70165863338067,-2.0107421875,10.366913795471191,,,BLE
57:3d:39:4c:88:48,,Misc,2026-09-26 07:32:30,,,-98,26.188846211982742,91.70165863338067,-2.0107421875,10.366913795471191,,76,BLE
64:dd:86:96:05:bf,,Uncategorized;10,2026-09-26 07:32:31,,7936,-96,26.188848978320536,91.7016703295714,-1.2716064453125,10.377843856811523,,,BLE
7b:91:67:34:74:78,,Misc,2026-09-26 07:32:35,,,-103,26.188857201014383,91.7017081701985,1.358856201171875,10.404598236083984,,,BLE
fa:2c:42:74:10:b3,,Misc,2026-09-26 07:32:35,,,-99,26.188857201014383,91.7017081701985,1.358856201171875,10.404598236083984,,76,BLE
19:17:29:25:86:02,,Misc,2026-09-26 07:32:35,,,-96,26.188857201014383,91.7017081701985,1.358856201171875,10.404598236083984,,,BLE
50:8c:a0:06:b8:a4,,Uncategorized;10,2026-09-26 07:32:39,,7936,-99,26.188859558053814,91.70175043020653,5.783599853515625,10.309527397155762,,,BLE
50:8c:a0:06:b8:a4,,Uncategorized;10,2026-09-26 07:32:40,,7936,-100,26.188859495350744,91.70176105874555,5.745086669921875,10.325162887573242,,76,BLE
dd:07:ab:b8:99:5f,,Misc,2026-09-26 07:32:40,,,-99,26.188859495350744,91.70176105874555,5.745086669921875,10.325162887573242,,76,BLE
45:17:a6:93:58:a8,LAPTOP-5TDTU01O,Misc,2026-09-26 07:32:40,,7936,-97,26.188859495350744,91.70176105874555,5.745086669921875,10.325162887573242,,6,BLE
a4:2a:95:e3:37:e3,TexasLeLiyaBC,[WPA2-PSK-CCMP][RSN-PSK-CCMP][ESS][WPS],2026-09-26 07:32:43,11,2462,-83,26.188858587788392,91.70179063584966,5.495391845703125,10.03650951385498,,,WIFI
d0:32:c3:2e:d5:6b,DIR-615-D56A,[WPA2-PSK-CCMP][RSN-PSK-CCMP][ESS],2026-09-26 07:32:43,1,2412,-79,26.188858587788392,91.70179063584966,5.495391845703125,10.03650951385498,,,WIFI
04:d5:90:66:c0:28,eduroam,[WPA2-EAP/SHA1-CCMP][RSN-EAP/SHA1-CCMP][ESS],2026-09-26 07:32:43,140,5700,-78,26.188858587788392,91.70179063584966,5.495391845703125,10.03650951385498,,,WIFI
04:d5:90:66:c0:29,IITG_CONNECT,[WPA2-EAP/SHA1-CCMP][RSN-EAP/SHA1-CCMP][ESS],2026-09-26 07:32:43,140,5700,-77,26.188858587788392,91.70179063584966,5.495391845703125,10.03650951385498,,,WIFI
8c:90:2d:f2:6f:ee,Viru,[WPA2-PSK-CCMP][RSN-PSK-CCMP][ESS][WPS],2026-09-26 07:32:43,4,2427,-74,26.188858587788392,91.70179063584966,5.495391845703125,10.03650951385498,,,WIFI
32:28:53:d3:64:4e,,Misc,2026-09-26 07:32:45,,,-91,26.18884911933367,91.70180590067918,3.0054931640625,9.986875534057617,,6,BLE
5f:71:be:b4:ec:2d,,Misc,2026-09-26 07:32:45,,7936,-99,26.18884911933367,91.70180590067918,3.0054931640625,9.986875534057617,,76,BLE
6a:c6:e1:d4:47:b0,WF-C510-GFP,Misc,2026-09-26 07:32:45,,,-101,26.18884911933367,91.70180590067918,3.0054931640625,9.986875534057617,,,BLE
1d:10:b8:2a:6d:c0,,Misc,2026-09-26 07:32:45,,,-103,26.18884911933367,91.70180590067918,3.0054931640625,9.986875534057617,,6,BLE
1b:ea:01:56:b6:9c,,Misc,2026-09-26 07:32:45,,,-100,26.18884911933367,91.70180590067918,3.0054931640625,9.986875534057617,,6,BLE
46:00:de:a3:2e:10,Vivo T3,[WPA2-PSK-CCMP][RSN-PSK+SAE-CCMP][ESS],2026-09-26 07:32:47,1,2412,-81,26.188846228298512,91.70180925800612,3.2432861328125,10.215333938598633,,,WIFI
45:c5:ba:4c:9d:d7,LAPTOP-29HH6271,Uncategorized;10,2026-09-26 07:32:47,,7936,-101,26.188846228298512,91.70180925800612,3.2432861328125,10.215333938598633,,,BLE
c0:7e:59:b0:b3:52,Nirvana Ion-LE,Uncategorized,2026-09-26 07:32:50,,,-87,26.18883092214963,91.70181480646686,2.868499755859375,10.029794692993164,,41104,BLE
0c:30:b2:17:77:67,,Misc,2026-09-26 07:32:50,,,-101,26.18883092214963,91.70181480646686,2.868499755859375,10.029794692993164,,,BLE
08:4b:9d:b2:08:3c,,Misc,2026-09-26 07:32:50,,,-103,26.18883092214963,91.70181480646686,2.868499755859375,10.029794692993164,,6,BLE
4f:26:ea:db:eb:09,,Uncategorized;10,2026-09-26 07:32:52,,7936,-105,26.188817412101706,91.70181831278853,3.786102294921875,9.935046195983887,,,BLE
73:cd:a6:ad:22:cd,,Uncategorized;10,2026-09-26 07:32:55,,7936,-90,26.18879956770589,91.70182492795931,4.079193115234375,9.935046195983887,,,BLE
7a:b5:bd:d0:ae:66,,Uncategorized;10,2026-09-26 07:32:55,,7936,-91,26.18879956770589,91.70182492795931,4.079193115234375,9.935046195983887,,,BLE
6a:1a:96:ec:e1:9a,,Uncategorized;10,2026-09-26 07:32:55,,7936,-90,26.18879956770589,91.70182492795931,4.079193115234375,9.935046195983887,,,BLE
73:6e:ac:8c:aa:2d,,Uncategorized;10,2026-09-26 07:32:55,,7936,-94,26.18879956770589,91.70182492795931,4.079193115234375,9.935046195983887,,76,BLE
73:cd:a6:ad:22:cd,,Uncategorized;10,2026-09-26 07:32:55,,7936,-90,26.18879956770589,91.70182492795931,4.079193115234375,9.935046195983887,,76,BLE
72:b2:56:d4:0c:2f,,Misc,2026-09-26 07:32:55,,,-99,26.18879956770589,91.70182492795931,4.079193115234375,9.935046195983887,,76,BLE
6a:1a:96:ec:e1:9a,,Uncategorized;10,2026-09-26 07:32:55,,7936,-89,26.18879956770589,91.70182492795931,4.079193115234375,9.935046195983887,,76,BLE
24:65:77:5c:15:7d,,Misc,2026-09-26 07:32:55,,,-93,26.18879956770589,91.70182492795931,4.079193115234375,9.935046195983887,,,BLE
88:0e:85:90:c8:56,realme Buds T310,Uncategorized,2026-09-26 07:32:55,,7936,-68,26.18879956770589,91.70182492795931,4.079193115234375,9.935046195983887,,41992,BLE
df:29:10:70:ec:55,,Misc,2026-09-26 07:32:55,,,-101,26.18879956770589,91.70182492795931,4.079193115234375,9.935046195983887,,76,BLE
7a:b5:bd:d0:ae:66,,Uncategorized;10,2026-09-26 07:32:55,,7936,-101,26.18879956770589,91.70182492795931,4.079193115234375,9.935046195983887,,76,BLE
02:a9:39:27:22:fc,,Misc,2026-09-26 07:32:55,,,-87,26.18879956770589,91.70182492795931,4.079193115234375,9.935046195983887,,6,BLE
53:d9:2d:ed:ca:93,LE_WF-C510,Misc,2026-09-26 07:32:55,,7936,-101,26.18879956770589,91.70182492795931,4.079193115234375,9.935046195983887,,,BLE
32:28:53:d3:64:4e,,Misc,2026-09-26 07:32:55,,,-82,26.18879956770589,91.70182492795931,4.079193115234375,9.935046195983887,,6,BLE
23:b2:88:2f:86:9d,,Misc,2026-09-26 07:32:55,,,-90,26.18879956770589,91.70182492795931,4.079193115234375,9.935046195983887,,6,BLE
4f:26:ea:db:eb:09,,Uncategorized;10,2026-09-26 07:32:55,,7936,-105,26.18879956770589,91.70182492795931,4.079193115234375,9.935046195983887,,76,BLE
66:31:28:bb:73:a4,,Uncategorized;10,2026-09-26 07:32:56,,7936,-92,26.188790987707797,91.7018269823104,6.06488037109375,9.935046195983887,,,BLE
76:85:15:99:7a:28,,Misc,2026-09-26 07:33:00,,7936,-93,26.18876136644486,91.70184145448563,6.1859130859375,9.935046195983887,,76,BLE
88:0e:85:90:c8:56,realme Buds T310,Uncategorized,2026-09-26 07:33:00,,7936,-57,26.18876136644486,91.70184145448563,6.1859130859375,9.935046195983887,,41992,BLE
44:a7:3f:87:bc:25,,Uncategorized;10,2026-09-26 07:33:00,,7936,-80,26.18876136644486,91.70184145448563,6.1859130859375,9.935046195983887,,76,BLE
7a:b5:bd:d0:ae:66,,Uncategorized;10,2026-09-26 07:33:00,,7936,-89,26.18876136644486,91.70184145448563,6.1859130859375,9.935046195983887,,76,BLE
72:07:2c:25:04:54,"Noise Airwave Max XR ",Misc,2026-09-26 07:33:00,,7936,-76,26.18876136644486,91.70184145448563,6.1859130859375,9.935046195983887,,1906,BLE
c5:81:01:e9:97:00,,Misc,2026-09-26 07:33:00,,,-91,26.18876136644486,91.70184145448563,6.1859130859375,9.935046195983887,,76,BLE
51:7a:28:91:af:af,realme Buds T310-GFP,Uncategorized,2026-09-26 07:33:00,,,-59,26.18876136644486,91.70184145448563,6.1859130859375,9.935046195983887,,,BLE
66:31:28:bb:73:a4,,Uncategorized;10,2026-09-26 07:33:00,,7936,-92,26.18876136644486,91.70184145448563,6.1859130859375,9.935046195983887,,76,BLE
db:ab:cf:a7:4e:69,XPLORER O2,Misc,2026-09-26 07:33:00,,,-91,26.18876136644486,91.70184145448563,6.1859130859375,9.935046195983887,,,BLE
63:10:ea:13:01:90,,Misc,2026-09-26 07:33:05,,,-99,26.18872174731534,91.70185799747578,5.78619384765625,9.935046195983887,,,BLE
1e:86:de:fe:0a:c9,,Misc,2026-09-26 07:33:05,,,-90,26.18872174731534,91.70185799747578,5.78619384765625,9.935046195983887,,6,BLE
17:e7:1b:ce:24:f2,,Misc,2026-09-26 07:33:05,,,-90,26.18872174731534,91.70185799747578,5.78619384765625,9.935046195983887,,,BLE
32:c0:dd:1b:18:b9,OnePlus Nord 5 d7tf,[WPA2-PSK-CCMP][RSN-PSK+SAE-CCMP][ESS],2026-09-26 07:33:07,1,2412,-88,26.18870451231805,91.70186386423269,5.707611083984375,9.935046195983887,,,WIFI
04:d5:90:66:d1:f1,IITG_CONNECT,[WPA2-EAP/SHA1-CCMP][RSN-EAP/SHA1-CCMP][ESS],2026-09-26 07:33:07,11,2462,-60,26.18870451231805,91.70186386423269,5.707611083984375,9.935046195983887,,,WIFI
04:d5:90:66:d1:f0,eduroam,[WPA2-EAP/SHA1-CCMP][RSN-EAP/SHA1-CCMP][ESS],2026-09-26 07:33:07,11,2462,-60,26.18870451231805,91.70186386423269,5.707611083984375,9.935046195983887,,,WIFI
04:d5:90:66:d1:f9,IITG_CONNECT,[WPA2-EAP/SHA1-CCMP][RSN-EAP/SHA1-CCMP][ESS],2026-09-26 07:33:07,36,5180,-76,26.18870451231805,91.70186386423269,5.707611083984375,9.935046195983887,,,WIFI
04:d5:90:66:d1:f8,eduroam,[WPA2-EAP/SHA1-CCMP][RSN-EAP/SHA1-CCMP][ESS],2026-09-26 07:33:07,36,5180,-75,26.18870451231805,91.70186386423269,5.707611083984375,9.935046195983887,,,WIFI
66:31:28:bb:73:a4,,Uncategorized;10,2026-09-26 07:33:09,,7936,-79,26.18869312207277,91.70187715116528,5.825531005859375,9.935046195983887,,76,BLE
6c:18:09:08:7e:1b,,Misc,2026-09-26 07:33:10,,,-99,26.18869161465312,91.70188661125708,5.8057861328125,9.935046195983887,,,BLE
23:b2:88:2f:86:9d,,Misc,2026-09-26 07:33:10,,,-81,26.18869161465312,91.70188661125708,5.8057861328125,9.935046195983887,,6,BLE
25:7c:20:85:e6:93,,Uncategorized;10,2026-09-26 07:33:13,,7936,-90,26.188693175113155,91.70191236710039,6.009368896484375,9.935046195983887,,,BLE
be:69:65:09:ba:0f,MELK-OA10   56,Uncategorized;10,2026-09-26 07:33:14,,7936,-89,26.18869345694376,91.70191931865257,6.040374755859375,9.935046195983887,,,BLE
02:8f:23:77:09:47,,Misc,2026-09-26 07:33:15,,,-88,26.188694198315282,91.70192735577713,6.016876220703125,9.935046195983887,,6,BLE
25:04:d4:b4:17:ec,,Misc,2026-09-26 07:33:15,,7936,-104,26.188694198315282,91.70192735577713,6.016876220703125,9.935046195983887,,,BLE
0a:12:ea:07:4a:ba,,Misc,2026-09-26 07:33:15,,,-87,26.188694198315282,91.70192735577713,6.016876220703125,9.935046195983887,,,BLE
50:2a:3f:c5:ea:de,,Misc,2026-09-26 07:33:15,,,-84,26.188694198315282,91.70192735577713,6.016876220703125,9.935046195983887,,76,BLE
72:07:2c:25:04:54,"Noise Airwave Max XR ",Misc,2026-09-26 07:33:15,,7936,-70,26.188694198315282,91.70192735577713,6.016876220703125,9.935046195983887,,1906,BLE
4f:6a:38:9e:49:25,,Misc,2026-09-26 07:33:15,,7936,-85,26.188694198315282,91.70192735577713,6.016876220703125,9.935046195983887,,76,BLE
6c:18:09:08:7e:1b,,Misc,2026-09-26 07:33:15,,,-91,26.188694198315282,91.70192735577713,6.016876220703125,9.935046195983887,,,BLE
4c:11:bc:17:4b:b4,,Uncategorized;10,2026-09-26 07:33:16,,7936,-101,26.18869511821494,91.70193760651233,6.1470947265625,9.935046195983887,,,BLE
0c:22:79:88:c3:20,,Uncategorized;10,2026-09-26 07:33:16,,7936,-81,26.18869511821494,91.70193760651233,6.1470947265625,9.935046195983887,,,BLE
09:3e:2b:e0:aa:04,,Uncategorized;10,2026-09-26 07:33:17,,7936,-103,26.18869656259277,91.70194842213782,6.354705810546875,9.935046195983887,,,BLE
c4:df:39:23:ee:ec,realme 9i,Smartphone;10,2026-09-26 07:33:17,,524,-97,26.18869656259277,91.70194842213782,6.354705810546875,9.935046195983887,,,BT
06:8a:a2:7e:a7:23,,Uncategorized;10,2026-09-26 07:33:19,,7936,-106,26.18870080491112,91.70197033498516,6.677581787109375,9.935046195983887,,,BLE
25:04:d4:b4:17:ec,,Misc,2026-09-26 07:33:19,,7936,-96,26.18870080491112,91.70197033498516,6.677581787109375,9.935046195983887,,,BLE
22:70:cb:54:24:38,Nothing Phone (3a)_5799,[WPA2-PSK-CCMP][RSN-PSK+SAE-CCMP][ESS],2026-09-26 07:33:19,11,2462,-70,26.18870080491112,91.70197033498516,6.677581787109375,9.935046195983887,,,WIFI
4e:73:67:4f:5a:a9,Redmi 10,[WPA2-PSK-CCMP][RSN-PSK-CCMP][ESS],2026-09-26 07:33:19,1,2412,-73,26.18870080491112,91.70197033498516,6.677581787109375,9.935046195983887,,,WIFI
fa:da:3b:dd:18:a2,realme 12 Pro+ 5G(VAIBHAV GUPTA),[WPA2-PSK-CCMP][RSN-PSK-CCMP][ESS],2026-09-26 07:33:19,11,2462,-77,26.18870080491112,91.70197033498516,6.677581787109375,9.935046195983887,,,WIFI
0c:80:63:4b:86:98,Azmuth69,[WPA2-PSK-CCMP][RSN-PSK-CCMP][ESS][WPS],2026-09-26 07:33:19,4,2427,-45,26.18870080491112,91.70197033498516,6.677581787109375,9.935046195983887,,,WIFI
4e:33:90:c8:fb:a9,OPPO F29 5G p6bd,[WPA2-PSK-CCMP][RSN-PSK+SAE-CCMP][ESS],2026-09-26 07:33:19,6,2437,-64,26.18870080491112,91.70197033498516,6.677581787109375,9.935046195983887,,,WIFI
04:d5:90:66:d1:f9,IITG_CONNECT,[WPA2-EAP/SHA1-CCMP][RSN-EAP/SHA1-CCMP][ESS],2026-09-26 07:33:19,36,5180,-66,26.18870080491112,91.70197033498516,6.677581787109375,9.935046195983887,,,WIFI
04:d5:90:66:d1:f8,eduroam,[WPA2-EAP/SHA1-CCMP][RSN-EAP/SHA1-CCMP][ESS],2026-09-26 07:33:19,36,5180,-66,26.18870080491112,91.70197033498516,6.677581787109375,9.935046195983887,,,WIFI
04:d5:90:66:fb:61,IITG_CONNECT,[WPA2-EAP/SHA1-CCMP][RSN-EAP/SHA1-CCMP][ESS],2026-09-26 07:33:19,1,2412,-68,26.18870080491112,91.70197033498516,6.677581787109375,9.935046195983887,,,WIFI
04:d5:90:66:fb:60,eduroam,[WPA2-EAP/SHA1-CCMP][RSN-EAP/SHA1-CCMP][ESS],2026-09-26 07:33:19,1,2412,-72,26.18870080491112,91.70197033498516,6.677581787109375,9.935046195983887,,,WIFI
1c:91:80:c8:04:a7,Varaprasad’s MacBook Air,Laptop;10,2026-09-26 07:33:20,,268,-99,26.18870314436139,91.70198110036135,6.414642333984375,9.935046195983887,,,BT
d4:13:3e:aa:0c:28,,Misc,2026-09-26 07:33:20,,,-95,26.18870314436139,91.70198110036135,6.414642333984375,9.935046195983887,,76,BLE
4c:11:bc:17:4b:b4,,Uncategorized;10,2026-09-26 07:33:20,,7936,-99,26.18870314436139,91.70198110036135,6.414642333984375,9.935046195983887,,76,BLE
df:29:10:70:ec:55,,Misc,2026-09-26 07:33:20,,,-93,26.18870314436139,91.70198110036135,6.414642333984375,9.935046195983887,,76,BLE
7a:18:9b:fd:90:b7,,Misc,2026-09-26 07:33:20,,7936,-86,26.18870314436139,91.70198110036135,6.414642333984375,9.935046195983887,,76,BLE
1e:86:de:fe:0a:c9,,Misc,2026-09-26 07:33:20,,,-78,26.18870314436139,91.70198110036135,6.414642333984375,9.935046195983887,,6,BLE
3a:c9:16:0c:29:52,,Misc,2026-09-26 07:33:20,,,-99,26.18870314436139,91.70198110036135,6.414642333984375,9.935046195983887,,,BLE
e1:66:05:0a:26:db,,Misc,2026-09-26 07:33:20,,,-97,26.18870314436139,91.70198110036135,6.414642333984375,9.935046195983887,,76,BLE
64:6d:90:8b:4a:34,OnePlus Nord Buds 3,Misc,2026-09-26 07:33:20,,7936,-103,26.18870314436139,91.70198110036135,6.414642333984375,9.935046195983887,,,BLE
02:8f:23:77:09:47,,Misc,2026-09-26 07:33:20,,,-80,26.18870314436139,91.70198110036135,6.414642333984375,9.935046195983887,,6,BLE
23:b2:88:2f:86:9d,,Misc,2026-09-26 07:33:20,,,-68,26.18870314436139,91.70198110036135,6.414642333984375,9.935046195983887,,6,BLE
04:0a:a1:6f:3b:9c,,Misc,2026-09-26 07:33:20,,,-103,26.18870314436139,91.70198110036135,6.414642333984375,9.935046195983887,,,BLE
68:45:90:07:e7:aa,CMF Buds,Misc,2026-09-26 07:33:20,,,-77,26.18870314436139,91.70198110036135,6.414642333984375,9.935046195983887,,3275,BLE
6a:e3:f5:d6:07:71,,Misc,2026-09-26 07:33:20,,7936,-99,26.18870314436139,91.70198110036135,6.414642333984375,9.935046195983887,,76,BLE
64:6d:90:d1:46:cf,OnePlus Nord Buds 3 Pro,Misc,2026-09-26 07:33:20,,7936,-104,26.18870314436139,91.70198110036135,6.414642333984375,9.935046195983887,,,BLE
17:71:53:ad:6d:35,,Misc,2026-09-26 07:33:20,,7936,-100,26.18870314436139,91.70198110036135,6.414642333984375,9.935046195983887,,,BLE
09:3e:2b:e0:aa:04,,Uncategorized;10,2026-09-26 07:33:20,,7936,-97,26.18870314436139,91.70198110036135,6.414642333984375,9.935046195983887,,,BLE
4e:10:b1:7b:90:e4,,Uncategorized;10,2026-09-26 07:33:21,,7936,-94,26.188708133326752,91.70199373924773,6.115997314453125,9.935046195983887,,,BLE
2f:a5:a5:37:70:77,,Uncategorized;10,2026-09-26 07:33:21,,7936,-94,26.188708133326752,91.70199373924773,6.115997314453125,9.935046195983887,,,BLE
6d:ba:2b:04:7e:89,,Misc,2026-09-26 07:33:21,,7936,-93,26.188708133326752,91.70199373924773,6.115997314453125,9.935046195983887,,76,BLE
17:71:53:ad:6d:35,,Misc,2026-09-26 07:33:21,,7936,-88,26.188708133326752,91.70199373924773,6.115997314453125,9.935046195983887,,,BLE
51:b0:1a:5e:4a:36,3.0 BT,null;10,2026-09-26 07:33:22,,1028,-100,26.1887142107624,91.70201059595452,5.99139404296875,9.935046195983887,,,BT
30:87:cb:dd:84:09,,Uncategorized;10,2026-09-26 07:33:23,,7936,-104,26.18871437303056,91.70201359853186,5.499420166015625,9.935046195983887,,,BLE
06:8a:a2:7e:a7:23,,Uncategorized;10,2026-09-26 07:33:24,,7936,-88,26.188716936066765,91.70202551941152,4.60968017578125,9.935046195983887,,,BLE
52:2c:1c:79:ac:2f,,Uncategorized;10,2026-09-26 07:33:24,,7936,-91,26.188716936066765,91.70202551941152,4.60968017578125,9.935046195983887,,,BLE
2d:cc:63:47:bb:8e,,Misc,2026-09-26 07:33:25,,,-98,26.188719100028187,91.70203579534399,4.563018798828125,9.935046195983887,,6,BLE
eb:e5:db:cd:b2:cb,,Misc,2026-09-26 07:33:25,,,-95,26.188719100028187,91.70203579534399,4.563018798828125,9.935046195983887,,76,BLE
46:6d:73:4c:17:38,,Misc,2026-09-26 07:33:25,,,-91,26.188719100028187,91.70203579534399,4.563018798828125,9.935046195983887,,117,BLE
88:92:cc:d0:b4:5b,WH-CH720N,Uncategorized,2026-09-26 07:33:25,,7936,-82,26.188719100028187,91.70203579534399,4.563018798828125,9.935046195983887,,,BLE
4e:10:b1:7b:90:e4,,Uncategorized;10,2026-09-26 07:33:25,,7936,-95,26.188719100028187,91.70203579534399,4.563018798828125,9.935046195983887,,1839,BLE
70:8a:9e:48:22:68,,Misc,2026-09-26 07:33:25,,,-98,26.188719100028187,91.70203579534399,4.563018798828125,9.935046195983887,,,BLE
d0:24:96:bb:07:95,,Misc,2026-09-26 07:33:25,,,-98,26.188719100028187,91.70203579534399,4.563018798828125,9.935046195983887,,76,BLE
6a:e3:f5:d6:07:71,,Misc,2026-09-26 07:33:25,,7936,-91,26.188719100028187,91.70203579534399,4.563018798828125,9.935046195983887,,76,BLE
fb:57:01:ae:d9:92,,Misc,2026-09-26 07:33:25,,,-103,26.188719100028187,91.70203579534399,4.563018798828125,9.935046195983887,,76,BLE
0a:1f:35:cc:c0:ff,,Misc,2026-09-26 07:33:25,,,-91,26.188719100028187,91.70203579534399,4.563018798828125,9.935046195983887,,,BLE
c8:0c:8f:39:5b:0a,,Misc,2026-09-26 07:33:25,,,-80,26.188719100028187,91.70203579534399,4.563018798828125,9.935046195983887,,,BLE
72:07:2c:25:04:54,"Noise Airwave Max XR ",Misc,2026-09-26 07:33:25,,7936,-63,26.188719100028187,91.70203579534399,4.563018798828125,9.935046195983887,,1906,BLE
52:2c:1c:79:ac:2f,,Uncategorized;10,2026-09-26 07:33:25,,7936,-92,26.188719100028187,91.70203579534399,4.563018798828125,9.935046195983887,,76,BLE
72:80:09:74:e9:3f,,Misc,2026-09-26 07:33:25,,7936,-104,26.188719100028187,91.70203579534399,4.563018798828125,9.935046195983887,,1946,BLE
68:7a:b0:50:9b:09,,Misc,2026-09-26 07:33:25,,,-91,26.188719100028187,91.70203579534399,4.563018798828125,9.935046195983887,,76,BLE
30:87:cb:dd:84:09,,Uncategorized;10,2026-09-26 07:33:25,,7936,-95,26.188719100028187,91.70203579534399,4.563018798828125,9.935046195983887,,,BLE
64:6d:90:8b:4a:34,OnePlus Nord Buds 3,Misc,2026-09-26 07:33:25,,7936,-97,26.188719100028187,91.70203579534399,4.563018798828125,9.935046195983887,,,BLE
1d:a7:ad:dd:0c:58,,Misc,2026-09-26 07:33:25,,,-100,26.188719100028187,91.70203579534399,4.563018798828125,9.935046195983887,,6,BLE
53:d9:2d:ed:ca:93,LE_WF-C510,Misc,2026-09-26 07:33:25,,7936,-93,26.188719100028187,91.70203579534399,4.563018798828125,9.935046195983887,,,BLE
35:4b:55:33:cb:d1,,Misc,2026-09-26 07:33:25,,,-88,26.188719100028187,91.70203579534399,4.563018798828125,9.935046195983887,,,BLE
06:56:54:6c:57:20,,Misc,2026-09-26 07:33:25,,,-100,26.188719100028187,91.70203579534399,4.563018798828125,9.935046195983887,,,BLE
4e:8b:ba:d9:38:d6,,Misc,2026-09-26 07:33:25,,7936,-94,26.188719100028187,91.70203579534399,4.563018798828125,9.935046195983887,,76,BLE
2e:f5:58:74:ca:e8,,Misc,2026-09-26 07:33:25,,,-93,26.188719100028187,91.70203579534399,4.563018798828125,9.935046195983887,,,BLE
04:0a:a1:6f:3b:9c,,Misc,2026-09-26 07:33:25,,,-89,26.188719100028187,91.70203579534399,4.563018798828125,9.935046195983887,,,BLE
51:06:2a:b1:83:26,,Misc,2026-09-26 07:33:25,,,-95,26.188719100028187,91.70203579534399,4.563018798828125,9.935046195983887,,76,BLE
6b:3f:16:1d:a3:72,,Uncategorized;10,2026-09-26 07:33:25,,7936,-90,26.188719100028187,91.70203579534399,4.563018798828125,9.935046195983887,,,BLE
4c:0e:ac:72:93:f0,,Misc,2026-09-26 07:33:26,,7936,-97,26.18872138646933,91.70204583122235,4.709014892578125,10.070963859558105,,76,BLE
4c:11:bc:17:4b:b4,,Uncategorized;10,2026-09-26 07:33:27,,7936,-86,26.18872359577387,91.70205544052384,5.27203369140625,10.115052223205566,,76,BLE
76:91:2d:23:8f:c6,Ayush's phone,[WPA2-PSK-CCMP][RSN-PSK-CCMP][ESS],2026-09-26 07:33:28,6,2437,-78,26.188725150384027,91.70206498320589,5.110504150390625,10.094058990478516,,,WIFI
56:63:c8:e4:3b:2b,OnePlus Nord CE3 5G,[WPA2-PSK-CCMP][RSN-PSK-CCMP][ESS],2026-09-26 07:33:28,11,2462,-75,26.188725150384027,91.70206498320589,5.110504150390625,10.094058990478516,,,WIFI
4e:73:67:4f:5a:a9,Redmi 10,[WPA2-PSK-CCMP][RSN-PSK-CCMP][ESS],2026-09-26 07:33:28,1,2412,-62,26.188725150384027,91.70206498320589,5.110504150390625,10.094058990478516,,,WIFI
04:d5:90:66:d1:f9,IITG_CONNECT,[WPA2-EAP/SHA1-CCMP][RSN-EAP/SHA1-CCMP][ESS],2026-09-26 07:33:28,36,5180,-59,26.188725150384027,91.70206498320589,5.110504150390625,10.094058990478516,,,WIFI
04:d5:90:66:d1:f8,eduroam,[WPA2-EAP/SHA1-CCMP][RSN-EAP/SHA1-CCMP][ESS],2026-09-26 07:33:28,36,5180,-60,26.188725150384027,91.70206498320589,5.110504150390625,10.094058990478516,,,WIFI
04:d5:90:66:fb:61,IITG_CONNECT,[WPA2-EAP/SHA1-CCMP][RSN-EAP/SHA1-CCMP][ESS],2026-09-26 07:33:28,1,2412,-60,26.188725150384027,91.70206498320589,5.110504150390625,10.094058990478516,,,WIFI
a8:42:a1:88:10:30,TP-Link_1030,[WPA2-PSK-CCMP][RSN-PSK-CCMP][ESS][WPS],2026-09-26 07:33:28,10,2457,-81,26.188725150384027,91.70206498320589,5.110504150390625,10.094058990478516,,,WIFI
04:d5:90:66:c0:21,IITG_CONNECT,[WPA2-EAP/SHA1-CCMP][RSN-EAP/SHA1-CCMP][ESS],2026-09-26 07:33:28,6,2437,-62,26.188725150384027,91.70206498320589,5.110504150390625,10.094058990478516,,,WIFI
a4:08:53:60:38:ba,Airtel_bidi_7996,[WPA2-PSK-CCMP][RSN-PSK-CCMP][ESS],2026-09-26 07:33:28,6,2437,-62,26.188725150384027,91.70206498320589,5.110504150390625,10.094058990478516,,,WIFI
28:93:d1:44:e0:be,,Uncategorized;10,2026-09-26 07:33:29,,7936,-101,26.188726805757106,91.70207453045956,5.1585693359375,10.104461669921875,,,BLE
32:5b:5f:aa:aa:d1,,Uncategorized;10,2026-09-26 07:33:29,,7936,-98,26.188726805757106,91.70207453045956,5.1585693359375,10.104461669921875,,,BLE
eb:d0:0d:f3:40:f0,,Misc,2026-09-26 07:33:30,,,-92,26.18872634186402,91.70208632408904,5.36480712890625,10.17396068572998,,76,BLE
35:83:47:a7:a9:1a,,Misc,2026-09-26 07:33:30,,,-97,26.18872634186402,91.70208632408904,5.36480712890625,10.17396068572998,,,BLE
6b:3f:16:1d:a3:72,,Uncategorized;10,2026-09-26 07:33:30,,7936,-90,26.18872634186402,91.70208632408904,5.36480712890625,10.17396068572998,,76,BLE
25:04:d4:b4:17:ec,,Misc,2026-09-26 07:33:30,,7936,-87,26.18872634186402,91.70208632408904,5.36480712890625,10.17396068572998,,,BLE
04:52:f7:d8:3a:58,,Misc,2026-09-26 07:33:30,,,-102,26.18872634186402,91.70208632408904,5.36480712890625,10.17396068572998,,,BLE
2d:cc:63:47:bb:8e,,Misc,2026-09-26 07:33:30,,,-91,26.18872634186402,91.70208632408904,5.36480712890625,10.17396068572998,,6,BLE
6a:c6:e1:d4:47:b0,WF-C510-GFP,Misc,2026-09-26 07:33:30,,,-93,26.18872634186402,91.70208632408904,5.36480712890625,10.17396068572998,,,BLE
51:06:2a:b1:83:26,,Misc,2026-09-26 07:33:30,,,-90,26.18872634186402,91.70208632408904,5.36480712890625,10.17396068572998,,76,BLE
64:6d:90:d1:46:cf,OnePlus Nord Buds 3 Pro,Misc,2026-09-26 07:33:30,,7936,-97,26.18872634186402,91.70208632408904,5.36480712890625,10.17396068572998,,,BLE
df:71:fd:59:f2:ed,,Misc,2026-09-26 07:33:30,,,-89,26.18872634186402,91.70208632408904,5.36480712890625,10.17396068572998,,76,BLE
64:6d:90:8b:4a:34,OnePlus Nord Buds 3,Misc,2026-09-26 07:33:30,,7936,-89,26.18872634186402,91.70208632408904,5.36480712890625,10.17396068572998,,,BLE
6c:7b:6b:12:25:60,,Misc,2026-09-26 07:33:30,,,-104,26.18872634186402,91.70208632408904,5.36480712890625,10.17396068572998,,,BLE
32:cb:68:89:48:66,,Uncategorized;10,2026-09-26 07:33:31,,7936,-100,26.188726862943202,91.70209726515395,5.46630859375,10.239964485168457,,,BLE
09:3e:2b:e0:aa:04,,Uncategorized;10,2026-09-26 07:33:31,,7936,-85,26.188726862943202,91.70209726515395,5.46630859375,10.239964485168457,,,BLE
4e:10:b1:7b:90:e4,,Uncategorized;10,2026-09-26 07:33:31,,7936,-90,26.188726862943202,91.70209726515395,5.46630859375,10.239964485168457,,1839,BLE
79:55:47:88:f2:df,,Uncategorized;10,2026-09-26 07:33:33,,7936,-100,26.188730524199382,91.70212370877935,5.516632080078125,10.16413402557373,,,BLE
51:b0:1a:5e:4a:36,3.0 BT,null;10,2026-09-26 07:33:34,,1028,-81,26.188732739884138,91.70212605427385,5.49273681640625,10.16386890411377,,,BT
79:55:47:88:f2:df,,Uncategorized;10,2026-09-26 07:33:35,,7936,-99,26.188735265519416,91.70213710024547,5.109375,10.17651081085205,,76,BLE
28:93:d1:44:e0:be,,Uncategorized;10,2026-09-26 07:33:35,,7936,-93,26.188735265519416,91.70213710024547,5.109375,10.17651081085205,,,BLE
c0:f6:1c:48:d4:95,,Misc,2026-09-26 07:33:35,,,-99,26.188735265519416,91.70213710024547,5.109375,10.17651081085205,,76,BLE
1d:5f:ed:fc:0c:1b,,Misc,2026-09-26 07:33:35,,,-103,26.188735265519416,91.70213710024547,5.109375,10.17651081085205,,6,BLE
1d:a7:ad:dd:0c:58,,Misc,2026-09-26 07:33:35,,,-88,26.188735265519416,91.70213710024547,5.109375,10.17651081085205,,6,BLE
00:0a:45:44:6b:4b,"LE_ATH-M50xBT2 ",Uncategorized;10,2026-09-26 07:33:36,,7936,-94,26.18873803187278,91.70214708289936,5.363616943359375,10.19064712524414,,,BLE
78:ad:cf:05:34:59,,Uncategorized;10,2026-09-26 07:33:37,,7936,-93,26.18874101370475,91.70215648318019,4.13787841796875,10.201263427734375,,,BLE
48:c8:dc:3b:86:14,Jabra Evolve2 65,Uncategorized;10,2026-09-26 07:33:39,,7936,-99,26.188747597649797,91.70217516235122,4.723480224609375,10.233681678771973,,,BLE
5d:54:a6:53:1c:c7,,Uncategorized;10,2026-09-26 07:33:39,,7936,-106,26.188747597649797,91.70217516235122,4.723480224609375,10.233681678771973,,,BLE
b6:08:53:60:38:bb,,[WPA2-PSK-CCMP][RSN-PSK-CCMP][ESS],2026-09-26 07:33:40,52,5260,-51,26.188752521677138,91.70219166409481,5.034912109375,10.247496604919434,,,WIFI
04:d5:90:66:d1:f1,IITG_CONNECT,[WPA2-EAP/SHA1-CCMP][RSN-EAP/SHA1-CCMP][ESS],2026-09-26 07:33:40,11,2462,-39,26.188752521677138,91.70219166409481,5.034912109375,10.247496604919434,,,WIFI
04:d5:90:66:d1:f0,eduroam,[WPA2-EAP/SHA1-CCMP][RSN-EAP/SHA1-CCMP][ESS],2026-09-26 07:33:40,11,2462,-42,26.188752521677138,91.70219166409481,5.034912109375,10.247496604919434,,,WIFI
04:d5:90:66:d1:f9,IITG_CONNECT,[WPA2-EAP/SHA1-CCMP][RSN-EAP/SHA1-CCMP][ESS],2026-09-26 07:33:40,36,5180,-46,26.188752521677138,91.70219166409481,5.034912109375,10.247496604919434,,,WIFI
04:d5:90:66:d1:f8,eduroam,[WPA2-EAP/SHA1-CCMP][RSN-EAP/SHA1-CCMP][ESS],2026-09-26 07:33:40,36,5180,-48,26.188752521677138,91.70219166409481,5.034912109375,10.247496604919434,,,WIFI
ba:08:53:60:38:bb,,[WPA2-PSK-CCMP][RSN-PSK-CCMP][ESS],2026-09-26 07:33:40,52,5260,-51,26.188752521677138,91.70219166409481,5.034912109375,10.247496604919434,,,WIFI
04:d5:90:66:fb:60,eduroam,[WPA2-EAP/SHA1-CCMP][RSN-EAP/SHA1-CCMP][ESS],2026-09-26 07:33:40,1,2412,-66,26.188752521677138,91.70219166409481,5.034912109375,10.247496604919434,,,WIFI
a4:08:53:60:38:bb,Airtel_bidi_7996,[WPA2-PSK-CCMP][RSN-PSK-CCMP][ESS],2026-09-26 07:33:40,52,5260,-48,26.188752521677138,91.70219166409481,5.034912109375,10.247496604919434,,,WIFI
a4:08:53:60:38:ba,Airtel_bidi_7996,[WPA2-PSK-CCMP][RSN-PSK-CCMP][ESS],2026-09-26 07:33:40,6,2437,-49,26.188752521677138,91.70219166409481,5.034912109375,10.247496604919434,,,WIFI
46:93:94:6f:63:51,AYAN-S_VICTUS,Misc,2026-09-26 07:33:40,,7936,-104,26.188752521677138,91.70219166409481,5.034912109375,10.247496604919434,,,BLE
79:f4:2c:46:22:c4,,Misc,2026-09-26 07:33:40,,,-99,26.188752521677138,91.70219166409481,5.034912109375,10.247496604919434,,,BLE
78:ad:cf:05:34:59,,Uncategorized;10,2026-09-26 07:33:40,,7936,-93,26.188752521677138,91.70219166409481,5.034912109375,10.247496604919434,,76,BLE
5d:54:a6:53:1c:c7,,Uncategorized;10,2026-09-26 07:33:40,,7936,-106,26.188752521677138,91.70219166409481,5.034912109375,10.247496604919434,,76,BLE
61:c6:cd:a5:50:64,,Misc,2026-09-26 07:33:40,,,-103,26.188752521677138,91.70219166409481,5.034912109375,10.247496604919434,,,BLE
43:1c:a3:be:bc:73,PREDATOR,Misc,2026-09-26 07:33:40,,7936,-99,26.188752521677138,91.70219166409481,5.034912109375,10.247496604919434,,,BLE
4b:de:12:97:1e:cb,,Misc,2026-09-26 07:33:40,,7936,-101,26.188752521677138,91.70219166409481,5.034912109375,10.247496604919434,,76,BLE
15:83:6b:c2:bc:0f,,Misc,2026-09-26 07:33:40,,,-96,26.188752521677138,91.70219166409481,5.034912109375,10.247496604919434,,,BLE
00:0a:45:44:6b:4b,"LE_ATH-M50xBT2 ",Uncategorized;10,2026-09-26 07:33:40,,7936,-93,26.188752521677138,91.70219166409481,5.034912109375,10.247496604919434,,1560,BLE
52:ea:e6:58:a5:a8,,Uncategorized;10,2026-09-26 07:33:41,,7936,-98,26.188753738577798,91.70219284754332,4.949310302734375,10.25951862335205,,,BLE
73:4c:a9:0a:07:80,,Uncategorized;10,2026-09-26 07:33:42,,7936,-94,26.18875407977393,91.70220658893321,1.44732666015625,10.309516906738281,,,BLE
43:e4:21:65:2b:28,,Uncategorized;10,2026-09-26 07:33:43,,7936,-98,26.188754669862558,91.70222887400026,0.835784912109375,10.215357780456543,,,BLE
76:45:81:bb:fe:d3,,Uncategorized;10,2026-09-26 07:33:44,,7936,-98,26.188757432274894,91.70222806557841,-1.14898681640625,10.08298397064209,,,BLE
32:cb:68:89:48:66,,Uncategorized;10,2026-09-26 07:33:44,,7936,-91,26.188757432274894,91.70222806557841,-1.14898681640625,10.08298397064209,,,BLE
3b:8d:3e:24:e4:a3,,Misc,2026-09-26 07:33:45,,,-101,26.188759638323255,91.7022417264041,0.429840087890625,10.089930534362793,,,BLE
62:b1:2e:d3:79:15,,Misc,2026-09-26 07:33:45,,,-103,26.188759638323255,91.7022417264041,0.429840087890625,10.089930534362793,,76,BLE
79:f4:2c:46:22:c4,,Misc,2026-09-26 07:33:45,,,-88,26.188759638323255,91.7022417264041,0.429840087890625,10.089930534362793,,,BLE
73:4c:a9:0a:07:80,,Uncategorized;10,2026-09-26 07:33:45,,7936,-93,26.188759638323255,91.7022417264041,0.429840087890625,10.089930534362793,,76,BLE
6d:85:00:18:de:b0,,Misc,2026-09-26 07:33:45,,7936,-104,26.188759638323255,91.7022417264041,0.429840087890625,10.089930534362793,,76,BLE
5f:9b:0b:c0:20:5c,LENOVO_LOQ_YK,Misc,2026-09-26 07:33:45,,,-96,26.188759638323255,91.7022417264041,0.429840087890625,10.089930534362793,,,BLE
2d:17:13:19:dc:6d,,Misc,2026-09-26 07:33:45,,,-92,26.188759638323255,91.7022417264041,0.429840087890625,10.089930534362793,,6,BLE
04:c5:52:7b:19:a8,,Misc,2026-09-26 07:33:45,,7936,-103,26.188759638323255,91.7022417264041,0.429840087890625,10.089930534362793,,,BLE
48:b7:ff:20:dc:25,,Misc,2026-09-26 07:33:45,,7936,-97,26.188759638323255,91.7022417264041,0.429840087890625,10.089930534362793,,76,BLE
57:fe:32:75:f3:ab,,Misc,2026-09-26 07:33:45,,7936,-101,26.188759638323255,91.7022417264041,0.429840087890625,10.089930534362793,,76,BLE
13:8c:72:34:fa:7a,,Misc,2026-09-26 07:33:45,,,-106,26.188759638323255,91.7022417264041,0.429840087890625,10.089930534362793,,6,BLE
6e:8e:f6:d2:25:22,,Misc,2026-09-26 07:33:45,,7936,-104,26.188759638323255,91.7022417264041,0.429840087890625,10.089930534362793,,76,BLE
5a:b9:c7:9f:60:01,,Misc,2026-09-26 07:33:45,,7936,-101,26.188759638323255,91.7022417264041,0.429840087890625,10.089930534362793,,,BLE
6e:be:63:59:eb:0c,,Misc,2026-09-26 07:33:45,,7936,-97,26.188759638323255,91.7022417264041,0.429840087890625,10.089930534362793,,76,BLE
55:fd:b4:b5:53:84,amier's JBL F,Misc,2026-09-26 07:33:45,,,-105,26.188759638323255,91.7022417264041,0.429840087890625,10.089930534362793,,,BLE
5c:9d:46:74:c7:df,,Misc,2026-09-26 07:33:45,,,-102,26.188759638323255,91.7022417264041,0.429840087890625,10.089930534362793,,76,BLE
5d:54:a6:53:1c:c7,,Uncategorized;10,2026-09-26 07:33:45,,7936,-98,26.188759638323255,91.7022417264041,0.429840087890625,10.089930534362793,,76,BLE
15:e9:93:62:26:36,,Misc,2026-09-26 07:33:45,,,-102,26.188759638323255,91.7022417264041,0.429840087890625,10.089930534362793,,6,BLE
43:1c:a3:be:bc:73,PREDATOR,Misc,2026-09-26 07:33:45,,7936,-93,26.188759638323255,91.7022417264041,0.429840087890625,10.089930534362793,,,BLE
64:e3:3b:da:a3:5f,,Misc,2026-09-26 07:33:45,,7936,-104,26.188759638323255,91.7022417264041,0.429840087890625,10.089930534362793,,76,BLE
43:e4:21:65:2b:28,,Uncategorized;10,2026-09-26 07:33:45,,7936,-98,26.188759638323255,91.7022417264041,0.429840087890625,10.089930534362793,,76,BLE
77:be:6b:1b:1a:a5,,Misc,2026-09-26 07:33:45,,7936,-104,26.188759638323255,91.7022417264041,0.429840087890625,10.089930534362793,,76,BLE
06:3f:18:78:9a:79,,Misc,2026-09-26 07:33:45,,,-102,26.188759638323255,91.7022417264041,0.429840087890625,10.089930534362793,,,BLE
3b:20:00:08:88:e0,,Misc,2026-09-26 07:33:45,,,-101,26.188759638323255,91.7022417264041,0.429840087890625,10.089930534362793,,6,BLE
72:69:bd:31:02:6f,,Uncategorized;10,2026-09-26 07:33:46,,7936,-76,26.188761916221026,91.70225302913973,0.008453369140625,10.183473587036133,,76,BLE
52:ea:e6:58:a5:a8,,Uncategorized;10,2026-09-26 07:33:46,,7936,-88,26.188761916221026,91.70225302913973,0.008453369140625,10.183473587036133,,,BLE
46:93:94:6f:63:51,AYAN-S_VICTUS,Misc,2026-09-26 07:33:46,,7936,-98,26.188761916221026,91.70225302913973,0.008453369140625,10.183473587036133,,,BLE
7a:18:9b:fd:90:b7,,Misc,2026-09-26 07:33:47,,7936,-77,26.18876316098664,91.70226330403302,-1.35174560546875,10.143363952636719,,76,BLE
64:e3:3b:da:a3:5f,,Misc,2026-09-26 07:33:47,,7936,-91,26.18876316098664,91.70226330403302,-1.35174560546875,10.143363952636719,,76,BLE
77:be:6b:1b:1a:a5,,Misc,2026-09-26 07:33:47,,7936,-93,26.18876316098664,91.70226330403302,-1.35174560546875,10.143363952636719,,76,BLE
43:1c:a3:be:bc:73,PREDATOR,Misc,2026-09-26 07:33:47,,7936,-85,26.18876316098664,91.70226330403302,-1.35174560546875,10.143363952636719,,,BLE
73:3c:ef:fc:51:34,,Uncategorized;10,2026-09-26 07:33:47,,7936,-100,26.18876316098664,91.70226330403302,-1.35174560546875,10.143363952636719,,,BLE
5a:e5:6a:01:be:db,,Uncategorized;10,2026-09-26 07:33:48,,7936,-95,26.188761117223034,91.70227931707487,-1.3082275390625,10.132584571838379,,,BLE
75:e8:06:a4:01:90,,Uncategorized;10,2026-09-26 07:33:48,,7936,-95,26.188761117223034,91.70227931707487,-1.3082275390625,10.132584571838379,,,BLE
57:fe:32:75:f3:ab,,Misc,2026-09-26 07:33:49,,7936,-93,26.188758788277692,91.70227627216424,-1.279022216796875,10.165953636169434,,76,BLE
5a:cb:97:e7:31:43,CHAITANYA-LOQ,Uncategorized;10,2026-09-26 07:33:49,,7936,-97,26.188758788277692,91.70227627216424,-1.279022216796875,10.165953636169434,,,BLE
49:8c:96:3e:05:c6,,Misc,2026-09-26 07:33:50,,7936,-103,26.188752929496296,91.70228908134987,-1.471343994140625,10.18282413482666,,76,BLE
18:42:6d:16:2e:8d,,Misc,2026-09-26 07:33:50,,,-89,26.188752929496296,91.70228908134987,-1.471343994140625,10.18282413482666,,6,BLE
1a:fb:6b:29:1b:7f,,Misc,2026-09-26 07:33:50,,,-94,26.188752929496296,91.70228908134987,-1.471343994140625,10.18282413482666,,6,BLE
73:3c:ef:fc:51:34,,Uncategorized;10,2026-09-26 07:33:50,,7936,-100,26.188752929496296,91.70228908134987,-1.471343994140625,10.18282413482666,,76,BLE
12:a0:98:79:3f:d9,,Misc,2026-09-26 07:33:50,,,-97,26.188752929496296,91.70228908134987,-1.471343994140625,10.18282413482666,,6,BLE
75:e8:06:a4:01:90,,Uncategorized;10,2026-09-26 07:33:50,,7936,-99,26.188752929496296,91.70228908134987,-1.471343994140625,10.18282413482666,,76,BLE
5a:e5:6a:01:be:db,,Uncategorized;10,2026-09-26 07:33:50,,7936,-96,26.188752929496296,91.70228908134987,-1.471343994140625,10.18282413482666,,76,BLE
f5:96:a5:01:d5:38,,Misc,2026-09-26 07:33:50,,,-106,26.188752929496296,91.70228908134987,-1.471343994140625,10.18282413482666,,76,BLE
3e:73:07:79:f0:eb,,Misc,2026-09-26 07:33:50,,,-98,26.188752929496296,91.70228908134987,-1.471343994140625,10.18282413482666,,6,BLE
98:34:8c:62:52:24,,Misc,2026-09-26 07:33:50,,7936,-102,26.188752929496296,91.70228908134987,-1.471343994140625,10.18282413482666,,,BLE
e7:73:0d:a4:e0:d6,,Misc,2026-09-26 07:33:50,,,-84,26.188752929496296,91.70228908134987,-1.471343994140625,10.18282413482666,,76,BLE
c4:d8:a2:9b:e3:c3,,Misc,2026-09-26 07:33:50,,,-84,26.188752929496296,91.70228908134987,-1.471343994140625,10.18282413482666,,76,BLE
15:72:fa:02:a4:96,,Misc,2026-09-26 07:33:50,,,-101,26.188752929496296,91.70228908134987,-1.471343994140625,10.18282413482666,,6,BLE
75:ad:68:3b:c9:f7,,Misc,2026-09-26 07:33:50,,7936,-105,26.188752929496296,91.70228908134987,-1.471343994140625,10.18282413482666,,76,BLE
68:3b:1b:de:18:39,,Uncategorized;10,2026-09-26 07:33:50,,7936,-101,26.188752929496296,91.70228908134987,-1.471343994140625,10.18282413482666,,,BLE
4d:92:c8:2a:7a:68,,Uncategorized;10,2026-09-26 07:33:50,,7936,-102,26.188752929496296,91.70228908134987,-1.471343994140625,10.18282413482666,,,BLE
73:3c:ef:fc:51:34,,Uncategorized;10,2026-09-26 07:33:50,,7936,-95,26.188752929496296,91.70228908134987,-1.471343994140625,10.18282413482666,,76,BLE
43:e4:21:65:2b:28,,Uncategorized;10,2026-09-26 07:33:50,,7936,-92,26.188752929496296,91.70228908134987,-1.471343994140625,10.18282413482666,,76,BLE
6a:be:ae:eb:07:7f,MITHUNREDDY214,Uncategorized;10,2026-09-26 07:33:51,,7936,-94,26.188748290542826,91.70228559098878,0.83135986328125,10.13169002532959,,,BLE
6b:47:18:1f:e5:17,,Uncategorized;10,2026-09-26 07:33:51,,7936,-94,26.188748290542826,91.70228559098878,0.83135986328125,10.13169002532959,,,BLE
5d:42:e4:6d:f6:e8,,Uncategorized;10,2026-09-26 07:33:52,,7936,-103,26.188740480321048,91.70228979115808,0.265716552734375,10.142383575439453,,,BLE
57:92:a8:c3:65:39,,Uncategorized;10,2026-09-26 07:33:52,,7936,-98,26.188740480321048,91.70228979115808,0.265716552734375,10.142383575439453,,,BLE
64:e3:3b:da:a3:5f,,Misc,2026-09-26 07:33:53,,7936,-84,26.188732337564627,91.70229295428426,0.36553955078125,10.064495086669922,,76,BLE
c6:0c:61:ca:10:05,,Misc,2026-09-26 07:33:55,,,-103,26.188710098637408,91.70230195092432,0.416900634765625,10.098608016967773,,76,BLE
d4:f7:b4:17:a4:91,,Misc,2026-09-26 07:33:55,,,-97,26.188710098637408,91.70230195092432,0.416900634765625,10.098608016967773,,76,BLE
36:bf:c0:1a:6c:55,,Misc,2026-09-26 07:33:55,,7936,-106,26.188710098637408,91.70230195092432,0.416900634765625,10.098608016967773,,,BLE
4d:92:c8:2a:7a:68,,Uncategorized;10,2026-09-26 07:33:55,,7936,-102,26.188710098637408,91.70230195092432,0.416900634765625,10.098608016967773,,76,BLE
98:34:8c:62:52:24,,Misc,2026-09-26 07:33:55,,7936,-95,26.188710098637408,91.70230195092432,0.416900634765625,10.098608016967773,,,BLE
4a:a3:b6:61:6d:7b,,Misc,2026-09-26 07:33:55,,,-104,26.188710098637408,91.70230195092432,0.416900634765625,10.098608016967773,,76,BLE
77:86:ac:b3:9b:4a,,Misc,2026-09-26 07:33:55,,7936,-128,26.188710098637408,91.70230195092432,0.416900634765625,10.098608016967773,,76,BLE
78:9d:f1:2b:18:d2,,Misc,2026-09-26 07:33:55,,,-101,26.188710098637408,91.70230195092432,0.416900634765625,10.098608016967773,,76,BLE
43:ce:aa:01:9a:48,,Misc,2026-09-26 07:33:55,,7936,-105,26.188710098637408,91.70230195092432,0.416900634765625,10.098608016967773,,76,BLE
3e:73:07:79:f0:eb,,Misc,2026-09-26 07:33:55,,,-88,26.188710098637408,91.70230195092432,0.416900634765625,10.098608016967773,,6,BLE
75:ad:68:3b:c9:f7,,Misc,2026-09-26 07:33:55,,7936,-100,26.188710098637408,91.70230195092432,0.416900634765625,10.098608016967773,,76,BLE
66:43:09:60:b7:c4,,Misc,2026-09-26 07:33:55,,,-105,26.188710098637408,91.70230195092432,0.416900634765625,10.098608016967773,,76,BLE
b8:2b:41:2a:3e:3a,512ANC_BLE,Misc,2026-09-26 07:33:55,,7936,-104,26.188710098637408,91.70230195092432,0.416900634765625,10.098608016967773,,1494,BLE
02:2c:99:60:7e:eb,,Misc,2026-09-26 07:33:55,,,-104,26.188710098637408,91.70230195092432,0.416900634765625,10.098608016967773,,6,BLE
5d:42:e4:6d:f6:e8,,Uncategorized;10,2026-09-26 07:33:55,,7936,-102,26.188710098637408,91.70230195092432,0.416900634765625,10.098608016967773,,76,BLE
0d:1c:6d:ff:16:e2,,Misc,2026-09-26 07:33:55,,,-103,26.188710098637408,91.70230195092432,0.416900634765625,10.098608016967773,,6,BLE
03:37:f7:00:06:eb,,Misc,2026-09-26 07:33:55,,,-106,26.188710098637408,91.70230195092432,0.416900634765625,10.098608016967773,,6,BLE
64:6d:90:d1:46:cf,OnePlus Nord Buds 3 Pro,Misc,2026-09-26 07:33:55,,7936,-89,26.188710098637408,91.70230195092432,0.416900634765625,10.098608016967773,,,BLE
68:3b:1b:de:18:39,,Uncategorized;10,2026-09-26 07:33:55,,7936,-101,26.188710098637408,91.70230195092432,0.416900634765625,10.098608016967773,,76,BLE
57:92:a8:c3:65:39,,Uncategorized;10,2026-09-26 07:33:55,,7936,-99,26.188710098637408,91.70230195092432,0.416900634765625,10.098608016967773,,76,BLE
f2:dc:87:e7:a8:c9,,Misc,2026-09-26 07:33:55,,,-100,26.188710098637408,91.70230195092432,0.416900634765625,10.098608016967773,,76,BLE
c3:8f:3f:dd:d6:f7,,Misc,2026-09-26 07:33:55,,,-96,26.188710098637408,91.70230195092432,0.416900634765625,10.098608016967773,,76,BLE
18:19:a7:69:30:d9,,Uncategorized;10,2026-09-26 07:33:55,,7936,-98,26.188710098637408,91.70230195092432,0.416900634765625,10.098608016967773,,,BLE
49:8c:96:3e:05:c6,,Misc,2026-09-26 07:33:56,,7936,-95,26.188707138419755,91.70230047436544,0.967926025390625,10.01733112335205,,76,BLE
77:86:ac:b3:9b:4a,,Misc,2026-09-26 07:33:56,,7936,-100,26.188707138419755,91.70230047436544,0.967926025390625,10.01733112335205,,76,BLE
57:92:a8:c3:65:39,,Uncategorized;10,2026-09-26 07:34:00,,7936,-88,26.188663003104857,91.70231950795052,-0.443084716796875,9.935046195983887,,76,BLE
75:e8:06:a4:01:90,,Uncategorized;10,2026-09-26 07:34:00,,7936,-91,26.188663003104857,91.70231950795052,-0.443084716796875,9.935046195983887,,76,BLE
f3:28:3d:f1:da:19,,Misc,2026-09-26 07:34:00,,,-89,26.188663003104857,91.70231950795052,-0.443084716796875,9.935046195983887,,76,BLE
0d:1c:6d:ff:16:e2,,Misc,2026-09-26 07:34:00,,,-97,26.188663003104857,91.70231950795052,-0.443084716796875,9.935046195983887,,6,BLE
4a:a3:b6:61:6d:7b,,Misc,2026-09-26 07:34:00,,,-93,26.188663003104857,91.70231950795052,-0.443084716796875,9.935046195983887,,76,BLE
57:fe:32:75:f3:ab,,Misc,2026-09-26 07:34:00,,7936,-84,26.188663003104857,91.70231950795052,-0.443084716796875,9.935046195983887,,76,BLE
1d:5f:ed:fc:0c:1b,,Misc,2026-09-26 07:34:00,,,-97,26.188663003104857,91.70231950795052,-0.443084716796875,9.935046195983887,,6,BLE
57:19:82:3f:24:78,,Misc,2026-09-26 07:34:00,,7936,-102,26.188663003104857,91.70231950795052,-0.443084716796875,9.935046195983887,,76,BLE
3d:4c:57:5b:92:5d,,Misc,2026-09-26 07:34:00,,,-95,26.188663003104857,91.70231950795052,-0.443084716796875,9.935046195983887,,,BLE
66:43:09:60:b7:c4,,Misc,2026-09-26 07:34:00,,,-100,26.188663003104857,91.70231950795052,-0.443084716796875,9.935046195983887,,76,BLE
3d:2a:c8:7c:f0:81,,Misc,2026-09-26 07:34:00,,,-94,26.188663003104857,91.70231950795052,-0.443084716796875,9.935046195983887,,,BLE
35:83:47:a7:a9:1a,,Misc,2026-09-26 07:34:00,,,-90,26.188663003104857,91.70231950795052,-0.443084716796875,9.935046195983887,,,BLE
30:e1:11:e8:fb:d4,,Misc,2026-09-26 07:34:00,,7936,-96,26.188663003104857,91.70231950795052,-0.443084716796875,9.935046195983887,,,BLE
46:93:94:6f:63:51,AYAN-S_VICTUS,Misc,2026-09-26 07:34:00,,7936,-90,26.188663003104857,91.70231950795052,-0.443084716796875,9.935046195983887,,,BLE
78:9d:f1:2b:18:d2,,Misc,2026-09-26 07:34:00,,,-91,26.188663003104857,91.70231950795052,-0.443084716796875,9.935046195983887,,76,BLE
75:e8:06:a4:01:90,,Uncategorized;10,2026-09-26 07:34:00,,7936,-84,26.188663003104857,91.70231950795052,-0.443084716796875,9.935046195983887,,76,BLE
73:3c:ef:fc:51:34,,Uncategorized;10,2026-09-26 07:34:00,,7936,-83,26.188663003104857,91.70231950795052,-0.443084716796875,9.935046195983887,,76,BLE
4d:01:c1:66:7e:c9,,Uncategorized;10,2026-09-26 07:34:01,,7936,-97,26.188662411066204,91.70232048658424,-0.673583984375,9.935046195983887,,,BLE
7c:62:76:e7:a0:99,,Uncategorized;10,2026-09-26 07:34:01,,7936,-96,26.188662411066204,91.70232048658424,-0.673583984375,9.935046195983887,,,BLE
53:cb:a1:33:52:68,,Uncategorized;10,2026-09-26 07:34:02,,7936,-93,26.188652492170515,91.70232421269645,-2.55908203125,9.935046195983887,,,BLE
4d:92:c8:2a:7a:68,,Uncategorized;10,2026-09-26 07:34:02,,7936,-89,26.188652492170515,91.70232421269645,-2.55908203125,9.935046195983887,,76,BLE
70:54:79:a1:ff:f7,,Uncategorized;10,2026-09-26 07:34:03,,7936,-100,26.18864444082768,91.7023260376507,-1.284271240234375,9.935046195983887,,,BLE
66:b1:fa:54:61:c4,JARVIS,Uncategorized;10,2026-09-26 07:34:03,,7936,-98,26.18864444082768,91.7023260376507,-1.284271240234375,9.935046195983887,,,BLE
2a:a3:25:79:a2:36,,Uncategorized;10,2026-09-26 07:34:04,,7936,-101,26.188637586418963,91.70232695499107,-2.518218994140625,9.935046195983887,,,BLE
7c:62:76:e7:a0:99,,Uncategorized;10,2026-09-26 07:34:05,,7936,-96,26.188629598890927,91.70232882055784,-0.218505859375,9.935046195983887,,76,BLE
d4:f7:b4:17:a4:91,,Misc,2026-09-26 07:34:05,,,-89,26.188629598890927,91.70232882055784,-0.218505859375,9.935046195983887,,76,BLE
64:6d:90:d1:46:cf,OnePlus Nord Buds 3 Pro,Misc,2026-09-26 07:34:05,,7936,-82,26.188629598890927,91.70232882055784,-0.218505859375,9.935046195983887,,,BLE
de:4c:12:2f:9b:2b,,Misc,2026-09-26 07:34:05,,,-95,26.188629598890927,91.70232882055784,-0.218505859375,9.935046195983887,,76,BLE
20:04:f6:6e:69:60,,Misc,2026-09-26 07:34:05,,,-93,26.188629598890927,91.70232882055784,-0.218505859375,9.935046195983887,,6,BLE
20:76:d7:fd:fe:20,,Misc,2026-09-26 07:34:05,,,-97,26.188629598890927,91.70232882055784,-0.218505859375,9.935046195983887,,6,BLE
d8:aa:9b:e0:e4:52,,Misc,2026-09-26 07:34:05,,,-98,26.188629598890927,91.70232882055784,-0.218505859375,9.935046195983887,,76,BLE
70:54:79:a1:ff:f7,,Uncategorized;10,2026-09-26 07:34:05,,7936,-101,26.188629598890927,91.70232882055784,-0.218505859375,9.935046195983887,,76,BLE
53:cb:a1:33:52:68,,Uncategorized;10,2026-09-26 07:34:05,,7936,-93,26.188629598890927,91.70232882055784,-0.218505859375,9.935046195983887,,76,BLE
5a:f2:f5:86:d4:37,,Misc,2026-09-26 07:34:05,,,-81,26.188629598890927,91.70232882055784,-0.218505859375,9.935046195983887,,76,BLE
c9:d1:c4:00:65:3a,,Misc,2026-09-26 07:34:05,,,-105,26.188629598890927,91.70232882055784,-0.218505859375,9.935046195983887,,76,BLE
60:55:56:2c:ce:bc,OnePlus Nord Buds 3,Uncategorized,2026-09-26 07:34:05,,7936,-97,26.188629598890927,91.70232882055784,-0.218505859375,9.935046195983887,,,BLE
4d:01:c1:66:7e:c9,,Uncategorized;10,2026-09-26 07:34:05,,7936,-97,26.188629598890927,91.70232882055784,-0.218505859375,9.935046195983887,,76,BLE
24:b0:f5:88:55:32,,Misc,2026-09-26 07:34:05,,,-102,26.188629598890927,91.70232882055784,-0.218505859375,9.935046195983887,,6,BLE
c0:35:32:59:22:fc,,Misc,2026-09-26 07:34:05,,,-98,26.188629598890927,91.70232882055784,-0.218505859375,9.935046195983887,,,BLE
fc:63:5d:20:a5:8e,,Misc,2026-09-26 07:34:05,,,-95,26.188629598890927,91.70232882055784,-0.218505859375,9.935046195983887,,76,BLE
e9:cf:7e:4a:91:72,,Misc,2026-09-26 07:34:05,,,-98,26.188629598890927,91.70232882055784,-0.218505859375,9.935046195983887,,76,BLE
63:57:65:2a:d8:2c,,Uncategorized;10,2026-09-26 07:34:06,,7936,-98,26.18862471707358,91.70233056879154,0.71942138671875,9.935046195983887,,,BLE
c6:07:1d:66:bf:49,IITG_CONNECT,[WPA2-EAP/SHA1-CCMP][RSN-EAP/SHA1-CCMP][ESS],2026-09-26 07:34:06,149,5745,-74,26.18862471707358,91.70233056879154,0.71942138671875,9.935046195983887,,,WIFI
a6:a4:88:ff:dc:a8,CMF by Nothing Phone 2 Pro_2576,[ESS],2026-09-26 07:34:06,48,5240,-84,26.18862471707358,91.70233056879154,0.71942138671875,9.935046195983887,,,WIFI
c8:78:7d:6d:e9:a5,fuck_you_vinay,[WPA2-PSK-CCMP][RSN-PSK-CCMP][ESS],2026-09-26 07:34:06,13,2472,-80,26.18862471707358,91.70233056879154,0.71942138671875,9.935046195983887,,,WIFI
c6:07:1d:66:bf:67,IITG_CONNECT,[WPA2-EAP/SHA1-CCMP][RSN-EAP/SHA1-CCMP][ESS],2026-09-26 07:34:06,48,5240,-55,26.18862471707358,91.70233056879154,0.71942138671875,9.935046195983887,,,WIFI
c2:07:1d:66:c8:87,,[ESS],2026-09-26 07:34:06,161,5805,-76,26.18862471707358,91.70233056879154,0.71942138671875,9.935046195983887,,,WIFI
c2:07:1d:66:c8:86,,[ESS],2026-09-26 07:34:06,1,2412,-68,26.18862471707358,91.70233056879154,0.71942138671875,9.935046195983887,,,WIFI
c6:07:1d:66:bf:48,IITG_CONNECT,[WPA2-EAP/SHA1-CCMP][RSN-EAP/SHA1-CCMP][ESS],2026-09-26 07:34:06,6,2437,-62,26.18862471707358,91.70233056879154,0.71942138671875,9.935046195983887,,,WIFI
c2:07:1d:66:bf:67,,[ESS],2026-09-26 07:34:06,48,5240,-55,26.18862471707358,91.70233056879154,0.71942138671875,9.935046195983887,,,WIFI
98:03:8e:79:4f:56,NSX,[WPA2-PSK-CCMP][RSN-PSK-CCMP][ESS][WPS],2026-09-26 07:34:06,9,2452,-75,26.18862471707358,91.70233056879154,0.71942138671875,9.935046195983887,,,WIFI
c6:07:1d:66:bf:66,IITG_CONNECT,[WPA2-EAP/SHA1-CCMP][RSN-EAP/SHA1-CCMP][ESS],2026-09-26 07:34:06,1,2412,-61,26.18862471707358,91.70233056879154,0.71942138671875,9.935046195983887,,,WIFI
c2:07:1d:66:bf:48,,[ESS],2026-09-26 07:34:06,6,2437,-61,26.18862471707358,91.70233056879154,0.71942138671875,9.935046195983887,,,WIFI
c8:78:7d:e7:e8:a7,DIR-825-E8A4,[WPA2-PSK-CCMP][RSN-PSK-CCMP][ESS][WPS],2026-09-26 07:34:06,10,2457,-74,26.18862471707358,91.70233056879154,0.71942138671875,9.935046195983887,,,WIFI
f0:b4:d2:f9:88:b4,DebottamG5,[WPA-PSK-TKIP+CCMP][WPA2-PSK-TKIP+CCMP][RSN-PSK-TKIP+CCMP][ESS][WPS],2026-09-26 07:34:06,44,5220,-85,26.18862471707358,91.70233056879154,0.71942138671875,9.935046195983887,,,WIFI
c8:78:7d:e7:e8:a5,DIR-825-5G-E8A4,[WPA2-PSK-CCMP][RSN-PSK-CCMP][ESS][WPS],2026-09-26 07:34:06,48,5240,-65,26.18862471707358,91.70233056879154,0.71942138671875,9.935046195983887,,,WIFI
c2:07:1d:66:bf:66,,[ESS],2026-09-26 07:34:06,1,2412,-60,26.18862471707358,91.70233056879154,0.71942138671875,9.935046195983887,,,WIFI
c6:07:1d:66:c8:87,IITG_CONNECT,[WPA2-EAP/SHA1-CCMP][RSN-EAP/SHA1-CCMP][ESS],2026-09-26 07:34:06,161,5805,-76,26.18862471707358,91.70233056879154,0.71942138671875,9.935046195983887,,,WIFI
c6:07:1d:66:c8:86,IITG_CONNECT,[WPA2-EAP/SHA1-CCMP][RSN-EAP/SHA1-CCMP][ESS],2026-09-26 07:34:06,1,2412,-68,26.18862471707358,91.70233056879154,0.71942138671875,9.935046195983887,,,WIFI
a4:2a:95:db:5c:be,X,[WPA2-PSK-CCMP][RSN-PSK-CCMP][ESS],2026-09-26 07:34:06,7,2442,-86,26.18862471707358,91.70233056879154,0.71942138671875,9.935046195983887,,,WIFI
c6:07:1d:66:c2:84,IITG_CONNECT,[WPA2-EAP/SHA1-CCMP][RSN-EAP/SHA1-CCMP][ESS],2026-09-26 07:34:06,6,2437,-78,26.18862471707358,91.70233056879154,0.71942138671875,9.935046195983887,,,WIFI
64:29:43:99:82:36,R03-8235,[WPA2-PSK-CCMP][RSN-PSK-CCMP][ESS],2026-09-26 07:34:06,7,2442,-82,26.18862471707358,91.70233056879154,0.71942138671875,9.935046195983887,,,WIFI
dc:ea:e7:34:05:52,DIR-512,[WPA2-PSK-CCMP][RSN-PSK-CCMP][ESS],2026-09-26 07:34:06,13,2472,-80,26.18862471707358,91.70233056879154,0.71942138671875,9.935046195983887,,,WIFI
dc:ea:e7:33:98:d6,S-003,[WPA2-PSK-CCMP][RSN-PSK-CCMP][ESS][WPS],2026-09-26 07:34:06,13,2472,-80,26.18862471707358,91.70233056879154,0.71942138671875,9.935046195983887,,,WIFI
dc:ea:e7:af:45:17,no signal,[WPA2-PSK-CCMP][RSN-PSK-CCMP][ESS][WPS],2026-09-26 07:34:06,40,5200,-79,26.18862471707358,91.70233056879154,0.71942138671875,9.935046195983887,,,WIFI
c2:07:1d:66:bf:49,,[ESS],2026-09-26 07:34:06,149,5745,-73,26.18862471707358,91.70233056879154,0.71942138671875,9.935046195983887,,,WIFI
24:2f:d0:3d:62:f8,AALU,[WPA2-PSK-CCMP][RSN-PSK-CCMP][ESS][WPS],2026-09-26 07:34:06,4,2427,-76,26.18862471707358,91.70233056879154,0.71942138671875,9.935046195983887,,,WIFI
74:d1:a7:d8:c4:d0,,Uncategorized;10,2026-09-26 07:34:07,,7936,-99,26.188620461852924,91.70233242801538,-1.005096435546875,9.935046195983887,,,BLE
01:f3:3c:82:4b:aa,,Uncategorized;10,2026-09-26 07:34:07,,7936,-100,26.188620461852924,91.70233242801538,-1.005096435546875,9.935046195983887,,,BLE
be:69:9a:15:5b:00,MELK-OA10   31,Uncategorized;10,2026-09-26 07:34:08,,7936,-103,26.18861415672229,91.70233780855999,2.004852294921875,9.935046195983887,,,BLE
1d:1a:13:23:9a:46,,Uncategorized;10,2026-09-26 07:34:09,,7936,-96,26.18860768048701,91.70234221035324,2.554595947265625,9.935046195983887,,,BLE
d8:31:d0:71:a4:ac,,Misc,2026-09-26 07:34:10,,,-99,26.18860047450816,91.70234595848967,2.64361572265625,9.935046195983887,,76,BLE
d6:24:95:14:41:92,,Misc,2026-09-26 07:34:10,,,-103,26.18860047450816,91.70234595848967,2.64361572265625,9.935046195983887,,76,BLE
2c:0e:1e:26:c6:2d,,Misc,2026-09-26 07:34:10,,,-102,26.18860047450816,91.70234595848967,2.64361572265625,9.935046195983887,,,BLE
da:27:3b:6d:05:81,,Misc,2026-09-26 07:34:10,,,-93,26.18860047450816,91.70234595848967,2.64361572265625,9.935046195983887,,76,BLE
41:84:77:00:eb:1e,CMF Buds,Uncategorized,2026-09-26 07:34:10,,7936,-100,26.18860047450816,91.70234595848967,2.64361572265625,9.935046195983887,,,BLE
77:be:6b:1b:1a:a5,,Misc,2026-09-26 07:34:10,,7936,-88,26.18860047450816,91.70234595848967,2.64361572265625,9.935046195983887,,76,BLE
4e:8b:ba:d9:38:d6,,Misc,2026-09-26 07:34:10,,7936,-85,26.18860047450816,91.70234595848967,2.64361572265625,9.935046195983887,,76,BLE
cc:be:56:63:60:0e,,Misc,2026-09-26 07:34:10,,,-98,26.18860047450816,91.70234595848967,2.64361572265625,9.935046195983887,,76,BLE
d0:24:96:bb:07:95,,Misc,2026-09-26 07:34:10,,,-92,26.18860047450816,91.70234595848967,2.64361572265625,9.935046195983887,,76,BLE
2d:2e:5f:76:5b:29,,Misc,2026-09-26 07:34:10,,7936,-99,26.18860047450816,91.70234595848967,2.64361572265625,9.935046195983887,,,BLE
ea:03:1a:11:34:4b,,Misc,2026-09-26 07:34:10,,,-100,26.18860047450816,91.70234595848967,2.64361572265625,9.935046195983887,,76,BLE
74:d1:a7:d8:c4:d0,,Uncategorized;10,2026-09-26 07:34:10,,7936,-99,26.18860047450816,91.70234595848967,2.64361572265625,9.935046195983887,,76,BLE
62:9b:f2:72:c1:16,COMET,Uncategorized;10,2026-09-26 07:34:11,,7936,-99,26.188592131781636,91.7023485907146,2.1851806640625,9.935046195983887,,,BLE
4b:cd:02:45:d3:d9,,Uncategorized;10,2026-09-26 07:34:11,,7936,-102,26.188592131781636,91.7023485907146,2.1851806640625,9.935046195983887,,,BLE
405751_53815_205093376,Assam,LTE;405751,2026-09-26 07:34:12,1351,1351,-92,26.188580919838866,91.70235048168634,4.26824951171875,9.935046195983887,,,LTE
405751_53815_205093376,Assam,LTE;405751,2026-09-26 07:34:14,1351,1351,-84,26.188562196443577,91.70235337726373,1.26580810546875,9.935046195983887,,,LTE
d6:24:95:14:41:92,,Misc,2026-09-26 07:34:15,,,-98,26.18855459769219,91.70235702331163,2.1346435546875,9.935046195983887,,76,BLE
24:b0:f5:88:55:32,,Misc,2026-09-26 07:34:15,,,-93,26.18855459769219,91.70235702331163,2.1346435546875,9.935046195983887,,6,BLE
44:52:08:fc:7d:c4,,Misc,2026-09-26 07:34:15,,,-103,26.18855459769219,91.70235702331163,2.1346435546875,9.935046195983887,,,BLE
41:84:77:00:eb:1e,CMF Buds,Uncategorized,2026-09-26 07:34:15,,7936,-83,26.18855459769219,91.70235702331163,2.1346435546875,9.935046195983887,,,BLE
0e:3f:94:22:d6:14,,Misc,2026-09-26 07:34:15,,,-105,26.18855459769219,91.70235702331163,2.1346435546875,9.935046195983887,,,BLE
4d:01:c1:66:7e:c9,,Uncategorized;10,2026-09-26 07:34:15,,7936,-89,26.18855459769219,91.70235702331163,2.1346435546875,9.935046195983887,,76,BLE
66:b1:fa:54:61:c4,JARVIS,Uncategorized;10,2026-09-26 07:34:15,,7936,-92,26.18855459769219,91.70235702331163,2.1346435546875,9.935046195983887,,,BLE
30:e1:11:e8:fb:d4,,Misc,2026-09-26 07:34:15,,7936,-88,26.18855459769219,91.70235702331163,2.1346435546875,9.935046195983887,,,BLE
ce:55:40:93:0b:ce,,Misc,2026-09-26 07:34:15,,,-100,26.18855459769219,91.70235702331163,2.1346435546875,9.935046195983887,,76,BLE
d0:92:8f:da:b4:cf,,Misc,2026-09-26 07:34:15,,,-98,26.18855459769219,91.70235702331163,2.1346435546875,9.935046195983887,,76,BLE
3f:30:e7:0e:3b:e0,,Uncategorized;10,2026-09-26 07:34:17,,7936,-100,26.188533093972847,91.70236179463333,4.42999267578125,9.935046195983887,,,BLE
4b:cd:02:45:d3:d9,,Uncategorized;10,2026-09-26 07:34:17,,7936,-93,26.188533093972847,91.70236179463333,4.42999267578125,9.935046195983887,,,BLE
2d:15:b4:49:1e:73,,Uncategorized;10,2026-09-26 07:34:19,,7936,-98,26.188512776649333,91.70236885290642,5.03564453125,9.935046195983887,,,BLE
0c:9f:ee:1f:78:2f,,Uncategorized;10,2026-09-26 07:34:19,,7936,-102,26.188512776649333,91.70236885290642,5.03564453125,9.935046195983887,,,BLE
63:57:65:2a:d8:2c,,Uncategorized;10,2026-09-26 07:34:19,,7936,-93,26.188512776649333,91.70236885290642,5.03564453125,9.935046195983887,,,BLE
6a:be:ae:eb:07:7f,MITHUNREDDY214,Uncategorized;10,2026-09-26 07:34:19,,7936,-89,26.188512776649333,91.70236885290642,5.03564453125,9.935046195983887,,,BLE
66:b1:fa:54:61:c4,JARVIS,Uncategorized;10,2026-09-26 07:34:20,,7936,-83,26.188502672689417,91.70237337821058,4.1959228515625,9.935046195983887,,,BLE
0e:3f:94:22:d6:14,,Misc,2026-09-26 07:34:20,,,-99,26.188502672689417,91.70237337821058,4.1959228515625,9.935046195983887,,,BLE
70:49:f8:c2:36:cf,,Misc,2026-09-26 07:34:20,,7936,-105,26.188502672689417,91.70237337821058,4.1959228515625,9.935046195983887,,,BLE
62:9b:f2:72:c1:16,COMET,Uncategorized;10,2026-09-26 07:34:20,,7936,-92,26.188502672689417,91.70237337821058,4.1959228515625,9.935046195983887,,,BLE
2c:0e:1e:26:c6:2d,,Misc,2026-09-26 07:34:20,,,-96,26.188502672689417,91.70237337821058,4.1959228515625,9.935046195983887,,,BLE
e7:62:d8:62:11:b9,,Misc,2026-09-26 07:34:20,,,-101,26.188502672689417,91.70237337821058,4.1959228515625,9.935046195983887,,76,BLE
d8:31:d0:71:a4:ac,,Misc,2026-09-26 07:34:20,,,-94,26.188502672689417,91.70237337821058,4.1959228515625,9.935046195983887,,76,BLE
4b:a6:f7:99:f3:5a,,Misc,2026-09-26 07:34:20,,,-100,26.188502672689417,91.70237337821058,4.1959228515625,9.935046195983887,,76,BLE
6d:96:7e:57:06:88,,Uncategorized;10,2026-09-26 07:34:25,,7936,-85,26.188453422195217,91.70240753434575,4.506988525390625,9.935046195983887,,,BLE
3e:17:81:52:67:da,,Misc,2026-09-26 07:34:25,,,-93,26.188453422195217,91.70240753434575,4.506988525390625,9.935046195983887,,6,BLE
ce:55:40:93:0b:ce,,Misc,2026-09-26 07:34:25,,,-95,26.188453422195217,91.70240753434575,4.506988525390625,9.935046195983887,,76,BLE
6d:96:7e:57:06:88,,Uncategorized;10,2026-09-26 07:34:25,,7936,-85,26.188453422195217,91.70240753434575,4.506988525390625,9.935046195983887,,76,BLE
de:4c:12:2f:9b:2b,,Misc,2026-09-26 07:34:25,,,-85,26.188453422195217,91.70240753434575,4.506988525390625,9.935046195983887,,76,BLE
0c:9f:ee:1f:78:2f,,Uncategorized;10,2026-09-26 07:34:26,,7936,-91,26.188443903766593,91.70241369793311,4.886444091796875,9.935046195983887,,,BLE
53:06:31:d0:90:eb,,Uncategorized;10,2026-09-26 07:34:29,,7936,-91,26.188414640285874,91.7024287948858,5.019287109375,9.935046195983887,,,BLE
01:f3:3c:82:4b:aa,,Uncategorized;10,2026-09-26 07:34:30,,7936,-88,26.188404898237334,91.70243292514311,5.99835205078125,9.935046195983887,,,BLE
2d:2e:5f:76:5b:29,,Misc,2026-09-26 07:34:30,,7936,-89,26.188404898237334,91.70243292514311,5.99835205078125,9.935046195983887,,,BLE
1d:80:28:4c:9d:0a,,Misc,2026-09-26 07:34:30,,,-105,26.188404898237334,91.70243292514311,5.99835205078125,9.935046195983887,,6,BLE
2a:86:e7:57:ee:31,,Misc,2026-09-26 07:34:30,,,-105,26.188404898237334,91.70243292514311,5.99835205078125,9.935046195983887,,6,BLE
2a:a3:25:79:a2:36,,Uncategorized;10,2026-09-26 07:34:32,,7936,-94,26.188387770416174,91.70244283292728,6.587371826171875,9.935046195983887,,,BLE
405855_5_4870848512,Assam,NR;405855,2026-09-26 07:34:32,634080,634080,-83,26.188387770416174,91.70244283292728,6.587371826171875,9.935046195983887,,,NR
f8:89:d2:9b:af:9c,CAPTAINJESWANTH,Laptop;10,2026-09-26 07:34:34,,268,-98,26.18837958531274,91.7024590406872,6.13299560546875,9.935046195983887,,,BT
6b:47:18:1f:e5:17,,Uncategorized;10,2026-09-26 07:34:34,,7936,-82,26.18837958531274,91.7024590406872,6.13299560546875,9.935046195983887,,,BLE
3f:30:e7:0e:3b:e0,,Uncategorized;10,2026-09-26 07:34:34,,7936,-93,26.18837958531274,91.7024590406872,6.13299560546875,9.935046195983887,,,BLE
53:06:31:d0:90:eb,,Uncategorized;10,2026-09-26 07:34:35,,7936,-86,26.188379212994228,91.7024678610399,5.636627197265625,9.935046195983887,,,BLE
36:bf:c0:1a:6c:55,,Misc,2026-09-26 07:34:35,,7936,-98,26.188379212994228,91.7024678610399,5.636627197265625,9.935046195983887,,,BLE
4c:0e:ac:72:93:f0,,Misc,2026-09-26 07:34:36,,7936,-86,26.188380416407757,91.70248023361873,4.990478515625,9.935046195983887,,76,BLE
53:c5:64:3f:10:a9,,Uncategorized;10,2026-09-26 07:34:37,,7936,-78,26.188381144690258,91.70248522944262,5.438232421875,9.935046195983887,,,BLE
c6:07:1d:66:bf:49,IITG_CONNECT,[WPA2-EAP/SHA1-CCMP][RSN-EAP/SHA1-CCMP][ESS],2026-09-26 07:34:38,149,5745,-69,26.188382885424975,91.70249857175209,4.638763427734375,9.935046195983887,,,WIFI
c6:07:1d:66:c8:5f,IITG_CONNECT,[WPA2-EAP/SHA1-CCMP][RSN-EAP/SHA1-CCMP][ESS],2026-09-26 07:34:38,36,5180,-52,26.188382885424975,91.70249857175209,4.638763427734375,9.935046195983887,,,WIFI
8a:33:76:5a:86:a3,Harshit,[WPA2-PSK-CCMP][RSN-PSK+SAE-CCMP][ESS],2026-09-26 07:34:38,161,5805,-85,26.188382885424975,91.70249857175209,4.638763427734375,9.935046195983887,,,WIFI
c6:07:1d:66:c8:5e,IITG_CONNECT,[WPA2-EAP/SHA1-CCMP][RSN-EAP/SHA1-CCMP][ESS],2026-09-26 07:34:38,11,2462,-61,26.188382885424975,91.70249857175209,4.638763427734375,9.935046195983887,,,WIFI
c2:07:1d:66:c8:87,,[ESS],2026-09-26 07:34:38,161,5805,-49,26.188382885424975,91.70249857175209,4.638763427734375,9.935046195983887,,,WIFI
26:0b:d7:d7:aa:00,Redmi Note 13 Pro 5G,[WPA2-PSK-CCMP][RSN-PSK+SAE-CCMP][ESS],2026-09-26 07:34:38,40,5200,-85,26.188382885424975,91.70249857175209,4.638763427734375,9.935046195983887,,,WIFI
c2:07:1d:66:c2:84,,[ESS],2026-09-26 07:34:38,6,2437,-89,26.188382885424975,91.70249857175209,4.638763427734375,9.935046195983887,,,WIFI
40:86:cb:84:b2:78,a-012,[WPA2-PSK-CCMP][RSN-PSK-CCMP][ESS],2026-09-26 07:34:38,13,2472,-74,26.188382885424975,91.70249857175209,4.638763427734375,9.935046195983887,,,WIFI
c6:07:1d:66:c8:87,IITG_CONNECT,[WPA2-EAP/SHA1-CCMP][RSN-EAP/SHA1-CCMP][ESS],2026-09-26 07:34:38,161,5805,-48,26.188382885424975,91.70249857175209,4.638763427734375,9.935046195983887,,,WIFI
c6:07:1d:66:c8:86,IITG_CONNECT,[WPA2-EAP/SHA1-CCMP][RSN-EAP/SHA1-CCMP][ESS],2026-09-26 07:34:38,1,2412,-39,26.188382885424975,91.70249857175209,4.638763427734375,9.935046195983887,,,WIFI
dc:ea:e7:b2:95:97,DIR-615-9596,[WPA2-PSK-CCMP][RSN-PSK-CCMP][ESS],2026-09-26 07:34:38,13,2472,-70,26.188382885424975,91.70249857175209,4.638763427734375,9.935046195983887,,,WIFI
c2:07:1d:66:c8:5f,,[ESS],2026-09-26 07:34:38,36,5180,-55,26.188382885424975,91.70249857175209,4.638763427734375,9.935046195983887,,,WIFI
a8:42:a1:88:0f:ca,TP-Link_0FCA,[WPA2-PSK-CCMP][RSN-PSK-CCMP][ESS][WPS],2026-09-26 07:34:38,4,2427,-73,26.188382885424975,91.70249857175209,4.638763427734375,9.935046195983887,,,WIFI
c2:07:1d:66:bf:49,,[ESS],2026-09-26 07:34:38,149,5745,-68,26.188382885424975,91.70249857175209,4.638763427734375,9.935046195983887,,,WIFI
54:af:97:6c:94:1e,ACTFIBERNET,[WPA2-PSK-CCMP][RSN-PSK-CCMP][ESS],2026-09-26 07:34:38,11,2462,-74,26.188382885424975,91.70249857175209,4.638763427734375,9.935046195983887,,,WIFI
58:04:4f:f6:7a:02,TP_Link_B146,[WPA2-PSK-CCMP][RSN-PSK-CCMP][ESS][WPS],2026-09-26 07:34:38,3,2422,-77,26.188382885424975,91.70249857175209,4.638763427734375,9.935046195983887,,,WIFI
24:2f:d0:3d:62:f7,AALU_5G,[WPA2-PSK-CCMP][RSN-PSK-CCMP][ESS][WPS],2026-09-26 07:34:38,36,5180,-81,26.188382885424975,91.70249857175209,4.638763427734375,9.935046195983887,,,WIFI
44:52:08:fc:7d:c4,,Misc,2026-09-26 07:34:40,,,-98,26.18838997860055,91.70252070052919,5.367462158203125,9.935046195983887,,,BLE
c0:63:0b:85:94:98,,Misc,2026-09-26 07:34:40,,,-90,26.18838997860055,91.70252070052919,5.367462158203125,9.935046195983887,,76,BLE
23:50:16:b7:09:bf,,Misc,2026-09-26 07:34:40,,,-97,26.18838997860055,91.70252070052919,5.367462158203125,9.935046195983887,,6,BLE
53:c5:64:3f:10:a9,,Uncategorized;10,2026-09-26 07:34:40,,7936,-78,26.18838997860055,91.70252070052919,5.367462158203125,9.935046195983887,,76,BLE
52:89:94:28:91:f4,,Misc,2026-09-26 07:34:40,,7936,-92,26.18838997860055,91.70252070052919,5.367462158203125,9.935046195983887,,76,BLE
05:f3:7a:f1:65:e3,,Uncategorized;10,2026-09-26 07:34:41,,7936,-97,26.188390764032984,91.70252428556203,4.551025390625,9.935046195983887,,,BLE
c2:07:1d:66:c8:87,,[ESS],2026-09-26 07:34:41,161,5805,-40,26.188390764032984,91.70252428556203,4.551025390625,9.935046195983887,,,WIFI
c6:07:1d:66:c8:87,IITG_CONNECT,[WPA2-EAP/SHA1-CCMP][RSN-EAP/SHA1-CCMP][ESS],2026-09-26 07:34:41,161,5805,-40,26.188390764032984,91.70252428556203,4.551025390625,9.935046195983887,,,WIFI
84:d8:1b:a7:c7:dc,Tezfilam,[WPA2-PSK-CCMP][RSN-PSK-CCMP][ESS][WPS],2026-09-26 07:34:41,10,2457,-82,26.188390764032984,91.70252428556203,4.551025390625,9.935046195983887,,,WIFI
dc:ea:e7:33:98:d6,S-003,[WPA2-PSK-CCMP][RSN-PSK-CCMP][ESS][WPS],2026-09-26 07:34:41,13,2472,-73,26.188390764032984,91.70252428556203,4.551025390625,9.935046195983887,,,WIFI
10:27:f5:67:1c:76,TP-Link_1C76,[WPA2-PSK-CCMP][RSN-PSK-CCMP][ESS][WPS],2026-09-26 07:34:41,4,2427,-73,26.188390764032984,91.70252428556203,4.551025390625,9.935046195983887,,,WIFI
53:cb:a1:33:52:68,,Uncategorized;10,2026-09-26 07:34:42,,7936,-86,26.188395107679348,91.70253479403223,3.94451904296875,9.935046195983887,,76,BLE
405855_5_4870848512,Assam,NR;405855,2026-09-26 07:34:44,634080,634080,-76,26.188400506172997,91.70255330807028,4.9285888671875,9.935046195983887,,,NR
66:05:b8:ee:b2:5b,,Uncategorized;10,2026-09-26 07:34:44,,7936,-101,26.188400506172997,91.70255330807028,4.9285888671875,9.935046195983887,,,BLE
12:a0:98:79:3f:d9,,Misc,2026-09-26 07:34:45,,,-85,26.18840353950177,91.70256659932916,5.04010009765625,9.935046195983887,,6,BLE
d6:24:95:14:41:92,,Misc,2026-09-26 07:34:45,,,-85,26.18840353950177,91.70256659932916,5.04010009765625,9.935046195983887,,76,BLE
1d:80:28:4c:9d:0a,,Misc,2026-09-26 07:34:45,,,-100,26.18840353950177,91.70256659932916,5.04010009765625,9.935046195983887,,6,BLE
e9:cf:7e:4a:91:72,,Misc,2026-09-26 07:34:45,,,-93,26.18840353950177,91.70256659932916,5.04010009765625,9.935046195983887,,76,BLE
53:c5:64:3f:10:a9,,Uncategorized;10,2026-09-26 07:34:45,,7936,-70,26.18840353950177,91.70256659932916,5.04010009765625,9.935046195983887,,76,BLE
43:ce:aa:01:9a:48,,Misc,2026-09-26 07:34:45,,7936,-99,26.18840353950177,91.70256659932916,5.04010009765625,9.935046195983887,,76,BLE
65:e4:de:8b:3e:55,realme Buds T310-GFP,Uncategorized,2026-09-26 07:34:45,,7936,-47,26.18840353950177,91.70256659932916,5.04010009765625,9.935046195983887,,,BLE
44:53:20:5c:47:6b,LE_WI-C100,Misc,2026-09-26 07:34:45,,,-94,26.18840353950177,91.70256659932916,5.04010009765625,9.935046195983887,,,BLE
f0:a6:82:ab:c1:9a,,Misc,2026-09-26 07:34:50,,,-104,26.188414557712694,91.70261178192679,5.144195556640625,9.935046195983887,,76,BLE
15:72:fa:02:a4:96,,Misc,2026-09-26 07:34:50,,,-96,26.188414557712694,91.70261178192679,5.144195556640625,9.935046195983887,,6,BLE
9c:74:03:fd:4c:02,a55g,Smartphone;10,2026-09-26 07:34:52,,524,-88,26.188421978485465,91.70262379979059,5.44085693359375,9.935046195983887,,,BT
7c:cd:37:3c:97:36,,Uncategorized;10,2026-09-26 07:34:54,,7936,-103,26.1884340901003,91.70264049041323,5.51531982421875,9.935046195983887,,,BLE
51:f2:4f:27:08:43,LAPTOP-7NV98H1T,Misc,2026-09-26 07:34:55,,7936,-99,26.188440617969096,91.70264960523507,5.7059326171875,9.935046195983887,,,BLE
11:5a:f5:21:18:0f,,Misc,2026-09-26 07:34:55,,,-100,26.188440617969096,91.70264960523507,5.7059326171875,9.935046195983887,,6,BLE
5b:5e:0a:0e:bb:66,Buds Core,Uncategorized,2026-09-26 07:34:55,,7936,-103,26.188440617969096,91.70264960523507,5.7059326171875,9.935046195983887,,,BLE
64:55:d0:f2:90:a3,Boult Watch SF,Uncategorized,2026-09-26 07:34:55,,7936,-104,26.188440617969096,91.70264960523507,5.7059326171875,9.935046195983887,,61679,BLE
5d:42:e4:6d:f6:e8,,Uncategorized;10,2026-09-26 07:34:55,,7936,-97,26.188440617969096,91.70264960523507,5.7059326171875,9.935046195983887,,76,BLE
70:49:f8:c2:36:cf,,Misc,2026-09-26 07:34:58,,7936,-97,26.188459764926545,91.70268199339627,6.143798828125,9.935046195983887,,,BLE
1d:80:28:4c:9d:0a,,Misc,2026-09-26 07:35:00,,,-95,26.188466056072414,91.70269681293742,6.4105224609375,9.935046195983887,,6,BLE
f8:89:d2:9b:af:9c,CAPTAINJESWANTH,Laptop;10,2026-09-26 07:35:02,,268,-88,26.18847255839072,91.70271522605002,4.9423828125,9.935046195983887,,,BT
50:2e:91:16:2b:b7,MIMMIC,Laptop;10,2026-09-26 07:35:03,,268,-98,26.18847556017347,91.70272638747635,6.130706787109375,9.935046195983887,,,BT
77:20:49:bb:e2:96,RAGHU-NOTEBOOK,Uncategorized;10,2026-09-26 07:35:04,,7936,-101,26.188477127658835,91.70273655516476,5.75445556640625,9.935046195983887,,,BLE
6a:d8:e9:96:7b:fd,,Uncategorized;10,2026-09-26 07:35:05,,7936,-98,26.188478433432074,91.70274681018132,4.19696044921875,9.935046195983887,,,BLE
03:bf:b6:73:da:f6,,Misc,2026-09-26 07:35:05,,,-102,26.188478433432074,91.70274681018132,4.19696044921875,9.935046195983887,,6,BLE
cd:9d:92:c5:e4:e8,,Misc,2026-09-26 07:35:05,,,-103,26.188478433432074,91.70274681018132,4.19696044921875,9.935046195983887,,,BLE
6b:68:d2:06:8a:37,KANHAVPC,Misc,2026-09-26 07:35:05,,7936,-106,26.188478433432074,91.70274681018132,4.19696044921875,9.935046195983887,,,BLE
2a:86:e7:57:ee:31,,Misc,2026-09-26 07:35:05,,,-97,26.188478433432074,91.70274681018132,4.19696044921875,9.935046195983887,,6,BLE
69:86:e7:ca:cb:26,"realme Buds Air 5 Pro ",Uncategorized,2026-09-26 07:35:05,,7936,-100,26.188478433432074,91.70274681018132,4.19696044921875,9.935046195983887,,,BLE
2a:5b:4c:98:41:d8,,Misc,2026-09-26 07:35:05,,,-102,26.188478433432074,91.70274681018132,4.19696044921875,9.935046195983887,,6,BLE
77:20:49:bb:e2:96,RAGHU-NOTEBOOK,Uncategorized;10,2026-09-26 07:35:08,,7936,-94,26.188482958866707,91.7027775264919,2.697479248046875,9.935046195983887,,,BLE
6b:68:d2:06:8a:37,KANHAVPC,Misc,2026-09-26 07:35:08,,7936,-101,26.188482958866707,91.7027775264919,2.697479248046875,9.935046195983887,,,BLE
405751_53815_205213952,Assam,LTE;405751,2026-09-26 07:35:09,1351,1351,-101,26.188485162337425,91.70278801373637,1.36614990234375,9.935046195983887,,,LTE
03:37:f7:00:06:eb,,Misc,2026-09-26 07:35:10,,,-100,26.18848754466511,91.70279838873843,1.95428466796875,9.935046195983887,,6,BLE
69:86:e7:ca:cb:26,"realme Buds Air 5 Pro ",Uncategorized,2026-09-26 07:35:10,,7936,-95,26.18848754466511,91.70279838873843,1.95428466796875,9.935046195983887,,,BLE
7c:7d:dd:b0:10:b5,,Misc,2026-09-26 07:35:10,,,-102,26.18848754466511,91.70279838873843,1.95428466796875,9.935046195983887,,76,BLE
98:47:44:a4:1c:25,realme Buds T310,Uncategorized,2026-09-26 07:35:10,,7936,-46,26.18848754466511,91.70279838873843,1.95428466796875,9.935046195983887,,41992,BLE
77:9e:f9:0b:40:89,PRIYANSHU,Misc,2026-09-26 07:35:10,,7936,-99,26.18848754466511,91.70279838873843,1.95428466796875,9.935046195983887,,,BLE
f8:89:d2:9b:af:9c,CAPTAINJESWANTH,Laptop;10,2026-09-26 07:35:13,,268,-82,26.188494655196237,91.70283038550879,-0.13458251953125,9.935046195983887,,,BT
c6:07:1d:66:c8:5f,IITG_CONNECT,[WPA2-EAP/SHA1-CCMP][RSN-EAP/SHA1-CCMP][ESS],2026-09-26 07:35:13,36,5180,-37,26.188494655196237,91.70283038550879,-0.13458251953125,9.935046195983887,,,WIFI
c6:07:1d:66:c8:5e,IITG_CONNECT,[WPA2-EAP/SHA1-CCMP][RSN-EAP/SHA1-CCMP][ESS],2026-09-26 07:35:13,11,2462,-35,26.188494655196237,91.70283038550879,-0.13458251953125,9.935046195983887,,,WIFI
c2:07:1d:66:c2:85,,[ESS],2026-09-26 07:35:13,161,5805,-80,26.188494655196237,91.70283038550879,-0.13458251953125,9.935046195983887,,,WIFI
78:98:e8:4d:d1:0c,GVP_2G,[WPA2-PSK-CCMP][RSN-PSK-CCMP][ESS],2026-09-26 07:35:13,11,2462,-75,26.188494655196237,91.70283038550879,-0.13458251953125,9.935046195983887,,,WIFI
3c:33:32:e8:52:94,KACCHA_AALU,[WPA-PSK-TKIP+CCMP][WPA2-PSK-TKIP+CCMP][RSN-PSK-TKIP+CCMP][ESS][WPS],2026-09-26 07:35:13,1,2412,-76,26.188494655196237,91.70283038550879,-0.13458251953125,9.935046195983887,,,WIFI
8c:90:2d:ca:5c:b2,TP-Link_5CB2,[WPA2-PSK-CCMP][RSN-PSK-CCMP][ESS][WPS],2026-09-26 07:35:13,9,2452,-80,26.188494655196237,91.70283038550879,-0.13458251953125,9.935046195983887,,,WIFI
58:04:4f:f6:79:ca,TP-Link_79CA,[WPA2-PSK-CCMP][RSN-PSK-CCMP][ESS][WPS],2026-09-26 07:35:13,2,2417,-64,26.188494655196237,91.70283038550879,-0.13458251953125,9.935046195983887,,,WIFI
d8:47:32:d5:b9:ea,ACTFIBERNET,[WPA2-PSK-CCMP][RSN-PSK-CCMP][ESS],2026-09-26 07:35:13,1,2412,-72,26.188494655196237,91.70283038550879,-0.13458251953125,9.935046195983887,,,WIFI
3c:6a:d2:4f:12:9a,Kunjhu,[WPA2-PSK-CCMP][RSN-PSK-CCMP][ESS][WPS],2026-09-26 07:35:13,4,2427,-59,26.188494655196237,91.70283038550879,-0.13458251953125,9.935046195983887,,,WIFI
98:03:8e:79:4f:58,NSX_5g,[WPA2-PSK-CCMP][RSN-PSK-CCMP][ESS][WPS],2026-09-26 07:35:13,149,5745,-86,26.188494655196237,91.70283038550879,-0.13458251953125,9.935046195983887,,,WIFI
f0:b4:d2:f9:88:bb,DebottamG2.4,[WPA-PSK-TKIP+CCMP][WPA2-PSK-TKIP+CCMP][RSN-PSK-TKIP+CCMP][ESS][WPS],2026-09-26 07:35:13,7,2442,-75,26.188494655196237,91.70283038550879,-0.13458251953125,9.935046195983887,,,WIFI
c2:07:1d:66:c8:5f,,[ESS],2026-09-26 07:35:13,36,5180,-34,26.188494655196237,91.70283038550879,-0.13458251953125,9.935046195983887,,,WIFI
c6:07:1d:66:c2:85,IITG_CONNECT,[WPA2-EAP/SHA1-CCMP][RSN-EAP/SHA1-CCMP][ESS],2026-09-26 07:35:13,161,5805,-81,26.188494655196237,91.70283038550879,-0.13458251953125,9.935046195983887,,,WIFI
7c:f1:7e:a9:8e:7d,Wi-fu,[WPA2-PSK-CCMP][RSN-PSK-CCMP][ESS][WPS],2026-09-26 07:35:13,153,5765,-82,26.188494655196237,91.70283038550879,-0.13458251953125,9.935046195983887,,,WIFI
7e:f1:7e:29:8e:7b,,[WPA2-PSK-CCMP][RSN-PSK-CCMP][ESS],2026-09-26 07:35:13,9,2452,-57,26.188494655196237,91.70283038550879,-0.13458251953125,9.935046195983887,,,WIFI
7e:f1:7e:79:8e:7b,,[WPA2-PSK-CCMP][RSN-PSK-CCMP][ESS],2026-09-26 07:35:13,153,5765,-82,26.188494655196237,91.70283038550879,-0.13458251953125,9.935046195983887,,,WIFI
5c:02:14:64:d7:07,BiFrost,[WPA-PSK-TKIP+CCMP][WPA2-PSK-TKIP+CCMP][RSN-PSK-TKIP+CCMP][ESS][WPS],2026-09-26 07:35:13,36,5180,-81,26.188494655196237,91.70283038550879,-0.13458251953125,9.935046195983887,,,WIFI
6f:c8:f8:d3:d4:63,,Uncategorized;10,2026-09-26 07:35:14,,7936,-93,26.188496230251083,91.70284574492152,-0.107086181640625,9.935046195983887,,,BLE
5d:cd:88:bf:bb:08,,Uncategorized;10,2026-09-26 07:35:15,,7936,-94,26.188498779725524,91.70284970907436,-0.6319580078125,9.935046195983887,,,BLE
7b:f6:2e:5f:b9:87,,Uncategorized;10,2026-09-26 07:35:15,,7936,-104,26.188498779725524,91.70284970907436,-0.6319580078125,9.935046195983887,,,BLE
21:6d:1c:27:e9:16,,Misc,2026-09-26 07:35:15,,,-101,26.188498779725524,91.70284970907436,-0.6319580078125,9.935046195983887,,6,BLE
70:49:f8:c2:36:cf,,Misc,2026-09-26 07:35:15,,7936,-91,26.188498779725524,91.70284970907436,-0.6319580078125,9.935046195983887,,,BLE
2a:86:e7:57:ee:31,,Misc,2026-09-26 07:35:15,,,-89,26.188498779725524,91.70284970907436,-0.6319580078125,9.935046195983887,,6,BLE
ec:c5:9f:c0:b5:be,,Misc,2026-09-26 07:35:15,,,-106,26.188498779725524,91.70284970907436,-0.6319580078125,9.935046195983887,,76,BLE
7b:f6:2e:5f:b9:87,,Uncategorized;10,2026-09-26 07:35:15,,7936,-104,26.188498779725524,91.70284970907436,-0.6319580078125,9.935046195983887,,76,BLE
77:30:ca:19:e4:1e,,Uncategorized;10,2026-09-26 07:35:16,,7936,-85,26.188500670589658,91.70286217136017,-0.765594482421875,9.935046195983887,,,BLE
4c:fc:5e:cc:c0:ab,,Uncategorized;10,2026-09-26 07:35:16,,7936,-100,26.188500670589658,91.70286217136017,-0.765594482421875,9.935046195983887,,,BLE
55:a4:1f:c0:09:32,,Uncategorized;10,2026-09-26 07:35:16,,7936,-95,26.188500670589658,91.70286217136017,-0.765594482421875,9.935046195983887,,,BLE
47:8f:ef:e6:01:09,,Uncategorized;10,2026-09-26 07:35:16,,7936,-86,26.188500670589658,91.70286217136017,-0.765594482421875,9.935046195983887,,,BLE
405751_53815_205213952,Assam,LTE;405751,2026-09-26 07:35:19,1351,1351,-94,26.188504750608534,91.70289966230297,-0.792938232421875,9.935046195983887,,,LTE
52:6c:13:f2:bb:28,,Misc,2026-09-26 07:35:20,,,-80,26.188509062652322,91.70290305780719,-1.885772705078125,9.935046195983887,,,BLE
68:09:90:20:ea:8e,OnePlus Nord Buds 3r,Uncategorized,2026-09-26 07:35:20,,7936,-101,26.188509062652322,91.70290305780719,-1.885772705078125,9.935046195983887,,,BLE
6f:a2:d5:41:38:b2,,Misc,2026-09-26 07:35:20,,,-101,26.188509062652322,91.70290305780719,-1.885772705078125,9.935046195983887,,76,BLE
55:a4:1f:c0:09:32,,Uncategorized;10,2026-09-26 07:35:20,,7936,-95,26.188509062652322,91.70290305780719,-1.885772705078125,9.935046195983887,,76,BLE
68:44:b8:b3:c7:20,,Misc,2026-09-26 07:35:20,,,-100,26.188509062652322,91.70290305780719,-1.885772705078125,9.935046195983887,,76,BLE
2a:86:e7:57:ee:31,,Misc,2026-09-26 07:35:20,,,-79,26.188509062652322,91.70290305780719,-1.885772705078125,9.935046195983887,,6,BLE
77:9e:f9:0b:40:89,PRIYANSHU,Misc,2026-09-26 07:35:20,,7936,-91,26.188509062652322,91.70290305780719,-1.885772705078125,9.935046195983887,,,BLE
4c:fc:5e:cc:c0:ab,,Uncategorized;10,2026-09-26 07:35:20,,7936,-100,26.188509062652322,91.70290305780719,-1.885772705078125,9.935046195983887,,76,BLE
2a:5b:4c:98:41:d8,,Misc,2026-09-26 07:35:20,,,-92,26.188509062652322,91.70290305780719,-1.885772705078125,9.935046195983887,,6,BLE
cd:9d:92:c5:e4:e8,,Misc,2026-09-26 07:35:20,,,-90,26.188509062652322,91.70290305780719,-1.885772705078125,9.935046195983887,,,BLE
50:2e:91:16:2b:b7,MIMMIC,Laptop;10,2026-09-26 07:35:21,,268,-81,26.18850840234822,91.70292158615875,-0.899444580078125,9.935046195983887,,,BT
49:28:31:60:de:bb,AYUSH_LEGION,Uncategorized;10,2026-09-26 07:35:22,,7936,-91,26.188512806117302,91.70292572539167,-1.90106201171875,9.935046195983887,,,BLE
70:54:79:a1:ff:f7,,Uncategorized;10,2026-09-26 07:35:22,,7936,-90,26.188512806117302,91.70292572539167,-1.90106201171875,9.935046195983887,,76,BLE
6f:c8:f8:d3:d4:63,,Uncategorized;10,2026-09-26 07:35:23,,7936,-85,26.188510933174353,91.70294293326812,-1.87286376953125,9.935046195983887,,,BLE
f8:89:d2:9b:af:9c,CAPTAINJESWANTH,Laptop;10,2026-09-26 07:35:24,,268,-70,26.18851928995562,91.7029456529092,-2.409881591796875,9.935046195983887,,,BT
78:02:b7:20:d9:48,Ranger XR,Uncategorized;10,2026-09-26 07:35:25,,7936,-96,26.18852543812744,91.70294676009847,-2.436309814453125,9.935046195983887,,,BLE
405751_53815_205213952,Assam,LTE;405751,2026-09-26 07:35:25,1351,1351,-85,26.18852543812744,91.70294676009847,-2.436309814453125,9.935046195983887,,,LTE
cd:54:4a:eb:d9:7c,,Misc,2026-09-26 07:35:25,,,-102,26.18852543812744,91.70294676009847,-2.436309814453125,9.935046195983887,,76,BLE
03:37:f7:00:06:eb,,Misc,2026-09-26 07:35:25,,,-91,26.18852543812744,91.70294676009847,-2.436309814453125,9.935046195983887,,6,BLE
49:11:02:12:b8:88,,Misc,2026-09-26 07:35:25,,7936,-100,26.18852543812744,91.70294676009847,-2.436309814453125,9.935046195983887,,76,BLE
47:8f:ef:e6:01:09,,Uncategorized;10,2026-09-26 07:35:26,,7936,-78,26.188530167651308,91.70294232131629,-3.15814208984375,9.935046195983887,,,BLE
49:28:31:60:de:bb,AYUSH_LEGION,Uncategorized;10,2026-09-26 07:35:27,,7936,-85,26.18853273132473,91.7029351561581,-4.0552978515625,9.935046195983887,,,BLE
cd:9d:92:c5:e4:e8,,Misc,2026-09-26 07:35:30,,,-78,26.18853777802332,91.7029080908069,-4.830413818359375,9.935046195983887,,,BLE
2a:86:e7:57:ee:31,,Misc,2026-09-26 07:35:30,,,-61,26.18853777802332,91.7029080908069,-4.830413818359375,9.935046195983887,,6,BLE
6e:17:2b:03:1c:04,,Uncategorized;10,2026-09-26 07:35:35,,7936,-103,26.18854243569433,91.7028524508635,-6.14569091796875,9.935046195983887,,,BLE
f3:be:5b:19:18:d4,,Misc,2026-09-26 07:35:35,,,-107,26.18854243569433,91.7028524508635,-6.14569091796875,9.935046195983887,,76,BLE
6e:17:2b:03:1c:04,,Uncategorized;10,2026-09-26 07:35:35,,7936,-103,26.18854243569433,91.7028524508635,-6.14569091796875,9.935046195983887,,76,BLE
77:20:49:bb:e2:96,RAGHU-NOTEBOOK,Uncategorized;10,2026-09-26 07:35:35,,7936,-87,26.18854243569433,91.7028524508635,-6.14569091796875,9.935046195983887,,,BLE
c2:07:1d:66:c8:86,,[ESS],2026-09-26 07:35:45,1,2412,-51,26.18851618763923,91.70274763010735,-8.64422607421875,9.935046195983887,,,WIFI
c6:07:1d:66:c2:84,IITG_CONNECT,[WPA2-EAP/SHA1-CCMP][RSN-EAP/SHA1-CCMP][ESS],2026-09-26 07:35:45,6,2437,-73,26.18851618763923,91.70274763010735,-8.64422607421875,9.935046195983887,,,WIFI
32:c0:dd:1b:18:b9,OnePlus Nord 5 d7tf,[WPA2-PSK-CCMP][RSN-PSK+SAE-CCMP][ESS],2026-09-26 07:35:45,1,2412,-71,26.18851618763923,91.70274763010735,-8.64422607421875,9.935046195983887,,,WIFI
ec:75:0c:7e:1b:cc,JoyBoy,[WPA2-PSK-CCMP][RSN-PSK-CCMP][ESS][WPS],2026-09-26 07:35:45,4,2427,-67,26.18851618763923,91.70274763010735,-8.64422607421875,9.935046195983887,,,WIFI
dc:ea:e7:34:05:52,DIR-512,[WPA2-PSK-CCMP][RSN-PSK-CCMP][ESS],2026-09-26 07:35:45,13,2472,-71,26.18851618763923,91.70274763010735,-8.64422607421875,9.935046195983887,,,WIFI
dc:ea:e7:b2:e9:cf,Aman Chouhan,[WPA2-PSK-CCMP][RSN-PSK-CCMP][ESS],2026-09-26 07:35:45,13,2472,-76,26.18851618763923,91.70274763010735,-8.64422607421875,9.935046195983887,,,WIFI
ee:75:0c:2e:1b:cc,,[WPA2-PSK-CCMP][RSN-PSK-CCMP][ESS],2026-09-26 07:35:45,4,2427,-69,26.18851618763923,91.70274763010735,-8.64422607421875,9.935046195983887,,,WIFI
5c:02:14:64:d7:06,BiFrost,[WPA-PSK-TKIP+CCMP][WPA2-PSK-TKIP+CCMP][RSN-PSK-TKIP+CCMP][ESS][WPS],2026-09-26 07:35:45,8,2447,-87,26.18851618763923,91.70274763010735,-8.64422607421875,9.935046195983887,,,WIFI
70:49:f8:c2:36:cf,,Misc,2026-09-26 07:35:45,,7936,-85,26.18851618763923,91.70274763010735,-8.64422607421875,9.935046195983887,,,BLE
73:40:2b:ee:f0:02,,Misc,2026-09-26 07:35:45,,,-104,26.18851618763923,91.70274763010735,-8.64422607421875,9.935046195983887,,76,BLE
04:da:bc:d9:4f:fa,,Misc,2026-09-26 07:35:50,,,-103,26.188515100120135,91.70269725531274,-9.054718017578125,9.935046195983887,,6,BLE
57:ce:54:e1:da:25,,Uncategorized;10,2026-09-26 07:35:52,,7936,-102,26.18853272175663,91.70268935022261,-3.9747314453125,3.7900924682617188,,,BLE
57:ce:54:e1:da:25,,Uncategorized;10,2026-09-26 07:35:56,,7936,-102,26.188565965784143,91.70268145968988,1.3763427734375,4.229856014251709,,76,BLE
45:1c:b2:fb:49:5b,,Misc,2026-09-26 07:35:56,,,-104,26.188565965784143,91.70268145968988,1.3763427734375,4.229856014251709,,,BLE
64:55:d0:f2:90:a3,Boult Watch SF,Uncategorized,2026-09-26 07:35:56,,7936,-99,26.188565965784143,91.70268145968988,1.3763427734375,4.229856014251709,,61679,BLE
ab:76:97:04:a4:06,,Misc,2026-09-26 07:35:56,,,-104,26.188565965784143,91.70268145968988,1.3763427734375,4.229856014251709,,1494,BLE
78:bd:af:f0:40:de,,Uncategorized;10,2026-09-26 07:35:57,,7936,-102,26.18857421390515,91.70267989931739,2.506561279296875,4.0177435874938965,,,BLE
70:54:79:a1:ff:f7,,Uncategorized;10,2026-09-26 07:35:57,,7936,-83,26.18857421390515,91.70267989931739,2.506561279296875,4.0177435874938965,,76,BLE
18:19:a7:69:30:d9,,Uncategorized;10,2026-09-26 07:35:57,,7936,-86,26.18857421390515,91.70267989931739,2.506561279296875,4.0177435874938965,,,BLE
64:37:ae:14:ba:d2,,Uncategorized;10,2026-09-26 07:36:00,,7936,-101,26.188597605818764,91.70267228909265,1.76116943359375,3.7900924682617188,,,BLE
5f:d5:5b:a6:5f:84,OnePlus Nord Buds 3 Pro,Uncategorized,2026-09-26 07:36:01,,7936,-75,26.18860561085019,91.70266928151746,1.76513671875,3.7900924682617188,,,BLE
be:69:9a:15:5b:00,MELK-OA10   31,Uncategorized;10,2026-09-26 07:36:01,,7936,-96,26.18860561085019,91.70266928151746,1.76513671875,3.7900924682617188,,,BLE
56:b6:e1:92:6d:ec,,Misc,2026-09-26 07:36:01,,,-97,26.18860561085019,91.70266928151746,1.76513671875,3.7900924682617188,,76,BLE
78:bd:af:f0:40:de,,Uncategorized;10,2026-09-26 07:36:01,,7936,-101,26.18860561085019,91.70266928151746,1.76513671875,3.7900924682617188,,76,BLE
3d:a0:c7:7c:b8:0e,,Uncategorized;10,2026-09-26 07:36:02,,7936,-102,26.18861342616685,91.70266583954322,1.9521484375,3.7900924682617188,,,BLE
ff:00:28:df:29:4b,,Misc,2026-09-26 07:36:06,,,-101,26.188641375285556,91.7026527576766,6.068145751953125,3.7900924682617188,,76,BLE
19:5e:4c:ed:e8:02,,Misc,2026-09-26 07:36:06,,,-97,26.188641375285556,91.7026527576766,6.068145751953125,3.7900924682617188,,6,BLE
c6:07:1d:66:bf:49,IITG_CONNECT,[WPA2-EAP/SHA1-CCMP][RSN-EAP/SHA1-CCMP][ESS],2026-09-26 07:36:07,149,5745,-61,26.18864974162425,91.70264930226328,6.813751220703125,3.7900924682617188,,,WIFI
54:af:97:6c:94:20,ACTFIBERNET_5G,[WPA2-PSK-CCMP][RSN-PSK-CCMP][ESS],2026-09-26 07:36:07,48,5240,-79,26.18864974162425,91.70264930226328,6.813751220703125,3.7900924682617188,,,WIFI
c6:07:1d:66:bf:48,IITG_CONNECT,[WPA2-EAP/SHA1-CCMP][RSN-EAP/SHA1-CCMP][ESS],2026-09-26 07:36:07,6,2437,-55,26.18864974162425,91.70264930226328,6.813751220703125,3.7900924682617188,,,WIFI
84:d8:1b:a7:c7:dc,Tezfilam,[WPA2-PSK-CCMP][RSN-PSK-CCMP][ESS][WPS],2026-09-26 07:36:07,10,2457,-76,26.18864974162425,91.70264930226328,6.813751220703125,3.7900924682617188,,,WIFI
32:c0:dd:1b:18:b9,OnePlus Nord 5 d7tf,[WPA2-PSK-CCMP][RSN-PSK+SAE-CCMP][ESS],2026-09-26 07:36:07,1,2412,-51,26.18864974162425,91.70264930226328,6.813751220703125,3.7900924682617188,,,WIFI
c2:07:1d:66:bf:49,,[ESS],2026-09-26 07:36:07,149,5745,-61,26.18864974162425,91.70264930226328,6.813751220703125,3.7900924682617188,,,WIFI
54:af:97:6c:94:1e,ACTFIBERNET,[WPA2-PSK-CCMP][RSN-PSK-CCMP][ESS],2026-09-26 07:36:07,11,2462,-61,26.18864974162425,91.70264930226328,6.813751220703125,3.7900924682617188,,,WIFI
c2:5f:1b:dd:8b:7c,,Misc,2026-09-26 07:36:11,,,-102,26.188676994813868,91.7026408674186,6.420684814453125,3.8090624809265137,,76,BLE
64:7a:d0:25:49:c7,,Misc,2026-09-26 07:36:11,,,-103,26.188676994813868,91.7026408674186,6.420684814453125,3.8090624809265137,,76,BLE
ec:f1:4a:b9:db:68,,Misc,2026-09-26 07:36:11,,,-103,26.188676994813868,91.7026408674186,6.420684814453125,3.8090624809265137,,76,BLE
d8:fc:92:ff:88:00,TUYA_,Uncategorized;10,2026-09-26 07:36:13,,7936,-102,26.18869202828452,91.7026370312167,5.89239501953125,4.026706695556641,,,BLE
15:c2:3e:4d:70:5b,,Uncategorized;10,2026-09-26 07:36:14,,7936,-105,26.18870354910763,91.70263542778736,5.88482666015625,4.0280609130859375,,,BLE
52:6d:8f:1e:7a:b8,Echo Dot-8W7,Uncategorized;10,2026-09-26 07:36:14,,7936,-103,26.18870354910763,91.70263542778736,5.88482666015625,4.0280609130859375,,,BLE
65:32:99:e9:82:3f,Bedroom speaker,Uncategorized;10,2026-09-26 07:36:15,,7936,-100,26.188708141955193,91.70264000678537,5.8753662109375,4.120565891265869,,,BLE
26:69:bd:db:3f:97,,Misc,2026-09-26 07:36:16,,,-104,26.188714744863802,91.70264629726383,5.870361328125,4.143568992614746,,,BLE
a7:16:a9:b5:df:8f,Tribit StormBox Mini+,Misc,2026-09-26 07:36:16,,7936,-102,26.188714744863802,91.70264629726383,5.870361328125,4.143568992614746,,,BLE
46:0f:26:3c:55:db,,Misc,2026-09-26 07:36:16,,7936,-95,26.188714744863802,91.70264629726383,5.870361328125,4.143568992614746,,76,BLE
62:1e:5e:3b:22:e9,,Misc,2026-09-26 07:36:16,,,-103,26.188714744863802,91.70264629726383,5.870361328125,4.143568992614746,,,BLE
63:e7:f7:e0:74:db,OPPO Enco Buds3 Pro,Misc,2026-09-26 07:36:16,,,-104,26.188714744863802,91.70264629726383,5.870361328125,4.143568992614746,,,BLE
7e:94:09:10:02:50,,Uncategorized;10,2026-09-26 07:36:17,,7936,-102,26.18871995479945,91.70265667749497,5.865509033203125,4.1659722328186035,,,BLE
7e:74:1e:61:00:f4,,Uncategorized;10,2026-09-26 07:36:17,,7936,-97,26.18871995479945,91.70265667749497,5.865509033203125,4.1659722328186035,,,BLE
4c:0e:ac:72:93:f0,,Misc,2026-09-26 07:36:21,,7936,-81,26.188728888362505,91.70269775316739,1.839324951171875,4.127954959869385,,76,BLE
0d:1c:6d:ff:16:e2,,Misc,2026-09-26 07:36:21,,,-76,26.188728888362505,91.70269775316739,1.839324951171875,4.127954959869385,,6,BLE
03:bf:b6:73:da:f6,,Misc,2026-09-26 07:36:21,,,-97,26.188728888362505,91.70269775316739,1.839324951171875,4.127954959869385,,6,BLE
14:6c:da:b1:2b:67,,Misc,2026-09-26 07:36:21,,,-103,26.188728888362505,91.70269775316739,1.839324951171875,4.127954959869385,,6,BLE
b8:2b:41:2a:3e:3a,512ANC_BLE,Misc,2026-09-26 07:36:21,,7936,-95,26.188728888362505,91.70269775316739,1.839324951171875,4.127954959869385,,1494,BLE
7e:94:09:10:02:50,,Uncategorized;10,2026-09-26 07:36:21,,7936,-102,26.188728888362505,91.70269775316739,1.839324951171875,4.127954959869385,,76,BLE
b8:2b:41:2a:3e:3a,512ANC_BLE,Misc,2026-09-26 07:36:22,,7936,-90,26.188730414874826,91.70270462895984,2.230438232421875,6.478534698486328,,1494,BLE
405751_53815_205213954,Assam,LTE;405751,2026-09-26 07:36:24,1351,1351,-95,26.188733722499787,91.70272533596192,3.221160888671875,6.519956111907959,,,LTE
1f:07:b7:19:74:14,,Misc,2026-09-26 07:36:26,,,-98,26.18873459422907,91.70274009008952,1.6923828125,5.650974750518799,,6,BLE
1d:52:fe:12:a0:66,,Misc,2026-09-26 07:36:26,,,-96,26.18873459422907,91.70274009008952,1.6923828125,5.650974750518799,,6,BLE
63:2c:62:ad:6f:dd,,Misc,2026-09-26 07:36:26,,,-101,26.18873459422907,91.70274009008952,1.6923828125,5.650974750518799,,,BLE
4c:1b:f0:f1:ad:33,,Uncategorized;10,2026-09-26 07:36:27,,7936,-99,26.18873617824765,91.70274920244505,2.815185546875,5.210480690002441,,,BLE
4e:3b:b5:4c:91:ad,,Uncategorized;10,2026-09-26 07:36:30,,7936,-101,26.188741067891726,91.7027733819711,3.421844482421875,4.357919216156006,,,BLE
405751_53815_205213954,Assam,LTE;405751,2026-09-26 07:36:30,1351,1351,-86,26.188741067891726,91.7027733819711,3.421844482421875,4.357919216156006,,,LTE
4c:1b:f0:f1:ad:33,,Uncategorized;10,2026-09-26 07:36:31,,7936,-99,26.188742177141325,91.70278304224595,2.968994140625,4.090052604675293,,76,BLE
d2:d9:ad:e8:49:f5,,Misc,2026-09-26 07:36:31,,,-70,26.188742177141325,91.70278304224595,2.968994140625,4.090052604675293,,76,BLE
63:06:73:25:54:e7,,Misc,2026-09-26 07:36:31,,7936,-102,26.188742177141325,91.70278304224595,2.968994140625,4.090052604675293,,76,BLE
7d:df:af:20:5f:91,realme Buds Air 5 Pro,Uncategorized,2026-09-26 07:36:31,,7936,-95,26.188742177141325,91.70278304224595,2.968994140625,4.090052604675293,,,BLE
67:63:df:0b:62:42,,Uncategorized;10,2026-09-26 07:36:31,,7936,-100,26.188742177141325,91.70278304224595,2.968994140625,4.090052604675293,,,BLE
4e:8f:c3:a4:36:08,,Uncategorized;10,2026-09-26 07:36:33,,7936,-83,26.188746895691676,91.7027999493212,3.0208740234375,3.8575518131256104,,,BLE
4c:e5:71:5c:71:a5,,Uncategorized;10,2026-09-26 07:36:33,,7936,-105,26.188746895691676,91.7027999493212,3.0208740234375,3.8575518131256104,,,BLE
62:9b:ca:03:51:3f,,Uncategorized;10,2026-09-26 07:36:34,,7936,-103,26.18874951465655,91.70281096487253,1.3304443359375,3.9389753341674805,,,BLE
4b:47:06:f8:39:64,,Misc,2026-09-26 07:36:36,,7936,-99,26.18875484371508,91.7028260956827,-1.685699462890625,3.7900924682617188,,76,BLE
e5:3a:54:a5:aa:02,,Misc,2026-09-26 07:36:36,,,-102,26.18875484371508,91.7028260956827,-1.685699462890625,3.7900924682617188,,76,BLE
67:63:df:0b:62:42,,Uncategorized;10,2026-09-26 07:36:36,,7936,-100,26.18875484371508,91.7028260956827,-1.685699462890625,3.7900924682617188,,76,BLE
4e:8f:c3:a4:36:08,,Uncategorized;10,2026-09-26 07:36:36,,7936,-83,26.18875484371508,91.7028260956827,-1.685699462890625,3.7900924682617188,,76,BLE
dd:cc:96:fb:7a:a2,,Misc,2026-09-26 07:36:36,,,-78,26.18875484371508,91.7028260956827,-1.685699462890625,3.7900924682617188,,76,BLE
33:da:69:8d:f0:68,,Misc,2026-09-26 07:36:36,,,-103,26.18875484371508,91.7028260956827,-1.685699462890625,3.7900924682617188,,,BLE
4c:e5:71:5c:71:a5,,Uncategorized;10,2026-09-26 07:36:36,,7936,-105,26.18875484371508,91.7028260956827,-1.685699462890625,3.7900924682617188,,76,BLE
69:99:73:01:e3:00,,Misc,2026-09-26 07:36:36,,7936,-105,26.18875484371508,91.7028260956827,-1.685699462890625,3.7900924682617188,,76,BLE
62:9b:ca:03:51:3f,,Uncategorized;10,2026-09-26 07:36:36,,7936,-103,26.18875484371508,91.7028260956827,-1.685699462890625,3.7900924682617188,,76,BLE
5a:46:44:7f:3f:b4,OnePlus Nord Buds 3 Pro,Misc,2026-09-26 07:36:36,,7936,-99,26.18875484371508,91.7028260956827,-1.685699462890625,3.7900924682617188,,,BLE
50:0d:0c:98:05:83,,Misc,2026-09-26 07:36:36,,,-99,26.18875484371508,91.7028260956827,-1.685699462890625,3.7900924682617188,,76,BLE
04:1b:bf:22:12:b1,,Misc,2026-09-26 07:36:36,,,-102,26.18875484371508,91.7028260956827,-1.685699462890625,3.7900924682617188,,6,BLE
44:28:a9:3e:fd:a8,,Misc,2026-09-26 07:36:36,,,-101,26.18875484371508,91.7028260956827,-1.685699462890625,3.7900924682617188,,,BLE
54:8c:fb:74:c1:0a,,Uncategorized;10,2026-09-26 07:36:36,,7936,-104,26.18875484371508,91.7028260956827,-1.685699462890625,3.7900924682617188,,,BLE
4c:e5:71:5c:71:a5,,Uncategorized;10,2026-09-26 07:36:36,,7936,-100,26.18875484371508,91.7028260956827,-1.685699462890625,3.7900924682617188,,76,BLE
49:11:02:12:b8:88,,Misc,2026-09-26 07:36:38,,7936,-91,26.18876020179593,91.70284570223626,-2.34197998046875,4.104877471923828,,76,BLE
c6:07:1d:66:bf:89,IITG_CONNECT,[WPA2-EAP/SHA1+FT/EAP-CCMP][RSN-EAP/SHA1+FT/EAP-CCMP][ESS],2026-09-26 07:36:39,48,5240,-81,26.18877140149581,91.70285339286953,-2.176361083984375,4.156251430511475,,,WIFI
c2:07:1d:66:c2:85,,[ESS],2026-09-26 07:36:39,161,5805,-54,26.18877140149581,91.70285339286953,-2.176361083984375,4.156251430511475,,,WIFI
c2:07:1d:66:bf:89,,[ESS],2026-09-26 07:36:39,48,5240,-81,26.18877140149581,91.70285339286953,-2.176361083984375,4.156251430511475,,,WIFI
98:03:8e:79:4f:56,NSX,[WPA2-PSK-CCMP][RSN-PSK-CCMP][ESS][WPS],2026-09-26 07:36:39,9,2452,-70,26.18877140149581,91.70285339286953,-2.176361083984375,4.156251430511475,,,WIFI
78:98:e8:4d:d1:0d,GVP_2G,[WPA2-PSK-CCMP][RSN-PSK-CCMP][ESS],2026-09-26 07:36:39,44,5220,-83,26.18877140149581,91.70285339286953,-2.176361083984375,4.156251430511475,,,WIFI
c6:07:1d:66:c2:84,IITG_CONNECT,[WPA2-EAP/SHA1-CCMP][RSN-EAP/SHA1-CCMP][ESS],2026-09-26 07:36:39,6,2437,-46,26.18877140149581,91.70285339286953,-2.176361083984375,4.156251430511475,,,WIFI
c6:07:1d:66:c2:85,IITG_CONNECT,[WPA2-EAP/SHA1-CCMP][RSN-EAP/SHA1-CCMP][ESS],2026-09-26 07:36:39,161,5805,-53,26.18877140149581,91.70285339286953,-2.176361083984375,4.156251430511475,,,WIFI
7c:f1:7e:a9:8e:7b,Wi-fu,[WPA2-PSK-CCMP][RSN-PSK-CCMP][ESS][WPS],2026-09-26 07:36:39,9,2452,-70,26.18877140149581,91.70285339286953,-2.176361083984375,4.156251430511475,,,WIFI
dc:ea:e7:b2:e9:d3,thickthighs,[WPA2-PSK-CCMP][RSN-PSK-CCMP][ESS],2026-09-26 07:36:39,13,2472,-63,26.18877140149581,91.70285339286953,-2.176361083984375,4.156251430511475,,,WIFI
ec:75:0c:7e:1b:ce,JoyBoy,[WPA2-PSK-CCMP][RSN-PSK-CCMP][ESS][WPS],2026-09-26 07:36:39,153,5765,-79,26.18877140149581,91.70285339286953,-2.176361083984375,4.156251430511475,,,WIFI
dc:ea:e7:7b:00:56,Milin,[WPA2-PSK-CCMP][RSN-PSK-CCMP][ESS],2026-09-26 07:36:39,13,2472,-75,26.18877140149581,91.70285339286953,-2.176361083984375,4.156251430511475,,,WIFI
5c:02:14:64:d7:06,BiFrost,[WPA-PSK-TKIP+CCMP][WPA2-PSK-TKIP+CCMP][RSN-PSK-TKIP+CCMP][ESS][WPS],2026-09-26 07:36:39,8,2447,-77,26.18877140149581,91.70285339286953,-2.176361083984375,4.156251430511475,,,WIFI
3c:6a:d2:4f:14:82,TP-Link_1482,[WPA2-PSK-CCMP][RSN-PSK-CCMP][ESS][WPS],2026-09-26 07:36:39,3,2422,-51,26.18877140149581,91.70285339286953,-2.176361083984375,4.156251430511475,,,WIFI
62:9b:ca:03:51:3f,,Uncategorized;10,2026-09-26 07:36:40,,7936,-98,26.18878425028146,91.70284440313758,-4.610504150390625,4.18806266784668,,76,BLE
4e:8f:c3:a4:36:08,,Uncategorized;10,2026-09-26 07:36:41,,7936,-77,26.188785805691634,91.70283114189817,-4.41943359375,4.2443671226501465,,76,BLE
4e:d1:b5:ae:1c:b4,,Misc,2026-09-26 07:36:41,,,-95,26.188785805691634,91.70283114189817,-4.41943359375,4.2443671226501465,,76,BLE
f6:10:10:ba:b8:2c,,Misc,2026-09-26 07:36:41,,,-104,26.188785805691634,91.70283114189817,-4.41943359375,4.2443671226501465,,,BLE
5a:53:71:4e:67:51,,Misc,2026-09-26 07:36:41,,,-105,26.188785805691634,91.70283114189817,-4.41943359375,4.2443671226501465,,76,BLE
0b:23:f9:24:f7:d0,,Misc,2026-09-26 07:36:41,,,-101,26.188785805691634,91.70283114189817,-4.41943359375,4.2443671226501465,,,BLE
5d:1f:60:ef:2f:a6,,Misc,2026-09-26 07:36:41,,,-100,26.188785805691634,91.70283114189817,-4.41943359375,4.2443671226501465,,,BLE
73:40:2b:ee:f0:02,,Misc,2026-09-26 07:36:41,,,-97,26.188785805691634,91.70283114189817,-4.41943359375,4.2443671226501465,,76,BLE
25:b6:63:17:04:e5,,Misc,2026-09-26 07:36:41,,,-100,26.188785805691634,91.70283114189817,-4.41943359375,4.2443671226501465,,,BLE
cd:54:4a:eb:d9:7c,,Misc,2026-09-26 07:36:41,,,-82,26.188785805691634,91.70283114189817,-4.41943359375,4.2443671226501465,,76,BLE
e0:e5:44:1f:03:57,,Misc,2026-09-26 07:36:41,,,-99,26.188785805691634,91.70283114189817,-4.41943359375,4.2443671226501465,,76,BLE
49:a7:78:9f:7d:4e,,Misc,2026-09-26 07:36:41,,,-103,26.188785805691634,91.70283114189817,-4.41943359375,4.2443671226501465,,,BLE
54:8c:fb:74:c1:0a,,Uncategorized;10,2026-09-26 07:36:41,,7936,-104,26.188785805691634,91.70283114189817,-4.41943359375,4.2443671226501465,,76,BLE
7e:94:09:10:02:50,,Uncategorized;10,2026-09-26 07:36:41,,7936,-97,26.188785805691634,91.70283114189817,-4.41943359375,4.2443671226501465,,76,BLE
6b:68:d2:06:8a:37,KANHAVPC,Misc,2026-09-26 07:36:42,,7936,-94,26.188780927552667,91.70281857245111,-5.9228515625,4.214935779571533,,,BLE
4b:47:06:f8:39:64,,Misc,2026-09-26 07:36:42,,7936,-93,26.188780927552667,91.70281857245111,-5.9228515625,4.214935779571533,,76,BLE
5c:01:77:60:77:40,,Misc,2026-09-26 07:36:46,,,-103,26.188771023974198,91.70277121759828,-6.2803955078125,3.862250804901123,,76,BLE
d1:f6:70:4e:f9:8d,,Misc,2026-09-26 07:36:46,,,-86,26.188771023974198,91.70277121759828,-6.2803955078125,3.862250804901123,,76,BLE
49:a7:78:9f:7d:4e,,Misc,2026-09-26 07:36:46,,,-98,26.188771023974198,91.70277121759828,-6.2803955078125,3.862250804901123,,,BLE
04:1b:bf:22:12:b1,,Misc,2026-09-26 07:36:51,,,-96,26.188758716824733,91.70272138237132,-8.742950439453125,3.7900924682617188,,6,BLE
50:2e:91:16:2b:b7,MIMMIC,Laptop;10,2026-09-26 07:36:56,,268,0,26.188745940761276,91.70267175234913,-10.308624267578125,3.9553961753845215,,,BT
d0:92:8f:da:b4:cf,,Misc,2026-09-26 07:36:56,,,-87,26.188745940761276,91.70267175234913,-10.308624267578125,3.9553961753845215,,76,BLE
cb:91:54:82:e4:bc,EMBERTON III [LE],Misc,2026-09-26 07:36:56,,7936,-102,26.188745940761276,91.70267175234913,-10.308624267578125,3.9553961753845215,,,BLE
7e:74:1e:61:00:f4,,Uncategorized;10,2026-09-26 07:36:56,,7936,-89,26.188745940761276,91.70267175234913,-10.308624267578125,3.9553961753845215,,,BLE
d8:fc:92:ff:88:00,TUYA_,Uncategorized;10,2026-09-26 07:37:00,,7936,-97,26.188728976437268,91.70263543033207,-10.491729736328125,3.8224477767944336,,,BLE
04:1b:bf:22:12:b1,,Misc,2026-09-26 07:37:01,,,-88,26.18872475289424,91.70262682098915,-10.863433837890625,3.8007516860961914,,6,BLE
03:bf:b6:73:da:f6,,Misc,2026-09-26 07:37:01,,,-88,26.18872475289424,91.70262682098915,-10.863433837890625,3.8007516860961914,,6,BLE
5a:53:71:4e:67:51,,Misc,2026-09-26 07:37:01,,,-90,26.18872475289424,91.70262682098915,-10.863433837890625,3.8007516860961914,,76,BLE
cb:91:54:82:e4:bc,EMBERTON III [LE],Misc,2026-09-26 07:37:01,,7936,-95,26.18872475289424,91.70262682098915,-10.863433837890625,3.8007516860961914,,,BLE
52:6d:8f:1e:7a:b8,Echo Dot-8W7,Uncategorized;10,2026-09-26 07:37:06,,7936,-97,26.18871121175056,91.70258356816453,-7.483062744140625,3.7900924682617188,,,BLE
b1:33:64:65:bd:39,Titan_90188_BD39,Misc,2026-09-26 07:37:11,,7936,-101,26.188688295783443,91.70254293393087,-5.296478271484375,4.14737606048584,,16972,BLE
c6:07:1d:66:bf:67,IITG_CONNECT,[WPA2-EAP/SHA1-CCMP][RSN-EAP/SHA1-CCMP][ESS],2026-09-26 07:37:11,48,5240,-42,26.188688295783443,91.70254293393087,-5.296478271484375,4.14737606048584,,,WIFI
c6:07:1d:66:bf:89,IITG_CONNECT,[WPA2-EAP/SHA1+FT/EAP-CCMP][RSN-EAP/SHA1+FT/EAP-CCMP][ESS],2026-09-26 07:37:11,48,5240,-74,26.188688295783443,91.70254293393087,-5.296478271484375,4.14737606048584,,,WIFI
c2:07:1d:66:c2:84,,[ESS],2026-09-26 07:37:11,6,2437,-69,26.188688295783443,91.70254293393087,-5.296478271484375,4.14737606048584,,,WIFI
dc:ea:e7:7b:00:7e,Aryaan Kelvin,[WPA2-PSK-CCMP][RSN-PSK-CCMP][ESS],2026-09-26 07:37:11,13,2472,-78,26.188688295783443,91.70254293393087,-5.296478271484375,4.14737606048584,,,WIFI
c2:07:1d:66:bf:67,,[ESS],2026-09-26 07:37:11,48,5240,-43,26.188688295783443,91.70254293393087,-5.296478271484375,4.14737606048584,,,WIFI
c2:07:1d:66:bf:89,,[ESS],2026-09-26 07:37:11,48,5240,-74,26.188688295783443,91.70254293393087,-5.296478271484375,4.14737606048584,,,WIFI
c6:07:1d:66:bf:66,IITG_CONNECT,[WPA2-EAP/SHA1-CCMP][RSN-EAP/SHA1-CCMP][ESS],2026-09-26 07:37:11,1,2412,-46,26.188688295783443,91.70254293393087,-5.296478271484375,4.14737606048584,,,WIFI
c2:07:1d:66:bf:66,,[ESS],2026-09-26 07:37:11,1,2412,-45,26.188688295783443,91.70254293393087,-5.296478271484375,4.14737606048584,,,WIFI
ce:8e:9e:88:59:aa,Avinas's S24 FE,[WPA2-PSK-CCMP][RSN-PSK-CCMP][ESS],2026-09-26 07:37:11,149,5745,-87,26.188688295783443,91.70254293393087,-5.296478271484375,4.14737606048584,,,WIFI
84:d8:1b:a7:c7:dc,Tezfilam,[WPA2-PSK-CCMP][RSN-PSK-CCMP][ESS][WPS],2026-09-26 07:37:11,10,2457,-68,26.188688295783443,91.70254293393087,-5.296478271484375,4.14737606048584,,,WIFI
dc:ea:e7:af:45:19,DIR-825-4516,[WPA2-PSK-CCMP][RSN-PSK-CCMP][ESS][WPS],2026-09-26 07:37:11,11,2462,-76,26.188688295783443,91.70254293393087,-5.296478271484375,4.14737606048584,,,WIFI
02:08:f2:c1:52:c1,,Uncategorized;10,2026-09-26 07:37:14,,7936,-103,26.188670498119617,91.70251515237148,-3.46466064453125,4.118339538574219,,,BLE
3d:a0:c7:7c:b8:0e,,Uncategorized;10,2026-09-26 07:37:14,,7936,-91,26.188670498119617,91.70251515237148,-3.46466064453125,4.118339538574219,,,BLE
405751_53815_205093376,Assam,LTE;405751,2026-09-26 07:37:15,1351,1351,-74,26.188664602801637,91.7025140484212,-3.0758056640625,4.087009906768799,,,LTE
0d:cf:a6:a4:91:6e,,Misc,2026-09-26 07:37:16,,,-103,26.188660708295664,91.70250481702737,-1.66961669921875,4.0442304611206055,,,BLE
10:ed:16:99:1f:20,,Misc,2026-09-26 07:37:16,,,-103,26.188660708295664,91.70250481702737,-1.66961669921875,4.0442304611206055,,,BLE
43:e4:21:65:2b:28,,Uncategorized;10,2026-09-26 07:37:16,,7936,-84,26.188660708295664,91.70250481702737,-1.66961669921875,4.0442304611206055,,76,BLE
77:be:6b:1b:1a:a5,,Misc,2026-09-26 07:37:17,,7936,-79,26.188656421215263,91.70249784510945,-1.1361083984375,3.978419780731201,,76,BLE
3d:a0:c7:7c:b8:0e,,Uncategorized;10,2026-09-26 07:37:17,,7936,-77,26.188656421215263,91.70249784510945,-1.1361083984375,3.978419780731201,,,BLE
7a:cc:c8:da:a0:5d,,Uncategorized;10,2026-09-26 07:37:20,,7936,-93,26.188640427785955,91.70247351608417,3.163787841796875,3.881146192550659,,,BLE
47:51:5b:fd:12:dd,,Uncategorized;10,2026-09-26 07:37:20,,7936,-97,26.188640427785955,91.70247351608417,3.163787841796875,3.881146192550659,,,BLE
74:03:43:49:bd:3d,,Uncategorized;10,2026-09-26 07:37:20,,7936,-97,26.188640427785955,91.70247351608417,3.163787841796875,3.881146192550659,,,BLE
47:51:5b:fd:12:dd,,Uncategorized;10,2026-09-26 07:37:21,,7936,-97,26.1886399163971,91.70246557870772,3.910614013671875,10.058309555053711,,76,BLE
fb:57:01:ae:d9:92,,Misc,2026-09-26 07:37:21,,,-97,26.1886399163971,91.70246557870772,3.910614013671875,10.058309555053711,,76,BLE
74:03:43:49:bd:3d,,Uncategorized;10,2026-09-26 07:37:21,,7936,-97,26.1886399163971,91.70246557870772,3.910614013671875,10.058309555053711,,76,BLE
cc:be:56:63:60:0e,,Misc,2026-09-26 07:37:21,,,-76,26.1886399163971,91.70246557870772,3.910614013671875,10.058309555053711,,76,BLE
7a:cc:c8:da:a0:5d,,Uncategorized;10,2026-09-26 07:37:21,,7936,-93,26.1886399163971,91.70246557870772,3.910614013671875,10.058309555053711,,76,BLE
75:83:6d:83:43:dd,,Uncategorized;10,2026-09-26 07:37:24,,7936,-93,26.18863048025754,91.70243265262343,4.57537841796875,9.935046195983887,,,BLE
75:83:6d:83:43:dd,,Uncategorized;10,2026-09-26 07:37:26,,7936,-92,26.188621350268587,91.70241229264441,4.335174560546875,9.935046195983887,,76,BLE
74:03:43:49:bd:3d,,Uncategorized;10,2026-09-26 07:37:26,,7936,-84,26.188621350268587,91.70241229264441,4.335174560546875,9.935046195983887,,76,BLE
47:51:5b:fd:12:dd,,Uncategorized;10,2026-09-26 07:37:26,,7936,-92,26.188621350268587,91.70241229264441,4.335174560546875,9.935046195983887,,76,BLE
5a:e5:6a:01:be:db,,Uncategorized;10,2026-09-26 07:37:26,,7936,-74,26.188621350268587,91.70241229264441,4.335174560546875,9.935046195983887,,76,BLE
64:e3:3b:da:a3:5f,,Misc,2026-09-26 07:37:26,,7936,-73,26.188621350268587,91.70241229264441,4.335174560546875,9.935046195983887,,76,BLE
5a:a9:c0:dc:46:43,,Uncategorized;10,2026-09-26 07:37:27,,7936,-105,26.188615622746017,91.7024046963438,3.73602294921875,9.935046195983887,,,BLE
27:0c:14:56:bc:5d,,Uncategorized;10,2026-09-26 07:37:28,,7936,-102,26.188610718270386,91.70239721930136,2.91864013671875,9.935046195983887,,,BLE
7f:84:47:79:a7:63,,Uncategorized;10,2026-09-26 07:37:28,,7936,-100,26.188610718270386,91.70239721930136,2.91864013671875,9.935046195983887,,,BLE
67:cb:87:a9:15:81,,Uncategorized;10,2026-09-26 07:37:28,,7936,-91,26.188610718270386,91.70239721930136,2.91864013671875,9.935046195983887,,,BLE
7c:e4:b4:82:cd:13,,Uncategorized;10,2026-09-26 07:37:28,,7936,-97,26.188610718270386,91.70239721930136,2.91864013671875,9.935046195983887,,,BLE
74:03:43:49:bd:3d,,Uncategorized;10,2026-09-26 07:37:30,,7936,-68,26.188602967453253,91.70238140418292,2.704925537109375,9.935046195983887,,76,BLE
03:f0:c3:ae:45:73,,Uncategorized;10,2026-09-26 07:37:30,,7936,-95,26.188602967453253,91.70238140418292,2.704925537109375,9.935046195983887,,,BLE
52:2c:1c:79:ac:2f,,Uncategorized;10,2026-09-26 07:37:30,,7936,-86,26.188602967453253,91.70238140418292,2.704925537109375,9.935046195983887,,76,BLE
6d:ba:2b:04:7e:89,,Misc,2026-09-26 07:37:30,,7936,-84,26.188602967453253,91.70238140418292,2.704925537109375,9.935046195983887,,76,BLE
51:06:2a:b1:83:26,,Misc,2026-09-26 07:37:31,,,-85,26.18860343171153,91.7023732444232,2.352386474609375,9.935046195983887,,76,BLE
7c:e4:b4:82:cd:13,,Uncategorized;10,2026-09-26 07:37:31,,7936,-97,26.18860343171153,91.7023732444232,2.352386474609375,9.935046195983887,,76,BLE
7f:84:47:79:a7:63,,Uncategorized;10,2026-09-26 07:37:31,,7936,-100,26.18860343171153,91.7023732444232,2.352386474609375,9.935046195983887,,76,BLE
5a:a9:c0:dc:46:43,,Uncategorized;10,2026-09-26 07:37:31,,7936,-103,26.18860343171153,91.7023732444232,2.352386474609375,9.935046195983887,,76,BLE
ec:97:c3:8d:f6:f6,,Misc,2026-09-26 07:37:31,,,-95,26.18860343171153,91.7023732444232,2.352386474609375,9.935046195983887,,76,BLE
38:f6:88:98:7a:a7,,Uncategorized;10,2026-09-26 07:37:31,,7936,-94,26.18860343171153,91.7023732444232,2.352386474609375,9.935046195983887,,,BLE
74:14:7f:bd:66:de,PREDATOR,Uncategorized;10,2026-09-26 07:37:32,,7936,-99,26.188607566663347,91.70236621199972,2.47772216796875,9.935046195983887,,,BLE
77:86:ac:b3:9b:4a,,Misc,2026-09-26 07:37:33,,7936,-91,26.188616701709194,91.70235514275616,2.583953857421875,9.935046195983887,,76,BLE
74:7b:e9:4c:8e:ac,,Misc,2026-09-26 07:37:34,,7936,-85,26.188620607057132,91.70235752882765,3.136749267578125,9.935046195983887,,76,BLE
77:f7:11:6d:90:aa,,Uncategorized;10,2026-09-26 07:37:34,,7936,-91,26.188620607057132,91.70235752882765,3.136749267578125,9.935046195983887,,,BLE
70:dd:22:05:1d:5f,,Uncategorized;10,2026-09-26 07:37:34,,7936,-99,26.188620607057132,91.70235752882765,3.136749267578125,9.935046195983887,,,BLE
02:2c:99:60:7e:eb,,Misc,2026-09-26 07:37:36,,,-99,26.18864385227606,91.70234347980019,3.41168212890625,9.935046195983887,,6,BLE
5a:a9:c0:dc:46:43,,Uncategorized;10,2026-09-26 07:37:36,,7936,-97,26.18864385227606,91.70234347980019,3.41168212890625,9.935046195983887,,76,BLE
3d:e8:e0:30:a5:ef,,Misc,2026-09-26 07:37:36,,,-101,26.18864385227606,91.70234347980019,3.41168212890625,9.935046195983887,,6,BLE
63:e7:f7:e0:74:db,OPPO Enco Buds3 Pro,Misc,2026-09-26 07:37:36,,,-99,26.18864385227606,91.70234347980019,3.41168212890625,9.935046195983887,,,BLE
04:da:bc:d9:4f:fa,,Misc,2026-09-26 07:37:36,,,-98,26.18864385227606,91.70234347980019,3.41168212890625,9.935046195983887,,6,BLE
e7:62:d8:62:11:b9,,Misc,2026-09-26 07:37:36,,,-92,26.18864385227606,91.70234347980019,3.41168212890625,9.935046195983887,,76,BLE
75:ad:68:3b:c9:f7,,Misc,2026-09-26 07:37:36,,7936,-93,26.18864385227606,91.70234347980019,3.41168212890625,9.935046195983887,,76,BLE
77:f7:11:6d:90:aa,,Uncategorized;10,2026-09-26 07:37:36,,7936,-91,26.18864385227606,91.70234347980019,3.41168212890625,9.935046195983887,,1839,BLE
06:1e:35:fe:b5:93,,Misc,2026-09-26 07:37:36,,,-102,26.18864385227606,91.70234347980019,3.41168212890625,9.935046195983887,,,BLE
64:7a:d0:25:49:c7,,Misc,2026-09-26 07:37:36,,,-96,26.18864385227606,91.70234347980019,3.41168212890625,9.935046195983887,,76,BLE
cf:e8:6e:56:ca:6b,,Misc,2026-09-26 07:37:41,,,-97,26.18868549775463,91.70233448392146,3.1092529296875,9.935046195983887,,76,BLE
ec:97:c3:8d:f6:f6,,Misc,2026-09-26 07:37:41,,,-65,26.18868549775463,91.70233448392146,3.1092529296875,9.935046195983887,,76,BLE
1e:45:fe:95:de:ad,,Misc,2026-09-26 07:37:41,,,-102,26.18868549775463,91.70233448392146,3.1092529296875,9.935046195983887,,6,BLE
ce:33:86:d3:90:89,,Misc,2026-09-26 07:37:41,,,-97,26.18868549775463,91.70233448392146,3.1092529296875,9.935046195983887,,76,BLE
14:0f:c0:cb:e3:68,,Misc,2026-09-26 07:37:41,,,-99,26.18868549775463,91.70233448392146,3.1092529296875,9.935046195983887,,,BLE
04:da:bc:d9:4f:fa,,Misc,2026-09-26 07:37:41,,,-93,26.18868549775463,91.70233448392146,3.1092529296875,9.935046195983887,,6,BLE
03:f0:c3:ae:45:73,,Uncategorized;10,2026-09-26 07:37:42,,7936,-82,26.188698647081917,91.70232961021064,2.734649658203125,9.935046195983887,,,BLE
74:14:7f:bd:66:de,PREDATOR,Uncategorized;10,2026-09-26 07:37:42,,7936,-86,26.188698647081917,91.70232961021064,2.734649658203125,9.935046195983887,,,BLE
70:dd:22:05:1d:5f,,Uncategorized;10,2026-09-26 07:37:42,,7936,-79,26.188698647081917,91.70232961021064,2.734649658203125,9.935046195983887,,,BLE
d5:a3:16:24:c8:5d,WHOOP 5B01426719,Uncategorized;10,2026-09-26 07:37:43,,7936,-102,26.188701055563822,91.70233270742759,2.687286376953125,9.935046195983887,,,BLE
51:1e:c0:05:d8:21,,Uncategorized;10,2026-09-26 07:37:43,,7936,-96,26.188701055563822,91.70233270742759,2.687286376953125,9.935046195983887,,,BLE
a8:42:a1:68:9b:a1,Bikram 2,[WPA2-PSK-CCMP][RSN-PSK-CCMP][ESS][WPS],2026-09-26 07:37:43,9,2452,-72,26.188701055563822,91.70233270742759,2.687286376953125,9.935046195983887,,,WIFI
dc:ea:e7:33:93:d2,DIR-615-93D1,[WPA2-PSK-CCMP][RSN-PSK-CCMP][ESS][WPS],2026-09-26 07:37:43,1,2412,-86,26.188701055563822,91.70233270742759,2.687286376953125,9.935046195983887,,,WIFI
50:91:e3:c8:cd:4e,TP-Link_CD4E,[WPA2-PSK-CCMP][RSN-PSK-CCMP][ESS][WPS],2026-09-26 07:37:43,4,2427,-77,26.188701055563822,91.70233270742759,2.687286376953125,9.935046195983887,,,WIFI
a8:59:5f:70:b4:a3,sabun,[WPA2-PSK-CCMP][RSN-PSK+PSK-SHA256+SAE-CCMP][ESS][WPS],2026-09-26 07:37:43,6,2437,-83,26.188701055563822,91.70233270742759,2.687286376953125,9.935046195983887,,,WIFI
51:b0:1a:5e:4a:36,3.0 BT,null;10,2026-09-26 07:37:44,,1028,-75,26.188716768810156,91.70232706670453,3.086639404296875,9.935046195983887,,,BT
65:53:73:1f:23:0f,,Uncategorized;10,2026-09-26 07:37:44,,7936,-103,26.188716768810156,91.70232706670453,3.086639404296875,9.935046195983887,,,BLE
3b:8b:9f:92:5a:58,,Uncategorized;10,2026-09-26 07:37:44,,7936,-102,26.188716768810156,91.70232706670453,3.086639404296875,9.935046195983887,,,BLE
e4:0c:fd:ac:bb:56,OPPO A74 5G,Smartphone;10,2026-09-26 07:37:44,,524,-95,26.188716768810156,91.70232706670453,3.086639404296875,9.935046195983887,,,BT
03:f0:c3:ae:45:73,,Uncategorized;10,2026-09-26 07:37:45,,7936,-69,26.188719729000848,91.70232979250505,4.131591796875,9.935046195983887,,,BLE
c8:9b:d7:5f:25:7e,realme 8,Smartphone;10,2026-09-26 07:37:45,,524,-89,26.188719729000848,91.70232979250505,4.131591796875,9.935046195983887,,,BT
6a:fe:91:4f:47:22,,Misc,2026-09-26 07:37:46,,,-101,26.188730344225156,91.7023298461355,3.40509033203125,9.935046195983887,,76,BLE
52:18:14:5e:74:61,Prime800D,Misc,2026-09-26 07:37:46,,7936,-97,26.188730344225156,91.7023298461355,3.40509033203125,9.935046195983887,,,BLE
50:8b:15:6b:44:77,,Misc,2026-09-26 07:37:46,,7936,-101,26.188730344225156,91.7023298461355,3.40509033203125,9.935046195983887,,76,BLE
06:3f:18:78:9a:79,,Misc,2026-09-26 07:37:46,,,-95,26.188730344225156,91.7023298461355,3.40509033203125,9.935046195983887,,,BLE
1e:45:fe:95:de:ad,,Misc,2026-09-26 07:37:46,,,-97,26.188730344225156,91.7023298461355,3.40509033203125,9.935046195983887,,6,BLE
3d:e8:e0:30:a5:ef,,Misc,2026-09-26 07:37:46,,,-92,26.188730344225156,91.7023298461355,3.40509033203125,9.935046195983887,,6,BLE
46:f5:57:ad:f9:9f,LENOVO_LOQ_YK,Misc,2026-09-26 07:37:46,,7936,-100,26.188730344225156,91.7023298461355,3.40509033203125,9.935046195983887,,,BLE
20:b5:56:1d:6c:ed,,Misc,2026-09-26 07:37:46,,7936,-98,26.188730344225156,91.7023298461355,3.40509033203125,9.935046195983887,,,BLE
3c:e0:6c:66:f4:f6,,Misc,2026-09-26 07:37:46,,,-100,26.188730344225156,91.7023298461355,3.40509033203125,9.935046195983887,,,BLE
51:1e:c0:ee:d6:57,,Uncategorized;10,2026-09-26 07:37:46,,7936,-98,26.188730344225156,91.7023298461355,3.40509033203125,9.935046195983887,,,BLE
20:b5:56:1d:6c:ed,,Misc,2026-09-26 07:37:46,,7936,-93,26.188730344225156,91.7023298461355,3.40509033203125,9.935046195983887,,,BLE
6f:ac:62:7e:b0:7d,,Uncategorized;10,2026-09-26 07:37:47,,7936,-92,26.18873916046325,91.70233482266605,3.87359619140625,9.935046195983887,,,BLE
4f:1d:20:9c:41:6d,,Uncategorized;10,2026-09-26 07:37:47,,7936,-72,26.18873916046325,91.70233482266605,3.87359619140625,9.935046195983887,,,BLE
54:df:7a:89:43:ba,,Uncategorized;10,2026-09-26 07:37:47,,7936,-92,26.18873916046325,91.70233482266605,3.87359619140625,9.935046195983887,,,BLE
6d:85:00:18:de:b0,,Misc,2026-09-26 07:37:47,,7936,-93,26.18873916046325,91.70233482266605,3.87359619140625,9.935046195983887,,76,BLE
53:f4:be:0c:8f:63,,Uncategorized;10,2026-09-26 07:37:47,,7936,-92,26.18873916046325,91.70233482266605,3.87359619140625,9.935046195983887,,,BLE
7d:31:df:24:10:d2,,Uncategorized;10,2026-09-26 07:37:48,,7936,-95,26.188745463593538,91.70234320410974,4.4468994140625,9.935046195983887,,,BLE
40:30:01:67:d5:82,Echo Dot-AQ3,Uncategorized;10,2026-09-26 07:37:48,,7936,-98,26.188745463593538,91.70234320410974,4.4468994140625,9.935046195983887,,,BLE
6e:8e:f6:d2:25:22,,Misc,2026-09-26 07:37:49,,7936,-98,26.188751401064714,91.70235723399387,4.500274658203125,9.935046195983887,,76,BLE
3c:6a:d2:4f:1a:86,TP_1A86,[WPA2-PSK-CCMP][RSN-PSK-CCMP][ESS][WPS],2026-09-26 07:37:50,2,2417,-78,26.188753356677566,91.7023655818251,3.60504150390625,9.935046195983887,,,WIFI
dc:ea:e7:34:d1:72,Ayan,[WPA2-PSK-CCMP][RSN-PSK-CCMP][ESS],2026-09-26 07:37:50,13,2472,-80,26.188753356677566,91.7023655818251,3.60504150390625,9.935046195983887,,,WIFI
7a:14:5e:19:86:fb,Lappi,[WPA2-PSK-CCMP][RSN-PSK+SAE-CCMP][ESS],2026-09-26 07:37:50,11,2462,-76,26.188753356677566,91.7023655818251,3.60504150390625,9.935046195983887,,,WIFI
40:86:cb:2a:db:fc,mBappu,[WPA2-PSK-CCMP][RSN-PSK-CCMP][ESS],2026-09-26 07:37:50,13,2472,-75,26.188753356677566,91.7023655818251,3.60504150390625,9.935046195983887,,,WIFI
ae:e2:91:ca:d4:10,DIRECT-SVLAPTOP-NIUS1427msCx,[WPA2-PSK-CCMP][RSN-PSK-CCMP][ESS][WPS],2026-09-26 07:37:50,10,2457,-77,26.188753356677566,91.7023655818251,3.60504150390625,9.935046195983887,,,WIFI
10:27:f5:44:d5:44,TP-Link_D544,[WPA2-PSK-CCMP][RSN-PSK-CCMP][ESS][WPS],2026-09-26 07:37:50,4,2427,-76,26.188753356677566,91.7023655818251,3.60504150390625,9.935046195983887,,,WIFI
42:50:74:0e:9a:4d,OnePlus Nord CE3 5G,[WPA2-PSK-CCMP][RSN-PSK-CCMP][ESS],2026-09-26 07:37:50,6,2437,-74,26.188753356677566,91.7023655818251,3.60504150390625,9.935046195983887,,,WIFI
bc:22:28:41:5b:58,dlink-5B58,[WPA-PSK-TKIP+CCMP][WPA2-PSK-TKIP+CCMP][RSN-PSK-TKIP+CCMP][ESS][WPS],2026-09-26 07:37:50,9,2452,-75,26.188753356677566,91.7023655818251,3.60504150390625,9.935046195983887,,,WIFI
a8:42:a1:88:1b:86,ATHARVA,[WPA2-PSK-CCMP][RSN-PSK-CCMP][ESS][WPS],2026-09-26 07:37:50,3,2422,-72,26.188753356677566,91.7023655818251,3.60504150390625,9.935046195983887,,,WIFI
d8:44:89:1e:b8:71,Bytes,[WPA2-PSK-CCMP][RSN-PSK-CCMP][ESS][WPS],2026-09-26 07:37:50,149,5745,-85,26.188753356677566,91.7023655818251,3.60504150390625,9.935046195983887,,,WIFI
e4:fa:c4:0c:c5:32,A23,[WPA2-PSK-CCMP][RSN-PSK-CCMP][ESS][WPS],2026-09-26 07:37:50,4,2427,-77,26.188753356677566,91.7023655818251,3.60504150390625,9.935046195983887,,,WIFI
8c:90:2d:ca:46:40,Rock that Body,[WPA2-PSK-CCMP][RSN-PSK-CCMP][ESS][WPS],2026-09-26 07:37:50,10,2457,-75,26.188753356677566,91.7023655818251,3.60504150390625,9.935046195983887,,,WIFI
a8:59:5f:70:b4:a3,sabun,[WPA2-PSK-CCMP][RSN-PSK+PSK-SHA256+SAE-CCMP][ESS][WPS],2026-09-26 07:37:50,6,2437,-78,26.188753356677566,91.7023655818251,3.60504150390625,9.935046195983887,,,WIFI
54:38:06:44:d2:84,,Misc,2026-09-26 07:37:51,,,-103,26.188758507129027,91.70238272302574,2.143524169921875,9.935046195983887,,117,BLE
32:aa:3f:89:74:61,,Misc,2026-09-26 07:37:51,,,-102,26.188758507129027,91.70238272302574,2.143524169921875,9.935046195983887,,6,BLE
52:18:14:5e:74:61,Prime800D,Misc,2026-09-26 07:37:51,,7936,-95,26.188758507129027,91.70238272302574,2.143524169921875,9.935046195983887,,3765,BLE
6c:84:7b:a2:7d:1b,,Misc,2026-09-26 07:37:51,,7936,-100,26.188758507129027,91.70238272302574,2.143524169921875,9.935046195983887,,76,BLE
76:6c:bc:9e:c2:f3,Prime80,Uncategorized,2026-09-26 07:37:51,,,-66,26.188758507129027,91.70238272302574,2.143524169921875,9.935046195983887,,38672,BLE
6f:ac:62:7e:b0:7d,,Uncategorized;10,2026-09-26 07:37:51,,7936,-92,26.188758507129027,91.70238272302574,2.143524169921875,9.935046195983887,,76,BLE
7d:31:df:24:10:d2,,Uncategorized;10,2026-09-26 07:37:51,,7936,-99,26.188758507129027,91.70238272302574,2.143524169921875,9.935046195983887,,76,BLE
f1:60:50:41:49:aa,,Misc,2026-09-26 07:37:51,,,-91,26.188758507129027,91.70238272302574,2.143524169921875,9.935046195983887,,76,BLE
c4:81:47:46:df:86,,Misc,2026-09-26 07:37:51,,,-99,26.188758507129027,91.70238272302574,2.143524169921875,9.935046195983887,,76,BLE
4f:1d:20:9c:41:6d,,Uncategorized;10,2026-09-26 07:37:51,,7936,-78,26.188758507129027,91.70238272302574,2.143524169921875,9.935046195983887,,76,BLE
1e:45:fe:95:de:ad,,Misc,2026-09-26 07:37:51,,,-91,26.188758507129027,91.70238272302574,2.143524169921875,9.935046195983887,,6,BLE
06:3f:18:78:9a:79,,Misc,2026-09-26 07:37:51,,,-90,26.188758507129027,91.70238272302574,2.143524169921875,9.935046195983887,,6,BLE
41:42:0f:7d:77:e1,,Misc,2026-09-26 07:37:51,,,-103,26.188758507129027,91.70238272302574,2.143524169921875,9.935046195983887,,,BLE
59:b2:81:bf:c0:6c,,Misc,2026-09-26 07:37:51,,,-97,26.188758507129027,91.70238272302574,2.143524169921875,9.935046195983887,,76,BLE
78:42:b0:54:7e:64,OnePlus Nord Buds 3r,Uncategorized,2026-09-26 07:37:51,,7936,-95,26.188758507129027,91.70238272302574,2.143524169921875,9.935046195983887,,,BLE
55:fd:b4:b5:53:84,amier's JBL F,Misc,2026-09-26 07:37:51,,,-98,26.188758507129027,91.70238272302574,2.143524169921875,9.935046195983887,,87,BLE
f9:97:27:57:cb:c9,,Misc,2026-09-26 07:37:51,,,-102,26.188758507129027,91.70238272302574,2.143524169921875,9.935046195983887,,76,BLE
17:f1:43:a1:68:09,,Misc,2026-09-26 07:37:51,,,-128,26.188758507129027,91.70238272302574,2.143524169921875,9.935046195983887,,6,BLE
69:c5:c6:06:b7:fe,,Misc,2026-09-26 07:37:51,,,-101,26.188758507129027,91.70238272302574,2.143524169921875,9.935046195983887,,6,BLE
55:fd:b4:b5:53:84,amier's JBL F,Misc,2026-09-26 07:37:51,,,-89,26.188758507129027,91.70238272302574,2.143524169921875,9.935046195983887,,87,BLE
cc:66:92:cd:b9:d7,,Misc,2026-09-26 07:37:51,,,-91,26.188758507129027,91.70238272302574,2.143524169921875,9.935046195983887,,,BLE
5c:2d:e7:3b:82:18,,Misc,2026-09-26 07:37:51,,7936,-99,26.188758507129027,91.70238272302574,2.143524169921875,9.935046195983887,,76,BLE
54:df:7a:89:43:ba,,Uncategorized;10,2026-09-26 07:37:51,,7936,-99,26.188758507129027,91.70238272302574,2.143524169921875,9.935046195983887,,76,BLE
3c:e0:6c:66:f4:f6,,Misc,2026-09-26 07:37:51,,,-88,26.188758507129027,91.70238272302574,2.143524169921875,9.935046195983887,,,BLE
33:48:61:5d:42:a5,,Misc,2026-09-26 07:37:51,,,-94,26.188758507129027,91.70238272302574,2.143524169921875,9.935046195983887,,,BLE
46:f5:57:ad:f9:9f,LENOVO_LOQ_YK,Misc,2026-09-26 07:37:51,,7936,-92,26.188758507129027,91.70238272302574,2.143524169921875,9.935046195983887,,,BLE
65:53:73:1f:23:0f,,Uncategorized;10,2026-09-26 07:37:51,,7936,-94,26.188758507129027,91.70238272302574,2.143524169921875,9.935046195983887,,,BLE
04:c5:52:7b:19:a8,,Misc,2026-09-26 07:37:51,,7936,-95,26.188758507129027,91.70238272302574,2.143524169921875,9.935046195983887,,,BLE
04:7b:90:13:8d:6c,,Uncategorized;10,2026-09-26 07:37:52,,7936,-98,26.18876258619354,91.70238852875393,0.24267578125,9.935046195983887,,,BLE
42:e1:4c:87:5d:4b,,Uncategorized;10,2026-09-26 07:37:52,,7936,-89,26.18876258619354,91.70238852875393,0.24267578125,9.935046195983887,,,BLE
07:e5:45:7d:7b:1f,,Uncategorized;10,2026-09-26 07:37:52,,7936,-94,26.18876258619354,91.70238852875393,0.24267578125,9.935046195983887,,,BLE
0d:40:c4:ca:40:e8,,Uncategorized;10,2026-09-26 07:37:53,,7936,-102,26.18876756551993,91.70239967051354,1.488311767578125,9.935046195983887,,,BLE
e4:0c:fd:ac:bb:56,OPPO A74 5G,Smartphone;10,2026-09-26 07:37:53,,524,-84,26.18876756551993,91.70239967051354,1.488311767578125,9.935046195983887,,,BT
4d:0b:1b:44:b7:f3,,Uncategorized;10,2026-09-26 07:37:54,,7936,-91,26.18877050193823,91.7024155758445,2.957550048828125,9.935046195983887,,,BLE
17:f1:43:a1:68:09,,Misc,2026-09-26 07:37:56,,,-104,26.188777705620456,91.70243349548274,5.600738525390625,9.935046195983887,,6,BLE
fa:17:31:61:bb:50,,Misc,2026-09-26 07:37:56,,,-98,26.188777705620456,91.70243349548274,5.600738525390625,9.935046195983887,,,BLE
4b:23:05:ef:b4:40,,Misc,2026-09-26 07:37:56,,7936,-103,26.188777705620456,91.70243349548274,5.600738525390625,9.935046195983887,,76,BLE
48:b7:ff:20:dc:25,,Misc,2026-09-26 07:37:56,,7936,-88,26.188777705620456,91.70243349548274,5.600738525390625,9.935046195983887,,76,BLE
f9:97:27:57:cb:c9,,Misc,2026-09-26 07:37:56,,,-96,26.188777705620456,91.70243349548274,5.600738525390625,9.935046195983887,,76,BLE
42:e1:4c:87:5d:4b,,Uncategorized;10,2026-09-26 07:37:56,,7936,-90,26.188777705620456,91.70243349548274,5.600738525390625,9.935046195983887,,76,BLE
51:1e:c0:ee:d6:57,,Uncategorized;10,2026-09-26 07:37:56,,7936,-91,26.188777705620456,91.70243349548274,5.600738525390625,9.935046195983887,,,BLE
02:2c:99:60:7e:eb,,Misc,2026-09-26 07:37:56,,,-94,26.188777705620456,91.70243349548274,5.600738525390625,9.935046195983887,,6,BLE
13:8c:72:34:fa:7a,,Misc,2026-09-26 07:37:56,,,-94,26.188777705620456,91.70243349548274,5.600738525390625,9.935046195983887,,6,BLE
55:4b:3f:b2:d8:52,,Misc,2026-09-26 07:37:56,,,-95,26.188777705620456,91.70243349548274,5.600738525390625,9.935046195983887,,76,BLE
46:93:94:6f:63:51,AYAN-S_VICTUS,Misc,2026-09-26 07:37:57,,7936,-76,26.18877891193646,91.70244912499528,5.191253662109375,9.935046195983887,,,BLE
5f:71:be:b4:ec:2d,,Misc,2026-09-26 07:37:57,,7936,-92,26.18877891193646,91.70244912499528,5.191253662109375,9.935046195983887,,76,BLE
67:5b:60:fe:98:da,,Uncategorized;10,2026-09-26 07:37:57,,7936,-78,26.18877891193646,91.70244912499528,5.191253662109375,9.935046195983887,,,BLE
98:34:8c:62:52:24,,Misc,2026-09-26 07:37:58,,7936,-80,26.18878605445792,91.70245292234989,6.0054931640625,9.935046195983887,,,BLE
54:df:7a:89:43:ba,,Uncategorized;10,2026-09-26 07:37:58,,7936,-90,26.18878605445792,91.70245292234989,6.0054931640625,9.935046195983887,,76,BLE
72:80:09:74:e9:3f,,Misc,2026-09-26 07:37:59,,7936,-94,26.18878831746398,91.70246424878306,6.539886474609375,9.935046195983887,,1946,BLE
45:56:21:34:2c:1f,,Uncategorized;10,2026-09-26 07:37:59,,7936,-93,26.18878831746398,91.70246424878306,6.539886474609375,9.935046195983887,,,BLE
4b:23:05:ef:b4:40,,Misc,2026-09-26 07:37:59,,7936,-98,26.18878831746398,91.70246424878306,6.539886474609375,9.935046195983887,,76,BLE
c8:9b:d7:5f:25:7e,realme 8,Smartphone;10,2026-09-26 07:37:59,,524,-83,26.18878831746398,91.70246424878306,6.539886474609375,9.935046195983887,,,BT
54:df:7a:89:43:ba,,Uncategorized;10,2026-09-26 07:38:00,,7936,-84,26.188791445569837,91.70247423801027,7.1708984375,9.935046195983887,,76,BLE
46:93:94:6f:63:51,AYAN-S_VICTUS,Misc,2026-09-26 07:38:00,,7936,-63,26.188791445569837,91.70247423801027,7.1708984375,9.935046195983887,,,BLE
d5:a3:16:24:c8:5d,WHOOP 5B01426719,Uncategorized;10,2026-09-26 07:38:00,,7936,-97,26.188791445569837,91.70247423801027,7.1708984375,9.935046195983887,,,BLE
72:80:09:74:e9:3f,,Misc,2026-09-26 07:38:01,,7936,-82,26.188795115670388,91.70248341315775,7.06671142578125,9.935046195983887,,1946,BLE
7c:cd:37:3c:97:36,,Uncategorized;10,2026-09-26 07:38:01,,7936,-85,26.188795115670388,91.70248341315775,7.06671142578125,9.935046195983887,,,BLE
52:18:14:5e:74:61,Prime800D,Misc,2026-09-26 07:38:01,,7936,-90,26.188795115670388,91.70248341315775,7.06671142578125,9.935046195983887,,3765,BLE
67:5b:60:fe:98:da,,Uncategorized;10,2026-09-26 07:38:01,,7936,-78,26.188795115670388,91.70248341315775,7.06671142578125,9.935046195983887,,76,BLE
60:4c:0b:2c:0f:cf,,Misc,2026-09-26 07:38:01,,,-83,26.188795115670388,91.70248341315775,7.06671142578125,9.935046195983887,,76,BLE
cc:66:92:cd:b9:d7,,Misc,2026-09-26 07:38:01,,,-82,26.188795115670388,91.70248341315775,7.06671142578125,9.935046195983887,,,BLE
45:56:21:34:2c:1f,,Uncategorized;10,2026-09-26 07:38:01,,7936,-102,26.188795115670388,91.70248341315775,7.06671142578125,9.935046195983887,,76,BLE
cf:e8:6e:56:ca:6b,,Misc,2026-09-26 07:38:01,,,-90,26.188795115670388,91.70248341315775,7.06671142578125,9.935046195983887,,76,BLE
34:56:23:9c:03:96,,Misc,2026-09-26 07:38:01,,,-102,26.188795115670388,91.70248341315775,7.06671142578125,9.935046195983887,,,BLE
69:c5:c6:06:b7:fe,,Misc,2026-09-26 07:38:01,,,-92,26.188795115670388,91.70248341315775,7.06671142578125,9.935046195983887,,6,BLE
dd:7d:11:42:5a:08,,Misc,2026-09-26 07:38:01,,,-97,26.188795115670388,91.70248341315775,7.06671142578125,9.935046195983887,,76,BLE
3e:ac:62:05:f9:ac,,Misc,2026-09-26 07:38:01,,,-97,26.188795115670388,91.70248341315775,7.06671142578125,9.935046195983887,,,BLE
d7:c2:75:82:4c:9b,,Misc,2026-09-26 07:38:01,,,-88,26.188795115670388,91.70248341315775,7.06671142578125,9.935046195983887,,76,BLE
20:b5:56:1d:6c:ed,,Misc,2026-09-26 07:38:01,,7936,-88,26.188795115670388,91.70248341315775,7.06671142578125,9.935046195983887,,,BLE
e5:3a:54:a5:aa:02,,Misc,2026-09-26 07:38:01,,,-79,26.188795115670388,91.70248341315775,7.06671142578125,9.935046195983887,,76,BLE
41:42:0f:7d:77:e1,,Misc,2026-09-26 07:38:01,,,-94,26.188795115670388,91.70248341315775,7.06671142578125,9.935046195983887,,,BLE
72:24:94:77:ec:07,,Misc,2026-09-26 07:38:01,,,-83,26.188795115670388,91.70248341315775,7.06671142578125,9.935046195983887,,76,BLE
04:da:bc:d9:4f:fa,,Misc,2026-09-26 07:38:01,,,-78,26.188795115670388,91.70248341315775,7.06671142578125,9.935046195983887,,6,BLE
ce:33:86:d3:90:89,,Misc,2026-09-26 07:38:01,,,-83,26.188795115670388,91.70248341315775,7.06671142578125,9.935046195983887,,76,BLE
f5:96:a5:01:d5:38,,Misc,2026-09-26 07:38:01,,,-99,26.188795115670388,91.70248341315775,7.06671142578125,9.935046195983887,,76,BLE
06:3f:18:78:9a:79,,Misc,2026-09-26 07:38:01,,,-81,26.188795115670388,91.70248341315775,7.06671142578125,9.935046195983887,,6,BLE
f7:11:fe:7f:59:a7,,Misc,2026-09-26 07:38:01,,,-88,26.188795115670388,91.70248341315775,7.06671142578125,9.935046195983887,,,BLE
51:f2:4f:27:08:43,LAPTOP-7NV98H1T,Misc,2026-09-26 07:38:02,,7936,-92,26.188796916426664,91.7024982618798,7.700225830078125,9.935046195983887,,,BLE
52:33:00:a0:24:8d,,Uncategorized;10,2026-09-26 07:38:02,,7936,-97,26.188796916426664,91.7024982618798,7.700225830078125,9.935046195983887,,,BLE
4b:23:05:ef:b4:40,,Misc,2026-09-26 07:38:02,,7936,-90,26.188796916426664,91.7024982618798,7.700225830078125,9.935046195983887,,76,BLE
e4:fa:c4:0c:b7:96,Burnt Toast,[WPA2-PSK-CCMP][RSN-PSK-CCMP][ESS][WPS],2026-09-26 07:38:03,2,2417,-77,26.18880651690867,91.70250102999988,7.92071533203125,9.935046195983887,,,WIFI
dc:ea:e7:7b:00:7e,Aryaan Kelvin,[WPA2-PSK-CCMP][RSN-PSK-CCMP][ESS],2026-09-26 07:38:03,13,2472,-61,26.18880651690867,91.70250102999988,7.92071533203125,9.935046195983887,,,WIFI
e4:fa:c4:0c:c5:44,TP-Link_C544,[WPA2-PSK-CCMP][RSN-PSK-CCMP][ESS][WPS],2026-09-26 07:38:03,2,2417,-78,26.18880651690867,91.70250102999988,7.92071533203125,9.935046195983887,,,WIFI
0e:fd:90:c6:a6:c6,OPPO F29 5G h345,[WPA2-PSK-CCMP][RSN-PSK+SAE-CCMP][ESS],2026-09-26 07:38:03,11,2462,-82,26.18880651690867,91.70250102999988,7.92071533203125,9.935046195983887,,,WIFI
bc:22:28:b6:4f:d5,ASS,[WPA2-PSK-CCMP][RSN-PSK-CCMP][ESS],2026-09-26 07:38:03,7,2442,-86,26.18880651690867,91.70250102999988,7.92071533203125,9.935046195983887,,,WIFI
42:50:74:0e:9a:4d,OnePlus Nord CE3 5G,[WPA2-PSK-CCMP][RSN-PSK-CCMP][ESS],2026-09-26 07:38:03,6,2437,-68,26.18880651690867,91.70250102999988,7.92071533203125,9.935046195983887,,,WIFI
9c:a2:f4:a3:f3:c6,Golden Snitch,[WPA2-PSK-CCMP][RSN-PSK-CCMP][ESS][WPS],2026-09-26 07:38:03,153,5765,-81,26.18880651690867,91.70250102999988,7.92071533203125,9.935046195983887,,,WIFI
d8:44:89:1e:b8:72,Bits,[WPA2-PSK-CCMP][RSN-PSK-CCMP][ESS][WPS],2026-09-26 07:38:03,10,2457,-65,26.18880651690867,91.70250102999988,7.92071533203125,9.935046195983887,,,WIFI
24:2f:d0:c1:d8:94,Arnav Anmol,[WPA2-PSK-TKIP+CCMP][RSN-PSK-TKIP+CCMP][ESS][WPS],2026-09-26 07:38:03,4,2427,-70,26.18880651690867,91.70250102999988,7.92071533203125,9.935046195983887,,,WIFI
c4:e9:0a:ce:5e:45,concept,[WPA-PSK-TKIP+CCMP][WPA2-PSK-TKIP+CCMP][RSN-PSK-TKIP+CCMP][ESS][WPS],2026-09-26 07:38:03,3,2422,-77,26.18880651690867,91.70250102999988,7.92071533203125,9.935046195983887,,,WIFI
00:1e:a6:ae:86:94,iBall-Baton,[WPA-PSK-TKIP+CCMP][WPA2-PSK-TKIP+CCMP][RSN-PSK-TKIP+CCMP][ESS][WPS],2026-09-26 07:38:03,9,2452,-84,26.18880651690867,91.70250102999988,7.92071533203125,9.935046195983887,,,WIFI
a8:59:5f:70:b4:a3,sabun,[WPA2-PSK-CCMP][RSN-PSK+PSK-SHA256+SAE-CCMP][ESS][WPS],2026-09-26 07:38:03,6,2437,-65,26.18880651690867,91.70250102999988,7.92071533203125,9.935046195983887,,,WIFI
45:56:21:34:2c:1f,,Uncategorized;10,2026-09-26 07:38:04,,7936,-93,26.18881207561473,91.70250999066062,8.210693359375,9.935046195983887,,76,BLE
76:45:81:bb:fe:d3,,Uncategorized;10,2026-09-26 07:38:04,,7936,-84,26.18881207561473,91.70250999066062,8.210693359375,9.935046195983887,,,BLE
11:5a:f5:21:18:0f,,Misc,2026-09-26 07:38:06,,,-90,26.188829040161217,91.70252496016948,8.313232421875,9.935046195983887,,6,BLE
c4:c1:e5:e2:05:dc,,Misc,2026-09-26 07:38:06,,,-96,26.188829040161217,91.70252496016948,8.313232421875,9.935046195983887,,76,BLE
d2:af:b2:7c:4f:7b,,Misc,2026-09-26 07:38:06,,,-94,26.188829040161217,91.70252496016948,8.313232421875,9.935046195983887,,76,BLE
17:f1:43:a1:68:09,,Misc,2026-09-26 07:38:06,,,-94,26.188829040161217,91.70252496016948,8.313232421875,9.935046195983887,,6,BLE
fb:0c:a6:84:aa:75,,Misc,2026-09-26 07:38:06,,,-83,26.188829040161217,91.70252496016948,8.313232421875,9.935046195983887,,76,BLE
08:de:5c:fe:ca:5c,,Misc,2026-09-26 07:38:06,,,-100,26.188829040161217,91.70252496016948,8.313232421875,9.935046195983887,,6,BLE
f2:dc:87:e7:a8:c9,,Misc,2026-09-26 07:38:06,,,-91,26.188829040161217,91.70252496016948,8.313232421875,9.935046195983887,,76,BLE
58:8e:f3:4c:7b:2a,,Misc,2026-09-26 07:38:06,,,-100,26.188829040161217,91.70252496016948,8.313232421875,9.935046195983887,,,BLE
d8:a4:b9:35:30:77,,Misc,2026-09-26 07:38:06,,,-93,26.188829040161217,91.70252496016948,8.313232421875,9.935046195983887,,76,BLE
3c:6a:d2:4f:1a:86,TP_1A86,[WPA2-PSK-CCMP][RSN-PSK-CCMP][ESS][WPS],2026-09-26 07:38:15,2,2417,-68,26.188884089469603,91.70260026293829,9.581207275390625,9.935046195983887,,,WIFI
46:d7:bf:a5:bd:54,Shridhar's iQOO,[WPA2-PSK-CCMP][RSN-PSK+SAE-CCMP][ESS],2026-09-26 07:38:15,6,2437,-82,26.188884089469603,91.70260026293829,9.581207275390625,9.935046195983887,,,WIFI
40:86:cb:2a:db:fc,mBappu,[WPA2-PSK-CCMP][RSN-PSK-CCMP][ESS],2026-09-26 07:38:15,13,2472,-68,26.188884089469603,91.70260026293829,9.581207275390625,9.935046195983887,,,WIFI
50:91:e3:c8:b1:b4,AC_SS,[WPA2-PSK-CCMP][RSN-PSK-CCMP][ESS][WPS],2026-09-26 07:38:15,2,2417,-66,26.188884089469603,91.70260026293829,9.581207275390625,9.935046195983887,,,WIFI
de:6f:c6:a7:bb:52,,Misc,2026-09-26 07:38:16,,,-102,26.18889150304081,91.70261070538638,9.648681640625,9.935046195983887,,,BLE
ec:c5:9f:c0:b5:be,,Misc,2026-09-26 07:38:16,,,-93,26.18889150304081,91.70261070538638,9.648681640625,9.935046195983887,,76,BLE
7e:1f:f1:a7:87:62,,Misc,2026-09-26 07:38:16,,7936,-104,26.18889150304081,91.70261070538638,9.648681640625,9.935046195983887,,76,BLE
14:6c:da:b1:2b:67,,Misc,2026-09-26 07:38:16,,,-86,26.18889150304081,91.70261070538638,9.648681640625,9.935046195983887,,6,BLE
e4:0c:fd:ac:bb:56,OPPO A74 5G,Smartphone;10,2026-09-26 07:38:16,,524,-62,26.18889150304081,91.70261070538638,9.648681640625,9.935046195983887,,,BT
65:32:99:e9:82:3f,Bedroom speaker,Uncategorized;10,2026-09-26 07:38:18,,7936,-95,26.188903453389198,91.70262959389186,5.2178955078125,9.935046195983887,,,BLE
72:80:09:74:e9:3f,,Misc,2026-09-26 07:38:18,,7936,-70,26.188903453389198,91.70262959389186,5.2178955078125,9.935046195983887,,1946,BLE
b8:2b:41:2a:3e:3a,512ANC_BLE,Misc,2026-09-26 07:38:18,,7936,-75,26.188903453389198,91.70262959389186,5.2178955078125,9.935046195983887,,1494,BLE
55:4f:b9:e8:16:cd,,Uncategorized;10,2026-09-26 07:38:19,,7936,-92,26.188907970390364,91.70263952861407,4.938446044921875,9.935046195983887,,,BLE
4b:23:05:ef:b4:40,,Misc,2026-09-26 07:38:20,,7936,-65,26.18891147118892,91.70264941758062,5.884307861328125,9.935046195983887,,76,BLE
45:56:21:34:2c:1f,,Uncategorized;10,2026-09-26 07:38:21,,7936,-85,26.18891359864463,91.70265955910911,5.61505126953125,9.935046195983887,,76,BLE
76:6c:bc:9e:c2:f3,Prime80,Uncategorized,2026-09-26 07:38:21,,,-53,26.18891359864463,91.70265955910911,5.61505126953125,9.935046195983887,,38672,BLE
5c:0d:03:82:47:d0,,Misc,2026-09-26 07:38:21,,7936,-107,26.18891359864463,91.70265955910911,5.61505126953125,9.935046195983887,,76,BLE
f7:11:fe:7f:59:a7,,Misc,2026-09-26 07:38:21,,,-77,26.18891359864463,91.70265955910911,5.61505126953125,9.935046195983887,,,BLE
1a:62:a9:8f:21:87,,Misc,2026-09-26 07:38:21,,,-105,26.18891359864463,91.70265955910911,5.61505126953125,9.935046195983887,,,BLE
5a:46:44:7f:3f:b4,OnePlus Nord Buds 3 Pro,Misc,2026-09-26 07:38:21,,7936,-85,26.18891359864463,91.70265955910911,5.61505126953125,9.935046195983887,,,BLE
48:71:05:d6:75:e3,Echo Dot-6WP,Uncategorized;10,2026-09-26 07:38:22,,7936,-101,26.188915409863473,91.70266951802486,5.01007080078125,9.935046195983887,,,BLE
58:5a:48:bd:8d:a4,,Uncategorized;10,2026-09-26 07:38:22,,7936,-104,26.188915409863473,91.70266951802486,5.01007080078125,9.935046195983887,,,BLE
78:13:63:fc:0f:48,,Misc,2026-09-26 07:38:26,,7936,-100,26.188930292774547,91.70270373438643,4.15728759765625,9.935046195983887,,76,BLE
b8:2b:41:2a:3e:3a,512ANC_BLE,Misc,2026-09-26 07:38:26,,7936,-67,26.188930292774547,91.70270373438643,4.15728759765625,9.935046195983887,,1494,BLE
5a:46:44:7f:3f:b4,OnePlus Nord Buds 3 Pro,Misc,2026-09-26 07:38:26,,7936,-79,26.188930292774547,91.70270373438643,4.15728759765625,9.935046195983887,,,BLE
58:5a:48:bd:8d:a4,,Uncategorized;10,2026-09-26 07:38:26,,7936,-103,26.188930292774547,91.70270373438643,4.15728759765625,9.935046195983887,,76,BLE
1d:94:ea:c8:33:df,,Misc,2026-09-26 07:38:26,,,-104,26.188930292774547,91.70270373438643,4.15728759765625,9.935046195983887,,6,BLE
cb:4e:fd:00:5b:a5,"Mivi DuoPods K6 ",Misc,2026-09-26 07:38:26,,7936,-104,26.188930292774547,91.70270373438643,4.15728759765625,9.935046195983887,,1760,BLE
6a:4f:83:51:68:ed,,Misc,2026-09-26 07:38:26,,,-106,26.188930292774547,91.70270373438643,4.15728759765625,9.935046195983887,,76,BLE
55:4b:3f:b2:d8:52,,Misc,2026-09-26 07:38:26,,,-72,26.188930292774547,91.70270373438643,4.15728759765625,9.935046195983887,,76,BLE
fa:17:31:61:bb:50,,Misc,2026-09-26 07:38:26,,,-68,26.188930292774547,91.70270373438643,4.15728759765625,9.935046195983887,,,BLE
3a:a9:2d:d6:bb:f5,,Misc,2026-09-26 07:38:26,,7936,-98,26.188930292774547,91.70270373438643,4.15728759765625,9.935046195983887,,,BLE
62:42:f6:fb:d4:16,,Misc,2026-09-26 07:38:26,,,-105,26.188930292774547,91.70270373438643,4.15728759765625,9.935046195983887,,76,BLE
1e:45:fe:95:de:ad,,Misc,2026-09-26 07:38:26,,,-86,26.188930292774547,91.70270373438643,4.15728759765625,9.935046195983887,,6,BLE
69:99:73:01:e3:00,,Misc,2026-09-26 07:38:27,,7936,-89,26.1889359892857,91.7027133920187,4.13189697265625,9.935046195983887,,76,BLE
0f:61:44:df:41:62,,Uncategorized;10,2026-09-26 07:38:27,,7936,-93,26.1889359892857,91.7027133920187,4.13189697265625,9.935046195983887,,,BLE
3a:a9:2d:d6:bb:f5,,Misc,2026-09-26 07:38:27,,7936,-84,26.1889359892857,91.7027133920187,4.13189697265625,9.935046195983887,,,BLE
4f:9a:b6:e4:ae:1d,,Uncategorized;10,2026-09-26 07:38:27,,7936,-99,26.1889359892857,91.7027133920187,4.13189697265625,9.935046195983887,,,BLE
7a:f9:e7:74:a8:66,"OnePlus Nord CE5 ",[WPA2-PSK-CCMP][RSN-PSK+SAE-CCMP][ESS],2026-09-26 07:38:29,1,2412,-68,26.188947535683386,91.70273231888952,2.917999267578125,9.935046195983887,,,WIFI
88:76:b9:f4:72:91,LaCasaDeWifi,[WPA2-PSK-CCMP][RSN-PSK-CCMP][ESS],2026-09-26 07:38:29,1,2412,-76,26.188947535683386,91.70273231888952,2.917999267578125,9.935046195983887,,,WIFI
8c:90:2d:ca:5c:b2,TP-Link_5CB2,[WPA2-PSK-CCMP][RSN-PSK-CCMP][ESS][WPS],2026-09-26 07:38:29,9,2452,-62,26.188947535683386,91.70273231888952,2.917999267578125,9.935046195983887,,,WIFI
68:ff:7b:a7:9e:46,hbaishya7@,[WPA2-PSK-CCMP][RSN-PSK-CCMP][ESS][WPS],2026-09-26 07:38:29,1,2412,-76,26.188947535683386,91.70273231888952,2.917999267578125,9.935046195983887,,,WIFI
8c:90:2d:ca:5e:40,IPhone 13,[WPA2-PSK-CCMP][RSN-PSK-CCMP][ESS][WPS],2026-09-26 07:38:29,2,2417,-74,26.188947535683386,91.70273231888952,2.917999267578125,9.935046195983887,,,WIFI
8c:90:2d:ca:46:40,Rock that Body,[WPA2-PSK-CCMP][RSN-PSK-CCMP][ESS][WPS],2026-09-26 07:38:29,10,2457,-54,26.188947535683386,91.70273231888952,2.917999267578125,9.935046195983887,,,WIFI
a7:16:a9:b5:df:8f,Tribit StormBox Mini+,Misc,2026-09-26 07:38:31,,7936,-94,26.18895975347845,91.70275017530626,1.855712890625,9.935046195983887,,,BLE
4f:9a:b6:e4:ae:1d,,Uncategorized;10,2026-09-26 07:38:31,,7936,-99,26.18895975347845,91.70275017530626,1.855712890625,9.935046195983887,,76,BLE
1f:db:4e:e4:56:37,,Misc,2026-09-26 07:38:31,,,-102,26.18895975347845,91.70275017530626,1.855712890625,9.935046195983887,,6,BLE
43:f5:45:e2:25:da,,Misc,2026-09-26 07:38:31,,,-103,26.18895975347845,91.70275017530626,1.855712890625,9.935046195983887,,76,BLE
d7:c2:75:82:4c:9b,,Misc,2026-09-26 07:38:31,,,-82,26.18895975347845,91.70275017530626,1.855712890625,9.935046195983887,,76,BLE
5c:0d:03:82:47:d0,,Misc,2026-09-26 07:38:31,,7936,-98,26.18895975347845,91.70275017530626,1.855712890625,9.935046195983887,,76,BLE
48:71:05:d6:75:e3,Echo Dot-6WP,Uncategorized;10,2026-09-26 07:38:31,,7936,-96,26.18895975347845,91.70275017530626,1.855712890625,9.935046195983887,,,BLE
d8:1c:a7:8c:63:a5,,Misc,2026-09-26 07:38:31,,,-94,26.18895975347845,91.70275017530626,1.855712890625,9.935046195983887,,76,BLE
3b:c1:f1:d4:f3:54,,Misc,2026-09-26 07:38:31,,,-95,26.18895975347845,91.70275017530626,1.855712890625,9.935046195983887,,,BLE
49:71:2a:5d:0d:e0,,Misc,2026-09-26 07:38:31,,,-103,26.18895975347845,91.70275017530626,1.855712890625,9.935046195983887,,76,BLE
4c:1b:f0:f1:ad:33,,Uncategorized;10,2026-09-26 07:38:33,,7936,-93,26.18896883177864,91.70276843062256,2.54010009765625,9.935046195983887,,76,BLE
46:d7:bf:a5:bd:54,Shridhar's iQOO,[WPA2-PSK-CCMP][RSN-PSK+SAE-CCMP][ESS],2026-09-26 07:38:34,6,2437,-70,26.188974182078447,91.70277895641351,3.07391357421875,9.935046195983887,,,WIFI
8c:90:2d:ca:5c:b2,TP-Link_5CB2,[WPA2-PSK-CCMP][RSN-PSK-CCMP][ESS][WPS],2026-09-26 07:38:34,9,2452,-46,26.188974182078447,91.70277895641351,3.07391357421875,9.935046195983887,,,WIFI
40:86:cb:2a:dd:20,Anonymous,[WPA2-PSK-CCMP][RSN-PSK-CCMP][ESS],2026-09-26 07:38:34,13,2472,-72,26.188974182078447,91.70277895641351,3.07391357421875,9.935046195983887,,,WIFI
5c:02:14:c6:c8:0f,Xiaomi_C80E,[WPA-PSK-TKIP+CCMP][WPA2-PSK-TKIP+CCMP][RSN-PSK-TKIP+CCMP][ESS][WPS],2026-09-26 07:38:34,1,2412,-81,26.188974182078447,91.70277895641351,3.07391357421875,9.935046195983887,,,WIFI
bc:22:28:41:5b:58,dlink-5B58,[WPA-PSK-TKIP+CCMP][WPA2-PSK-TKIP+CCMP][RSN-PSK-TKIP+CCMP][ESS][WPS],2026-09-26 07:38:34,9,2452,-62,26.188974182078447,91.70277895641351,3.07391357421875,9.935046195983887,,,WIFI
9c:a2:f4:a3:f3:c4,Diagon Alley Network,[WPA2-PSK-CCMP][RSN-PSK-CCMP][ESS][WPS],2026-09-26 07:38:34,4,2427,-76,26.188974182078447,91.70277895641351,3.07391357421875,9.935046195983887,,,WIFI
64:29:43:9a:0d:aa,R03-0DA9,[WPA2-PSK-CCMP][RSN-PSK-CCMP][ESS],2026-09-26 07:38:34,11,2462,-84,26.188974182078447,91.70277895641351,3.07391357421875,9.935046195983887,,,WIFI
54:af:97:8d:86:9c,16*2=8,[WPA2-PSK-CCMP][RSN-PSK-CCMP][ESS][WPS],2026-09-26 07:38:34,3,2422,-82,26.188974182078447,91.70277895641351,3.07391357421875,9.935046195983887,,,WIFI
4f:9a:b6:e4:ae:1d,,Uncategorized;10,2026-09-26 07:38:35,,7936,-85,26.188979066047377,91.70278759302337,3.69671630859375,9.935046195983887,,76,BLE
45:dc:05:36:46:71,,Uncategorized;10,2026-09-26 07:38:35,,7936,-104,26.188979066047377,91.70278759302337,3.69671630859375,9.935046195983887,,,BLE
405751_53815_205213954,Assam,LTE;405751,2026-09-26 07:38:36,1351,1351,-81,26.188984981305147,91.70279866551542,3.508697509765625,9.935046195983887,,,LTE
e3:1d:49:a9:c1:ae,,Misc,2026-09-26 07:38:36,,,-99,26.188984981305147,91.70279866551542,3.508697509765625,9.935046195983887,,76,BLE
d7:fc:b4:4b:34:a7,,Misc,2026-09-26 07:38:36,,,-100,26.188984981305147,91.70279866551542,3.508697509765625,9.935046195983887,,76,BLE
c2:e0:be:94:50:e8,,Misc,2026-09-26 07:38:36,,,-100,26.188984981305147,91.70279866551542,3.508697509765625,9.935046195983887,,76,BLE
5f:76:f7:86:e0:85,,Misc,2026-09-26 07:38:36,,,-128,26.188984981305147,91.70279866551542,3.508697509765625,9.935046195983887,,76,BLE
49:71:2a:5d:0d:e0,,Misc,2026-09-26 07:38:36,,,-94,26.188984981305147,91.70279866551542,3.508697509765625,9.935046195983887,,76,BLE
45:dc:05:36:46:71,,Uncategorized;10,2026-09-26 07:38:36,,7936,-101,26.188984981305147,91.70279866551542,3.508697509765625,9.935046195983887,,76,BLE
5c:0d:03:82:47:d0,,Misc,2026-09-26 07:38:36,,7936,-90,26.188984981305147,91.70279866551542,3.508697509765625,9.935046195983887,,76,BLE
48:50:70:c7:8b:75,,Misc,2026-09-26 07:38:36,,,-128,26.188984981305147,91.70279866551542,3.508697509765625,9.935046195983887,,76,BLE
63:06:73:25:54:e7,,Misc,2026-09-26 07:38:37,,7936,-77,26.188993059862984,91.70280561854621,4.07122802734375,9.935046195983887,,76,BLE
40:30:01:67:d5:82,Echo Dot-AQ3,Uncategorized;10,2026-09-26 07:38:37,,7936,-91,26.188993059862984,91.70280561854621,4.07122802734375,9.935046195983887,,,BLE
78:13:63:fc:0f:48,,Misc,2026-09-26 07:38:38,,7936,-89,26.189000824342727,91.7028031085821,3.208984375,9.935046195983887,,76,BLE
a8:42:a1:88:1a:aa,TP-Link_1AAA,[WPA2-PSK-CCMP][RSN-PSK-CCMP][ESS][WPS],2026-09-26 07:38:40,4,2427,-67,26.189008737473543,91.7027970305828,2.273345947265625,9.935046195983887,,,WIFI
90:8d:78:10:30:65,D-Link_DIR-600M,[ESS],2026-09-26 07:38:40,2,2417,-78,26.189008737473543,91.7027970305828,2.273345947265625,9.935046195983887,,,WIFI
dc:ea:e7:b2:0f:1f,Kirito,[WPA2-PSK-CCMP][RSN-PSK-CCMP][ESS],2026-09-26 07:38:40,1,2412,-84,26.189008737473543,91.7027970305828,2.273345947265625,9.935046195983887,,,WIFI
98:25:4a:d9:17:fe,TP-Link_17FE,[WPA2-PSK-CCMP][RSN-PSK-CCMP][ESS][WPS],2026-09-26 07:38:40,4,2427,-77,26.189008737473543,91.7027970305828,2.273345947265625,9.935046195983887,,,WIFI
4c:1b:f0:f1:ad:33,,Uncategorized;10,2026-09-26 07:38:41,,7936,-84,26.189010508745223,91.70279168265213,1.81793212890625,9.935046195983887,,76,BLE
43:f5:45:e2:25:da,,Misc,2026-09-26 07:38:41,,,-97,26.189010508745223,91.70279168265213,1.81793212890625,9.935046195983887,,76,BLE
18:5c:d9:ce:ed:e0,,Misc,2026-09-26 07:38:41,,7936,-104,26.189010508745223,91.70279168265213,1.81793212890625,9.935046195983887,,,BLE
24:2f:f4:aa:25:6f,,Misc,2026-09-26 07:38:41,,,-128,26.189010508745223,91.70279168265213,1.81793212890625,9.935046195983887,,,BLE
f2:8a:fb:6b:9d:91,,Misc,2026-09-26 07:38:41,,,-98,26.189010508745223,91.70279168265213,1.81793212890625,9.935046195983887,,76,BLE
45:dc:05:36:46:71,,Uncategorized;10,2026-09-26 07:38:41,,7936,-88,26.189010508745223,91.70279168265213,1.81793212890625,9.935046195983887,,76,BLE
de:4c:0f:28:f6:05,,Misc,2026-09-26 07:38:41,,,-99,26.189010508745223,91.70279168265213,1.81793212890625,9.935046195983887,,76,BLE
dc:ea:e7:34:d1:72,Ayan,[WPA2-PSK-CCMP][RSN-PSK-CCMP][ESS],2026-09-26 07:38:46,13,2472,-73,26.18901271000521,91.70273877009775,1.979949951171875,9.935046195983887,,,WIFI
9c:9d:7e:81:3a:1e,Amey,[WPA-PSK-TKIP+CCMP][WPA2-PSK-TKIP+CCMP][RSN-PSK-TKIP+CCMP][ESS][WPS],2026-09-26 07:38:46,8,2447,-75,26.18901271000521,91.70273877009775,1.979949951171875,9.935046195983887,,,WIFI
bc:22:28:41:5b:78,Umiam_hostel,[WPA-PSK-TKIP+CCMP][WPA2-PSK-TKIP+CCMP][RSN-PSK-TKIP+CCMP][ESS][WPS],2026-09-26 07:38:46,7,2442,-80,26.18901271000521,91.70273877009775,1.979949951171875,9.935046195983887,,,WIFI
ec:75:0c:e4:3e:2a,bolzano,[WPA2-PSK-CCMP][RSN-PSK-CCMP][ESS][WPS],2026-09-26 07:38:46,3,2422,-66,26.18901271000521,91.70273877009775,1.979949951171875,9.935046195983887,,,WIFI
8c:0d:d9:18:b6:e1,,Misc,2026-09-26 07:38:46,,,-89,26.18901271000521,91.70273877009775,1.979949951171875,9.935046195983887,,,BLE
51:1e:c0:05:d8:21,,Uncategorized;10,2026-09-26 07:38:46,,7936,-91,26.18901271000521,91.70273877009775,1.979949951171875,9.935046195983887,,,BLE
67:63:df:0b:62:42,,Uncategorized;10,2026-09-26 07:38:46,,7936,-90,26.18901271000521,91.70273877009775,1.979949951171875,9.935046195983887,,76,BLE
0d:1c:6d:ff:16:e2,,Misc,2026-09-26 07:38:51,,,-63,26.189000380092583,91.70268310283691,-0.969146728515625,9.935046195983887,,6,BLE
fa:8f:ca:95:ed:3c,"Bedroom speaker.ynm,",[ESS],2026-09-26 07:38:53,9,2452,-71,26.18899650058134,91.70266399993423,-1.02294921875,9.935046195983887,,,WIFI
65:32:99:e9:82:3f,Bedroom speaker,Uncategorized;10,2026-09-26 07:38:54,,7936,-90,26.18899450211667,91.70265511402413,-1.653656005859375,9.935046195983887,,,BLE
51:1e:c0:05:d8:21,,Uncategorized;10,2026-09-26 07:38:55,,7936,-86,26.188991496926924,91.70264436257389,-1.65826416015625,9.935046195983887,,,BLE
5b:f3:27:b7:e5:32,,Misc,2026-09-26 07:38:56,,,-100,26.188987838714198,91.70263137241001,-1.219482421875,9.935046195983887,,,BLE
08:f2:3f:61:63:4b,,Misc,2026-09-26 07:38:56,,,-102,26.188987838714198,91.70263137241001,-1.219482421875,9.935046195983887,,,BLE
d8:44:89:f5:7b:4e,Shubh 244,[WPA2-PSK-CCMP][RSN-PSK-CCMP][ESS][WPS],2026-09-26 07:38:57,4,2427,-84,26.188987217935697,91.70262664496481,-1.36981201171875,9.935046195983887,,,WIFI
60:a4:b7:a9:11:f4,Anu_Baby_5G,[WPA2-PSK-CCMP][RSN-PSK-CCMP][ESS][WPS],2026-09-26 07:38:57,149,5745,-81,26.188987217935697,91.70262664496481,-1.36981201171875,9.935046195983887,,,WIFI
54:af:97:8d:86:9c,16*2=8,[WPA2-PSK-CCMP][RSN-PSK-CCMP][ESS][WPS],2026-09-26 07:38:57,3,2422,-67,26.188987217935697,91.70262664496481,-1.36981201171875,9.935046195983887,,,WIFI
fa:8f:ca:95:ed:3c,"Bedroom speaker.ynm,",[ESS],2026-09-26 07:38:57,9,2452,-66,26.188987217935697,91.70262664496481,-1.36981201171875,9.935046195983887,,,WIFI
33:48:61:5d:42:a5,,Misc,2026-09-26 07:39:01,,,-87,26.188971988238336,91.7025886574895,-1.386993408203125,9.935046195983887,,,BLE
41:42:f0:7d:77:e1,,Videoconf;10,2026-09-26 07:39:03,,1088,-91,26.18897947355572,91.70257494289575,-2.3480224609375,9.935046195983887,,,BT
5c:2d:e7:3b:82:18,,Misc,2026-09-26 07:39:03,,7936,-89,26.18897947355572,91.70257494289575,-2.3480224609375,9.935046195983887,,76,BLE
65:53:73:1f:23:0f,,Uncategorized;10,2026-09-26 07:39:05,,7936,-85,26.18899206148876,91.70256464744939,-3.99993896484375,9.935046195983887,,,BLE
46:f5:57:ad:f9:9f,LENOVO_LOQ_YK,Misc,2026-09-26 07:39:05,,7936,-86,26.18899206148876,91.70256464744939,-3.99993896484375,9.935046195983887,,,BLE
da:ae:7d:e7:b8:b3,,Misc,2026-09-26 07:39:06,,,-100,26.189000783802687,91.7025598933033,-2.650146484375,9.935046195983887,,76,BLE
1d:ea:65:d9:5d:b7,,Misc,2026-09-26 07:39:06,,,-94,26.189000783802687,91.7025598933033,-2.650146484375,9.935046195983887,,6,BLE
00:0a:45:44:6b:4b,"LE_ATH-M50xBT2 ",Uncategorized;10,2026-09-26 07:39:06,,7936,-85,26.189000783802687,91.7025598933033,-2.650146484375,9.935046195983887,,1560,BLE
0f:6c:54:8f:80:2e,,Misc,2026-09-26 07:39:06,,,-100,26.189000783802687,91.7025598933033,-2.650146484375,9.935046195983887,,,BLE
32:01:b1:9c:2f:f2,,Misc,2026-09-26 07:39:06,,7936,-96,26.189000783802687,91.7025598933033,-2.650146484375,9.935046195983887,,,BLE
f2:dc:87:e7:a8:c9,,Misc,2026-09-26 07:39:06,,,-80,26.189000783802687,91.7025598933033,-2.650146484375,9.935046195983887,,76,BLE
09:6e:2a:40:83:0d,,Misc,2026-09-26 07:39:06,,,-99,26.189000783802687,91.7025598933033,-2.650146484375,9.935046195983887,,6,BLE
37:51:c4:da:d1:2c,,Misc,2026-09-26 07:39:06,,,-106,26.189000783802687,91.7025598933033,-2.650146484375,9.935046195983887,,6,BLE
48:c8:dc:3b:86:14,Jabra Evolve2 65,Uncategorized;10,2026-09-26 07:39:10,,7936,-89,26.189030246552683,91.70255131815293,-0.374114990234375,9.935046195983887,,,BLE
ae:e2:91:ca:d4:10,DIRECT-SVLAPTOP-NIUS1427msCx,[WPA2-PSK-CCMP][RSN-PSK-CCMP][ESS][WPS],2026-09-26 07:39:11,10,2457,-65,26.189041783796608,91.70254856579949,1.18426513671875,9.935046195983887,,,WIFI
bc:22:28:b6:4f:d5,ASS,[WPA2-PSK-CCMP][RSN-PSK-CCMP][ESS],2026-09-26 07:39:11,7,2442,-79,26.189041783796608,91.70254856579949,1.18426513671875,9.935046195983887,,,WIFI
ec:75:0c:b7:06:00,TP-Link_0600,[WPA2-PSK-CCMP][RSN-PSK-CCMP][ESS][WPS],2026-09-26 07:39:11,10,2457,-76,26.189041783796608,91.70254856579949,1.18426513671875,9.935046195983887,,,WIFI
65:53:73:1f:23:0f,,Uncategorized;10,2026-09-26 07:39:11,,7936,-78,26.189041783796608,91.70254856579949,1.18426513671875,9.935046195983887,,,BLE
13:8c:72:34:fa:7a,,Misc,2026-09-26 07:39:11,,,-86,26.189041783796608,91.70254856579949,1.18426513671875,9.935046195983887,,6,BLE
37:51:c4:da:d1:2c,,Misc,2026-09-26 07:39:11,,,-101,26.189041783796608,91.70254856579949,1.18426513671875,9.935046195983887,,6,BLE
04:7b:90:13:8d:6c,,Uncategorized;10,2026-09-26 07:39:12,,7936,-84,26.18904569759111,91.70254840651221,2.419830322265625,9.935046195983887,,,BLE
04:c5:52:7b:19:a8,,Misc,2026-09-26 07:39:12,,7936,-85,26.18904569759111,91.70254840651221,2.419830322265625,9.935046195983887,,,BLE
18:5c:d9:ce:ed:e0,,Misc,2026-09-26 07:39:12,,7936,-88,26.18904569759111,91.70254840651221,2.419830322265625,9.935046195983887,,,BLE
32:01:b1:9c:2f:f2,,Misc,2026-09-26 07:39:12,,7936,-91,26.18904569759111,91.70254840651221,2.419830322265625,9.935046195983887,,,BLE
6e:be:63:59:eb:0c,,Misc,2026-09-26 07:39:16,,7936,-90,26.189085804742437,91.70254220395394,4.049530029296875,9.935046195983887,,76,BLE
3e:ac:62:05:f9:ac,,Misc,2026-09-26 07:39:16,,,-92,26.189085804742437,91.70254220395394,4.049530029296875,9.935046195983887,,,BLE
74:6e:9b:4b:8d:e7,,Misc,2026-09-26 07:39:16,,7936,-101,26.189085804742437,91.70254220395394,4.049530029296875,9.935046195983887,,76,BLE
18:52:04:85:cd:c1,,Misc,2026-09-26 07:39:16,,,-104,26.189085804742437,91.70254220395394,4.049530029296875,9.935046195983887,,,BLE
c2:9c:82:c6:f6:88,LDISCOVERY_F688,Uncategorized;10,2026-09-26 07:39:19,,7936,-98,26.18911281302024,91.70253539018863,5.782501220703125,9.95746898651123,,,BLE
cf:e8:6e:56:ca:6b,,Misc,2026-09-26 07:39:21,,,-82,26.1891240778318,91.70253242683829,5.692626953125,10.08594799041748,,76,BLE
c2:9c:82:c6:f6:88,LDISCOVERY_F688,Uncategorized;10,2026-09-26 07:39:21,,7936,-98,26.1891240778318,91.70253242683829,5.692626953125,10.08594799041748,,1494,BLE
e5:16:e2:e6:2a:50,,Misc,2026-09-26 07:39:21,,,-103,26.1891240778318,91.70253242683829,5.692626953125,10.08594799041748,,76,BLE
1e:45:fe:95:de:ad,,Misc,2026-09-26 07:39:21,,,-74,26.1891240778318,91.70253242683829,5.692626953125,10.08594799041748,,6,BLE
32:01:b1:9c:2f:f2,,Misc,2026-09-26 07:39:21,,7936,-84,26.1891240778318,91.70253242683829,5.692626953125,10.08594799041748,,,BLE
72:f5:b7:c7:98:fd,CHAITANYA-LOQ,Misc,2026-09-26 07:39:21,,7936,-99,26.1891240778318,91.70253242683829,5.692626953125,10.08594799041748,,,BLE
a8:42:a1:68:9b:a0,"Bikram ",[WPA2-PSK-CCMP][RSN-PSK-CCMP][ESS][WPS],2026-09-26 07:39:22,149,5745,-88,26.18913197945772,91.70252987470089,5.45147705078125,10.158432006835938,,,WIFI
46:d7:bf:a5:bd:54,Shridhar's iQOO,[WPA2-PSK-CCMP][RSN-PSK+SAE-CCMP][ESS],2026-09-26 07:39:22,6,2437,-56,26.18913197945772,91.70252987470089,5.45147705078125,10.158432006835938,,,WIFI
c4:e9:0a:ce:5e:46,mushkil_concept,[WPA-PSK-TKIP+CCMP][WPA2-PSK-TKIP+CCMP][RSN-PSK-TKIP+CCMP][ESS][WPS],2026-09-26 07:39:22,36,5180,-77,26.18913197945772,91.70252987470089,5.45147705078125,10.158432006835938,,,WIFI
7a:14:5e:19:86:fb,Lappi,[WPA2-PSK-CCMP][RSN-PSK+SAE-CCMP][ESS],2026-09-26 07:39:22,11,2462,-67,26.18913197945772,91.70252987470089,5.45147705078125,10.158432006835938,,,WIFI
bc:22:28:b6:4f:d5,ASS,[WPA2-PSK-CCMP][RSN-PSK-CCMP][ESS],2026-09-26 07:39:22,7,2442,-72,26.18913197945772,91.70252987470089,5.45147705078125,10.158432006835938,,,WIFI
dc:ea:e7:7a:2b:76,Thousand Sunny,[WPA2-PSK-CCMP][RSN-PSK-CCMP][ESS],2026-09-26 07:39:22,1,2412,-79,26.18913197945772,91.70252987470089,5.45147705078125,10.158432006835938,,,WIFI
e4:fa:c4:0c:c5:32,A23,[WPA2-PSK-CCMP][RSN-PSK-CCMP][ESS][WPS],2026-09-26 07:39:22,4,2427,-67,26.18913197945772,91.70252987470089,5.45147705078125,10.158432006835938,,,WIFI
44:51:41:f5:f8:42,,Misc,2026-09-26 07:39:26,,,-98,26.189162401283383,91.70252320158495,6.15350341796875,9.979935646057129,,,BLE
d9:0d:2d:d5:8f:cc,,Misc,2026-09-26 07:39:26,,,-105,26.189162401283383,91.70252320158495,6.15350341796875,9.979935646057129,,76,BLE
c2:9c:82:c6:f6:88,LDISCOVERY_F688,Uncategorized;10,2026-09-26 07:39:29,,7936,-92,26.1891829703109,91.70254127197259,6.026275634765625,9.935046195983887,,1494,BLE
59:51:62:5e:c6:9a,,Uncategorized;10,2026-09-26 07:39:29,,7936,-102,26.1891829703109,91.70254127197259,6.026275634765625,9.935046195983887,,,BLE
4e:dc:e8:37:07:65,,Uncategorized;10,2026-09-26 07:39:29,,7936,-97,26.1891829703109,91.70254127197259,6.026275634765625,9.935046195983887,,,BLE
ee:75:0c:ac:23:33,,[WPA2-PSK-CCMP][RSN-PSK-CCMP][ESS],2026-09-26 07:39:30,4,2427,-85,26.189183199811655,91.70254742266052,4.9189453125,9.935046195983887,,,WIFI
ee:75:0c:ac:23:35,,[WPA2-PSK-CCMP][RSN-PSK-CCMP][ESS],2026-09-26 07:39:30,153,5765,-82,26.189183199811655,91.70254742266052,4.9189453125,9.935046195983887,,,WIFI
14:eb:b6:50:50:58,Harsh,[WPA2-PSK-CCMP][RSN-PSK-CCMP][ESS][WPS],2026-09-26 07:39:30,9,2452,-83,26.189183199811655,91.70254742266052,4.9189453125,9.935046195983887,,,WIFI
1c:3b:f3:ae:e3:39,Sid_Wifi_5G,[WPA2-PSK-TKIP+CCMP][RSN-PSK-TKIP+CCMP][ESS][WPS],2026-09-26 07:39:30,36,5180,-84,26.189183199811655,91.70254742266052,4.9189453125,9.935046195983887,,,WIFI
8c:90:2d:ca:5e:40,IPhone 13,[WPA2-PSK-CCMP][RSN-PSK-CCMP][ESS][WPS],2026-09-26 07:39:30,2,2417,-68,26.189183199811655,91.70254742266052,4.9189453125,9.935046195983887,,,WIFI
ec:75:0c:bc:23:35,SyntaxError,[WPA2-PSK-CCMP][RSN-PSK-CCMP][ESS][WPS],2026-09-26 07:39:30,153,5765,-84,26.189183199811655,91.70254742266052,4.9189453125,9.935046195983887,,,WIFI
d4:b8:b2:2b:f6:4d,,Misc,2026-09-26 07:39:31,,,-99,26.18918550254118,91.70255906454315,4.19769287109375,9.935046195983887,,76,BLE
44:51:41:f5:f8:42,,Misc,2026-09-26 07:39:31,,,-89,26.18918550254118,91.70255906454315,4.19769287109375,9.935046195983887,,,BLE
4d:b9:73:07:ec:0c,,Misc,2026-09-26 07:39:31,,,-100,26.18918550254118,91.70255906454315,4.19769287109375,9.935046195983887,,76,BLE
1a:7b:12:69:ab:23,,Misc,2026-09-26 07:39:31,,,-99,26.18918550254118,91.70255906454315,4.19769287109375,9.935046195983887,,,BLE
59:51:62:5e:c6:9a,,Uncategorized;10,2026-09-26 07:39:31,,7936,-100,26.18918550254118,91.70255906454315,4.19769287109375,9.935046195983887,,76,BLE
4e:dc:e8:37:07:65,,Uncategorized;10,2026-09-26 07:39:31,,7936,-96,26.18918550254118,91.70255906454315,4.19769287109375,9.935046195983887,,76,BLE
d9:0d:2d:d5:8f:cc,,Misc,2026-09-26 07:39:31,,,-95,26.18918550254118,91.70255906454315,4.19769287109375,9.935046195983887,,76,BLE
48:71:05:d6:75:e3,Echo Dot-6WP,Uncategorized;10,2026-09-26 07:39:31,,7936,-88,26.18918550254118,91.70255906454315,4.19769287109375,9.935046195983887,,,BLE
51:15:5c:49:0a:e5,,Misc,2026-09-26 07:39:31,,7936,-100,26.18918550254118,91.70255906454315,4.19769287109375,9.935046195983887,,76,BLE
3a:27:8b:db:33:61,,Misc,2026-09-26 07:39:31,,,-99,26.18918550254118,91.70255906454315,4.19769287109375,9.935046195983887,,,BLE
6a:4f:83:51:68:ed,,Misc,2026-09-26 07:39:31,,,-90,26.18918550254118,91.70255906454315,4.19769287109375,9.935046195983887,,76,BLE
7e:1f:f1:a7:87:62,,Misc,2026-09-26 07:39:32,,7936,-98,26.189186724163985,91.70257024380219,1.434173583984375,9.935046195983887,,76,BLE
df:58:05:fc:a7:91,,Misc,2026-09-26 07:39:36,,,-102,26.189190527219864,91.70261435804801,-3.06512451171875,9.935046195983887,,76,BLE
59:18:9a:48:a8:2f,,Misc,2026-09-26 07:39:36,,,-102,26.189190527219864,91.70261435804801,-3.06512451171875,9.935046195983887,,76,BLE
14:6c:da:b1:2b:67,,Misc,2026-09-26 07:39:36,,,-70,26.189190527219864,91.70261435804801,-3.06512451171875,9.935046195983887,,6,BLE
ca:13:37:96:1a:b7,,Misc,2026-09-26 07:39:36,,,-97,26.189190527219864,91.70261435804801,-3.06512451171875,9.935046195983887,,76,BLE
62:42:f6:fb:d4:16,,Misc,2026-09-26 07:39:36,,,-100,26.189190527219864,91.70261435804801,-3.06512451171875,9.935046195983887,,76,BLE
48:50:70:c7:8b:75,,Misc,2026-09-26 07:39:36,,,-97,26.189190527219864,91.70261435804801,-3.06512451171875,9.935046195983887,,76,BLE
32:aa:3f:89:74:61,,Misc,2026-09-26 07:39:36,,,-93,26.189190527219864,91.70261435804801,-3.06512451171875,9.935046195983887,,6,BLE
5f:76:f7:86:e0:85,,Misc,2026-09-26 07:39:36,,,-100,26.189190527219864,91.70261435804801,-3.06512451171875,9.935046195983887,,76,BLE
7a:f9:e7:74:a8:66,"OnePlus Nord CE5 ",[WPA2-PSK-CCMP][RSN-PSK+SAE-CCMP][ESS],2026-09-26 07:39:38,1,2412,-45,26.189188105968693,91.70263631903137,-2.514404296875,9.935046195983887,,,WIFI
20:b5:c6:7b:ab:10,JioAirfiberA6,[WPA2-PSK-CCMP][RSN-PSK-CCMP][ESS],2026-09-26 07:39:38,48,5240,-84,26.189188105968693,91.70263631903137,-2.514404296875,9.935046195983887,,,WIFI
30:68:93:3d:18:2e,TP-Link_182E,[WPA2-PSK-CCMP][RSN-PSK-CCMP][ESS][WPS],2026-09-26 07:39:38,9,2452,-82,26.189188105968693,91.70263631903137,-2.514404296875,9.935046195983887,,,WIFI
64:29:43:99:a2:f2,AryanGuptaKimkc3baar,[WPA2-PSK-CCMP][RSN-PSK-CCMP][ESS],2026-09-26 07:39:38,9,2452,-79,26.189188105968693,91.70263631903137,-2.514404296875,9.935046195983887,,,WIFI
54:39:ef:53:16:d7,,Uncategorized;10,2026-09-26 07:39:40,,7936,-90,26.189185247309908,91.70265788912286,-2.080963134765625,9.935046195983887,,,BLE
df:25:05:27:e5:39,Vortex Plus,Uncategorized;10,2026-09-26 07:39:40,,7936,-91,26.189185247309908,91.70265788912286,-2.080963134765625,9.935046195983887,,,BLE
58:5a:48:bd:8d:a4,,Uncategorized;10,2026-09-26 07:39:40,,7936,-93,26.189185247309908,91.70265788912286,-2.080963134765625,9.935046195983887,,76,BLE
cb:4e:fd:00:5b:a5,"Mivi DuoPods K6 ",Misc,2026-09-26 07:39:41,,7936,-87,26.189184101863283,91.70266745151399,-1.30792236328125,9.935046195983887,,1760,BLE
54:39:ef:53:16:d7,,Uncategorized;10,2026-09-26 07:39:41,,7936,-96,26.189184101863283,91.70266745151399,-1.30792236328125,9.935046195983887,,76,BLE
32:56:91:63:f4:a2,,Misc,2026-09-26 07:39:41,,,-91,26.189184101863283,91.70266745151399,-1.30792236328125,9.935046195983887,,6,BLE
5a:3b:94:22:dc:35,,Misc,2026-09-26 07:39:41,,7936,-103,26.189184101863283,91.70266745151399,-1.30792236328125,9.935046195983887,,76,BLE
41:42:08:d1:37:d8,Aavante Bar 485,Headphones;10,2026-09-26 07:39:46,,1048,-80,26.18918335388467,91.70271014589103,-2.39898681640625,9.935046195983887,,,BT
1e:5b:0d:fc:71:86,,Misc,2026-09-26 07:39:46,,,-78,26.18918335388467,91.70271014589103,-2.39898681640625,9.935046195983887,,6,BLE
ca:13:37:96:1a:b7,,Misc,2026-09-26 07:39:46,,,-66,26.18918335388467,91.70271014589103,-2.39898681640625,9.935046195983887,,76,BLE
df:58:05:fc:a7:91,,Misc,2026-09-26 07:39:46,,,-78,26.18918335388467,91.70271014589103,-2.39898681640625,9.935046195983887,,76,BLE
04:ba:d6:18:a1:5a,DIR-615-A159,[WPA2-PSK-CCMP][RSN-PSK-CCMP][ESS],2026-09-26 07:39:46,13,2472,-79,26.18918335388467,91.70271014589103,-2.39898681640625,9.935046195983887,,,WIFI
0c:0e:76:9f:36:9c,wifi:):,[WPA2-PSK-CCMP][RSN-PSK-CCMP][ESS][WPS],2026-09-26 07:39:46,9,2452,-86,26.18918335388467,91.70271014589103,-2.39898681640625,9.935046195983887,,,WIFI
b0:a7:b9:bd:81:69,TP-Link_816A_5G,[WPA2-PSK-CCMP][RSN-PSK-CCMP][ESS][WPS],2026-09-26 07:39:46,149,5745,-80,26.18918335388467,91.70271014589103,-2.39898681640625,9.935046195983887,,,WIFI
90:8d:78:10:30:65,D-Link_DIR-600M,[ESS],2026-09-26 07:39:46,2,2417,-73,26.18918335388467,91.70271014589103,-2.39898681640625,9.935046195983887,,,WIFI
64:29:43:99:a2:f2,AryanGuptaKimkc3baar,[WPA2-PSK-CCMP][RSN-PSK-CCMP][ESS],2026-09-26 07:39:46,9,2452,-74,26.18918335388467,91.70271014589103,-2.39898681640625,9.935046195983887,,,WIFI
5a:3b:94:22:dc:35,,Misc,2026-09-26 07:39:47,,7936,-98,26.189183528684403,91.70272800118286,-2.25689697265625,9.935046195983887,,76,BLE
42:60:aa:94:dc:01,,Uncategorized;10,2026-09-26 07:39:49,,7936,-103,26.189175598040308,91.7027384127111,-1.8408203125,9.935046195983887,,,BLE
48:98:1b:56:07:86,,Uncategorized;10,2026-09-26 07:39:50,,7936,-94,26.18917065103673,91.70274896788388,-2.043487548828125,9.935046195983887,,,BLE
02:c1:77:27:28:17,,Misc,2026-09-26 07:39:51,,,-103,26.189161120295957,91.70275932236272,-1.766754150390625,9.935046195983887,,6,BLE
f1:60:50:41:49:aa,,Misc,2026-09-26 07:39:51,,,-86,26.189161120295957,91.70275932236272,-1.766754150390625,9.935046195983887,,76,BLE
4d:07:cf:aa:6a:f8,,Misc,2026-09-26 07:39:51,,7936,-100,26.189161120295957,91.70275932236272,-1.766754150390625,9.935046195983887,,,BLE
1f:db:4e:e4:56:37,,Misc,2026-09-26 07:39:51,,,-97,26.189161120295957,91.70275932236272,-1.766754150390625,9.935046195983887,,6,BLE
df:58:05:fc:a7:91,,Misc,2026-09-26 07:39:51,,,-73,26.189161120295957,91.70275932236272,-1.766754150390625,9.935046195983887,,76,BLE
d7:fc:b4:4b:34:a7,,Misc,2026-09-26 07:39:51,,,-91,26.189161120295957,91.70275932236272,-1.766754150390625,9.935046195983887,,76,BLE
1d:94:ea:c8:33:df,,Misc,2026-09-26 07:39:51,,,-99,26.189161120295957,91.70275932236272,-1.766754150390625,9.935046195983887,,6,BLE
16:2d:a1:af:b3:8f,"Noise Airwave Max 5 ",Uncategorized,2026-09-26 07:39:51,,7936,-104,26.189161120295957,91.70275932236272,-1.766754150390625,9.935046195983887,,11542,BLE
5a:3b:94:22:dc:35,,Misc,2026-09-26 07:39:51,,7936,-91,26.189161120295957,91.70275932236272,-1.766754150390625,9.935046195983887,,76,BLE
1f:26:e6:76:12:5b,,Misc,2026-09-26 07:39:51,,,-103,26.189161120295957,91.70275932236272,-1.766754150390625,9.935046195983887,,6,BLE
42:60:aa:94:dc:01,,Uncategorized;10,2026-09-26 07:39:51,,7936,-103,26.189161120295957,91.70275932236272,-1.766754150390625,9.935046195983887,,76,BLE
54:39:ef:53:16:d7,,Uncategorized;10,2026-09-26 07:39:52,,7936,-91,26.189150164092457,91.70276177335784,-1.626190185546875,9.935046195983887,,76,BLE
b0:a7:b9:bd:81:6a,TP-Link_816A,[WPA2-PSK-CCMP][RSN-PSK-CCMP][ESS][WPS],2026-09-26 07:39:53,9,2452,-81,26.189142009053647,91.70275825204263,-1.458984375,9.935046195983887,,,WIFI
90:8d:78:10:30:65,D-Link_DIR-600M,[ESS],2026-09-26 07:39:53,2,2417,-67,26.189142009053647,91.70275825204263,-1.458984375,9.935046195983887,,,WIFI
bc:22:28:41:5b:78,Umiam_hostel,[WPA-PSK-TKIP+CCMP][WPA2-PSK-TKIP+CCMP][RSN-PSK-TKIP+CCMP][ESS][WPS],2026-09-26 07:39:53,7,2442,-75,26.189142009053647,91.70275825204263,-1.458984375,9.935046195983887,,,WIFI
dc:ea:e7:7a:bc:7a,BEING,[WPA2-PSK-CCMP][RSN-PSK-CCMP][ESS],2026-09-26 07:39:53,13,2472,-79,26.189142009053647,91.70275825204263,-1.458984375,9.935046195983887,,,WIFI
5a:b9:c7:9f:60:01,,Misc,2026-09-26 07:39:56,,7936,-91,26.189125646800626,91.70273192902872,-0.274658203125,9.935046195983887,,,BLE
c4:c1:e5:e2:05:dc,,Misc,2026-09-26 07:39:56,,,-91,26.189125646800626,91.70273192902872,-0.274658203125,9.935046195983887,,76,BLE
d7:fc:b4:4b:34:a7,,Misc,2026-09-26 07:39:56,,,-82,26.189125646800626,91.70273192902872,-0.274658203125,9.935046195983887,,76,BLE
a7:16:a9:b5:df:8f,Tribit StormBox Mini+,Misc,2026-09-26 07:39:56,,7936,-79,26.189125646800626,91.70273192902872,-0.274658203125,9.935046195983887,,,BLE
e0:e5:44:1f:03:57,,Misc,2026-09-26 07:39:56,,,-93,26.189125646800626,91.70273192902872,-0.274658203125,9.935046195983887,,76,BLE
cb:4e:fd:00:5b:a5,"Mivi DuoPods K6 ",Misc,2026-09-26 07:39:56,,7936,-79,26.189125646800626,91.70273192902872,-0.274658203125,9.935046195983887,,1760,BLE
68:ff:7b:a7:9e:46,hbaishya7@,[WPA2-PSK-CCMP][RSN-PSK-CCMP][ESS][WPS],2026-09-26 07:39:56,1,2412,-67,26.189125646800626,91.70273192902872,-0.274658203125,9.935046195983887,,,WIFI
0f:61:44:df:41:62,,Uncategorized;10,2026-09-26 07:40:01,,7936,-87,26.189113688140466,91.7026779020121,-4.09637451171875,9.935046195983887,,,BLE
7b:1a:72:b7:66:c9,,Misc,2026-09-26 07:40:01,,,-103,26.189113688140466,91.7026779020121,-4.09637451171875,9.935046195983887,,,BLE
3f:ad:ef:fe:3a:fd,,Misc,2026-09-26 07:40:01,,,-106,26.189113688140466,91.7026779020121,-4.09637451171875,9.935046195983887,,6,BLE
7d:ca:1a:c8:13:e8,,Misc,2026-09-26 07:40:01,,,-100,26.189113688140466,91.7026779020121,-4.09637451171875,9.935046195983887,,76,BLE
60:a4:b7:a9:11:f5,Anu_Baby,[WPA2-PSK-CCMP][RSN-PSK-CCMP][ESS][WPS],2026-09-26 07:40:05,2,2417,-82,26.189103181701977,91.70263514972937,-5.771881103515625,9.935046195983887,,,WIFI
e4:c3:2a:5d:53:78,TP-Link_5378,[WPA2-PSK-CCMP][RSN-PSK-CCMP][ESS][WPS],2026-09-26 07:40:05,3,2422,-69,26.189103181701977,91.70263514972937,-5.771881103515625,9.935046195983887,,,WIFI
8c:90:2d:ca:5e:40,IPhone 13,[WPA2-PSK-CCMP][RSN-PSK-CCMP][ESS][WPS],2026-09-26 07:40:05,2,2417,-58,26.189103181701977,91.70263514972937,-5.771881103515625,9.935046195983887,,,WIFI
ec:75:0c:bc:23:33,SyntaxError,[WPA2-PSK-CCMP][RSN-PSK-CCMP][ESS][WPS],2026-09-26 07:40:05,4,2427,-78,26.189103181701977,91.70263514972937,-5.771881103515625,9.935046195983887,,,WIFI
2f:f4:1b:1a:1f:c9,,Misc,2026-09-26 07:40:06,,,-89,26.18910028826762,91.70262432262709,-5.92919921875,9.935046195983887,,,BLE
6a:fe:91:4f:47:22,,Misc,2026-09-26 07:40:06,,,-94,26.18910028826762,91.70262432262709,-5.92919921875,9.935046195983887,,76,BLE
48:71:05:d6:75:e3,Echo Dot-6WP,Uncategorized;10,2026-09-26 07:40:06,,7936,-76,26.18910028826762,91.70262432262709,-5.92919921875,9.935046195983887,,,BLE
1e:5b:0d:fc:71:86,,Misc,2026-09-26 07:40:06,,,-59,26.18910028826762,91.70262432262709,-5.92919921875,9.935046195983887,,6,BLE
7c:2b:eb:4e:e8:8a,,Misc,2026-09-26 07:40:06,,,-99,26.18910028826762,91.70262432262709,-5.92919921875,9.935046195983887,,117,BLE
51:15:5c:49:0a:e5,,Misc,2026-09-26 07:40:09,,7936,-94,26.189092322624802,91.70259109254732,-6.691802978515625,9.935046195983887,,76,BLE
04:ba:d6:18:a1:5a,DIR-615-A159,[WPA2-PSK-CCMP][RSN-PSK-CCMP][ESS],2026-09-26 07:40:10,13,2472,-67,26.189090042997968,91.7025800987097,-6.27227783203125,9.935046195983887,,,WIFI
40:3f:8c:7d:46:2c,TP-Link_462D_5G,[WPA2-PSK-CCMP][RSN-PSK-CCMP][ESS][WPS],2026-09-26 07:40:10,149,5745,-84,26.189090042997968,91.7025800987097,-6.27227783203125,9.935046195983887,,,WIFI
1c:3b:f3:ae:e3:37,Sid_Wifi,[WPA2-PSK-TKIP+CCMP][RSN-PSK-TKIP+CCMP][ESS][WPS],2026-09-26 07:40:10,10,2457,-77,26.189090042997968,91.7025800987097,-6.27227783203125,9.935046195983887,,,WIFI
cc:2d:21:35:c5:50,WiFi_Name,[WPA-PSK-CCMP][WPA2-PSK-CCMP][RSN-PSK-CCMP][ESS],2026-09-26 07:40:10,7,2442,-75,26.189090042997968,91.7025800987097,-6.27227783203125,9.935046195983887,,,WIFI
11:a7:f6:3a:91:86,,Misc,2026-09-26 07:40:11,,,-96,26.189087207531088,91.7025694230048,-6.22637939453125,9.935046195983887,,6,BLE
72:f5:b7:c7:98:fd,CHAITANYA-LOQ,Misc,2026-09-26 07:40:14,,7936,-94,26.18907148360643,91.70253687575078,-5.44287109375,9.935046195983887,,,BLE
4f:52:44:de:21:4f,,Misc,2026-09-26 07:40:16,,,-96,26.189064822032815,91.70252221719032,-5.357757568359375,10.020695686340332,,,BLE
3a:ae:2d:b7:ed:ed,,Misc,2026-09-26 07:40:16,,,-97,26.189064822032815,91.70252221719032,-5.357757568359375,10.020695686340332,,6,BLE
56:ae:74:d4:56:9e,,Misc,2026-09-26 07:40:16,,7936,-104,26.189064822032815,91.70252221719032,-5.357757568359375,10.020695686340332,,76,BLE
54:38:06:44:d2:84,,Misc,2026-09-26 07:40:16,,,-95,26.189064822032815,91.70252221719032,-5.357757568359375,10.020695686340332,,117,BLE
64:55:33:58:ca:04,,Misc,2026-09-26 07:40:16,,,-101,26.189064822032815,91.70252221719032,-5.357757568359375,10.020695686340332,,117,BLE
0d:40:c4:ca:40:e8,,Uncategorized;10,2026-09-26 07:40:19,,7936,-92,26.18905205039668,91.70249466948745,-4.087249755859375,9.975923538208008,,,BLE
a8:42:a1:68:9b:a0,"Bikram ",[WPA2-PSK-CCMP][RSN-PSK-CCMP][ESS][WPS],2026-09-26 07:40:21,149,5745,-81,26.18904295082829,91.70247616091304,-2.5582275390625,9.952585220336914,,,WIFI
7e:3b:c0:20:c7:07,Anmol's phone,[WPA2-PSK-CCMP][RSN-PSK+SAE-CCMP][ESS],2026-09-26 07:40:21,149,5745,-88,26.18904295082829,91.70247616091304,-2.5582275390625,9.952585220336914,,,WIFI
7a:14:5e:19:86:fb,Lappi,[WPA2-PSK-CCMP][RSN-PSK+SAE-CCMP][ESS],2026-09-26 07:40:21,11,2462,-57,26.18904295082829,91.70247616091304,-2.5582275390625,9.952585220336914,,,WIFI
62:a4:b7:f2:49:b0,FREE_WIFI,[WPA2-PSK-CCMP][RSN-PSK+SAE-CCMP][ESS][MFPC],2026-09-26 07:40:21,10,2457,-84,26.18904295082829,91.70247616091304,-2.5582275390625,9.952585220336914,,,WIFI
ec:75:0c:b7:06:00,TP-Link_0600,[WPA2-PSK-CCMP][RSN-PSK-CCMP][ESS][WPS],2026-09-26 07:40:21,10,2457,-61,26.18904295082829,91.70247616091304,-2.5582275390625,9.952585220336914,,,WIFI
4f:c3:69:9c:37:56,,Misc,2026-09-26 07:40:21,,,-101,26.18904295082829,91.70247616091304,-2.5582275390625,9.952585220336914,,76,BLE
3e:ac:62:05:f9:ac,,Misc,2026-09-26 07:40:21,,,-82,26.18904295082829,91.70247616091304,-2.5582275390625,9.952585220336914,,,BLE
52:18:14:5e:74:61,Prime800D,Misc,2026-09-26 07:40:21,,7936,-85,26.18904295082829,91.70247616091304,-2.5582275390625,9.952585220336914,,3765,BLE
e2:c3:33:3e:09:fe,,Misc,2026-09-26 07:40:21,,,-103,26.18904295082829,91.70247616091304,-2.5582275390625,9.952585220336914,,76,BLE
54:38:06:44:d2:84,,Misc,2026-09-26 07:40:21,,,-87,26.18904295082829,91.70247616091304,-2.5582275390625,9.952585220336914,,117,BLE
6c:84:7b:a2:7d:1b,,Misc,2026-09-26 07:40:25,,7936,-87,26.189022886423285,91.70243950893595,-3.093841552734375,9.935046195983887,,76,BLE
52:18:14:5e:74:61,Prime800D,Misc,2026-09-26 07:40:26,,7936,-78,26.18901858327381,91.70243914844768,-2.924835205078125,9.935046195983887,,3765,BLE
ca:d1:90:4a:1f:63,,Misc,2026-09-26 07:40:26,,,-98,26.18901858327381,91.70243914844768,-2.924835205078125,9.935046195983887,,76,BLE
34:56:23:9c:03:96,,Misc,2026-09-26 07:40:26,,,-91,26.18901858327381,91.70243914844768,-2.924835205078125,9.935046195983887,,,BLE
4f:c3:69:9c:37:56,,Misc,2026-09-26 07:40:26,,,-91,26.18901858327381,91.70243914844768,-2.924835205078125,9.935046195983887,,76,BLE
53:d9:2d:ed:ca:93,LE_WF-C510,Misc,2026-09-26 07:40:26,,7936,-88,26.18901858327381,91.70243914844768,-2.924835205078125,9.935046195983887,,,BLE
ae:e2:91:ca:d4:10,DIRECT-SVLAPTOP-NIUS1427msCx,[WPA2-PSK-CCMP][RSN-PSK-CCMP][ESS][WPS],2026-09-26 07:40:27,10,2457,-49,26.189012740582008,91.70243069907998,-1.60992431640625,9.935046195983887,,,WIFI
e4:fa:c4:0c:c5:44,TP-Link_C544,[WPA2-PSK-CCMP][RSN-PSK-CCMP][ESS][WPS],2026-09-26 07:40:27,2,2417,-69,26.189012740582008,91.70243069907998,-1.60992431640625,9.935046195983887,,,WIFI
50:91:e3:c8:cd:4e,TP-Link_CD4E,[WPA2-PSK-CCMP][RSN-PSK-CCMP][ESS][WPS],2026-09-26 07:40:27,4,2427,-68,26.189012740582008,91.70243069907998,-1.60992431640625,9.935046195983887,,,WIFI
a2:1f:03:78:c4:61,...,[WPA2-PSK-CCMP][RSN-PSK+SAE-CCMP][ESS],2026-09-26 07:40:27,149,5745,-83,26.189012740582008,91.70243069907998,-1.60992431640625,9.935046195983887,,,WIFI
6e:be:63:59:eb:0c,,Misc,2026-09-26 07:40:27,,7936,-77,26.189012740582008,91.70243069907998,-1.60992431640625,9.935046195983887,,76,BLE
d5:a3:16:24:c8:5d,WHOOP 5B01426719,Uncategorized;10,2026-09-26 07:40:28,,7936,-90,26.18900479872981,91.70241738049408,-2.48291015625,9.935046195983887,,,BLE
b1:33:64:65:bd:39,Titan_90188_BD39,Misc,2026-09-26 07:40:31,,7936,-96,26.188989481278544,91.70240108571092,0.086395263671875,9.935046195983887,,16972,BLE
6c:84:7b:a2:7d:1b,,Misc,2026-09-26 07:40:31,,7936,-80,26.188989481278544,91.70240108571092,0.086395263671875,9.935046195983887,,76,BLE
6a:c6:e1:d4:47:b0,WF-C510-GFP,Misc,2026-09-26 07:40:31,,,-82,26.188989481278544,91.70240108571092,0.086395263671875,9.935046195983887,,,BLE
18:52:04:85:cd:c1,,Misc,2026-09-26 07:40:31,,,-96,26.188989481278544,91.70240108571092,0.086395263671875,9.935046195983887,,,BLE
64:55:33:58:ca:04,,Misc,2026-09-26 07:40:31,,,-95,26.188989481278544,91.70240108571092,0.086395263671875,9.935046195983887,,117,BLE
47:a7:40:d8:7f:af,,Misc,2026-09-26 07:40:31,,,-101,26.188989481278544,91.70240108571092,0.086395263671875,9.935046195983887,,,BLE
c6:cc:db:0d:4e:5b,,Misc,2026-09-26 07:40:31,,,-90,26.188989481278544,91.70240108571092,0.086395263671875,9.935046195983887,,76,BLE
e7:63:86:16:62:c8,,Misc,2026-09-26 07:40:36,,,-99,26.188966923525914,91.70235201697703,1.610870361328125,9.935046195983887,,76,BLE
34:56:23:9c:03:96,,Misc,2026-09-26 07:40:36,,,-84,26.188966923525914,91.70235201697703,1.610870361328125,9.935046195983887,,,BLE
51:0b:07:5e:b7:74,,Uncategorized;10,2026-09-26 07:40:36,,7936,-93,26.188966923525914,91.70235201697703,1.610870361328125,9.935046195983887,,,BLE
78:5d:49:12:cb:64,,Uncategorized;10,2026-09-26 07:40:38,,7936,-104,26.18896297612459,91.70233161705997,1.278839111328125,9.935046195983887,,,BLE
6e:8e:f6:d2:25:22,,Misc,2026-09-26 07:40:40,,7936,-90,26.188953745068552,91.70231362748315,1.135986328125,9.935046195983887,,76,BLE
ed:22:c8:72:41:79,,Misc,2026-09-26 07:40:41,,,-100,26.188946427808936,91.70230916321346,0.313751220703125,9.935046195983887,,76,BLE
0e:b2:9b:e2:25:dd,,Misc,2026-09-26 07:40:41,,,-90,26.188946427808936,91.70230916321346,0.313751220703125,9.935046195983887,,6,BLE
0f:54:e1:22:ab:bd,,Misc,2026-09-26 07:40:41,,,-93,26.188946427808936,91.70230916321346,0.313751220703125,9.935046195983887,,6,BLE
45:17:a6:93:58:a8,LAPTOP-5TDTU01O,Misc,2026-09-26 07:40:41,,7936,-86,26.188946427808936,91.70230916321346,0.313751220703125,9.935046195983887,,6,BLE
e9:b6:ec:f1:88:db,,Misc,2026-09-26 07:40:41,,,-98,26.188946427808936,91.70230916321346,0.313751220703125,9.935046195983887,,76,BLE
09:6e:2a:40:83:0d,,Misc,2026-09-26 07:40:41,,,-94,26.188946427808936,91.70230916321346,0.313751220703125,9.935046195983887,,6,BLE
59:b2:81:bf:c0:6c,,Misc,2026-09-26 07:40:41,,,-92,26.188946427808936,91.70230916321346,0.313751220703125,9.935046195983887,,76,BLE
50:8b:15:6b:44:77,,Misc,2026-09-26 07:40:42,,7936,-95,26.188938741598356,91.70230607569265,0.971405029296875,9.935046195983887,,76,BLE
78:5d:49:12:cb:64,,Uncategorized;10,2026-09-26 07:40:43,,7936,-80,26.18893102479709,91.7023043009642,2.17437744140625,9.935046195983887,,,BLE
57:19:82:3f:24:78,,Misc,2026-09-26 07:40:44,,7936,-92,26.188922537890974,91.7023040137789,2.560699462890625,9.935046195983887,,76,BLE
4d:07:cf:aa:6a:f8,,Misc,2026-09-26 07:40:45,,7936,-91,26.18891371908597,91.70230552383853,3.0384521484375,9.935046195983887,,,BLE
dc:ea:e7:33:93:d2,DIR-615-93D1,[WPA2-PSK-CCMP][RSN-PSK-CCMP][ESS][WPS],2026-09-26 07:40:46,1,2412,-81,26.188901688512445,91.70230654056655,2.714324951171875,9.935046195983887,,,WIFI
0e:fd:90:c6:a6:c6,OPPO F29 5G h345,[WPA2-PSK-CCMP][RSN-PSK+SAE-CCMP][ESS],2026-09-26 07:40:46,11,2462,-64,26.188901688512445,91.70230654056655,2.714324951171875,9.935046195983887,,,WIFI
64:7a:d0:25:49:c7,,Misc,2026-09-26 07:40:46,,,-91,26.188901688512445,91.70230654056655,2.714324951171875,9.935046195983887,,76,BLE
0f:c3:81:43:9b:a9,,Misc,2026-09-26 07:40:46,,,-93,26.188901688512445,91.70230654056655,2.714324951171875,9.935046195983887,,6,BLE
0b:6d:f6:64:06:c2,,Misc,2026-09-26 07:40:46,,,-103,26.188901688512445,91.70230654056655,2.714324951171875,9.935046195983887,,6,BLE
ca:d1:90:4a:1f:63,,Misc,2026-09-26 07:40:46,,,-89,26.188901688512445,91.70230654056655,2.714324951171875,9.935046195983887,,76,BLE
e7:63:86:16:62:c8,,Misc,2026-09-26 07:40:46,,,-94,26.188901688512445,91.70230654056655,2.714324951171875,9.935046195983887,,76,BLE
0d:0c:16:85:02:1f,,Misc,2026-09-26 07:40:46,,,-100,26.188901688512445,91.70230654056655,2.714324951171875,9.935046195983887,,,BLE
0f:c3:81:43:9b:a9,,Misc,2026-09-26 07:40:51,,,-88,26.18886359643528,91.70231989031065,5.45684814453125,9.935046195983887,,6,BLE
51:f2:4f:27:08:43,LAPTOP-7NV98H1T,Misc,2026-09-26 07:40:51,,7936,-87,26.18886359643528,91.70231989031065,5.45684814453125,9.935046195983887,,,BLE
7b:05:3b:5e:1e:2f,,Misc,2026-09-26 07:40:51,,,-96,26.18886359643528,91.70231989031065,5.45684814453125,9.935046195983887,,76,BLE
72:d8:f9:51:59:4f,OnePlus Nord Buds 3r,Misc,2026-09-26 07:40:51,,,-104,26.18886359643528,91.70231989031065,5.45684814453125,9.935046195983887,,,BLE
24:2f:d0:c1:d8:94,Arnav Anmol,[WPA2-PSK-TKIP+CCMP][RSN-PSK-TKIP+CCMP][ESS][WPS],2026-09-26 07:40:53,4,2427,-62,26.18884811976671,91.7023240735754,6.148773193359375,9.935046195983887,,,WIFI
c4:e9:0a:ce:5e:45,concept,[WPA-PSK-TKIP+CCMP][WPA2-PSK-TKIP+CCMP][RSN-PSK-TKIP+CCMP][ESS][WPS],2026-09-26 07:40:53,3,2422,-71,26.18884811976671,91.7023240735754,6.148773193359375,9.935046195983887,,,WIFI
40:de:24:03:36:ae,,Smartphone;10,2026-09-26 07:40:53,,524,-99,26.18884811976671,91.7023240735754,6.148773193359375,9.935046195983887,,,BT
74:6e:9b:4b:8d:e7,,Misc,2026-09-26 07:40:55,,7936,-89,26.188832737504036,91.70233004157046,6.635162353515625,9.935046195983887,,76,BLE
09:7d:48:3f:ca:67,,Uncategorized;10,2026-09-26 07:41:01,,7936,-98,26.18878200177276,91.70234580916126,3.4150390625,9.935046195983887,,,BLE
a4:08:53:60:38:ba,Airtel_bidi_7996,[WPA2-PSK-CCMP][RSN-PSK-CCMP][ESS],2026-09-26 07:41:05,6,2437,-42,26.18874981242112,91.70235276762855,3.1331787109375,9.935046195983887,,,WIFI
11:a7:f6:3a:91:86,,Misc,2026-09-26 07:41:06,,,-88,26.188741923839565,91.70234946940222,3.10955810546875,9.935046195983887,,6,BLE
62:43:33:ac:39:09,,Misc,2026-09-26 07:41:06,,,-98,26.188741923839565,91.70234946940222,3.10955810546875,9.935046195983887,,76,BLE
ff:88:31:0c:74:c7,,Misc,2026-09-26 07:41:06,,,-95,26.188741923839565,91.70234946940222,3.10955810546875,9.935046195983887,,76,BLE
00:6f:9a:f6:83:93,,Misc,2026-09-26 07:41:06,,,-102,26.188741923839565,91.70234946940222,3.10955810546875,9.935046195983887,,,BLE
51:36:64:8c:7d:ea,,Misc,2026-09-26 07:41:06,,,-88,26.188741923839565,91.70234946940222,3.10955810546875,9.935046195983887,,76,BLE
72:d8:f9:51:59:4f,OnePlus Nord Buds 3r,Misc,2026-09-26 07:41:06,,,-97,26.188741923839565,91.70234946940222,3.10955810546875,9.935046195983887,,,BLE
31:59:1b:14:94:b7,,Misc,2026-09-26 07:41:06,,,-102,26.188741923839565,91.70234946940222,3.10955810546875,9.935046195983887,,6,BLE
ca:5d:f9:0d:06:0a,,Misc,2026-09-26 07:41:06,,,-101,26.188741923839565,91.70234946940222,3.10955810546875,9.935046195983887,,76,BLE
40:de:24:03:36:ae,,Smartphone;10,2026-09-26 07:41:07,,524,0,26.18873719012273,91.70234302869267,3.13702392578125,9.935046195983887,,,BT
31:59:1b:14:94:b7,,Misc,2026-09-26 07:41:11,,,-94,26.188728929042778,91.70230181769846,2.96136474609375,9.935046195983887,,6,BLE
45:23:0b:06:ba:94,,Misc,2026-09-26 07:41:11,,,-92,26.188728929042778,91.70230181769846,2.96136474609375,9.935046195983887,,,BLE
00:6f:9a:f6:83:93,,Misc,2026-09-26 07:41:11,,,-93,26.188728929042778,91.70230181769846,2.96136474609375,9.935046195983887,,,BLE
23:8d:f1:69:07:c3,,Misc,2026-09-26 07:41:11,,7936,-100,26.188728929042778,91.70230181769846,2.96136474609375,9.935046195983887,,,BLE
78:2e:c9:7c:92:fd,,Misc,2026-09-26 07:41:11,,,-101,26.188728929042778,91.70230181769846,2.96136474609375,9.935046195983887,,76,BLE
09:7d:48:3f:ca:67,,Uncategorized;10,2026-09-26 07:41:16,,7936,-92,26.188721457262332,91.70225306083546,2.220458984375,9.935046195983887,,,BLE
52:78:f8:63:4a:c2,,Misc,2026-09-26 07:41:16,,,-94,26.188721457262332,91.70225306083546,2.220458984375,9.935046195983887,,,BLE
34:ac:5e:37:52:b8,,Misc,2026-09-26 07:41:16,,,-102,26.188721457262332,91.70225306083546,2.220458984375,9.935046195983887,,,BLE
78:2e:c9:7c:92:fd,,Misc,2026-09-26 07:41:16,,,-93,26.188721457262332,91.70225306083546,2.220458984375,9.935046195983887,,76,BLE
09:7d:48:3f:ca:67,,Uncategorized;10,2026-09-26 07:41:16,,7936,-87,26.188721457262332,91.70225306083546,2.220458984375,9.935046195983887,,,BLE
04:d5:90:66:fb:69,IITG_CONNECT,[WPA2-EAP/SHA1-CCMP][RSN-EAP/SHA1-CCMP][ESS],2026-09-26 07:41:17,124,5620,-73,26.188720368855595,91.70224233314173,2.6026611328125,9.935046195983887,,,WIFI
a8:42:a1:88:10:30,TP-Link_1030,[WPA2-PSK-CCMP][RSN-PSK-CCMP][ESS][WPS],2026-09-26 07:41:17,10,2457,-74,26.188720368855595,91.70224233314173,2.6026611328125,9.935046195983887,,,WIFI
6a:e3:f5:d6:07:71,,Misc,2026-09-26 07:41:18,,7936,-84,26.188717194679988,91.70223160822015,2.47491455078125,9.935046195983887,,76,BLE
55:69:e6:d6:21:2a,,Uncategorized;10,2026-09-26 07:41:18,,7936,-89,26.188717194679988,91.70223160822015,2.47491455078125,9.935046195983887,,,BLE
32:3f:66:bc:d2:a4,Airdopes 161,null;10,2026-09-26 07:41:18,,1028,-96,26.188717194679988,91.70223160822015,2.47491455078125,9.935046195983887,,,BT
20:49:89:c4:f8:fd,,Uncategorized;10,2026-09-26 07:41:19,,7936,-100,26.18871879690576,91.7022283981216,0.8826904296875,9.935046195983887,,,BLE
3b:1d:c5:b1:c4:6a,,Uncategorized;10,2026-09-26 07:41:19,,7936,-103,26.18871879690576,91.7022283981216,0.8826904296875,9.935046195983887,,,BLE
3b:4e:71:3f:f9:2f,,Uncategorized;10,2026-09-26 07:41:19,,7936,-99,26.18871879690576,91.7022283981216,0.8826904296875,9.935046195983887,,,BLE
23:8d:f1:69:07:c3,,Misc,2026-09-26 07:41:19,,7936,-94,26.18871879690576,91.7022283981216,0.8826904296875,9.935046195983887,,,BLE
02:3c:53:f5:7b:e4,,Uncategorized;10,2026-09-26 07:41:20,,7936,-100,26.188716484430273,91.70222200384688,1.751556396484375,9.935046195983887,,,BLE
05:c9:42:ed:6a:64,,Misc,2026-09-26 07:41:22,,,-100,26.188714751525733,91.70220696416216,1.467926025390625,9.935046195983887,,,BLE
3b:ba:b5:8e:2d:6e,,Misc,2026-09-26 07:41:22,,7936,-101,26.188714751525733,91.70220696416216,1.467926025390625,9.935046195983887,,,BLE
55:9c:de:85:c2:33,,Misc,2026-09-26 07:41:22,,,-106,26.188714751525733,91.70220696416216,1.467926025390625,9.935046195983887,,,BLE
1b:5b:8a:f7:c2:41,,Misc,2026-09-26 07:41:22,,,-104,26.188714751525733,91.70220696416216,1.467926025390625,9.935046195983887,,,BLE
63:e7:f7:e0:74:db,OPPO Enco Buds3 Pro,Misc,2026-09-26 07:41:22,,,-92,26.188714751525733,91.70220696416216,1.467926025390625,9.935046195983887,,,BLE
20:cc:1c:47:bd:8e,,Misc,2026-09-26 07:41:22,,,-98,26.188714751525733,91.70220696416216,1.467926025390625,9.935046195983887,,,BLE
19:34:19:24:7c:88,,Misc,2026-09-26 07:41:22,,,-100,26.188714751525733,91.70220696416216,1.467926025390625,9.935046195983887,,,BLE
69:b3:de:42:e7:63,,Misc,2026-09-26 07:41:22,,,-95,26.188714751525733,91.70220696416216,1.467926025390625,9.935046195983887,,,BLE
18:71:91:7c:1f:a4,,Misc,2026-09-26 07:41:22,,,-99,26.188714751525733,91.70220696416216,1.467926025390625,9.935046195983887,,,BLE
1e:40:92:8c:06:97,,Misc,2026-09-26 07:41:22,,,-95,26.188714751525733,91.70220696416216,1.467926025390625,9.935046195983887,,,BLE
c0:f6:1c:48:d4:95,,Misc,2026-09-26 07:41:22,,,-87,26.188714751525733,91.70220696416216,1.467926025390625,9.935046195983887,,76,BLE
55:69:e6:d6:21:2a,,Uncategorized;10,2026-09-26 07:41:22,,7936,-89,26.188714751525733,91.70220696416216,1.467926025390625,9.935046195983887,,76,BLE
df:42:4b:e6:59:10,,Misc,2026-09-26 07:41:22,,,-94,26.188714751525733,91.70220696416216,1.467926025390625,9.935046195983887,,76,BLE
78:2e:c9:7c:92:fd,,Misc,2026-09-26 07:41:22,,,-76,26.188714751525733,91.70220696416216,1.467926025390625,9.935046195983887,,76,BLE
26:f0:79:3f:cb:f5,,Misc,2026-09-26 07:41:22,,,-98,26.188714751525733,91.70220696416216,1.467926025390625,9.935046195983887,,,BLE
18:71:91:7c:1f:a4,,Misc,2026-09-26 07:41:22,,,-93,26.188714751525733,91.70220696416216,1.467926025390625,9.935046195983887,,,BLE
d0:24:96:bb:07:95,,Misc,2026-09-26 07:41:22,,,-86,26.188714751525733,91.70220696416216,1.467926025390625,9.935046195983887,,76,BLE
29:7e:2f:e1:06:c6,,Misc,2026-09-26 07:41:22,,,-100,26.188714751525733,91.70220696416216,1.467926025390625,9.935046195983887,,,BLE
ea:03:1a:11:34:4b,,Misc,2026-09-26 07:41:22,,,-94,26.188714751525733,91.70220696416216,1.467926025390625,9.935046195983887,,76,BLE
3b:ba:b5:8e:2d:6e,,Misc,2026-09-26 07:41:23,,7936,-93,26.188714745550406,91.70219881049285,0.902740478515625,9.935046195983887,,,BLE
c4:df:39:23:ee:ec,realme 9i,Smartphone;10,2026-09-26 07:41:23,,524,-84,26.188714745550406,91.70219881049285,0.902740478515625,9.935046195983887,,,BT
7a:d4:d0:93:02:aa,,Uncategorized;10,2026-09-26 07:41:24,,7936,-104,26.18871494629089,91.70219048118797,0.8836669921875,9.935046195983887,,,BLE
3a:a1:ac:df:1f:d4,,Uncategorized;10,2026-09-26 07:41:24,,7936,-103,26.18871494629089,91.70219048118797,0.8836669921875,9.935046195983887,,,BLE
7e:10:42:30:de:fd,,Uncategorized;10,2026-09-26 07:41:26,,7936,-94,26.188715407698396,91.70217329937627,1.562896728515625,9.935046195983887,,,BLE
4c:11:bc:17:4b:b4,,Uncategorized;10,2026-09-26 07:41:27,,7936,-72,26.188717519371,91.7021650087361,0.813140869140625,9.935046195983887,,76,BLE
78:2e:c9:7c:92:fd,,Misc,2026-09-26 07:41:27,,,-70,26.188717519371,91.7021650087361,0.813140869140625,9.935046195983887,,76,BLE
3a:a1:ac:df:1f:d4,,Uncategorized;10,2026-09-26 07:41:27,,7936,-96,26.188717519371,91.7021650087361,0.813140869140625,9.935046195983887,,,BLE
53:69:c6:e1:70:ad,,Misc,2026-09-26 07:41:27,,7936,-94,26.188717519371,91.7021650087361,0.813140869140625,9.935046195983887,,76,BLE
31:59:1b:14:94:b7,,Misc,2026-09-26 07:41:27,,,-78,26.188717519371,91.7021650087361,0.813140869140625,9.935046195983887,,6,BLE
df:42:4b:e6:59:10,,Misc,2026-09-26 07:41:27,,,-84,26.188717519371,91.7021650087361,0.813140869140625,9.935046195983887,,76,BLE
6a:e3:f5:d6:07:71,,Misc,2026-09-26 07:41:27,,7936,-74,26.188717519371,91.7021650087361,0.813140869140625,9.935046195983887,,76,BLE
88:92:cc:d0:b4:5b,WH-CH720N,Uncategorized,2026-09-26 07:41:27,,7936,-77,26.188717519371,91.7021650087361,0.813140869140625,9.935046195983887,,,BLE
d8:92:dc:ca:ee:52,,Misc,2026-09-26 07:41:27,,,-97,26.188717519371,91.7021650087361,0.813140869140625,9.935046195983887,,76,BLE
18:71:91:7c:1f:a4,,Misc,2026-09-26 07:41:27,,,-85,26.188717519371,91.7021650087361,0.813140869140625,9.935046195983887,,,BLE
60:f7:98:30:06:6d,,Misc,2026-09-26 07:41:27,,,-89,26.188717519371,91.7021650087361,0.813140869140625,9.935046195983887,,76,BLE
0c:f3:9d:ef:c3:ed,,Misc,2026-09-26 07:41:27,,,-90,26.188717519371,91.7021650087361,0.813140869140625,9.935046195983887,,,BLE
75:a1:b6:a3:ce:00,,Misc,2026-09-26 07:41:27,,,-101,26.188717519371,91.7021650087361,0.813140869140625,9.935046195983887,,76,BLE
ca:24:b1:a1:1e:4f,,Misc,2026-09-26 07:41:27,,,-94,26.188717519371,91.7021650087361,0.813140869140625,9.935046195983887,,76,BLE
3b:4e:71:3f:f9:2f,,Uncategorized;10,2026-09-26 07:41:27,,7936,-84,26.188717519371,91.7021650087361,0.813140869140625,9.935046195983887,,,BLE
7a:d4:d0:93:02:aa,,Uncategorized;10,2026-09-26 07:41:27,,7936,-104,26.188717519371,91.7021650087361,0.813140869140625,9.935046195983887,,76,BLE
19:34:19:24:7c:88,,Misc,2026-09-26 07:41:27,,,-88,26.188717519371,91.7021650087361,0.813140869140625,9.935046195983887,,,BLE
ec:f1:4a:b9:db:68,,Misc,2026-09-26 07:41:27,,,-96,26.188717519371,91.7021650087361,0.813140869140625,9.935046195983887,,76,BLE
24:2f:f4:aa:25:6f,,Misc,2026-09-26 07:41:27,,,-94,26.188717519371,91.7021650087361,0.813140869140625,9.935046195983887,,,BLE
7e:10:42:30:de:fd,,Uncategorized;10,2026-09-26 07:41:27,,7936,-95,26.188717519371,91.7021650087361,0.813140869140625,9.935046195983887,,76,BLE
02:3c:53:f5:7b:e4,,Uncategorized;10,2026-09-26 07:41:27,,7936,-94,26.188717519371,91.7021650087361,0.813140869140625,9.935046195983887,,,BLE
56:9b:90:e0:30:e0,,Misc,2026-09-26 07:41:27,,,-91,26.188717519371,91.7021650087361,0.813140869140625,9.935046195983887,,76,BLE
3c:6b:fc:ee:d5:bd,,Misc,2026-09-26 07:41:27,,7936,-99,26.188717519371,91.7021650087361,0.813140869140625,9.935046195983887,,,BLE
29:7e:2f:e1:06:c6,,Misc,2026-09-26 07:41:27,,,-94,26.188717519371,91.7021650087361,0.813140869140625,9.935046195983887,,,BLE
2d:cc:63:47:bb:8e,,Misc,2026-09-26 07:41:31,,,-84,26.18874442176688,91.70214659043812,-0.330352783203125,9.935046195983887,,6,BLE
7a:d4:d0:93:02:aa,,Uncategorized;10,2026-09-26 07:41:31,,7936,-94,26.18874442176688,91.70214659043812,-0.330352783203125,9.935046195983887,,76,BLE
7e:c2:f6:f8:82:2a,,Misc,2026-09-26 07:41:31,,,-100,26.18874442176688,91.70214659043812,-0.330352783203125,9.935046195983887,,,BLE
11:af:ad:83:a9:13,,Misc,2026-09-26 07:41:31,,,-101,26.18874442176688,91.70214659043812,-0.330352783203125,9.935046195983887,,,BLE
1c:bc:87:61:9b:ec,,Misc,2026-09-26 07:41:31,,7936,-97,26.18874442176688,91.70214659043812,-0.330352783203125,9.935046195983887,,,BLE
7a:48:97:36:eb:b8,,Misc,2026-09-26 07:41:31,,,-97,26.18874442176688,91.70214659043812,-0.330352783203125,9.935046195983887,,76,BLE
1c:bc:87:61:9b:ec,,Misc,2026-09-26 07:41:34,,7936,-92,26.18877031194384,91.70214261067731,0.739105224609375,9.946930885314941,,,BLE
41:23:46:82:53:87,219_BLE,Misc,2026-09-26 07:41:36,,7936,-102,26.188788055113232,91.70213952077002,2.011627197265625,10.087185859680176,,,BLE
64:d2:b0:e6:a1:ed,,Misc,2026-09-26 07:41:36,,,-105,26.188788055113232,91.70213952077002,2.011627197265625,10.087185859680176,,,BLE
23:f0:ae:da:d7:5e,,Misc,2026-09-26 07:41:36,,,-106,26.188788055113232,91.70213952077002,2.011627197265625,10.087185859680176,,6,BLE
0d:0c:16:85:02:1f,,Misc,2026-09-26 07:41:36,,,-86,26.188788055113232,91.70213952077002,2.011627197265625,10.087185859680176,,,BLE
45:ae:99:2d:5f:12,LAPTOP-KR1EL41L,Uncategorized;10,2026-09-26 07:41:37,,7936,-101,26.188796957504067,91.70213654373774,4.42254638671875,9.935046195983887,,,BLE
43:ea:d6:2f:39:f6,,Uncategorized;10,2026-09-26 07:41:37,,7936,-99,26.188796957504067,91.70213654373774,4.42254638671875,9.935046195983887,,,BLE
23:f0:ae:da:d7:5e,,Misc,2026-09-26 07:41:41,,,-101,26.188829513196975,91.70212184830953,2.143524169921875,9.935046195983887,,6,BLE
d3:23:15:31:30:bc,,Misc,2026-09-26 07:41:41,,,-101,26.188829513196975,91.70212184830953,2.143524169921875,9.935046195983887,,,BLE
df:71:fd:59:f2:ed,,Misc,2026-09-26 07:41:41,,,-78,26.188829513196975,91.70212184830953,2.143524169921875,9.935046195983887,,76,BLE
d8:aa:9b:e0:e4:52,,Misc,2026-09-26 07:41:41,,,-74,26.188829513196975,91.70212184830953,2.143524169921875,9.935046195983887,,76,BLE
09:5f:f0:8f:6e:3b,,Misc,2026-09-26 07:41:41,,,-100,26.188829513196975,91.70212184830953,2.143524169921875,9.935046195983887,,6,BLE
39:ad:b8:b0:e9:31,,Misc,2026-09-26 07:41:41,,,-86,26.188829513196975,91.70212184830953,2.143524169921875,9.935046195983887,,,BLE
e7:62:d8:62:11:b9,,Misc,2026-09-26 07:41:41,,,-83,26.188829513196975,91.70212184830953,2.143524169921875,9.935046195983887,,76,BLE
04:da:91:e9:05:cf,,Misc,2026-09-26 07:41:41,,,-95,26.188829513196975,91.70212184830953,2.143524169921875,9.935046195983887,,6,BLE
04:d5:90:66:c0:28,eduroam,[WPA2-EAP/SHA1-CCMP][RSN-EAP/SHA1-CCMP][ESS],2026-09-26 07:41:42,140,5700,-66,26.188841586665625,91.70211656188678,1.985748291015625,9.935046195983887,,,WIFI
04:d5:90:66:c0:29,IITG_CONNECT,[WPA2-EAP/SHA1-CCMP][RSN-EAP/SHA1-CCMP][ESS],2026-09-26 07:41:42,140,5700,-66,26.188841586665625,91.70211656188678,1.985748291015625,9.935046195983887,,,WIFI
04:d5:90:66:c0:20,eduroam,[WPA2-EAP/SHA1-CCMP][RSN-EAP/SHA1-CCMP][ESS],2026-09-26 07:41:42,6,2437,-49,26.188841586665625,91.70211656188678,1.985748291015625,9.935046195983887,,,WIFI
04:d5:90:66:c0:21,IITG_CONNECT,[WPA2-EAP/SHA1-CCMP][RSN-EAP/SHA1-CCMP][ESS],2026-09-26 07:41:42,6,2437,-41,26.188841586665625,91.70211656188678,1.985748291015625,9.935046195983887,,,WIFI
55:5e:5e:f1:2f:dc,,Uncategorized;10,2026-09-26 07:41:43,,7936,-92,26.188846087249413,91.7021165948569,-2.755462646484375,9.935046195983887,,,BLE
42:95:e1:ef:dd:e5,550ANC_BLE,Uncategorized;10,2026-09-26 07:41:45,,7936,-102,26.188862315000847,91.7021143584322,-0.61688232421875,9.935046195983887,,,BLE
14:26:05:09:e2:a7,,Uncategorized;10,2026-09-26 07:41:46,,7936,-102,26.18886921700498,91.70211565688646,-2.5137939453125,9.935046195983887,,,BLE
69:e4:7f:c2:ee:5e,,Uncategorized;10,2026-09-26 07:41:46,,7936,-103,26.18886921700498,91.70211565688646,-2.5137939453125,9.935046195983887,,,BLE
5e:b0:60:9f:60:47,,Misc,2026-09-26 07:41:47,,,-103,26.18887671242064,91.70211698920826,-2.485992431640625,9.935046195983887,,,BLE
39:ad:b8:b0:e9:31,,Misc,2026-09-26 07:41:47,,,-70,26.18887671242064,91.70211698920826,-2.485992431640625,9.935046195983887,,,BLE
00:8e:dd:e1:86:5d,,Misc,2026-09-26 07:41:47,,,-100,26.18887671242064,91.70211698920826,-2.485992431640625,9.935046195983887,,6,BLE
4a:da:62:4e:21:eb,,Misc,2026-09-26 07:41:47,,,-104,26.18887671242064,91.70211698920826,-2.485992431640625,9.935046195983887,,,BLE
67:06:33:b5:da:b6,,Misc,2026-09-26 07:41:47,,,-97,26.18887671242064,91.70211698920826,-2.485992431640625,9.935046195983887,,,BLE
55:5e:5e:f1:2f:dc,,Uncategorized;10,2026-09-26 07:41:47,,7936,-92,26.18887671242064,91.70211698920826,-2.485992431640625,9.935046195983887,,76,BLE
69:e4:7f:c2:ee:5e,,Uncategorized;10,2026-09-26 07:41:47,,7936,-96,26.18887671242064,91.70211698920826,-2.485992431640625,9.935046195983887,,76,BLE
60:41:40:8a:66:b5,OnePlus Nord Buds 3 Pro,Uncategorized,2026-09-26 07:41:47,,7936,-96,26.18887671242064,91.70211698920826,-2.485992431640625,9.935046195983887,,,BLE
45:c5:ba:4c:9d:d7,LAPTOP-29HH6271,Uncategorized;10,2026-09-26 07:41:47,,7936,-96,26.18887671242064,91.70211698920826,-2.485992431640625,9.935046195983887,,,BLE
30:01:ab:c5:b7:a6,,Misc,2026-09-26 07:41:47,,,-102,26.18887671242064,91.70211698920826,-2.485992431640625,9.935046195983887,,6,BLE
1c:bc:87:61:9b:ec,,Misc,2026-09-26 07:41:47,,7936,-86,26.18887671242064,91.70211698920826,-2.485992431640625,9.935046195983887,,,BLE
3e:24:92:f8:0f:d2,,Misc,2026-09-26 07:41:47,,,-102,26.18887671242064,91.70211698920826,-2.485992431640625,9.935046195983887,,6,BLE
6a:c6:e1:d4:47:b0,WF-C510-GFP,Misc,2026-09-26 07:41:47,,,-76,26.18887671242064,91.70211698920826,-2.485992431640625,9.935046195983887,,,BLE
42:95:e1:ef:dd:e5,550ANC_BLE,Uncategorized;10,2026-09-26 07:41:47,,7936,-104,26.18887671242064,91.70211698920826,-2.485992431640625,9.935046195983887,,1494,BLE
53:d9:2d:ed:ca:93,LE_WF-C510,Misc,2026-09-26 07:41:47,,7936,-75,26.18887671242064,91.70211698920826,-2.485992431640625,9.935046195983887,,,BLE
77:62:d6:26:4d:54,,Uncategorized;10,2026-09-26 07:41:50,,7936,-100,26.188908172443284,91.70212154101019,-1.496490478515625,9.935046195983887,,,BLE
42:7f:97:31:32:38,,Uncategorized;10,2026-09-26 07:41:50,,7936,-91,26.188908172443284,91.70212154101019,-1.496490478515625,9.935046195983887,,,BLE
45:c5:ba:4c:9d:d7,LAPTOP-29HH6271,Uncategorized;10,2026-09-26 07:41:51,,7936,-90,26.18891242106061,91.70212382715621,0.34600830078125,9.935046195983887,,,BLE
51:9d:c8:1b:db:ff,LAPTOP-T04CAJGT,Uncategorized;10,2026-09-26 07:41:52,,7936,-93,26.188923561814214,91.7021276386841,1.575927734375,9.935046195983887,,,BLE
48:9b:e0:34:4e:56,YES,Smartphone;10,2026-09-26 07:41:52,,524,-90,26.188923561814214,91.7021276386841,1.575927734375,9.935046195983887,,,BT
77:62:d6:26:4d:54,,Uncategorized;10,2026-09-26 07:41:52,,7936,-99,26.188923561814214,91.7021276386841,1.575927734375,9.935046195983887,,1839,BLE
77:e5:48:72:d2:34,,Misc,2026-09-26 07:41:52,,,-99,26.188923561814214,91.7021276386841,1.575927734375,9.935046195983887,,76,BLE
79:fc:70:a4:d3:9a,,Misc,2026-09-26 07:41:52,,,-128,26.188923561814214,91.7021276386841,1.575927734375,9.935046195983887,,1839,BLE
41:23:46:82:53:87,219_BLE,Misc,2026-09-26 07:41:52,,7936,-89,26.188923561814214,91.7021276386841,1.575927734375,9.935046195983887,,,BLE
6d:bd:a6:0f:d8:1b,,Misc,2026-09-26 07:41:52,,,-94,26.188923561814214,91.7021276386841,1.575927734375,9.935046195983887,,,BLE
00:8e:dd:e1:86:5d,,Misc,2026-09-26 07:41:52,,,-91,26.188923561814214,91.7021276386841,1.575927734375,9.935046195983887,,6,BLE
67:e3:7c:0f:dd:f9,,Misc,2026-09-26 07:41:52,,,-105,26.188923561814214,91.7021276386841,1.575927734375,9.935046195983887,,76,BLE
da:88:e3:26:2b:72,,Misc,2026-09-26 07:41:52,,,-106,26.188923561814214,91.7021276386841,1.575927734375,9.935046195983887,,76,BLE
79:67:74:50:c7:d3,,Misc,2026-09-26 07:41:52,,,-101,26.188923561814214,91.7021276386841,1.575927734375,9.935046195983887,,76,BLE
40:79:36:ab:d5:6b,,Misc,2026-09-26 07:41:52,,,-98,26.188923561814214,91.7021276386841,1.575927734375,9.935046195983887,,76,BLE
7d:99:d6:24:ab:f8,,Uncategorized;10,2026-09-26 07:41:52,,7936,-101,26.188923561814214,91.7021276386841,1.575927734375,9.935046195983887,,,BLE
10:68:38:74:93:16,MUKUL-PC,Laptop;10,2026-09-26 07:41:53,,268,-93,26.188934411526525,91.7021310677803,2.3397216796875,9.935046195983887,,,BT
69:04:54:54:32:1b,,Uncategorized;10,2026-09-26 07:41:53,,7936,-95,26.188934411526525,91.7021310677803,2.3397216796875,9.935046195983887,,,BLE
66:28:81:f8:9e:ac,,Uncategorized;10,2026-09-26 07:41:54,,7936,-102,26.18894665690582,91.70213399799205,3.406829833984375,9.935046195983887,,,BLE
f2:75:0c:7c:d1:14,IITG_CONNECT,[WPA2-EAP/SHA1+FT/EAP-CCMP][RSN-EAP/SHA1+FT/EAP-CCMP][ESS],2026-09-26 07:41:54,11,2462,-80,26.18894665690582,91.70213399799205,3.406829833984375,9.935046195983887,,,WIFI
c2:07:1d:66:c1:58,IITG_CONNECT,[WPA2-EAP/SHA1+FT/EAP-CCMP][RSN-EAP/SHA1+FT/EAP-CCMP][ESS],2026-09-26 07:41:54,1,2412,-79,26.18894665690582,91.70213399799205,3.406829833984375,9.935046195983887,,,WIFI
6c:4c:bc:ae:41:b6,sirfapsalot,[WPA2-PSK-CCMP][RSN-PSK-CCMP][ESS][WPS],2026-09-26 07:41:54,10,2457,-79,26.18894665690582,91.70213399799205,3.406829833984375,9.935046195983887,,,WIFI
ce:4d:65:65:24:7b,OPPO F29 5G p2x8,[WPA2-PSK-CCMP][RSN-PSK+SAE-CCMP][ESS],2026-09-26 07:41:54,11,2462,-82,26.18894665690582,91.70213399799205,3.406829833984375,9.935046195983887,,,WIFI
78:8c:b5:fe:08:d8,TP-Link_08D9_5G,[WPA2-PSK-CCMP][RSN-PSK-CCMP][ESS][WPS],2026-09-26 07:41:54,44,5220,-87,26.18894665690582,91.70213399799205,3.406829833984375,9.935046195983887,,,WIFI
40:3f:8c:99:1d:ad,Curry,[WPA2-PSK-CCMP][RSN-PSK-CCMP][ESS][WPS],2026-09-26 07:41:54,3,2422,-68,26.18894665690582,91.70213399799205,3.406829833984375,9.935046195983887,,,WIFI
a8:42:a1:88:0f:48,TP-Link_0F48,[WPA2-PSK-CCMP][RSN-PSK-CCMP][ESS][WPS],2026-09-26 07:41:54,10,2457,-80,26.18894665690582,91.70213399799205,3.406829833984375,9.935046195983887,,,WIFI
44:a2:06:1f:77:c8,,Uncategorized;10,2026-09-26 07:41:56,,7936,-103,26.18896860993264,91.702136170213,4.210601806640625,9.935046195983887,,,BLE
64:a8:ce:5f:40:3a,,Uncategorized;10,2026-09-26 07:41:56,,7936,-98,26.18896860993264,91.702136170213,4.210601806640625,9.935046195983887,,,BLE
66:28:81:f8:9e:ac,,Uncategorized;10,2026-09-26 07:41:57,,7936,-102,26.18898018592373,91.70213556892695,4.12811279296875,9.935046195983887,,76,BLE
44:a2:06:1f:77:c8,,Uncategorized;10,2026-09-26 07:41:57,,7936,-103,26.18898018592373,91.70213556892695,4.12811279296875,9.935046195983887,,76,BLE
77:2e:1c:55:64:19,CMF Buds 2a,Uncategorized,2026-09-26 07:41:57,,7936,-86,26.18898018592373,91.70213556892695,4.12811279296875,9.935046195983887,,3275,BLE
24:b8:6f:bb:a8:f1,,Misc,2026-09-26 07:41:57,,,-99,26.18898018592373,91.70213556892695,4.12811279296875,9.935046195983887,,6,BLE
69:04:54:54:32:1b,,Uncategorized;10,2026-09-26 07:41:57,,7936,-94,26.18898018592373,91.70213556892695,4.12811279296875,9.935046195983887,,76,BLE
69:e4:7f:c2:ee:5e,,Uncategorized;10,2026-09-26 07:41:57,,7936,-83,26.18898018592373,91.70213556892695,4.12811279296875,9.935046195983887,,76,BLE
7d:99:d6:24:ab:f8,,Uncategorized;10,2026-09-26 07:41:57,,7936,-101,26.18898018592373,91.70213556892695,4.12811279296875,9.935046195983887,,76,BLE
06:43:69:a0:2f:75,,Misc,2026-09-26 07:41:57,,,-99,26.18898018592373,91.70213556892695,4.12811279296875,9.935046195983887,,6,BLE
19:bd:81:e9:34:d7,,Misc,2026-09-26 07:41:57,,,-103,26.18898018592373,91.70213556892695,4.12811279296875,9.935046195983887,,,BLE
f3:b5:c9:b9:73:bb,,Misc,2026-09-26 07:41:57,,,-106,26.18898018592373,91.70213556892695,4.12811279296875,9.935046195983887,,76,BLE
56:e2:6f:2f:73:32,,Misc,2026-09-26 07:41:57,,,-100,26.18898018592373,91.70213556892695,4.12811279296875,9.935046195983887,,76,BLE
3e:f7:f7:16:f8:2c,,Misc,2026-09-26 07:41:57,,,-99,26.18898018592373,91.70213556892695,4.12811279296875,9.935046195983887,,6,BLE
79:67:74:50:c7:d3,,Misc,2026-09-26 07:41:57,,,-94,26.18898018592373,91.70213556892695,4.12811279296875,9.935046195983887,,76,BLE
88:0e:85:dc:bb:19,realme Buds T310,Uncategorized,2026-09-26 07:41:57,,7936,-96,26.18898018592373,91.70213556892695,4.12811279296875,9.935046195983887,,41992,BLE
64:a8:ce:5f:40:3a,,Uncategorized;10,2026-09-26 07:41:57,,7936,-97,26.18898018592373,91.70213556892695,4.12811279296875,9.935046195983887,,76,BLE
0b:dc:52:e3:82:55,,Uncategorized;10,2026-09-26 07:41:58,,7936,-96,26.18899151404943,91.70213459692815,5.03466796875,9.935046195983887,,,BLE
64:72:71:14:ee:18,,Uncategorized;10,2026-09-26 07:41:58,,7936,-104,26.18899151404943,91.70213459692815,5.03466796875,9.935046195983887,,,BLE
60:ff:9e:84:14:ef,LAPTOP-29HH6271,Laptop;10,2026-09-26 07:42:00,,268,-90,26.189013755354082,91.7021332456965,4.7431640625,9.935046195983887,,,BT
74:f8:43:e0:0b:52,,Misc,2026-09-26 07:42:02,,,-103,26.18903354665845,91.70213016351079,5.656402587890625,9.935046195983887,,76,BLE
08:79:97:c2:92:2b,,Misc,2026-09-26 07:42:02,,,-104,26.18903354665845,91.70213016351079,5.656402587890625,9.935046195983887,,6,BLE
5e:b0:60:9f:60:47,,Misc,2026-09-26 07:42:02,,,-96,26.18903354665845,91.70213016351079,5.656402587890625,9.935046195983887,,,BLE
f9:88:36:a7:cf:af,,Misc,2026-09-26 07:42:02,,,-93,26.18903354665845,91.70213016351079,5.656402587890625,9.935046195983887,,76,BLE
64:a8:ce:5f:40:3a,,Uncategorized;10,2026-09-26 07:42:02,,7936,-89,26.18903354665845,91.70213016351079,5.656402587890625,9.935046195983887,,76,BLE
04:da:91:e9:05:cf,,Misc,2026-09-26 07:42:02,,,-88,26.18903354665845,91.70213016351079,5.656402587890625,9.935046195983887,,6,BLE
41:b8:22:42:9b:82,,Misc,2026-09-26 07:42:02,,,-102,26.18903354665845,91.70213016351079,5.656402587890625,9.935046195983887,,76,BLE
c0:e1:2d:e9:f3:ea,,Misc,2026-09-26 07:42:02,,,-97,26.18903354665845,91.70213016351079,5.656402587890625,9.935046195983887,,76,BLE
64:72:71:14:ee:18,,Uncategorized;10,2026-09-26 07:42:02,,7936,-104,26.18903354665845,91.70213016351079,5.656402587890625,9.935046195983887,,76,BLE
00:8e:dd:e1:86:5d,,Misc,2026-09-26 07:42:02,,,-86,26.18903354665845,91.70213016351079,5.656402587890625,9.935046195983887,,6,BLE
d0:c6:21:c3:9e:bc,,Misc,2026-09-26 07:42:02,,,-100,26.18903354665845,91.70213016351079,5.656402587890625,9.935046195983887,,76,BLE
53:53:53:e0:e6:34,,Misc,2026-09-26 07:42:02,,,-100,26.18903354665845,91.70213016351079,5.656402587890625,9.935046195983887,,,BLE
14:26:05:09:e2:a7,,Uncategorized;10,2026-09-26 07:42:02,,7936,-97,26.18903354665845,91.70213016351079,5.656402587890625,9.935046195983887,,,BLE
10:68:38:74:93:16,MUKUL-PC,Laptop;10,2026-09-26 07:42:02,,268,0,26.18903354665845,91.70213016351079,5.656402587890625,9.935046195983887,,,BT
48:9b:e0:34:4e:56,YES,Smartphone;10,2026-09-26 07:42:02,,524,-84,26.18903354665845,91.70213016351079,5.656402587890625,9.935046195983887,,,BT
0b:dc:52:e3:82:55,,Uncategorized;10,2026-09-26 07:42:02,,7936,-90,26.18903354665845,91.70213016351079,5.656402587890625,9.935046195983887,,,BLE
ec:3a:56:33:88:3b,,Laptop;10,2026-09-26 07:42:02,,268,0,26.18903354665845,91.70213016351079,5.656402587890625,9.935046195983887,,,BT
14:26:05:09:e2:a7,,Uncategorized;10,2026-09-26 07:42:03,,7936,-84,26.189044703927202,91.70212709684601,5.26324462890625,9.935046195983887,,,BLE
7d:99:d6:24:ab:f8,,Uncategorized;10,2026-09-26 07:42:04,,7936,-96,26.189055205107973,91.70212375235141,3.9730224609375,9.935046195983887,,76,BLE
57:8d:d3:7a:22:32,,Uncategorized;10,2026-09-26 07:42:04,,7936,-100,26.189055205107973,91.70212375235141,3.9730224609375,9.935046195983887,,,BLE
52:68:ff:37:c5:98,,Misc,2026-09-26 07:42:07,,,-102,26.189085792825203,91.70210912469618,3.427398681640625,9.935046195983887,,,BLE
3e:f7:f7:16:f8:2c,,Misc,2026-09-26 07:42:07,,,-94,26.189085792825203,91.70210912469618,3.427398681640625,9.935046195983887,,6,BLE
79:67:74:50:c7:d3,,Misc,2026-09-26 07:42:07,,,-89,26.189085792825203,91.70210912469618,3.427398681640625,9.935046195983887,,76,BLE
51:e1:db:44:4e:fd,,Misc,2026-09-26 07:42:07,,,-98,26.189085792825203,91.70210912469618,3.427398681640625,9.935046195983887,,76,BLE
05:1a:25:d9:2b:ea,,Misc,2026-09-26 07:42:07,,,-104,26.189085792825203,91.70210912469618,3.427398681640625,9.935046195983887,,6,BLE
60:37:8c:b4:9d:05,,Misc,2026-09-26 07:42:07,,,-100,26.189085792825203,91.70210912469618,3.427398681640625,9.935046195983887,,76,BLE
f3:b5:c9:b9:73:bb,,Misc,2026-09-26 07:42:07,,,-97,26.189085792825203,91.70210912469618,3.427398681640625,9.935046195983887,,76,BLE
50:7a:0a:5e:1a:f7,,Misc,2026-09-26 07:42:07,,,-100,26.189085792825203,91.70210912469618,3.427398681640625,9.935046195983887,,,BLE
0d:d6:7e:d2:11:69,,Misc,2026-09-26 07:42:12,,,-103,26.18911138565667,91.70206311494847,3.42156982421875,9.935046195983887,,6,BLE
08:79:97:c2:92:2b,,Misc,2026-09-26 07:42:12,,,-97,26.18911138565667,91.70206311494847,3.42156982421875,9.935046195983887,,6,BLE
55:5e:5e:f1:2f:dc,,Uncategorized;10,2026-09-26 07:42:12,,7936,-84,26.18911138565667,91.70206311494847,3.42156982421875,9.935046195983887,,76,BLE
6c:30:38:c0:39:13,,Misc,2026-09-26 07:42:12,,,-104,26.18911138565667,91.70206311494847,3.42156982421875,9.935046195983887,,76,BLE
66:28:81:f8:9e:ac,,Uncategorized;10,2026-09-26 07:42:12,,7936,-94,26.18911138565667,91.70206311494847,3.42156982421875,9.935046195983887,,76,BLE
3d:29:ee:3e:a8:49,,Misc,2026-09-26 07:42:12,,,-98,26.18911138565667,91.70206311494847,3.42156982421875,9.935046195983887,,6,BLE
6a:19:62:a7:91:7e,,Uncategorized;10,2026-09-26 07:42:16,,7936,-103,26.18910472105242,91.70201876511004,3.344512939453125,9.935046195983887,,,BLE
5a:76:fb:9c:5a:b7,,Misc,2026-09-26 07:42:17,,,-103,26.18910011929492,91.7020056382968,3.42132568359375,9.935046195983887,,,BLE
35:88:24:94:00:20,,Misc,2026-09-26 07:42:17,,,-98,26.18910011929492,91.7020056382968,3.42132568359375,9.935046195983887,,6,BLE
65:0f:ce:98:3a:8b,,Misc,2026-09-26 07:42:17,,7936,-108,26.18910011929492,91.7020056382968,3.42132568359375,9.935046195983887,,76,BLE
68:e1:8c:f5:79:16,,Misc,2026-09-26 07:42:17,,,-103,26.18910011929492,91.7020056382968,3.42132568359375,9.935046195983887,,,BLE
67:06:33:b5:da:b6,,Misc,2026-09-26 07:42:17,,,-89,26.18910011929492,91.7020056382968,3.42132568359375,9.935046195983887,,,BLE
56:97:51:0c:ab:f2,OnePlus Nord Buds 3 Pro,Uncategorized,2026-09-26 07:42:17,,7936,-100,26.18910011929492,91.7020056382968,3.42132568359375,9.935046195983887,,,BLE
6a:19:62:a7:91:7e,,Uncategorized;10,2026-09-26 07:42:17,,7936,-103,26.18910011929492,91.7020056382968,3.42132568359375,9.935046195983887,,76,BLE
01:bb:8a:7d:69:95,,Uncategorized;10,2026-09-26 07:42:21,,7936,-98,26.189062037166938,91.70197424646386,4.6435546875,9.935046195983887,,,BLE
30:3a:80:45:be:f2,,Uncategorized;10,2026-09-26 07:42:21,,7936,-103,26.189062037166938,91.70197424646386,4.6435546875,9.935046195983887,,,BLE
d7:a5:b9:c8:74:3f,,Misc,2026-09-26 07:42:22,,,-102,26.189040935498678,91.70197293917174,4.987213134765625,3.7900924682617188,,76,BLE
2b:fd:a6:77:1e:66,,Misc,2026-09-26 07:42:22,,,-99,26.189040935498678,91.70197293917174,4.987213134765625,3.7900924682617188,,,BLE
47:27:b6:0e:89:ca,OnePlus Nord Buds 3r,Misc,2026-09-26 07:42:22,,7936,-102,26.189040935498678,91.70197293917174,4.987213134765625,3.7900924682617188,,,BLE
3e:24:92:f8:0f:d2,,Misc,2026-09-26 07:42:22,,,-91,26.189040935498678,91.70197293917174,4.987213134765625,3.7900924682617188,,6,BLE
3b:2c:7a:b3:70:6d,,Misc,2026-09-26 07:42:22,,,-101,26.189040935498678,91.70197293917174,4.987213134765625,3.7900924682617188,,,BLE
0a:e8:cf:35:0f:71,,Misc,2026-09-26 07:42:22,,,-102,26.189040935498678,91.70197293917174,4.987213134765625,3.7900924682617188,,,BLE
5a:76:fb:9c:5a:b7,,Misc,2026-09-26 07:42:22,,,-91,26.189040935498678,91.70197293917174,4.987213134765625,3.7900924682617188,,,BLE
64:50:e2:52:7b:c1,,Uncategorized;10,2026-09-26 07:42:25,,7936,-98,26.189005330293135,91.70197126920868,5.823822021484375,3.7900924682617188,,,BLE
6a:de:86:81:df:bf,,Misc,2026-09-26 07:42:27,,,-107,26.188984234379195,91.7019767825664,5.768157958984375,3.7900924682617188,,76,BLE
64:50:e2:52:7b:c1,,Uncategorized;10,2026-09-26 07:42:27,,7936,-97,26.188984234379195,91.7019767825664,5.768157958984375,3.7900924682617188,,76,BLE
1f:a2:5f:f1:6a:f6,,Misc,2026-09-26 07:42:27,,,-98,26.188984234379195,91.7019767825664,5.768157958984375,3.7900924682617188,,,BLE
4d:84:7c:48:98:a2,,Misc,2026-09-26 07:42:27,,,-101,26.188984234379195,91.7019767825664,5.768157958984375,3.7900924682617188,,1839,BLE
cd:e8:e9:05:81:d4,,Misc,2026-09-26 07:42:27,,,-95,26.188984234379195,91.7019767825664,5.768157958984375,3.7900924682617188,,76,BLE
40:83:52:78:9e:1a,,Misc,2026-09-26 07:42:27,,,-105,26.188984234379195,91.7019767825664,5.768157958984375,3.7900924682617188,,,BLE
4a:c9:bd:b7:ac:77,realme Buds T310-GFP,Misc,2026-09-26 07:42:27,,7936,-101,26.188984234379195,91.7019767825664,5.768157958984375,3.7900924682617188,,,BLE
56:97:51:0c:ab:f2,OnePlus Nord Buds 3 Pro,Uncategorized,2026-09-26 07:42:27,,7936,-93,26.188984234379195,91.7019767825664,5.768157958984375,3.7900924682617188,,,BLE
c0:eb:8b:ab:4b:6b,Nirvana Ion-LE,Misc,2026-09-26 07:42:27,,7936,-102,26.188984234379195,91.7019767825664,5.768157958984375,3.7900924682617188,,,BLE
07:7c:4d:31:4a:28,,Misc,2026-09-26 07:42:27,,,-103,26.188984234379195,91.7019767825664,5.768157958984375,3.7900924682617188,,6,BLE
40:ae:30:2d:01:9a,Star,[WPA2-PSK-TKIP+CCMP][RSN-PSK-TKIP+CCMP][ESS][WPS],2026-09-26 07:42:27,3,2422,-83,26.188984234379195,91.7019767825664,5.768157958984375,3.7900924682617188,,,WIFI
c2:07:1d:66:c1:59,IITG_CONNECT,[WPA2-EAP/SHA1+FT/EAP-CCMP][RSN-EAP/SHA1+FT/EAP-CCMP][ESS],2026-09-26 07:42:27,44,5220,-87,26.188984234379195,91.7019767825664,5.768157958984375,3.7900924682617188,,,WIFI
6c:4c:bc:ae:41:b6,sirfapsalot,[WPA2-PSK-CCMP][RSN-PSK-CCMP][ESS][WPS],2026-09-26 07:42:27,10,2457,-73,26.188984234379195,91.7019767825664,5.768157958984375,3.7900924682617188,,,WIFI
a4:2a:95:3c:62:5c,pirateking,[WPA2-PSK-CCMP][RSN-PSK-CCMP][ESS],2026-09-26 07:42:27,13,2472,-64,26.188984234379195,91.7019767825664,5.768157958984375,3.7900924682617188,,,WIFI
c2:07:1d:66:c1:40,IITG_CONNECT,[WPA2-EAP/SHA1+FT/EAP-CCMP][RSN-EAP/SHA1+FT/EAP-CCMP][ESS],2026-09-26 07:42:27,1,2412,-87,26.188984234379195,91.7019767825664,5.768157958984375,3.7900924682617188,,,WIFI
40:86:cb:2a:d9:68,Rohit ka internet,[WPA2-PSK-CCMP][RSN-PSK-CCMP][ESS],2026-09-26 07:42:27,1,2412,-77,26.188984234379195,91.7019767825664,5.768157958984375,3.7900924682617188,,,WIFI
64:29:43:99:fc:c6,R03-FCC5,[WPA2-PSK-CCMP][RSN-PSK-CCMP][ESS],2026-09-26 07:42:27,8,2447,-75,26.188984234379195,91.7019767825664,5.768157958984375,3.7900924682617188,,,WIFI
64:29:43:99:78:4a,R03-7849,[WPA2-PSK-CCMP][RSN-PSK-CCMP][ESS],2026-09-26 07:42:27,4,2427,-75,26.188984234379195,91.7019767825664,5.768157958984375,3.7900924682617188,,,WIFI
40:86:cb:7a:a3:80,ItHurtsWhenIP,[WPA2-PSK-CCMP][RSN-PSK-CCMP][ESS][WPS],2026-09-26 07:42:39,13,2472,-80,26.188884472455072,91.70203351833713,4.78887939453125,3.7900924682617188,,,WIFI
04:d5:90:66:c0:28,eduroam,[WPA2-EAP/SHA1-CCMP][RSN-EAP/SHA1-CCMP][ESS],2026-09-26 07:42:39,140,5700,-61,26.188884472455072,91.70203351833713,4.78887939453125,3.7900924682617188,,,WIFI
04:d5:90:66:c0:29,IITG_CONNECT,[WPA2-EAP/SHA1-CCMP][RSN-EAP/SHA1-CCMP][ESS],2026-09-26 07:42:39,140,5700,-61,26.188884472455072,91.70203351833713,4.78887939453125,3.7900924682617188,,,WIFI
e7:62:d8:62:11:b9,,Misc,2026-09-26 07:42:42,,,-73,26.188867751557755,91.70206057871638,5.482269287109375,3.7900924682617188,,76,BLE
69:7c:00:a1:55:bc,,Misc,2026-09-26 07:42:42,,7936,-107,26.188867751557755,91.70206057871638,5.482269287109375,3.7900924682617188,,76,BLE
50:e0:9b:d2:7f:cb,,Misc,2026-09-26 07:42:42,,,-97,26.188867751557755,91.70206057871638,5.482269287109375,3.7900924682617188,,76,BLE
c0:eb:8b:ab:4b:6b,Nirvana Ion-LE,Misc,2026-09-26 07:42:42,,7936,-102,26.188867751557755,91.70206057871638,5.482269287109375,3.7900924682617188,,41104,BLE
4a:c9:bd:b7:ac:77,realme Buds T310-GFP,Misc,2026-09-26 07:42:42,,7936,-96,26.188867751557755,91.70206057871638,5.482269287109375,3.7900924682617188,,,BLE
1c:bc:87:61:9b:ec,,Misc,2026-09-26 07:42:42,,7936,-74,26.188867751557755,91.70206057871638,5.482269287109375,3.7900924682617188,,,BLE
69:7c:00:a1:55:bc,,Misc,2026-09-26 07:42:43,,7936,-96,26.188865697759404,91.70207059485001,4.88226318359375,3.7900924682617188,,76,BLE
52:e3:4f:5e:15:a8,,Uncategorized;10,2026-09-26 07:42:43,,7936,-98,26.188865697759404,91.70207059485001,4.88226318359375,3.7900924682617188,,,BLE
43:10:9a:64:64:61,,Uncategorized;10,2026-09-26 07:42:43,,7936,-92,26.188865697759404,91.70207059485001,4.88226318359375,3.7900924682617188,,,BLE
56:ae:74:d4:56:9e,,Misc,2026-09-26 07:42:44,,7936,-95,26.188860335853928,91.70207814842044,5.0123291015625,3.7900924682617188,,76,BLE
4e:d4:83:fe:58:96,,Uncategorized;10,2026-09-26 07:42:44,,7936,-100,26.188860335853928,91.70207814842044,5.0123291015625,3.7900924682617188,,,BLE
54:8e:d3:f6:e0:73,,Uncategorized;10,2026-09-26 07:42:45,,7936,-106,26.188853562513355,91.70208166552621,5.289154052734375,3.7900924682617188,,,BLE
2b:fd:a6:77:1e:66,,Misc,2026-09-26 07:42:47,,,-79,26.188838551833722,91.7020864863326,5.0189208984375,3.7900924682617188,,,BLE
4e:d4:83:fe:58:96,,Uncategorized;10,2026-09-26 07:42:47,,7936,-128,26.188838551833722,91.7020864863326,5.0189208984375,3.7900924682617188,,76,BLE
54:8e:d3:f6:e0:73,,Uncategorized;10,2026-09-26 07:42:47,,7936,-106,26.188838551833722,91.7020864863326,5.0189208984375,3.7900924682617188,,76,BLE
d5:de:e3:c4:83:a3,,Misc,2026-09-26 07:42:47,,,-99,26.188838551833722,91.7020864863326,5.0189208984375,3.7900924682617188,,76,BLE
52:e3:4f:5e:15:a8,,Uncategorized;10,2026-09-26 07:42:47,,7936,-101,26.188838551833722,91.7020864863326,5.0189208984375,3.7900924682617188,,76,BLE
0b:ec:3e:33:0d:12,,Misc,2026-09-26 07:42:47,,,-102,26.188838551833722,91.7020864863326,5.0189208984375,3.7900924682617188,,6,BLE
52:68:ff:37:c5:98,,Misc,2026-09-26 07:42:47,,,-97,26.188838551833722,91.7020864863326,5.0189208984375,3.7900924682617188,,,BLE
43:10:9a:64:64:61,,Uncategorized;10,2026-09-26 07:42:47,,7936,-93,26.188838551833722,91.7020864863326,5.0189208984375,3.7900924682617188,,76,BLE
c0:eb:8b:ab:4b:6b,Nirvana Ion-LE,Misc,2026-09-26 07:42:47,,7936,-88,26.188838551833722,91.7020864863326,5.0189208984375,3.7900924682617188,,41104,BLE
df:71:fd:59:f2:ed,,Misc,2026-09-26 07:42:47,,,-72,26.188838551833722,91.7020864863326,5.0189208984375,3.7900924682617188,,76,BLE
34:c6:52:39:d3:c3,,Uncategorized;10,2026-09-26 07:42:49,,7936,-102,26.18882057511857,91.70209322987316,5.899017333984375,3.7900924682617188,,,BLE
8a:33:76:5a:86:a3,Harshit,[WPA2-PSK-CCMP][RSN-PSK+SAE-CCMP][ESS],2026-09-26 07:42:51,161,5805,-78,26.18880364292836,91.70210405299761,5.856658935546875,3.7900924682617188,,,WIFI
dc:ea:e7:7a:2b:76,Thousand Sunny,[WPA2-PSK-CCMP][RSN-PSK-CCMP][ESS],2026-09-26 07:42:51,1,2412,-72,26.18880364292836,91.70210405299761,5.856658935546875,3.7900924682617188,,,WIFI
24:2f:d0:f5:94:76,TP-Link_9476,[WPA2-PSK-CCMP][RSN-PSK-CCMP][ESS][WPS],2026-09-26 07:42:51,9,2452,-81,26.18880364292836,91.70210405299761,5.856658935546875,3.7900924682617188,,,WIFI
04:d5:90:66:fb:68,eduroam,[WPA2-EAP/SHA1-CCMP][RSN-EAP/SHA1-CCMP][ESS],2026-09-26 07:42:51,124,5620,-77,26.18880364292836,91.70210405299761,5.856658935546875,3.7900924682617188,,,WIFI
54:8e:d3:f6:e0:73,,Uncategorized;10,2026-09-26 07:42:51,,7936,-97,26.18880364292836,91.70210405299761,5.856658935546875,3.7900924682617188,,76,BLE
c4:df:39:23:ee:ec,realme 9i,Smartphone;10,2026-09-26 07:42:52,,524,-78,26.188794131220444,91.70210824465711,5.553558349609375,3.7900924682617188,,,BT
5d:e1:3a:0f:1b:a0,,Misc,2026-09-26 07:42:52,,7936,-103,26.188794131220444,91.70210824465711,5.553558349609375,3.7900924682617188,,76,BLE
4e:d4:83:fe:58:96,,Uncategorized;10,2026-09-26 07:42:52,,7936,-99,26.188794131220444,91.70210824465711,5.553558349609375,3.7900924682617188,,76,BLE
78:2e:c9:7c:92:fd,,Misc,2026-09-26 07:42:52,,,-62,26.188794131220444,91.70210824465711,5.553558349609375,3.7900924682617188,,76,BLE
11:af:ad:83:a9:13,,Misc,2026-09-26 07:42:52,,,-95,26.188794131220444,91.70210824465711,5.553558349609375,3.7900924682617188,,,BLE
1b:70:f3:60:15:a8,,Misc,2026-09-26 07:42:52,,,-104,26.188794131220444,91.70210824465711,5.553558349609375,3.7900924682617188,,,BLE
47:89:c3:05:38:cf,,Uncategorized;10,2026-09-26 07:42:52,,7936,-100,26.188794131220444,91.70210824465711,5.553558349609375,3.7900924682617188,,,BLE
4e:d4:83:fe:58:96,,Uncategorized;10,2026-09-26 07:42:52,,7936,-91,26.188794131220444,91.70210824465711,5.553558349609375,3.7900924682617188,,76,BLE
11:af:ad:83:a9:13,,Misc,2026-09-26 07:42:57,,,-84,26.188751167565062,91.70211545465105,5.7669677734375,3.7900924682617188,,,BLE
3a:d8:e3:4d:3f:8c,,Misc,2026-09-26 07:42:57,,,-102,26.188751167565062,91.70211545465105,5.7669677734375,3.7900924682617188,,,BLE
47:89:c3:05:38:cf,,Uncategorized;10,2026-09-26 07:42:57,,7936,-100,26.188751167565062,91.70211545465105,5.7669677734375,3.7900924682617188,,76,BLE
37:4e:23:b2:8a:76,,Misc,2026-09-26 07:42:57,,,-98,26.188751167565062,91.70211545465105,5.7669677734375,3.7900924682617188,,,BLE
0b:ec:3e:33:0d:12,,Misc,2026-09-26 07:42:57,,,-93,26.188751167565062,91.70211545465105,5.7669677734375,3.7900924682617188,,6,BLE
65:a4:d1:c5:5c:2c,,Misc,2026-09-26 07:42:57,,,-100,26.188751167565062,91.70211545465105,5.7669677734375,3.7900924682617188,,76,BLE
38:a5:70:d0:08:3b,,Misc,2026-09-26 07:42:57,,,-88,26.188751167565062,91.70211545465105,5.7669677734375,3.7900924682617188,,6,BLE
2d:88:64:1d:97:80,,Uncategorized;10,2026-09-26 07:42:58,,7936,-103,26.188742324986897,91.70211738700655,5.5238037109375,3.7900924682617188,,,BLE
5a:3f:04:44:bd:24,,Uncategorized;10,2026-09-26 07:42:58,,7936,-101,26.188742324986897,91.70211738700655,5.5238037109375,3.7900924682617188,,,BLE
32:3f:66:bc:d2:a4,Airdopes 161,null;10,2026-09-26 07:42:58,,1028,-86,26.188742324986897,91.70211738700655,5.5238037109375,3.7900924682617188,,,BT
69:7c:00:a1:55:bc,,Misc,2026-09-26 07:42:59,,7936,-89,26.188733822685695,91.70212004693757,5.42694091796875,3.7900924682617188,,76,BLE
27:e8:38:f2:0e:51,,Uncategorized;10,2026-09-26 07:42:59,,7936,-99,26.188733822685695,91.70212004693757,5.42694091796875,3.7900924682617188,,,BLE
18:54:07:52:28:06,,Misc,2026-09-26 07:43:02,,,-103,26.188707707024882,91.70210682590759,5.127593994140625,3.7900924682617188,,,BLE
5a:3f:04:44:bd:24,,Uncategorized;10,2026-09-26 07:43:02,,7936,-100,26.188707707024882,91.70210682590759,5.127593994140625,3.7900924682617188,,1839,BLE
c5:81:01:e9:97:00,,Misc,2026-09-26 07:43:02,,,-84,26.188707707024882,91.70210682590759,5.127593994140625,3.7900924682617188,,76,BLE
1b:70:f3:60:15:a8,,Misc,2026-09-26 07:43:02,,,-92,26.188707707024882,91.70210682590759,5.127593994140625,3.7900924682617188,,,BLE
68:7a:b0:50:9b:09,,Misc,2026-09-26 07:43:02,,,-85,26.188707707024882,91.70210682590759,5.127593994140625,3.7900924682617188,,76,BLE
32:0b:d7:34:a1:3a,,Misc,2026-09-26 07:43:02,,7936,-97,26.188707707024882,91.70210682590759,5.127593994140625,3.7900924682617188,,,BLE
3b:1d:c5:b1:c4:6a,,Uncategorized;10,2026-09-26 07:43:02,,7936,-98,26.188707707024882,91.70210682590759,5.127593994140625,3.7900924682617188,,,BLE
43:0b:ee:c4:47:9c,,Misc,2026-09-26 07:43:02,,,-102,26.188707707024882,91.70210682590759,5.127593994140625,3.7900924682617188,,,BLE
69:b3:de:42:e7:63,,Misc,2026-09-26 07:43:02,,,-88,26.188707707024882,91.70210682590759,5.127593994140625,3.7900924682617188,,,BLE
60:c4:ed:74:9c:7c,,Misc,2026-09-26 07:43:02,,,-103,26.188707707024882,91.70210682590759,5.127593994140625,3.7900924682617188,,,BLE
68:aa:44:74:12:84,,Misc,2026-09-26 07:43:02,,,-99,26.188707707024882,91.70210682590759,5.127593994140625,3.7900924682617188,,76,BLE
52:e3:4f:5e:15:a8,,Uncategorized;10,2026-09-26 07:43:02,,7936,-95,26.188707707024882,91.70210682590759,5.127593994140625,3.7900924682617188,,76,BLE
48:c5:a5:d3:49:ac,,Uncategorized;10,2026-09-26 07:43:02,,7936,-101,26.188707707024882,91.70210682590759,5.127593994140625,3.7900924682617188,,,BLE
66:31:28:bb:73:a4,,Uncategorized;10,2026-09-26 07:43:03,,7936,-74,26.18870594641715,91.70209665597685,5.487396240234375,3.7900924682617188,,76,BLE
37:4e:23:b2:8a:76,,Misc,2026-09-26 07:43:07,,,-85,26.188700583337067,91.7020539525792,5.465301513671875,3.7900924682617188,,,BLE
c5:81:01:e9:97:00,,Misc,2026-09-26 07:43:07,,,-69,26.188700583337067,91.7020539525792,5.465301513671875,3.7900924682617188,,76,BLE
18:54:07:52:28:06,,Misc,2026-09-26 07:43:07,,,-84,26.188700583337067,91.7020539525792,5.465301513671875,3.7900924682617188,,,BLE
0b:ec:3e:33:0d:12,,Misc,2026-09-26 07:43:07,,,-76,26.188700583337067,91.7020539525792,5.465301513671875,3.7900924682617188,,6,BLE
20:49:89:c4:f8:fd,,Uncategorized;10,2026-09-26 07:43:07,,7936,-91,26.188700583337067,91.7020539525792,5.465301513671875,3.7900924682617188,,,BLE
48:c5:a5:d3:49:ac,,Uncategorized;10,2026-09-26 07:43:07,,7936,-101,26.188700583337067,91.7020539525792,5.465301513671875,3.7900924682617188,,76,BLE
47:37:dd:0c:bc:4c,,Uncategorized;10,2026-09-26 07:43:08,,7936,-97,26.188699191382483,91.70204641394736,5.74395751953125,3.7900924682617188,,,BLE
22:70:cb:54:24:38,Nothing Phone (3a)_5799,[WPA2-PSK-CCMP][RSN-PSK+SAE-CCMP][ESS],2026-09-26 07:43:09,11,2462,-60,26.18869690602401,91.70203673596671,5.620819091796875,3.7900924682617188,,,WIFI
fa:da:3b:dd:18:a2,realme 12 Pro+ 5G(VAIBHAV GUPTA),[WPA2-PSK-CCMP][RSN-PSK-CCMP][ESS],2026-09-26 07:43:09,11,2462,-70,26.18869690602401,91.70203673596671,5.620819091796875,3.7900924682617188,,,WIFI
5a:3f:04:44:bd:24,,Uncategorized;10,2026-09-26 07:43:10,,7936,-95,26.188694755683578,91.70202767185152,5.475677490234375,3.7900924682617188,,1839,BLE
20:49:89:c4:f8:fd,,Uncategorized;10,2026-09-26 07:43:12,,7936,-76,26.188689064831724,91.70201078499059,5.184967041015625,3.7900924682617188,,,BLE
6f:68:13:64:24:5c,,Misc,2026-09-26 07:43:12,,,-105,26.188689064831724,91.70201078499059,5.184967041015625,3.7900924682617188,,76,BLE
45:ae:99:2d:5f:12,LAPTOP-KR1EL41L,Uncategorized;10,2026-09-26 07:43:12,,7936,-95,26.188689064831724,91.70201078499059,5.184967041015625,3.7900924682617188,,,BLE
7e:1e:1e:d1:63:41,,Misc,2026-09-26 07:43:12,,7936,-103,26.188689064831724,91.70201078499059,5.184967041015625,3.7900924682617188,,,BLE
47:37:dd:0c:bc:4c,,Uncategorized;10,2026-09-26 07:43:12,,7936,-96,26.188689064831724,91.70201078499059,5.184967041015625,3.7900924682617188,,76,BLE
23:f0:ae:da:d7:5e,,Misc,2026-09-26 07:43:12,,,-95,26.188689064831724,91.70201078499059,5.184967041015625,3.7900924682617188,,6,BLE
69:b3:de:42:e7:63,,Misc,2026-09-26 07:43:12,,,-76,26.188689064831724,91.70201078499059,5.184967041015625,3.7900924682617188,,,BLE
68:7a:b0:50:9b:09,,Misc,2026-09-26 07:43:12,,,-79,26.188689064831724,91.70201078499059,5.184967041015625,3.7900924682617188,,76,BLE
32:3f:66:bc:d2:a4,Airdopes 161,null;10,2026-09-26 07:43:12,,1028,-68,26.188689064831724,91.70201078499059,5.184967041015625,3.7900924682617188,,,BT
47:37:dd:0c:bc:4c,,Uncategorized;10,2026-09-26 07:43:15,,7936,-81,26.188686027892327,91.70198294237984,3.489349365234375,3.7900924682617188,,76,BLE
c6:1d:57:ac:d7:b3,,Misc,2026-09-26 07:43:17,,,-94,26.18868346328999,91.70196338826335,1.769683837890625,3.7900924682617188,,76,BLE
68:45:90:07:e7:aa,CMF Buds,Misc,2026-09-26 07:43:17,,,-72,26.18868346328999,91.70196338826335,1.769683837890625,3.7900924682617188,,3275,BLE
44:4e:14:db:a1:d5,,Uncategorized;10,2026-09-26 07:43:17,,7936,-104,26.18868346328999,91.70196338826335,1.769683837890625,3.7900924682617188,,,BLE
43:ea:d6:2f:39:f6,,Uncategorized;10,2026-09-26 07:43:19,,7936,-84,26.18868021432179,91.70194846093379,3.340850830078125,3.7900924682617188,,,BLE
2a:fa:2f:33:5a:d4,,Uncategorized;10,2026-09-26 07:43:21,,7936,-100,26.188675449660536,91.70193210188658,3.018951416015625,3.7900924682617188,,,BLE
49:84:a1:f9:7b:79,,Uncategorized;10,2026-09-26 07:43:21,,7936,-91,26.188675449660536,91.70193210188658,3.018951416015625,3.7900924682617188,,,BLE
74:75:98:b7:af:cc,,Misc,2026-09-26 07:43:22,,,-86,26.18867137693176,91.70192404888661,3.7030029296875,3.7900924682617188,,76,BLE
49:84:a1:f9:7b:79,,Uncategorized;10,2026-09-26 07:43:22,,7936,-92,26.18867137693176,91.70192404888661,3.7030029296875,3.7900924682617188,,76,BLE
3e:3e:5d:11:e7:7d,,Misc,2026-09-26 07:43:22,,,-103,26.18867137693176,91.70192404888661,3.7030029296875,3.7900924682617188,,6,BLE
e5:a7:e2:d1:29:7d,,Misc,2026-09-26 07:43:22,,,-103,26.18867137693176,91.70192404888661,3.7030029296875,3.7900924682617188,,76,BLE
44:4e:14:db:a1:d5,,Uncategorized;10,2026-09-26 07:43:22,,7936,-105,26.18867137693176,91.70192404888661,3.7030029296875,3.7900924682617188,,76,BLE
47:fb:4e:a8:51:c7,,Misc,2026-09-26 07:43:22,,,-96,26.18867137693176,91.70192404888661,3.7030029296875,3.7900924682617188,,6,BLE
64:d2:b0:e6:a1:ed,,Misc,2026-09-26 07:43:22,,,-100,26.18867137693176,91.70192404888661,3.7030029296875,3.7900924682617188,,,BLE
37:37:68:72:77:94,,Misc,2026-09-26 07:43:22,,,-99,26.18867137693176,91.70192404888661,3.7030029296875,3.7900924682617188,,6,BLE
2b:f3:28:21:cd:73,,Misc,2026-09-26 07:43:22,,,-89,26.18867137693176,91.70192404888661,3.7030029296875,3.7900924682617188,,6,BLE
78:bf:34:12:dd:4f,,Uncategorized;10,2026-09-26 07:43:23,,7936,-104,26.188664145500567,91.70191856129154,3.7454833984375,3.7900924682617188,,,BLE
45:ae:99:2d:5f:12,LAPTOP-KR1EL41L,Uncategorized;10,2026-09-26 07:43:23,,7936,-86,26.188664145500567,91.70191856129154,3.7454833984375,3.7900924682617188,,,BLE
5c:b8:97:ba:33:5b,,Uncategorized;10,2026-09-26 07:43:25,,7936,-105,26.188645438850536,91.70192013392936,2.58526611328125,3.7900924682617188,,,BLE
19:b6:60:e3:26:aa,,Uncategorized;10,2026-09-26 07:43:25,,7936,-97,26.188645438850536,91.70192013392936,2.58526611328125,3.7900924682617188,,,BLE
3f:87:70:79:d3:e0,,Uncategorized;10,2026-09-26 07:43:25,,7936,-96,26.188645438850536,91.70192013392936,2.58526611328125,3.7900924682617188,,,BLE
26:62:2a:e2:0b:05,,Uncategorized;10,2026-09-26 07:43:25,,7936,-95,26.188645438850536,91.70192013392936,2.58526611328125,3.7900924682617188,,,BLE
68:e1:28:1f:07:0e,,Misc,2026-09-26 07:43:27,,,-101,26.188633300366444,91.70192485876018,5.8917236328125,9.935046195983887,,76,BLE
78:bf:34:12:dd:4f,,Uncategorized;10,2026-09-26 07:43:27,,7936,-104,26.188633300366444,91.70192485876018,5.8917236328125,9.935046195983887,,76,BLE
0b:fc:23:9e:1f:8d,,Misc,2026-09-26 07:43:27,,,-99,26.188633300366444,91.70192485876018,5.8917236328125,9.935046195983887,,6,BLE
60:a2:fe:68:e6:7c,,Misc,2026-09-26 07:43:27,,7936,-104,26.188633300366444,91.70192485876018,5.8917236328125,9.935046195983887,,,BLE
64:6d:90:8b:c4:05,OPPO Enco Buds3 Pro+,Misc,2026-09-26 07:43:27,,7936,-100,26.188633300366444,91.70192485876018,5.8917236328125,9.935046195983887,,,BLE
01:37:25:f5:15:45,,Misc,2026-09-26 07:43:27,,,-99,26.188633300366444,91.70192485876018,5.8917236328125,9.935046195983887,,6,BLE
5d:fd:36:db:36:bb,,Misc,2026-09-26 07:43:27,,,-102,26.188633300366444,91.70192485876018,5.8917236328125,9.935046195983887,,76,BLE
5c:b8:97:ba:33:5b,,Uncategorized;10,2026-09-26 07:43:27,,7936,-105,26.188633300366444,91.70192485876018,5.8917236328125,9.935046195983887,,76,BLE
28:90:28:ea:74:98,,Misc,2026-09-26 07:43:27,,,-98,26.188633300366444,91.70192485876018,5.8917236328125,9.935046195983887,,6,BLE
13:97:b8:ca:ef:2b,,Misc,2026-09-26 07:43:27,,,-103,26.188633300366444,91.70192485876018,5.8917236328125,9.935046195983887,,6,BLE
44:4e:14:db:a1:d5,,Uncategorized;10,2026-09-26 07:43:30,,7936,-88,26.188604854553997,91.70193371774471,8.049285888671875,9.935046195983887,,76,BLE
21:7f:98:63:19:67,,Uncategorized;10,2026-09-26 07:43:32,,7936,-99,26.18859284697596,91.7019364358691,7.177154541015625,9.935046195983887,,,BLE
60:a2:fe:68:e6:7c,,Misc,2026-09-26 07:43:32,,7936,-99,26.18859284697596,91.7019364358691,7.177154541015625,9.935046195983887,,,BLE
47:fb:4e:a8:51:c7,,Misc,2026-09-26 07:43:32,,,-86,26.18859284697596,91.7019364358691,7.177154541015625,9.935046195983887,,6,BLE
1f:23:3c:cf:23:63,,Misc,2026-09-26 07:43:32,,,-102,26.18859284697596,91.7019364358691,7.177154541015625,9.935046195983887,,,BLE
2f:a2:83:a0:92:25,,Misc,2026-09-26 07:43:32,,,-91,26.18859284697596,91.7019364358691,7.177154541015625,9.935046195983887,,6,BLE
e7:3b:bb:1b:bd:25,,Misc,2026-09-26 07:43:32,,,-98,26.18859284697596,91.7019364358691,7.177154541015625,9.935046195983887,,76,BLE
0b:fc:23:9e:1f:8d,,Misc,2026-09-26 07:43:32,,,-88,26.18859284697596,91.7019364358691,7.177154541015625,9.935046195983887,,6,BLE
3f:41:2a:58:75:41,,Misc,2026-09-26 07:43:32,,,-102,26.18859284697596,91.7019364358691,7.177154541015625,9.935046195983887,,,BLE
76:c8:90:eb:6e:57,,Misc,2026-09-26 07:43:32,,,-102,26.18859284697596,91.7019364358691,7.177154541015625,9.935046195983887,,76,BLE
7c:30:3a:14:06:da,,Uncategorized,2026-09-26 07:43:32,,7936,-103,26.18859284697596,91.7019364358691,7.177154541015625,9.935046195983887,,76,BLE
7c:30:3a:14:06:da,,Uncategorized,2026-09-26 07:43:32,,7936,-92,26.18859284697596,91.7019364358691,7.177154541015625,9.935046195983887,,76,BLE
53:69:c6:e1:70:ad,,Misc,2026-09-26 07:43:33,,7936,-84,26.188585188981023,91.70193873932206,6.598602294921875,9.935046195983887,,76,BLE
60:a2:fe:68:e6:7c,,Misc,2026-09-26 07:43:34,,7936,-94,26.188577270670695,91.7019410601454,7.512481689453125,9.935046195983887,,,BLE
4b:de:12:97:1e:cb,,Misc,2026-09-26 07:43:36,,7936,-94,26.188561776603425,91.70194625030369,7.300567626953125,9.935046195983887,,76,BLE
39:76:e7:3e:e5:e8,,Misc,2026-09-26 07:43:37,,,-98,26.188554528522083,91.70194909715497,6.65032958984375,9.935046195983887,,,BLE
12:f5:a6:97:7c:83,,Misc,2026-09-26 07:43:37,,,-98,26.188554528522083,91.70194909715497,6.65032958984375,9.935046195983887,,,BLE
00:42:d4:99:09:bd,,Misc,2026-09-26 07:43:37,,,-106,26.188554528522083,91.70194909715497,6.65032958984375,9.935046195983887,,,BLE
4a:dd:09:97:d5:4b,,Misc,2026-09-26 07:43:37,,7936,-103,26.188554528522083,91.70194909715497,6.65032958984375,9.935046195983887,,76,BLE
76:c8:90:eb:6e:57,,Misc,2026-09-26 07:43:37,,,-92,26.188554528522083,91.70194909715497,6.65032958984375,9.935046195983887,,76,BLE
64:a8:15:e5:02:c4,,Uncategorized;10,2026-09-26 07:43:37,,7936,-103,26.188554528522083,91.70194909715497,6.65032958984375,9.935046195983887,,,BLE
c2:07:1d:66:c5:25,,[ESS],2026-09-26 07:43:37,157,5785,-67,26.188554528522083,91.70194909715497,6.65032958984375,9.935046195983887,,,WIFI
67:ae:d2:94:ac:5e,,Uncategorized;10,2026-09-26 07:43:40,,7936,-99,26.188532197017427,91.70195679047713,4.646148681640625,9.935046195983887,,,BLE
10:83:5e:84:60:08,,Uncategorized;10,2026-09-26 07:43:40,,7936,-102,26.188532197017427,91.70195679047713,4.646148681640625,9.935046195983887,,,BLE
01:bb:8a:7d:69:95,,Uncategorized;10,2026-09-26 07:43:42,,7936,-91,26.188510617022953,91.7019622448346,4.17279052734375,9.935046195983887,,,BLE
c4:0a:a4:49:16:f7,,Misc,2026-09-26 07:43:42,,,-101,26.188510617022953,91.7019622448346,4.17279052734375,9.935046195983887,,76,BLE
45:92:37:84:23:de,,Misc,2026-09-26 07:43:42,,,-100,26.188510617022953,91.7019622448346,4.17279052734375,9.935046195983887,,76,BLE
5a:7c:3d:0f:30:d3,,Misc,2026-09-26 07:43:42,,,-94,26.188510617022953,91.7019622448346,4.17279052734375,9.935046195983887,,76,BLE
35:c0:68:1b:1e:f0,,Misc,2026-09-26 07:43:42,,,-92,26.188510617022953,91.7019622448346,4.17279052734375,9.935046195983887,,6,BLE
63:81:6d:04:51:5b,,Misc,2026-09-26 07:43:42,,7936,-103,26.188510617022953,91.7019622448346,4.17279052734375,9.935046195983887,,76,BLE
fd:82:de:68:58:22,,Misc,2026-09-26 07:43:42,,,-98,26.188510617022953,91.7019622448346,4.17279052734375,9.935046195983887,,76,BLE
00:42:d4:99:09:bd,,Misc,2026-09-26 07:43:42,,,-100,26.188510617022953,91.7019622448346,4.17279052734375,9.935046195983887,,,BLE
4a:6b:64:73:e1:e3,,Misc,2026-09-26 07:43:42,,,-103,26.188510617022953,91.7019622448346,4.17279052734375,9.935046195983887,,,BLE
d8:92:dc:ca:ee:52,,Misc,2026-09-26 07:43:42,,,-86,26.188510617022953,91.7019622448346,4.17279052734375,9.935046195983887,,76,BLE
04:31:37:e6:05:87,,Misc,2026-09-26 07:43:42,,,-97,26.188510617022953,91.7019622448346,4.17279052734375,9.935046195983887,,6,BLE
67:ae:d2:94:ac:5e,,Uncategorized;10,2026-09-26 07:43:42,,7936,-97,26.188510617022953,91.7019622448346,4.17279052734375,9.935046195983887,,1946,BLE
47:27:b6:0e:89:ca,OnePlus Nord Buds 3r,Misc,2026-09-26 07:43:42,,7936,-93,26.188510617022953,91.7019622448346,4.17279052734375,9.935046195983887,,,BLE
01:86:e6:f8:cf:3c,,Misc,2026-09-26 07:43:42,,,-102,26.188510617022953,91.7019622448346,4.17279052734375,9.935046195983887,,6,BLE
5f:4d:c4:b6:81:5b,,Misc,2026-09-26 07:43:42,,,-101,26.188510617022953,91.7019622448346,4.17279052734375,9.935046195983887,,,BLE
5c:e9:f2:35:a4:15,,Misc,2026-09-26 07:43:42,,7936,-103,26.188510617022953,91.7019622448346,4.17279052734375,9.935046195983887,,76,BLE
59:b4:8b:b3:06:d8,,Misc,2026-09-26 07:43:42,,7936,-103,26.188510617022953,91.7019622448346,4.17279052734375,9.935046195983887,,76,BLE
64:a8:15:e5:02:c4,,Uncategorized;10,2026-09-26 07:43:42,,7936,-103,26.188510617022953,91.7019622448346,4.17279052734375,9.935046195983887,,76,BLE
28:98:7d:fd:db:30,,Uncategorized;10,2026-09-26 07:43:46,,7936,-104,26.188482610544664,91.70197457880383,0.89862060546875,9.935046195983887,,,BLE
19:b6:60:e3:26:aa,,Uncategorized;10,2026-09-26 07:43:46,,7936,-87,26.188482610544664,91.70197457880383,0.89862060546875,9.935046195983887,,,BLE
d4:d7:cf:c8:f0:1c,realme 8i,Smartphone;10,2026-09-26 07:43:46,,524,0,26.188482610544664,91.70197457880383,0.89862060546875,9.935046195983887,,,BT
5d:ed:c2:ad:f9:4a,GFPS_Finder,Misc,2026-09-26 07:43:47,,7936,-103,26.188474905325073,91.70197769526366,-0.1226806640625,9.935046195983887,,,BLE
18:9a:06:b4:d0:29,,Misc,2026-09-26 07:43:47,,,-102,26.188474905325073,91.70197769526366,-0.1226806640625,9.935046195983887,,6,BLE
3e:3e:5d:11:e7:7d,,Misc,2026-09-26 07:43:47,,,-94,26.188474905325073,91.70197769526366,-0.1226806640625,9.935046195983887,,6,BLE
df:d6:8d:a7:3a:e7,,Misc,2026-09-26 07:43:47,,,-100,26.188474905325073,91.70197769526366,-0.1226806640625,9.935046195983887,,76,BLE
41:18:35:fd:8e:1d,AMROZR,Misc,2026-09-26 07:43:47,,7936,-103,26.188474905325073,91.70197769526366,-0.1226806640625,9.935046195983887,,,BLE
63:e7:f7:e0:74:db,OPPO Enco Buds3 Pro,Misc,2026-09-26 07:43:47,,,-85,26.188474905325073,91.70197769526366,-0.1226806640625,9.935046195983887,,,BLE
09:fc:17:0d:d6:94,,Misc,2026-09-26 07:43:47,,,-102,26.188474905325073,91.70197769526366,-0.1226806640625,9.935046195983887,,6,BLE
50:ab:e9:4d:b4:e6,,Misc,2026-09-26 07:43:47,,7936,-106,26.188474905325073,91.70197769526366,-0.1226806640625,9.935046195983887,,76,BLE
04:46:35:12:dd:17,,Misc,2026-09-26 07:43:47,,,-103,26.188474905325073,91.70197769526366,-0.1226806640625,9.935046195983887,,,BLE
27:2e:35:00:86:9a,,Misc,2026-09-26 07:43:47,,,-105,26.188474905325073,91.70197769526366,-0.1226806640625,9.935046195983887,,,BLE
26:62:2a:e2:0b:05,,Uncategorized;10,2026-09-26 07:43:47,,7936,-90,26.188474905325073,91.70197769526366,-0.1226806640625,9.935046195983887,,,BLE
51:09:ad:7c:b0:d3,,Uncategorized;10,2026-09-26 07:43:47,,7936,-91,26.188474905325073,91.70197769526366,-0.1226806640625,9.935046195983887,,,BLE
5d:59:72:63:69:67,,Uncategorized;10,2026-09-26 07:43:47,,7936,-87,26.188474905325073,91.70197769526366,-0.1226806640625,9.935046195983887,,,BLE
59:b4:8b:b3:06:d8,,Misc,2026-09-26 07:43:50,,7936,-93,26.188454870678257,91.70198842847991,0.7452392578125,9.935046195983887,,76,BLE
4a:dd:09:97:d5:4b,,Misc,2026-09-26 07:43:50,,7936,-95,26.188454870678257,91.70198842847991,0.7452392578125,9.935046195983887,,76,BLE
65:0f:ce:98:3a:8b,,Misc,2026-09-26 07:43:51,,7936,-99,26.18844558575868,91.70199188090659,1.782989501953125,9.935046195983887,,76,BLE
52:e3:4f:5e:15:a8,,Uncategorized;10,2026-09-26 07:43:52,,7936,-89,26.188437115565527,91.70199405670932,2.447601318359375,9.935046195983887,,76,BLE
51:09:ad:7c:b0:d3,,Uncategorized;10,2026-09-26 07:43:52,,7936,-90,26.188437115565527,91.70199405670932,2.447601318359375,9.935046195983887,,76,BLE
50:ab:e9:4d:b4:e6,,Misc,2026-09-26 07:43:52,,7936,-100,26.188437115565527,91.70199405670932,2.447601318359375,9.935046195983887,,76,BLE
30:f5:8d:df:9b:13,,Misc,2026-09-26 07:43:52,,,-108,26.188437115565527,91.70199405670932,2.447601318359375,9.935046195983887,,,BLE
28:98:7d:fd:db:30,,Uncategorized;10,2026-09-26 07:43:52,,7936,-99,26.188437115565527,91.70199405670932,2.447601318359375,9.935046195983887,,,BLE
5d:59:72:63:69:67,,Uncategorized;10,2026-09-26 07:43:52,,7936,-87,26.188437115565527,91.70199405670932,2.447601318359375,9.935046195983887,,76,BLE
df:00:b9:d2:0d:17,,Misc,2026-09-26 07:43:52,,,-104,26.188437115565527,91.70199405670932,2.447601318359375,9.935046195983887,,76,BLE
4a:dd:09:97:d5:4b,,Misc,2026-09-26 07:43:52,,7936,-83,26.188437115565527,91.70199405670932,2.447601318359375,9.935046195983887,,76,BLE
d8:85:08:62:24:ea,,Misc,2026-09-26 07:43:52,,,-102,26.188437115565527,91.70199405670932,2.447601318359375,9.935046195983887,,76,BLE
3f:41:2a:58:75:41,,Misc,2026-09-26 07:43:52,,,-94,26.188437115565527,91.70199405670932,2.447601318359375,9.935046195983887,,,BLE
63:81:6d:04:51:5b,,Misc,2026-09-26 07:43:54,,7936,-98,26.18841653546636,91.70199637803606,3.100006103515625,9.935046195983887,,76,BLE
74:de:da:55:3b:7d,,Uncategorized;10,2026-09-26 07:43:55,,7936,-100,26.188413828924567,91.70199541627294,4.65924072265625,9.935046195983887,,,BLE
4d:c0:09:03:df:ff,,Uncategorized;10,2026-09-26 07:43:56,,7936,-104,26.188404008953327,91.70199604983222,4.110565185546875,9.935046195983887,,,BLE
10:83:5e:84:60:08,,Uncategorized;10,2026-09-26 07:43:56,,7936,-94,26.188404008953327,91.70199604983222,4.110565185546875,9.935046195983887,,,BLE
4a:6b:64:73:e1:e3,,Misc,2026-09-26 07:43:57,,,-98,26.18839557784623,91.70199644564187,3.1444091796875,9.935046195983887,,,BLE
60:a2:fe:68:e6:7c,,Misc,2026-09-26 07:43:57,,7936,-89,26.18839557784623,91.70199644564187,3.1444091796875,9.935046195983887,,,BLE
fd:82:de:68:58:22,,Misc,2026-09-26 07:43:57,,,-92,26.18839557784623,91.70199644564187,3.1444091796875,9.935046195983887,,76,BLE
d2:35:00:61:71:76,,Misc,2026-09-26 07:43:57,,,-91,26.18839557784623,91.70199644564187,3.1444091796875,9.935046195983887,,76,BLE
f9:9b:60:72:6a:5a,,Misc,2026-09-26 07:43:57,,,-98,26.18839557784623,91.70199644564187,3.1444091796875,9.935046195983887,,76,BLE
5c:8c:3e:68:09:02,,Misc,2026-09-26 07:43:57,,,-101,26.18839557784623,91.70199644564187,3.1444091796875,9.935046195983887,,76,BLE
29:d8:94:eb:93:5b,,Misc,2026-09-26 07:43:57,,7936,-105,26.18839557784623,91.70199644564187,3.1444091796875,9.935046195983887,,,BLE
c7:2a:3d:8b:81:43,,Misc,2026-09-26 07:43:57,,,-92,26.18839557784623,91.70199644564187,3.1444091796875,9.935046195983887,,76,BLE
74:de:da:55:3b:7d,,Uncategorized;10,2026-09-26 07:43:57,,7936,-99,26.18839557784623,91.70199644564187,3.1444091796875,9.935046195983887,,76,BLE
fb:f1:33:7a:eb:10,,Misc,2026-09-26 07:43:57,,,-97,26.18839557784623,91.70199644564187,3.1444091796875,9.935046195983887,,76,BLE
5c:e9:f2:35:a4:15,,Misc,2026-09-26 07:44:01,,7936,-83,26.18836353588819,91.7020002268468,3.9520263671875,9.935046195983887,,76,BLE
7c:30:3a:14:06:da,,Uncategorized,2026-09-26 07:44:02,,7936,-87,26.188355828259567,91.70200161000211,4.874420166015625,9.935046195983887,,76,BLE
fe:4c:74:7c:f6:81,,Misc,2026-09-26 07:44:02,,,-97,26.188355828259567,91.70200161000211,4.874420166015625,9.935046195983887,,76,BLE
3e:3e:5d:11:e7:7d,,Misc,2026-09-26 07:44:02,,,-86,26.188355828259567,91.70200161000211,4.874420166015625,9.935046195983887,,6,BLE
e5:8a:87:47:a8:68,,Misc,2026-09-26 07:44:02,,,-101,26.188355828259567,91.70200161000211,4.874420166015625,9.935046195983887,,76,BLE
d8:85:08:62:24:ea,,Misc,2026-09-26 07:44:02,,,-96,26.188355828259567,91.70200161000211,4.874420166015625,9.935046195983887,,76,BLE
2d:eb:78:a7:83:fd,,Misc,2026-09-26 07:44:02,,,-104,26.188355828259567,91.70200161000211,4.874420166015625,9.935046195983887,,6,BLE
65:0f:ce:98:3a:8b,,Misc,2026-09-26 07:44:02,,7936,-90,26.188355828259567,91.70200161000211,4.874420166015625,9.935046195983887,,76,BLE
74:de:da:55:3b:7d,,Uncategorized;10,2026-09-26 07:44:05,,7936,-94,26.188328356127244,91.70200623871695,6.523529052734375,9.935046195983887,,76,BLE
27:2e:35:00:86:9a,,Misc,2026-09-26 07:44:07,,,-100,26.188311830471513,91.70200797855193,5.968994140625,9.935046195983887,,,BLE
01:86:e6:f8:cf:3c,,Misc,2026-09-26 07:44:07,,,-95,26.188311830471513,91.70200797855193,5.968994140625,9.935046195983887,,6,BLE
73:cf:7d:b8:ae:40,,Uncategorized;10,2026-09-26 07:44:07,,7936,-92,26.188311830471513,91.70200797855193,5.968994140625,9.935046195983887,,76,BLE
76:01:0f:dd:ca:c6,,Uncategorized;10,2026-09-26 07:44:09,,7936,-94,26.188296829223223,91.70200240738676,5.900848388671875,9.935046195983887,,,BLE
c2:07:1d:66:c5:96,,[ESS],2026-09-26 07:44:10,1,2412,-67,26.188295578906963,91.70199905419341,6.231842041015625,9.935046195983887,,,WIFI
58:04:4f:f6:7a:a0,Hogwards hall of wifi,[WPA2-PSK-CCMP][RSN-PSK-CCMP][ESS][WPS],2026-09-26 07:44:10,4,2427,-56,26.188295578906963,91.70199905419341,6.231842041015625,9.935046195983887,,,WIFI
c2:07:1d:66:ca:2f,,[ESS],2026-09-26 07:44:10,149,5745,-83,26.188295578906963,91.70199905419341,6.231842041015625,9.935046195983887,,,WIFI
dc:ea:e7:3e:61:a1,,[RSN-SAE-CCMP][ESS],2026-09-26 07:44:10,161,5805,-72,26.188295578906963,91.70199905419341,6.231842041015625,9.935046195983887,,,WIFI
18:89:d1:a8:73:5f,,Misc,2026-09-26 07:44:12,,,-100,26.188291923206503,91.70197977000358,6.037384033203125,9.935046195983887,,6,BLE
4a:6b:64:73:e1:e3,,Misc,2026-09-26 07:44:12,,,-88,26.188291923206503,91.70197977000358,6.037384033203125,9.935046195983887,,,BLE
76:01:0f:dd:ca:c6,,Uncategorized;10,2026-09-26 07:44:12,,7936,-99,26.188291923206503,91.70197977000358,6.037384033203125,9.935046195983887,,76,BLE
45:6e:b8:c5:1c:df,,Uncategorized;10,2026-09-26 07:44:14,,7936,-102,26.188290567079378,91.70196327984044,6.038818359375,9.935046195983887,,,BLE
65:0f:ce:98:3a:8b,,Misc,2026-09-26 07:44:14,,7936,-84,26.188290567079378,91.70196327984044,6.038818359375,9.935046195983887,,76,BLE
78:d9:76:1d:83:19,,Uncategorized;10,2026-09-26 07:44:14,,7936,-87,26.188290567079378,91.70196327984044,6.038818359375,9.935046195983887,,,BLE
78:d9:76:1d:83:19,,Uncategorized;10,2026-09-26 07:44:17,,7936,-87,26.188289134720034,91.70194763195933,6.0386962890625,9.935046195983887,,76,BLE
27:2e:35:00:86:9a,,Misc,2026-09-26 07:44:17,,,-94,26.188289134720034,91.70194763195933,6.0386962890625,9.935046195983887,,,BLE
45:6e:b8:c5:1c:df,,Uncategorized;10,2026-09-26 07:44:17,,7936,-102,26.188289134720034,91.70194763195933,6.0386962890625,9.935046195983887,,76,BLE
41:42:94:ef:b1:a9,Mivi Fort S60,Headphones;10,2026-09-26 07:44:18,,1048,-94,26.18828850935514,91.70194010238087,6.044677734375,9.935046195983887,,,BT
42:ed:a0:2a:2e:52,,Uncategorized;10,2026-09-26 07:44:19,,7936,-87,26.188286736356808,91.70193194509626,6.469024658203125,9.935046195983887,,,BLE
42:ed:a0:2a:2e:52,,Uncategorized;10,2026-09-26 07:44:22,,7936,-88,26.188283249214038,91.7019055670637,6.05828857421875,9.935046195983887,,76,BLE
76:01:0f:dd:ca:c6,,Uncategorized;10,2026-09-26 07:44:22,,7936,-92,26.188283249214038,91.7019055670637,6.05828857421875,9.935046195983887,,76,BLE
28:90:28:ea:74:98,,Misc,2026-09-26 07:44:22,,,-86,26.188283249214038,91.7019055670637,6.05828857421875,9.935046195983887,,6,BLE
13:b5:1e:73:f0:90,,Misc,2026-09-26 07:44:27,,,-97,26.18827681483431,91.70185480307664,3.273162841796875,9.935046195983887,,,BLE
51:7a:28:91:af:af,realme Buds T310-GFP,Uncategorized,2026-09-26 07:44:27,,,-104,26.18827681483431,91.70185480307664,3.273162841796875,9.935046195983887,,41992,BLE
73:e9:d4:04:0d:fb,,Misc,2026-09-26 07:44:27,,,-88,26.18827681483431,91.70185480307664,3.273162841796875,9.935046195983887,,76,BLE
3e:3e:5d:11:e7:7d,,Misc,2026-09-26 07:44:27,,,-58,26.18827681483431,91.70185480307664,3.273162841796875,9.935046195983887,,6,BLE
09:86:ed:c9:81:f4,,Misc,2026-09-26 07:44:27,,,-96,26.18827681483431,91.70185480307664,3.273162841796875,9.935046195983887,,,BLE
59:44:f0:fa:8f:b1,,Misc,2026-09-26 07:44:27,,7936,-100,26.18827681483431,91.70185480307664,3.273162841796875,9.935046195983887,,,BLE
42:a3:19:bb:4c:70,Zenith Pro_BLE,Uncategorized,2026-09-26 07:44:27,,7936,-96,26.18827681483431,91.70185480307664,3.273162841796875,9.935046195983887,,65208,BLE
09:fc:17:0d:d6:94,,Misc,2026-09-26 07:44:27,,,-97,26.18827681483431,91.70185480307664,3.273162841796875,9.935046195983887,,6,BLE
c3:0e:df:e4:57:d4,,Misc,2026-09-26 07:44:27,,,-104,26.18827681483431,91.70185480307664,3.273162841796875,9.935046195983887,,76,BLE
f9:9b:60:72:6a:5a,,Misc,2026-09-26 07:44:27,,,-92,26.18827681483431,91.70185480307664,3.273162841796875,9.935046195983887,,76,BLE
c3:0e:df:e4:57:d4,,Misc,2026-09-26 07:44:32,,,-93,26.188272039787336,91.70180169555631,4.90167236328125,10.158102035522461,,76,BLE
d4:5e:1a:ee:16:2a,,Misc,2026-09-26 07:44:32,,,-100,26.188272039787336,91.70180169555631,4.90167236328125,10.158102035522461,,76,BLE
04:31:37:e6:05:87,,Misc,2026-09-26 07:44:32,,,-89,26.188272039787336,91.70180169555631,4.90167236328125,10.158102035522461,,6,BLE
25:c7:81:02:74:d8,,Uncategorized;10,2026-09-26 07:44:35,,7936,-96,26.188268861554405,91.70177195559582,5.371124267578125,10.453500747680664,,,BLE
24:eb:7d:b4:6a:19,,Uncategorized;10,2026-09-26 07:44:36,,7936,-96,26.18826771811964,91.70176220116025,5.548858642578125,10.54468059539795,,,BLE
13:9a:33:db:8a:c0,,Misc,2026-09-26 07:44:37,,,-102,26.188266698085883,91.70175259395123,5.58465576171875,10.544940948486328,,,BLE
65:0f:ce:98:3a:8b,,Misc,2026-09-26 07:44:37,,7936,-78,26.188266698085883,91.70175259395123,5.58465576171875,10.544940948486328,,76,BLE
98:47:44:a4:1c:25,realme Buds T310,Uncategorized,2026-09-26 07:44:37,,7936,-48,26.188266698085883,91.70175259395123,5.58465576171875,10.544940948486328,,41992,BLE
ec:c7:2f:07:13:58,,Misc,2026-09-26 07:44:37,,,-91,26.188266698085883,91.70175259395123,5.58465576171875,10.544940948486328,,76,BLE
49:f1:3f:35:49:3e,,Misc,2026-09-26 07:44:37,,,-101,26.188266698085883,91.70175259395123,5.58465576171875,10.544940948486328,,,BLE
f9:9b:60:72:6a:5a,,Misc,2026-09-26 07:44:37,,,-78,26.188266698085883,91.70175259395123,5.58465576171875,10.544940948486328,,76,BLE
41:a1:75:5b:38:c6,,Uncategorized;10,2026-09-26 07:44:40,,7936,-99,26.188263482157293,91.70172301565819,5.75372314453125,10.21811580657959,,,BLE
77:86:05:60:81:ad,,Uncategorized;10,2026-09-26 07:44:41,,7936,-105,26.18826246195712,91.70171278082813,5.312530517578125,10.13254165649414,,,BLE
405855_5_4870848512,Assam,NR;405855,2026-09-26 07:44:41,634080,634080,-70,26.18826246195712,91.70171278082813,5.312530517578125,10.13254165649414,,,NR
c2:07:1d:66:c5:97,,[ESS],2026-09-26 07:44:42,48,5240,-45,26.18826105795165,91.70170283102127,5.451324462890625,10.165702819824219,,,WIFI
c2:07:1d:66:bf:89,,[ESS],2026-09-26 07:44:42,48,5240,-69,26.18826105795165,91.70170283102127,5.451324462890625,10.165702819824219,,,WIFI
34:60:f9:f3:4b:d4,Mandal,[WPA2-PSK-CCMP][RSN-PSK-CCMP][WPA-PSK-CCMP][ESS][WPS],2026-09-26 07:44:42,3,2422,-72,26.18826105795165,91.70170283102127,5.451324462890625,10.165702819824219,,,WIFI
42:a3:19:bb:4c:70,Zenith Pro_BLE,Uncategorized,2026-09-26 07:44:42,,7936,-84,26.18826105795165,91.70170283102127,5.451324462890625,10.165702819824219,,65208,BLE
25:c7:81:02:74:d8,,Uncategorized;10,2026-09-26 07:44:42,,7936,-91,26.18826105795165,91.70170283102127,5.451324462890625,10.165702819824219,,,BLE
13:b5:1e:73:f0:90,,Misc,2026-09-26 07:44:42,,,-81,26.18826105795165,91.70170283102127,5.451324462890625,10.165702819824219,,,BLE
59:44:f0:fa:8f:b1,,Misc,2026-09-26 07:44:42,,7936,-85,26.18826105795165,91.70170283102127,5.451324462890625,10.165702819824219,,,BLE
6b:1c:ca:5b:0e:36,LAPTOP-QR9CSJEO,Misc,2026-09-26 07:44:42,,,-99,26.18826105795165,91.70170283102127,5.451324462890625,10.165702819824219,,,BLE
77:86:05:60:81:ad,,Uncategorized;10,2026-09-26 07:44:42,,7936,-105,26.18826105795165,91.70170283102127,5.451324462890625,10.165702819824219,,76,BLE
6c:d5:2d:8b:41:61,,Misc,2026-09-26 07:44:42,,,-101,26.18826105795165,91.70170283102127,5.451324462890625,10.165702819824219,,,BLE
3b:fc:a4:29:0e:b8,,Misc,2026-09-26 07:44:42,,,-101,26.18826105795165,91.70170283102127,5.451324462890625,10.165702819824219,,6,BLE
7c:be:2a:d9:5c:92,,Misc,2026-09-26 07:44:42,,7936,-102,26.18826105795165,91.70170283102127,5.451324462890625,10.165702819824219,,76,BLE
41:a1:75:5b:38:c6,,Uncategorized;10,2026-09-26 07:44:43,,7936,-88,26.18825753335579,91.7016880354453,4.55828857421875,10.1528959274292,,,BLE
56:96:26:64:70:9a,,Uncategorized;10,2026-09-26 07:44:44,,7936,-99,26.188255888934066,91.70168381442258,3.6695556640625,10.094927787780762,,,BLE
7e:5f:cf:3b:ac:6b,,Uncategorized;10,2026-09-26 07:44:44,,7936,-103,26.188255888934066,91.70168381442258,3.6695556640625,10.094927787780762,,,BLE
5d:cb:fe:aa:c3:ed,,Uncategorized;10,2026-09-26 07:44:44,,7936,-92,26.188255888934066,91.70168381442258,3.6695556640625,10.094927787780762,,,BLE
77:86:05:60:81:ad,,Uncategorized;10,2026-09-26 07:44:46,,7936,-100,26.18825154102634,91.7016639595444,3.711090087890625,10.04407024383545,,76,BLE
5c:3f:cb:07:30:cc,,Uncategorized;10,2026-09-26 07:44:47,,7936,-88,26.188249952295955,91.70165289390603,3.088226318359375,10.025744438171387,,,BLE
7c:be:2a:d9:5c:92,,Misc,2026-09-26 07:44:47,,7936,-95,26.188249952295955,91.70165289390603,3.088226318359375,10.025744438171387,,76,BLE
56:96:26:64:70:9a,,Uncategorized;10,2026-09-26 07:44:47,,7936,-100,26.188249952295955,91.70165289390603,3.088226318359375,10.025744438171387,,76,BLE
5c:79:a2:54:78:3d,,Misc,2026-09-26 07:44:47,,,-96,26.188249952295955,91.70165289390603,3.088226318359375,10.025744438171387,,76,BLE
5c:3f:cb:07:30:cc,,Uncategorized;10,2026-09-26 07:44:47,,7936,-88,26.188249952295955,91.70165289390603,3.088226318359375,10.025744438171387,,76,BLE
42:a3:19:bb:4c:70,Zenith Pro_BLE,Uncategorized,2026-09-26 07:44:47,,7936,-77,26.188249952295955,91.70165289390603,3.088226318359375,10.025744438171387,,65208,BLE
7e:5f:cf:3b:ac:6b,,Uncategorized;10,2026-09-26 07:44:47,,7936,-103,26.188249952295955,91.70165289390603,3.088226318359375,10.025744438171387,,76,BLE
4d:c0:84:72:d7:39,,Misc,2026-09-26 07:44:47,,,-107,26.188249952295955,91.70165289390603,3.088226318359375,10.025744438171387,,,BLE
71:7a:3e:a8:d7:47,,Misc,2026-09-26 07:44:47,,,-91,26.188249952295955,91.70165289390603,3.088226318359375,10.025744438171387,,76,BLE
7b:7c:5e:b2:99:db,OnePlus Nord Buds 3r,Misc,2026-09-26 07:44:47,,,-95,26.188249952295955,91.70165289390603,3.088226318359375,10.025744438171387,,,BLE
3b:fc:a4:29:0e:b8,,Misc,2026-09-26 07:44:47,,,-95,26.188249952295955,91.70165289390603,3.088226318359375,10.025744438171387,,6,BLE
d8:85:08:62:24:ea,,Misc,2026-09-26 07:44:47,,,-88,26.188249952295955,91.70165289390603,3.088226318359375,10.025744438171387,,76,BLE
49:35:de:f5:0e:f5,,Misc,2026-09-26 07:44:47,,,-94,26.188249952295955,91.70165289390603,3.088226318359375,10.025744438171387,,76,BLE
25:c7:81:02:74:d8,,Uncategorized;10,2026-09-26 07:44:47,,7936,-86,26.188249952295955,91.70165289390603,3.088226318359375,10.025744438171387,,,BLE
50:4b:ee:1d:71:33,,Uncategorized;10,2026-09-26 07:44:48,,7936,-94,26.18824911815147,91.70164311135616,3.45147705078125,10.038543701171875,,,BLE
57:94:ca:f2:11:06,,Uncategorized;10,2026-09-26 07:44:48,,7936,-101,26.18824911815147,91.70164311135616,3.45147705078125,10.038543701171875,,,BLE
69:55:e9:d0:29:d4,,Uncategorized;10,2026-09-26 07:44:49,,7936,-92,26.188245147523446,91.70163258288574,3.167449951171875,9.975823402404785,,,BLE
71:2c:1f:1d:4a:55,,Uncategorized;10,2026-09-26 07:44:50,,7936,-101,26.18823628019859,91.70162999199,3.52825927734375,9.958685874938965,,,BLE
69:81:76:21:21:50,,Uncategorized;10,2026-09-26 07:44:50,,7936,-100,26.18823628019859,91.70162999199,3.52825927734375,9.958685874938965,,,BLE
04:31:37:e6:05:87,,Misc,2026-09-26 07:44:52,,,-84,26.188227747043072,91.70164464124878,3.479400634765625,9.935046195983887,,6,BLE
50:4b:ee:1d:71:33,,Uncategorized;10,2026-09-26 07:44:52,,7936,-95,26.188227747043072,91.70164464124878,3.479400634765625,9.935046195983887,,76,BLE
42:78:93:91:43:0c,,Misc,2026-09-26 07:44:52,,,-104,26.188227747043072,91.70164464124878,3.479400634765625,9.935046195983887,,76,BLE
71:2c:1f:1d:4a:55,,Uncategorized;10,2026-09-26 07:44:52,,7936,-104,26.188227747043072,91.70164464124878,3.479400634765625,9.935046195983887,,76,BLE
c8:75:fe:2f:d8:24,,Misc,2026-09-26 07:44:52,,,-95,26.188227747043072,91.70164464124878,3.479400634765625,9.935046195983887,,76,BLE
f5:7c:eb:a8:b4:8f,,Misc,2026-09-26 07:44:52,,,-97,26.188227747043072,91.70164464124878,3.479400634765625,9.935046195983887,,76,BLE
69:81:76:21:21:50,,Uncategorized;10,2026-09-26 07:44:52,,7936,-99,26.188227747043072,91.70164464124878,3.479400634765625,9.935046195983887,,76,BLE
01:4e:05:cf:e4:87,,Misc,2026-09-26 07:44:52,,,-100,26.188227747043072,91.70164464124878,3.479400634765625,9.935046195983887,,6,BLE
dc:01:e0:2b:0b:00,,Misc,2026-09-26 07:44:52,,,-91,26.188227747043072,91.70164464124878,3.479400634765625,9.935046195983887,,76,BLE
c3:32:9e:28:96:c6,,Misc,2026-09-26 07:44:52,,,-105,26.188227747043072,91.70164464124878,3.479400634765625,9.935046195983887,,76,BLE
57:94:ca:f2:11:06,,Uncategorized;10,2026-09-26 07:44:52,,7936,-101,26.188227747043072,91.70164464124878,3.479400634765625,9.935046195983887,,76,BLE
37:6b:b1:b5:90:1f,,Misc,2026-09-26 07:44:52,,,-102,26.188227747043072,91.70164464124878,3.479400634765625,9.935046195983887,,6,BLE
fa:c6:28:01:30:2c,,Misc,2026-09-26 07:44:57,,,-96,26.188232621788252,91.70170062356836,3.291534423828125,9.935046195983887,,76,BLE
f4:6a:52:c8:37:42,,Misc,2026-09-26 07:44:57,,,-97,26.188232621788252,91.70170062356836,3.291534423828125,9.935046195983887,,76,BLE
d4:5e:1a:ee:16:2a,,Misc,2026-09-26 07:45:02,,,-94,26.18824576851964,91.70175062711353,3.34375,9.935046195983887,,76,BLE
d4:70:35:51:5d:f7,,Misc,2026-09-26 07:45:02,,,-90,26.18824576851964,91.70175062711353,3.34375,9.935046195983887,,76,BLE
ec:c7:2f:07:13:58,,Misc,2026-09-26 07:45:02,,,-85,26.18824576851964,91.70175062711353,3.34375,9.935046195983887,,76,BLE
78:f9:34:3f:4d:59,,Uncategorized;10,2026-09-26 07:45:03,,7936,-103,26.188257283997753,91.7017542513243,2.597137451171875,9.935046195983887,,,BLE
4a:8f:34:f6:68:54,,Uncategorized;10,2026-09-26 07:45:04,,7936,-99,26.188259396754,91.70175495919996,1.540924072265625,9.935046195983887,,,BLE
7d:21:1e:11:ee:b0,,Misc,2026-09-26 07:45:07,,7936,-103,26.18828805527202,91.70175512562659,1.840301513671875,9.935046195983887,,76,BLE
24:3f:5b:c1:93:5d,,Misc,2026-09-26 07:45:07,,,-104,26.18828805527202,91.70175512562659,1.840301513671875,9.935046195983887,,6,BLE
d8:85:08:62:24:ea,,Misc,2026-09-26 07:45:07,,,-73,26.18828805527202,91.70175512562659,1.840301513671875,9.935046195983887,,76,BLE
78:f9:34:3f:4d:59,,Uncategorized;10,2026-09-26 07:45:07,,7936,-104,26.18828805527202,91.70175512562659,1.840301513671875,9.935046195983887,,76,BLE
4a:8f:34:f6:68:54,,Uncategorized;10,2026-09-26 07:45:07,,7936,-99,26.18828805527202,91.70175512562659,1.840301513671875,9.935046195983887,,76,BLE
71:e6:9e:db:8c:00,,Uncategorized;10,2026-09-26 07:45:08,,7936,-103,26.188296924160273,91.70175452768338,2.295867919921875,9.935046195983887,,,BLE
50:84:d5:0a:35:13,,Uncategorized;10,2026-09-26 07:45:11,,7936,-103,26.1883260707804,91.70175068415071,4.042083740234375,9.935046195983887,,,BLE
04:31:37:e6:05:87,,Misc,2026-09-26 07:45:12,,,-72,26.18833636048119,91.70174962876774,4.42327880859375,9.935046195983887,,6,BLE
10:83:5e:84:60:08,,Uncategorized;10,2026-09-26 07:45:12,,7936,-83,26.18833636048119,91.70174962876774,4.42327880859375,9.935046195983887,,,BLE
50:84:d5:0a:35:13,,Uncategorized;10,2026-09-26 07:45:12,,7936,-103,26.18833636048119,91.70174962876774,4.42327880859375,9.935046195983887,,76,BLE
37:6b:b1:b5:90:1f,,Misc,2026-09-26 07:45:12,,,-97,26.18833636048119,91.70174962876774,4.42327880859375,9.935046195983887,,6,BLE
49:1c:2c:34:5b:b2,,Misc,2026-09-26 07:45:12,,7936,-102,26.18833636048119,91.70174962876774,4.42327880859375,9.935046195983887,,76,BLE
5c:e9:f2:35:a4:15,,Misc,2026-09-26 07:45:12,,7936,-69,26.18833636048119,91.70174962876774,4.42327880859375,9.935046195983887,,76,BLE
71:e6:9e:db:8c:00,,Uncategorized;10,2026-09-26 07:45:12,,7936,-99,26.18833636048119,91.70174962876774,4.42327880859375,9.935046195983887,,76,BLE
76:65:c0:c3:14:07,,Uncategorized;10,2026-09-26 07:45:13,,7936,-99,26.188346762882045,91.70174892743705,5.395355224609375,9.935046195983887,,,BLE
40:ed:00:8b:82:4c,TP-Link_824C,[WPA2-PSK-CCMP][RSN-PSK-CCMP][ESS][WPS],2026-09-26 07:45:14,3,2422,-73,26.188356836426895,91.70174769151693,5.1893310546875,9.935046195983887,,,WIFI
c2:07:1d:66:ca:2f,,[ESS],2026-09-26 07:45:14,149,5745,-48,26.188356836426895,91.70174769151693,5.1893310546875,9.935046195983887,,,WIFI
c6:07:1d:66:ca:2e,IITG_CONNECT,[WPA2-EAP/SHA1+FT/EAP-CCMP][RSN-EAP/SHA1+FT/EAP-CCMP][ESS],2026-09-26 07:45:14,1,2412,-36,26.188356836426895,91.70174769151693,5.1893310546875,9.935046195983887,,,WIFI
c6:07:1d:66:ca:2f,IITG_CONNECT,[WPA2-EAP/SHA1+FT/EAP-CCMP][RSN-EAP/SHA1+FT/EAP-CCMP][ESS],2026-09-26 07:45:14,149,5745,-47,26.188356836426895,91.70174769151693,5.1893310546875,9.935046195983887,,,WIFI
9c:a2:f4:f1:8d:f6,TP-Link_8DF6,[WPA2-PSK-CCMP][RSN-PSK-CCMP][ESS][WPS],2026-09-26 07:45:14,9,2452,-68,26.188356836426895,91.70174769151693,5.1893310546875,9.935046195983887,,,WIFI
c2:07:1d:66:c5:24,,[ESS],2026-09-26 07:45:14,11,2462,-70,26.188356836426895,91.70174769151693,5.1893310546875,9.935046195983887,,,WIFI
1a:93:41:b6:99:46,DESKTOP-0VSMCJA 1554,[WPA2-PSK-CCMP][RSN-PSK-CCMP][ESS][WPS],2026-09-26 07:45:14,40,5200,-76,26.188356836426895,91.70174769151693,5.1893310546875,9.935046195983887,,,WIFI
ec:75:0c:b7:37:bc,TP-Link_37BC,[WPA2-PSK-CCMP][RSN-PSK-CCMP][ESS][WPS],2026-09-26 07:45:14,3,2422,-85,26.188356836426895,91.70174769151693,5.1893310546875,9.935046195983887,,,WIFI
40:ae:30:a5:25:ce,IITB_CONNECT,[WPA2-PSK-CCMP][RSN-PSK-CCMP][ESS][WPS],2026-09-26 07:45:14,9,2452,-60,26.188356836426895,91.70174769151693,5.1893310546875,9.935046195983887,,,WIFI
22:e1:5d:3d:ea:aa,guest wifi,[WPA-PSK-CCMP][WPA2-PSK-CCMP][RSN-PSK-CCMP][ESS],2026-09-26 07:45:14,3,2422,-76,26.188356836426895,91.70174769151693,5.1893310546875,9.935046195983887,,,WIFI
3f:87:70:79:d3:e0,,Uncategorized;10,2026-09-26 07:45:14,,7936,-91,26.188356836426895,91.70174769151693,5.1893310546875,9.935046195983887,,,BLE
10:83:5e:84:60:08,,Uncategorized;10,2026-09-26 07:45:14,,7936,-73,26.188356836426895,91.70174769151693,5.1893310546875,9.935046195983887,,,BLE
10:83:5e:84:60:08,,Uncategorized;10,2026-09-26 07:45:16,,7936,-67,26.18837684005011,91.70174564437589,6.8135986328125,9.935046195983887,,,BLE
64:6d:90:8b:c4:05,OPPO Enco Buds3 Pro+,Misc,2026-09-26 07:45:17,,7936,-94,26.188385341188667,91.7017444869831,6.7132568359375,9.935046195983887,,,BLE
29:d8:94:eb:93:5b,,Misc,2026-09-26 07:45:17,,7936,-100,26.188385341188667,91.7017444869831,6.7132568359375,9.935046195983887,,,BLE
24:3f:5b:c1:93:5d,,Misc,2026-09-26 07:45:17,,,-99,26.188385341188667,91.7017444869831,6.7132568359375,9.935046195983887,,6,BLE
76:65:c0:c3:14:07,,Uncategorized;10,2026-09-26 07:45:17,,7936,-99,26.188385341188667,91.7017444869831,6.7132568359375,9.935046195983887,,76,BLE
7d:21:1e:11:ee:b0,,Misc,2026-09-26 07:45:18,,7936,-97,26.18839443119699,91.70174272433084,7.772064208984375,9.935046195983887,,76,BLE
45:ff:e8:6c:fd:47,,Uncategorized;10,2026-09-26 07:45:18,,7936,-102,26.18839443119699,91.70174272433084,7.772064208984375,9.935046195983887,,,BLE
14:5a:7d:e6:f3:46,,Misc,2026-09-26 07:45:22,,,-100,26.18843358535011,91.7017312313878,10.46917724609375,9.935046195983887,,6,BLE
f2:40:16:e5:a9:3a,,Misc,2026-09-26 07:45:22,,,-94,26.18843358535011,91.7017312313878,10.46917724609375,9.935046195983887,,76,BLE
45:ff:e8:6c:fd:47,,Uncategorized;10,2026-09-26 07:45:22,,7936,-104,26.18843358535011,91.7017312313878,10.46917724609375,9.935046195983887,,76,BLE
57:c2:27:60:8b:0a,,Uncategorized;10,2026-09-26 07:45:23,,7936,-101,26.18844272589393,91.70172617456485,10.71856689453125,9.935046195983887,,,BLE
78:bf:34:12:dd:4f,,Uncategorized;10,2026-09-26 07:45:24,,7936,-98,26.188451694496493,91.7017219696701,10.894744873046875,9.935046195983887,,76,BLE
7e:1e:1e:d1:63:41,,Misc,2026-09-26 07:45:25,,7936,-97,26.188460550033994,91.70172108424275,11.962646484375,9.935046195983887,,,BLE
cc:6b:2d:17:eb:c6,,Misc,2026-09-26 07:45:27,,,-97,26.188472525114552,91.70172961871286,11.283935546875,9.935046195983887,,76,BLE
42:3d:9a:7b:e1:d1,,Misc,2026-09-26 07:45:27,,,-101,26.188472525114552,91.70172961871286,11.283935546875,9.935046195983887,,76,BLE
79:da:9a:c9:a3:bd,,Misc,2026-09-26 07:45:27,,7936,-101,26.188472525114552,91.70172961871286,11.283935546875,9.935046195983887,,76,BLE
57:c2:27:60:8b:0a,,Uncategorized;10,2026-09-26 07:45:27,,7936,-101,26.188472525114552,91.70172961871286,11.283935546875,9.935046195983887,,76,BLE
f1:57:26:5c:8e:ca,,Misc,2026-09-26 07:45:27,,,-104,26.188472525114552,91.70172961871286,11.283935546875,9.935046195983887,,76,BLE
45:ff:e8:6c:fd:47,,Uncategorized;10,2026-09-26 07:45:27,,7936,-98,26.188472525114552,91.70172961871286,11.283935546875,9.935046195983887,,76,BLE
43:d5:db:b4:4d:49,,Misc,2026-09-26 07:45:27,,,-101,26.188472525114552,91.70172961871286,11.283935546875,9.935046195983887,,76,BLE
e3:90:ca:9b:0e:38,,Misc,2026-09-26 07:45:27,,,-103,26.188472525114552,91.70172961871286,11.283935546875,9.935046195983887,,76,BLE
5a:d4:95:bb:ac:de,,Uncategorized;10,2026-09-26 07:45:29,,7936,-100,26.188482239816597,91.70174306666796,15.3994140625,9.935046195983887,,,BLE
59:b4:8b:b3:06:d8,,Misc,2026-09-26 07:45:30,,7936,-73,26.18848556636618,91.70175081470883,15.09063720703125,9.935046195983887,,76,BLE
29:d8:94:eb:93:5b,,Misc,2026-09-26 07:45:31,,7936,-82,26.188488885520968,91.70175946274755,14.6552734375,9.935046195983887,,,BLE
41:18:35:fd:8e:1d,AMROZR,Misc,2026-09-26 07:45:32,,7936,-95,26.188491568904603,91.70176846472373,14.85662841796875,9.935046195983887,,,BLE
ed:b9:87:58:ee:02,,Misc,2026-09-26 07:45:32,,,-102,26.188491568904603,91.70176846472373,14.85662841796875,9.935046195983887,,76,BLE
64:6d:90:8b:c4:05,OPPO Enco Buds3 Pro+,Misc,2026-09-26 07:45:32,,7936,-87,26.188491568904603,91.70176846472373,14.85662841796875,9.935046195983887,,,BLE
64:6d:90:8b:c4:05,OPPO Enco Buds3 Pro+,Misc,2026-09-26 07:45:32,,7936,-76,26.188491568904603,91.70176846472373,14.85662841796875,9.935046195983887,,,BLE
5a:d4:95:bb:ac:de,,Uncategorized;10,2026-09-26 07:45:32,,7936,-98,26.188491568904603,91.70176846472373,14.85662841796875,9.935046195983887,,76,BLE
c9:c0:23:cb:23:1f,,Misc,2026-09-26 07:45:32,,,-104,26.188491568904603,91.70176846472373,14.85662841796875,9.935046195983887,,76,BLE
e9:3f:8f:a2:4f:81,,Misc,2026-09-26 07:45:32,,,-98,26.188491568904603,91.70176846472373,14.85662841796875,9.935046195983887,,76,BLE
50:ab:e9:4d:b4:e6,,Misc,2026-09-26 07:45:33,,7936,-87,26.18849392369245,91.70177777197478,16.02203369140625,9.935046195983887,,76,BLE
34:6f:24:fc:84:76,AMROZR,Laptop;10,2026-09-26 07:45:36,,268,-84,26.188496702238922,91.70180789156915,16.2947998046875,9.935046195983887,,,BT
5d:ed:c2:ad:f9:4a,GFPS_Finder,Misc,2026-09-26 07:45:37,,7936,-94,26.18849723794016,91.70181794903992,16.15234375,9.935046195983887,,,BLE
3e:80:a9:b7:12:5f,,Misc,2026-09-26 07:45:37,,,-104,26.18849723794016,91.70181794903992,16.15234375,9.935046195983887,,,BLE
18:89:d1:a8:73:5f,,Misc,2026-09-26 07:45:37,,,-88,26.18849723794016,91.70181794903992,16.15234375,9.935046195983887,,6,BLE
3f:41:2a:58:75:41,,Misc,2026-09-26 07:45:37,,,-87,26.18849723794016,91.70181794903992,16.15234375,9.935046195983887,,,BLE
1a:70:ef:66:a9:e7,,Misc,2026-09-26 07:45:37,,,-105,26.18849723794016,91.70181794903992,16.15234375,9.935046195983887,,,BLE
29:d8:94:eb:93:5b,,Misc,2026-09-26 07:45:37,,7936,-73,26.18849723794016,91.70181794903992,16.15234375,9.935046195983887,,,BLE
24:3f:5b:c1:93:5d,,Misc,2026-09-26 07:45:37,,,-90,26.18849723794016,91.70181794903992,16.15234375,9.935046195983887,,6,BLE
ea:f0:f8:12:43:26,,Misc,2026-09-26 07:45:37,,,-102,26.18849723794016,91.70181794903992,16.15234375,9.935046195983887,,76,BLE
13:97:b8:ca:ef:2b,,Misc,2026-09-26 07:45:37,,,-97,26.18849723794016,91.70181794903992,16.15234375,9.935046195983887,,6,BLE
5f:8b:22:10:38:d0,,Uncategorized;10,2026-09-26 07:45:41,,7936,-94,26.188496590817113,91.70185763137651,16.9775390625,9.935046195983887,,,BLE
47:fb:4e:a8:51:c7,,Misc,2026-09-26 07:45:42,,,-69,26.18849515354169,91.70186851692337,17.84521484375,9.935046195983887,,6,BLE
26:62:2a:e2:0b:05,,Uncategorized;10,2026-09-26 07:45:42,,7936,-75,26.18849515354169,91.70186851692337,17.84521484375,9.935046195983887,,,BLE
5f:9b:c9:66:d3:87,,Misc,2026-09-26 07:45:42,,,-94,26.18849515354169,91.70186851692337,17.84521484375,9.935046195983887,,1946,BLE
19:b6:60:e3:26:aa,,Uncategorized;10,2026-09-26 07:45:42,,7936,-74,26.18849515354169,91.70186851692337,17.84521484375,9.935046195983887,,,BLE
5f:8b:22:10:38:d0,,Uncategorized;10,2026-09-26 07:45:42,,7936,-94,26.18849515354169,91.70186851692337,17.84521484375,9.935046195983887,,76,BLE
3f:41:2a:58:75:41,,Misc,2026-09-26 07:45:42,,,-75,26.18849515354169,91.70186851692337,17.84521484375,9.935046195983887,,,BLE
60:a2:fe:68:e6:7c,,Misc,2026-09-26 07:45:42,,7936,-83,26.18849515354169,91.70186851692337,17.84521484375,9.935046195983887,,,BLE
18:89:d1:a8:73:5f,,Misc,2026-09-26 07:45:42,,,-81,26.18849515354169,91.70186851692337,17.84521484375,9.935046195983887,,6,BLE
f2:ba:c3:cd:f4:63,,Misc,2026-09-26 07:45:42,,,-105,26.18849515354169,91.70186851692337,17.84521484375,9.935046195983887,,76,BLE
3f:87:70:79:d3:e0,,Uncategorized;10,2026-09-26 07:45:42,,7936,-69,26.18849515354169,91.70186851692337,17.84521484375,9.935046195983887,,,BLE
49:1c:2c:34:5b:b2,,Misc,2026-09-26 07:45:42,,7936,-95,26.18849515354169,91.70186851692337,17.84521484375,9.935046195983887,,76,BLE
04:46:35:12:dd:17,,Misc,2026-09-26 07:45:42,,,-96,26.18849515354169,91.70186851692337,17.84521484375,9.935046195983887,,,BLE
13:9a:33:db:8a:c0,,Misc,2026-09-26 07:45:42,,,-96,26.18849515354169,91.70186851692337,17.84521484375,9.935046195983887,,,BLE
5f:8b:22:10:38:d0,,Uncategorized;10,2026-09-26 07:45:43,,7936,-88,26.188492392787303,91.70187899925624,19.93927001953125,9.935046195983887,,76,BLE
79:da:9a:c9:a3:bd,,Misc,2026-09-26 07:45:44,,7936,-90,26.188489080034664,91.70188939913983,20.88348388671875,9.935046195983887,,76,BLE
c2:07:1d:66:c5:25,,[ESS],2026-09-26 07:45:46,157,5785,-59,26.18848281546344,91.70190983440266,22.5262451171875,9.935046195983887,,,WIFI
f4:55:fd:d2:d7:b4,,Misc,2026-09-26 07:45:47,,,-93,26.18847987424714,91.70192015164183,22.385498046875,9.935046195983887,,76,BLE
3e:80:a9:b7:12:5f,,Misc,2026-09-26 07:45:47,,,-95,26.18847987424714,91.70192015164183,22.385498046875,9.935046195983887,,,BLE
1a:70:ef:66:a9:e7,,Misc,2026-09-26 07:45:47,,,-94,26.18847987424714,91.70192015164183,22.385498046875,9.935046195983887,,,BLE
d3:e9:62:5d:c4:d8,,Misc,2026-09-26 07:45:47,,,-96,26.18847987424714,91.70192015164183,22.385498046875,9.935046195983887,,76,BLE
d8:dd:c8:53:51:6f,,Misc,2026-09-26 07:45:47,,,-88,26.18847987424714,91.70192015164183,22.385498046875,9.935046195983887,,76,BLE
2d:88:64:1d:97:80,,Uncategorized;10,2026-09-26 07:45:48,,7936,-93,26.1884772875052,91.70193150274974,22.51397705078125,9.935046195983887,,,BLE
3f:cc:40:13:90:fc,,Uncategorized;10,2026-09-26 07:45:49,,7936,-99,26.188476239095316,91.70194246064857,23.3289794921875,9.935046195983887,,,BLE
21:7f:1e:96:9b:15,,Uncategorized;10,2026-09-26 07:45:51,,7936,-99,26.188476700355523,91.70196458468132,23.3656005859375,9.935046195983887,,,BLE
5b:d1:33:eb:47:9e,,Uncategorized;10,2026-09-26 07:45:51,,7936,-101,26.188476700355523,91.70196458468132,23.3656005859375,9.935046195983887,,,BLE
54:8e:d3:f6:e0:73,,Uncategorized;10,2026-09-26 07:45:52,,7936,-91,26.18847765708933,91.70197517479994,23.97137451171875,9.935046195983887,,76,BLE
23:c7:d1:d9:5a:58,,Misc,2026-09-26 07:45:52,,,-101,26.18847765708933,91.70197517479994,23.97137451171875,9.935046195983887,,,BLE
e8:52:2f:e2:d4:1c,,Misc,2026-09-26 07:45:52,,,-90,26.18847765708933,91.70197517479994,23.97137451171875,9.935046195983887,,76,BLE
0f:ba:d9:dd:00:95,,Misc,2026-09-26 07:45:52,,,-100,26.18847765708933,91.70197517479994,23.97137451171875,9.935046195983887,,,BLE
21:7f:1e:96:9b:15,,Uncategorized;10,2026-09-26 07:45:52,,7936,-93,26.18847765708933,91.70197517479994,23.97137451171875,9.935046195983887,,,BLE
ca:67:57:03:21:97,,Misc,2026-09-26 07:45:52,,,-93,26.18847765708933,91.70197517479994,23.97137451171875,9.935046195983887,,76,BLE
cf:21:55:ac:85:b7,,Misc,2026-09-26 07:45:52,,,-102,26.18847765708933,91.70197517479994,23.97137451171875,9.935046195983887,,76,BLE
01:f9:9b:29:5d:80,,Misc,2026-09-26 07:45:52,,,-103,26.18847765708933,91.70197517479994,23.97137451171875,9.935046195983887,,,BLE
06:04:b4:06:8c:d5,,Misc,2026-09-26 07:45:52,,7936,-94,26.18847765708933,91.70197517479994,23.97137451171875,9.935046195983887,,,BLE
1a:70:ef:66:a9:e7,,Misc,2026-09-26 07:45:52,,,-85,26.18847765708933,91.70197517479994,23.97137451171875,9.935046195983887,,,BLE
32:0b:d7:34:a1:3a,,Misc,2026-09-26 07:45:52,,7936,-92,26.18847765708933,91.70197517479994,23.97137451171875,9.935046195983887,,,BLE
1c:30:cf:0f:34:a8,,Misc,2026-09-26 07:45:52,,,-103,26.18847765708933,91.70197517479994,23.97137451171875,9.935046195983887,,,BLE
09:5f:f0:8f:6e:3b,,Misc,2026-09-26 07:45:52,,,-91,26.18847765708933,91.70197517479994,23.97137451171875,9.935046195983887,,6,BLE
dc:d9:8b:09:62:9d,,Misc,2026-09-26 07:45:52,,,-79,26.18847765708933,91.70197517479994,23.97137451171875,9.935046195983887,,76,BLE
44:52:08:fc:7d:c4,,Misc,2026-09-26 07:45:52,,,-93,26.18847765708933,91.70197517479994,23.97137451171875,9.935046195983887,,,BLE
30:bf:e1:35:78:4b,,Misc,2026-09-26 07:45:52,,,-99,26.18847765708933,91.70197517479994,23.97137451171875,9.935046195983887,,,BLE
22:9e:c8:9f:ae:42,,Misc,2026-09-26 07:45:52,,,-91,26.18847765708933,91.70197517479994,23.97137451171875,9.935046195983887,,,BLE
3b:1d:c5:b1:c4:6a,,Uncategorized;10,2026-09-26 07:45:53,,7936,-92,26.188479102912268,91.70199119843525,24.8465576171875,9.935046195983887,,,BLE
3f:c8:21:10:9f:2c,,Uncategorized;10,2026-09-26 07:45:55,,7936,-86,26.188483162845717,91.70200571163366,28.3289794921875,9.935046195983887,,,BLE
dc:1f:f3:27:14:ff,,Misc,2026-09-26 07:45:57,,,-91,26.188483693203743,91.70202530565639,27.708984375,9.935046195983887,,76,BLE
32:0b:d7:34:a1:3a,,Misc,2026-09-26 07:45:57,,7936,-87,26.188483693203743,91.70202530565639,27.708984375,9.935046195983887,,,BLE
13:9a:33:db:8a:c0,,Misc,2026-09-26 07:45:57,,,-83,26.188483693203743,91.70202530565639,27.708984375,9.935046195983887,,,BLE
06:04:b4:06:8c:d5,,Misc,2026-09-26 07:45:57,,7936,-86,26.188483693203743,91.70202530565639,27.708984375,9.935046195983887,,,BLE
30:bf:e1:35:78:4b,,Misc,2026-09-26 07:45:57,,,-90,26.188483693203743,91.70202530565639,27.708984375,9.935046195983887,,,BLE
41:84:77:00:eb:1e,CMF Buds,Uncategorized,2026-09-26 07:45:57,,7936,-76,26.188483693203743,91.70202530565639,27.708984375,9.935046195983887,,,BLE
67:03:46:07:c7:46,CMF Buds,Misc,2026-09-26 07:45:57,,7936,-105,26.188483693203743,91.70202530565639,27.708984375,9.935046195983887,,,BLE
21:7f:1e:96:9b:15,,Uncategorized;10,2026-09-26 07:45:57,,7936,-86,26.188483693203743,91.70202530565639,27.708984375,9.935046195983887,,,BLE
d8:11:7d:2b:01:4a,,Misc,2026-09-26 07:45:57,,,-93,26.188483693203743,91.70202530565639,27.708984375,9.935046195983887,,76,BLE
23:8d:f1:69:07:c3,,Misc,2026-09-26 07:45:57,,7936,-84,26.188483693203743,91.70202530565639,27.708984375,9.935046195983887,,,BLE
67:46:6b:cc:07:da,,Misc,2026-09-26 07:45:57,,7936,-100,26.188483693203743,91.70202530565639,27.708984375,9.935046195983887,,,BLE
3e:80:a9:b7:12:5f,,Misc,2026-09-26 07:45:57,,,-88,26.188483693203743,91.70202530565639,27.708984375,9.935046195983887,,,BLE
12:4c:32:2d:ec:b2,,Misc,2026-09-26 07:46:02,,7936,-94,26.18845876847285,91.7020547058241,23.65130615234375,9.935046195983887,,,BLE
5d:e1:3a:0f:1b:a0,,Misc,2026-09-26 07:46:02,,7936,-84,26.18845876847285,91.7020547058241,23.65130615234375,9.935046195983887,,76,BLE
0d:9d:ce:0e:da:74,,Misc,2026-09-26 07:46:02,,7936,-83,26.18845876847285,91.7020547058241,23.65130615234375,9.935046195983887,,,BLE
2f:bd:a7:d3:74:61,,Misc,2026-09-26 07:46:02,,,-101,26.18845876847285,91.7020547058241,23.65130615234375,9.935046195983887,,6,BLE
2c:16:18:d0:44:c8,,Misc,2026-09-26 07:46:02,,7936,-91,26.18845876847285,91.7020547058241,23.65130615234375,9.935046195983887,,,BLE
13:9a:33:db:8a:c0,,Misc,2026-09-26 07:46:02,,,-74,26.18845876847285,91.7020547058241,23.65130615234375,9.935046195983887,,,BLE
3c:6b:fc:ee:d5:bd,,Misc,2026-09-26 07:46:02,,7936,-94,26.18845876847285,91.7020547058241,23.65130615234375,9.935046195983887,,,BLE
2f:af:0e:e9:9b:bb,,Misc,2026-09-26 07:46:02,,,-94,26.18845876847285,91.7020547058241,23.65130615234375,9.935046195983887,,,BLE
3b:1d:c5:b1:c4:6a,,Uncategorized;10,2026-09-26 07:46:02,,7936,-87,26.18845876847285,91.7020547058241,23.65130615234375,9.935046195983887,,,BLE
c6:39:70:db:e8:92,,Misc,2026-09-26 07:46:02,,,-103,26.18845876847285,91.7020547058241,23.65130615234375,9.935046195983887,,76,BLE
2d:88:64:1d:97:80,,Uncategorized;10,2026-09-26 07:46:03,,7936,-84,26.18844795340946,91.70206039383324,22.28564453125,9.935046195983887,,,BLE
2c:16:18:d0:44:c8,,Misc,2026-09-26 07:46:03,,7936,-83,26.18844795340946,91.70206039383324,22.28564453125,9.935046195983887,,,BLE
12:4c:32:2d:ec:b2,,Misc,2026-09-26 07:46:03,,7936,-85,26.18844795340946,91.70206039383324,22.28564453125,9.935046195983887,,,BLE
67:46:6b:cc:07:da,,Misc,2026-09-26 07:46:03,,7936,-94,26.18844795340946,91.70206039383324,22.28564453125,9.935046195983887,,,BLE
32:0b:d7:34:a1:3a,,Misc,2026-09-26 07:46:05,,7936,-75,26.18843720143398,91.70206716881405,21.26300048828125,9.935046195983887,,,BLE
06:30:13:0c:af:58,,Uncategorized;10,2026-09-26 07:46:05,,7936,-100,26.18843720143398,91.70206716881405,21.26300048828125,9.935046195983887,,,BLE
23:5c:e9:06:59:25,,Misc,2026-09-26 07:46:07,,,-100,26.188424768721458,91.7020774327804,20.56658935546875,9.935046195983887,,,BLE
16:af:dd:5e:1a:11,,Misc,2026-09-26 07:46:07,,,-103,26.188424768721458,91.7020774327804,20.56658935546875,9.935046195983887,,6,BLE
67:03:46:07:c7:46,CMF Buds,Misc,2026-09-26 07:46:07,,7936,-94,26.188424768721458,91.7020774327804,20.56658935546875,9.935046195983887,,,BLE
05:5f:c7:cf:7d:7e,,Misc,2026-09-26 07:46:07,,,-96,26.188424768721458,91.7020774327804,20.56658935546875,9.935046195983887,,,BLE
2d:88:64:1d:97:80,,Uncategorized;10,2026-09-26 07:46:08,,7936,-74,26.188422611393253,91.70208237852735,19.806640625,9.935046195983887,,,BLE
5f:ec:8e:14:4c:cc,,Uncategorized;10,2026-09-26 07:46:08,,7936,-95,26.188422611393253,91.70208237852735,19.806640625,9.935046195983887,,,BLE
67:03:46:07:c7:46,CMF Buds,Misc,2026-09-26 07:46:12,,7936,-103,26.188427256317677,91.70211046174175,18.9957275390625,9.935046195983887,,3275,BLE
01:f9:9b:29:5d:80,,Misc,2026-09-26 07:46:12,,,-96,26.188427256317677,91.70211046174175,18.9957275390625,9.935046195983887,,,BLE
22:9e:c8:9f:ae:42,,Misc,2026-09-26 07:46:12,,,-85,26.188427256317677,91.70211046174175,18.9957275390625,9.935046195983887,,,BLE
da:27:3b:6d:05:81,,Misc,2026-09-26 07:46:12,,,-86,26.188427256317677,91.70211046174175,18.9957275390625,9.935046195983887,,76,BLE
3a:d8:e3:4d:3f:8c,,Misc,2026-09-26 07:46:12,,,-92,26.188427256317677,91.70211046174175,18.9957275390625,9.935046195983887,,,BLE
3e:80:a9:b7:12:5f,,Misc,2026-09-26 07:46:12,,,-79,26.188427256317677,91.70211046174175,18.9957275390625,9.935046195983887,,,BLE
5f:ec:8e:14:4c:cc,,Uncategorized;10,2026-09-26 07:46:12,,7936,-95,26.188427256317677,91.70211046174175,18.9957275390625,9.935046195983887,,117,BLE
e8:52:2f:e2:d4:1c,,Misc,2026-09-26 07:46:12,,,-73,26.188427256317677,91.70211046174175,18.9957275390625,9.935046195983887,,76,BLE
3b:ba:b5:8e:2d:6e,,Misc,2026-09-26 07:46:16,,7936,-88,26.18843940488387,91.70212564177861,18.4285888671875,10.672643661499023,,,BLE
ca:24:b1:a1:1e:4f,,Misc,2026-09-26 07:46:17,,,-73,26.188446211769012,91.70212803907017,18.711181640625,10.69588565826416,,76,BLE
23:5c:e9:06:59:25,,Misc,2026-09-26 07:46:17,,,-81,26.188446211769012,91.70212803907017,18.711181640625,10.69588565826416,,,BLE
23:c7:d1:d9:5a:58,,Misc,2026-09-26 07:46:17,,,-91,26.188446211769012,91.70212803907017,18.711181640625,10.69588565826416,,,BLE
34:05:a5:e4:f4:03,,Misc,2026-09-26 07:46:17,,,-103,26.188446211769012,91.70212803907017,18.711181640625,10.69588565826416,,,BLE
27:16:55:b5:7a:b6,,Misc,2026-09-26 07:46:17,,,-100,26.188446211769012,91.70212803907017,18.711181640625,10.69588565826416,,,BLE
3b:1d:c5:b1:c4:6a,,Uncategorized;10,2026-09-26 07:46:22,,7936,-74,26.18848901710408,91.70216018478735,17.85736083984375,11.019489288330078,,,BLE
34:05:a5:e4:f4:03,,Misc,2026-09-26 07:46:22,,,-90,26.18848901710408,91.70216018478735,17.85736083984375,11.019489288330078,,,BLE
3a:b3:26:4d:79:6c,,Misc,2026-09-26 07:46:22,,,-105,26.18848901710408,91.70216018478735,17.85736083984375,11.019489288330078,,,BLE
5a:91:46:7c:84:f3,,Misc,2026-09-26 07:46:22,,,-102,26.18848901710408,91.70216018478735,17.85736083984375,11.019489288330078,,76,BLE
06:04:b4:06:8c:d5,,Misc,2026-09-26 07:46:22,,7936,-70,26.18848901710408,91.70216018478735,17.85736083984375,11.019489288330078,,,BLE
52:e3:4f:5e:15:a8,,Uncategorized;10,2026-09-26 07:46:22,,7936,-75,26.18848901710408,91.70216018478735,17.85736083984375,11.019489288330078,,76,BLE
67:6b:4f:75:05:c9,,Misc,2026-09-26 07:46:22,,,-102,26.18848901710408,91.70216018478735,17.85736083984375,11.019489288330078,,76,BLE
5d:e1:3a:0f:1b:a0,,Misc,2026-09-26 07:46:22,,7936,-72,26.18848901710408,91.70216018478735,17.85736083984375,11.019489288330078,,76,BLE
01:f9:9b:29:5d:80,,Misc,2026-09-26 07:46:22,,,-87,26.18848901710408,91.70216018478735,17.85736083984375,11.019489288330078,,,BLE
76:91:2d:23:8f:c6,Ayush's phone,[WPA2-PSK-CCMP][RSN-PSK-CCMP][ESS],2026-09-26 07:46:22,6,2437,-66,26.18848901710408,91.70216018478735,17.85736083984375,11.019489288330078,,,WIFI
0e:fd:90:c6:a6:c6,OPPO F29 5G h345,[WPA2-PSK-CCMP][RSN-PSK+SAE-CCMP][ESS],2026-09-26 07:46:22,11,2462,-58,26.18848901710408,91.70216018478735,17.85736083984375,11.019489288330078,,,WIFI
42:50:74:0e:9a:4d,OnePlus Nord CE3 5G,[WPA2-PSK-CCMP][RSN-PSK-CCMP][ESS],2026-09-26 07:46:22,6,2437,-56,26.18848901710408,91.70216018478735,17.85736083984375,11.019489288330078,,,WIFI
78:b4:8c:62:52:24,,Misc,2026-09-26 07:46:23,,7936,-72,26.188501060820297,91.70217444092681,17.63934326171875,11.01302433013916,,,BLE
06:30:13:0c:af:58,,Uncategorized;10,2026-09-26 07:46:24,,7936,-81,26.188502938965804,91.70217886231532,17.48291015625,10.985943794250488,,,BLE
0d:9d:ce:0e:da:74,,Misc,2026-09-26 07:46:24,,7936,-77,26.188502938965804,91.70217886231532,17.48291015625,10.985943794250488,,,BLE
54:8e:d3:f6:e0:73,,Uncategorized;10,2026-09-26 07:46:24,,7936,-72,26.188502938965804,91.70217886231532,17.48291015625,10.985943794250488,,76,BLE
46:d3:1a:b0:de:a4,,Uncategorized;10,2026-09-26 07:46:27,,7936,-98,26.188513941599574,91.7022136373293,15.7413330078125,10.989116668701172,,,BLE
67:ae:d2:94:ac:5e,,Uncategorized;10,2026-09-26 07:46:27,,7936,-87,26.188513941599574,91.7022136373293,15.7413330078125,10.989116668701172,,1946,BLE
79:4d:b5:cd:3a:cc,,Uncategorized;10,2026-09-26 07:46:27,,7936,-89,26.188513941599574,91.7022136373293,15.7413330078125,10.989116668701172,,,BLE
40:c6:d2:3d:58:50,,Misc,2026-09-26 07:46:27,,,-91,26.188513941599574,91.7022136373293,15.7413330078125,10.989116668701172,,76,BLE
79:4d:b5:cd:3a:cc,,Uncategorized;10,2026-09-26 07:46:27,,7936,-89,26.188513941599574,91.7022136373293,15.7413330078125,10.989116668701172,,76,BLE
ec:f1:4a:b9:db:68,,Misc,2026-09-26 07:46:27,,,-70,26.188513941599574,91.7022136373293,15.7413330078125,10.989116668701172,,76,BLE
6f:11:f2:f8:8c:e6,,Misc,2026-09-26 07:46:27,,,-84,26.188513941599574,91.7022136373293,15.7413330078125,10.989116668701172,,76,BLE
ea:f0:f8:12:43:26,,Misc,2026-09-26 07:46:27,,,-81,26.188513941599574,91.7022136373293,15.7413330078125,10.989116668701172,,76,BLE
62:73:7d:77:db:81,,Misc,2026-09-26 07:46:27,,,-103,26.188513941599574,91.7022136373293,15.7413330078125,10.989116668701172,,76,BLE
01:f9:9b:29:5d:80,,Misc,2026-09-26 07:46:27,,,-74,26.188513941599574,91.7022136373293,15.7413330078125,10.989116668701172,,,BLE
21:7f:1e:96:9b:15,,Uncategorized;10,2026-09-26 07:46:27,,7936,-76,26.188513941599574,91.7022136373293,15.7413330078125,10.989116668701172,,,BLE
78:b4:8c:62:52:24,,Misc,2026-09-26 07:46:28,,7936,-65,26.18851430993076,91.70222546972828,15.3175048828125,11.08905029296875,,,BLE
c6:39:70:db:e8:92,,Misc,2026-09-26 07:46:32,,,-89,26.188512801681426,91.70226798131125,14.5462646484375,10.501354217529297,,76,BLE
23:00:99:59:46:0f,,Misc,2026-09-26 07:46:32,,,-101,26.188512801681426,91.70226798131125,14.5462646484375,10.501354217529297,,,BLE
67:ae:d2:94:ac:5e,,Uncategorized;10,2026-09-26 07:46:32,,7936,-76,26.188512801681426,91.70226798131125,14.5462646484375,10.501354217529297,,1946,BLE
54:8e:d3:f6:e0:73,,Uncategorized;10,2026-09-26 07:46:37,,7936,-60,26.18853581177178,91.70228753741829,14.57489013671875,10.208500862121582,,76,BLE
30:bf:e1:35:78:4b,,Misc,2026-09-26 07:46:37,,,-83,26.18853581177178,91.70228753741829,14.57489013671875,10.208500862121582,,,BLE
64:4f:35:ba:1c:b8,,Misc,2026-09-26 07:46:37,,,-104,26.18853581177178,91.70228753741829,14.57489013671875,10.208500862121582,,76,BLE
34:05:a5:e4:f4:03,,Misc,2026-09-26 07:46:37,,,-77,26.18853581177178,91.70228753741829,14.57489013671875,10.208500862121582,,,BLE
78:b4:8c:62:52:24,,Misc,2026-09-26 07:46:37,,7936,-53,26.18853581177178,91.70228753741829,14.57489013671875,10.208500862121582,,,BLE
8a:33:76:5a:86:a3,Harshit,[WPA2-PSK-CCMP][RSN-PSK+SAE-CCMP][ESS],2026-09-26 07:46:40,161,5805,-70,26.18856465717305,91.70229106275316,13.3819580078125,10.505845069885254,,,WIFI
9e:0e:96:9d:28:5d,realme 12 Pro 5G,[WPA2-PSK-CCMP][RSN-PSK+SAE-CCMP][ESS],2026-09-26 07:46:40,11,2462,-62,26.18856465717305,91.70229106275316,13.3819580078125,10.505845069885254,,,WIFI
fa:da:3b:dd:18:a2,realme 12 Pro+ 5G(VAIBHAV GUPTA),[WPA2-PSK-CCMP][RSN-PSK-CCMP][ESS],2026-09-26 07:46:40,11,2462,-61,26.18856465717305,91.70229106275316,13.3819580078125,10.505845069885254,,,WIFI
55:2d:db:7d:12:1c,Jabra Evolve2 65,Misc,2026-09-26 07:46:42,,,-101,26.188583416911552,91.7022861331726,13.8077392578125,10.561426162719727,,,BLE
db:cc:da:e5:96:ac,,Misc,2026-09-26 07:46:42,,,-66,26.188583416911552,91.7022861331726,13.8077392578125,10.561426162719727,,76,BLE
23:00:99:59:46:0f,,Misc,2026-09-26 07:46:42,,,-92,26.188583416911552,91.7022861331726,13.8077392578125,10.561426162719727,,,BLE
4f:3d:7d:79:b7:df,,Misc,2026-09-26 07:46:42,,7936,-85,26.188583416911552,91.7022861331726,13.8077392578125,10.561426162719727,,76,BLE
5a:46:44:7f:3f:b4,OnePlus Nord Buds 3 Pro,Misc,2026-09-26 07:46:42,,7936,-70,26.188583416911552,91.7022861331726,13.8077392578125,10.561426162719727,,,BLE
0b:bc:17:51:37:52,,Misc,2026-09-26 07:46:42,,,-89,26.188583416911552,91.7022861331726,13.8077392578125,10.561426162719727,,,BLE
50:34:d3:8f:bd:d9,,Misc,2026-09-26 07:46:42,,7936,-86,26.188583416911552,91.7022861331726,13.8077392578125,10.561426162719727,,76,BLE
64:c3:90:48:50:46,,Uncategorized;10,2026-09-26 07:46:43,,7936,-70,26.188599301159826,91.70228317085282,13.89666748046875,10.532986640930176,,,BLE
4f:3d:7d:79:b7:df,,Misc,2026-09-26 07:46:43,,7936,-74,26.188599301159826,91.70228317085282,13.89666748046875,10.532986640930176,,76,BLE
50:34:d3:8f:bd:d9,,Misc,2026-09-26 07:46:44,,7936,-81,26.188602195352612,91.70227769149638,13.586181640625,10.590899467468262,,76,BLE
c6:39:70:db:e8:92,,Misc,2026-09-26 07:46:47,,,-80,26.18862882447719,91.70226445485721,14.28338623046875,10.601040840148926,,76,BLE
64:c3:90:48:50:46,,Uncategorized;10,2026-09-26 07:46:47,,7936,-70,26.18862882447719,91.70226445485721,14.28338623046875,10.601040840148926,,76,BLE
09:b4:1c:48:c8:81,,Misc,2026-09-26 07:46:47,,,-97,26.18862882447719,91.70226445485721,14.28338623046875,10.601040840148926,,,BLE
88:92:cc:d0:b4:5b,WH-CH720N,Uncategorized,2026-09-26 07:46:47,,7936,-69,26.18862882447719,91.70226445485721,14.28338623046875,10.601040840148926,,,BLE
55:84:80:25:bf:3b,,Misc,2026-09-26 07:46:47,,,-102,26.18862882447719,91.70226445485721,14.28338623046875,10.601040840148926,,76,BLE
e0:b3:f6:a8:8e:e0,,Misc,2026-09-26 07:46:47,,,-71,26.18862882447719,91.70226445485721,14.28338623046875,10.601040840148926,,76,BLE
50:34:d3:8f:bd:d9,,Misc,2026-09-26 07:46:48,,7936,-74,26.188627055697086,91.70226236595536,14.17510986328125,10.617222785949707,,76,BLE
05:77:d9:38:b7:cd,,Uncategorized;10,2026-09-26 07:46:50,,7936,-96,26.188628746522227,91.70225158029166,13.3109130859375,10.43819522857666,,,BLE
27:16:55:b5:7a:b6,,Misc,2026-09-26 07:46:52,,,-95,26.188625470031926,91.70223801111713,13.88232421875,10.460015296936035,,,BLE
1a:15:88:43:97:1b,,Misc,2026-09-26 07:46:52,,,-101,26.188625470031926,91.70223801111713,13.88232421875,10.460015296936035,,,BLE
09:6e:af:90:39:f6,,Misc,2026-09-26 07:46:52,,,-87,26.188625470031926,91.70223801111713,13.88232421875,10.460015296936035,,,BLE
c8:0c:8f:39:5b:0a,,Misc,2026-09-26 07:46:52,,,-72,26.188625470031926,91.70223801111713,13.88232421875,10.460015296936035,,,BLE
20:4e:9c:9a:5b:f0,,Misc,2026-09-26 07:46:52,,,-101,26.188625470031926,91.70223801111713,13.88232421875,10.460015296936035,,,BLE
4c:11:bc:17:4b:b4,,Uncategorized;10,2026-09-26 07:46:52,,7936,-66,26.188625470031926,91.70223801111713,13.88232421875,10.460015296936035,,76,BLE
ed:1e:ed:3a:01:a2,,Misc,2026-09-26 07:46:57,,,-80,26.1886112439705,91.7021957477079,11.6300048828125,10.257107734680176,,76,BLE
1a:70:ef:66:a9:e7,,Misc,2026-09-26 07:46:57,,,-80,26.1886112439705,91.7021957477079,11.6300048828125,10.257107734680176,,,BLE
4f:3d:7d:79:b7:df,,Misc,2026-09-26 07:46:57,,7936,-68,26.1886112439705,91.7021957477079,11.6300048828125,10.257107734680176,,76,BLE
dc:1f:f3:27:14:ff,,Misc,2026-09-26 07:46:57,,,-77,26.1886112439705,91.7021957477079,11.6300048828125,10.257107734680176,,76,BLE
c1:2b:0b:42:dd:ad,,Misc,2026-09-26 07:46:57,,,-92,26.1886112439705,91.7021957477079,11.6300048828125,10.257107734680176,,76,BLE
5a:46:44:7f:3f:b4,OnePlus Nord Buds 3 Pro,Misc,2026-09-26 07:46:57,,7936,-63,26.1886112439705,91.7021957477079,11.6300048828125,10.257107734680176,,,BLE
23:8d:f1:69:07:c3,,Misc,2026-09-26 07:46:57,,7936,-76,26.1886112439705,91.7021957477079,11.6300048828125,10.257107734680176,,,BLE
1e:11:30:ff:f3:10,,Misc,2026-09-26 07:47:02,,,-83,26.188599396616574,91.70214753945027,13.907470703125,10.200169563293457,,,BLE
1a:70:ef:66:a9:e7,,Misc,2026-09-26 07:47:02,,,-75,26.188599396616574,91.70214753945027,13.907470703125,10.200169563293457,,,BLE
65:0f:ce:98:3a:8b,,Misc,2026-09-26 07:47:02,,7936,-69,26.188599396616574,91.70214753945027,13.907470703125,10.200169563293457,,76,BLE
1e:36:1c:3c:a8:04,,Uncategorized;10,2026-09-26 07:47:04,,7936,-95,26.18859816984107,91.70212901977177,12.331787109375,10.200793266296387,,,BLE
5f:ec:8e:14:4c:cc,,Uncategorized;10,2026-09-26 07:47:05,,7936,-88,26.188599306038455,91.70212264244888,12.90740966796875,10.130083084106445,,117,BLE
2b:a0:5c:5a:e5:c9,,Uncategorized;10,2026-09-26 07:47:05,,7936,-101,26.188599306038455,91.70212264244888,12.90740966796875,10.130083084106445,,,BLE
7a:94:b2:c1:7f:f1,,Uncategorized;10,2026-09-26 07:47:06,,7936,-95,26.188601466728358,91.70211883973894,12.83831787109375,10.14521312713623,,,BLE
7a:94:b2:c1:7f:f1,,Uncategorized;10,2026-09-26 07:47:07,,7936,-95,26.188605087828673,91.70211656566254,12.497802734375,10.13123607635498,,1946,BLE
e8:52:2f:e2:d4:1c,,Misc,2026-09-26 07:47:07,,,-68,26.188605087828673,91.70211656566254,12.497802734375,10.13123607635498,,76,BLE
3e:80:a9:b7:12:5f,,Misc,2026-09-26 07:47:07,,,-64,26.188605087828673,91.70211656566254,12.497802734375,10.13123607635498,,,BLE
2d:b4:45:4d:97:4e,,Misc,2026-09-26 07:47:07,,,-96,26.188605087828673,91.70211656566254,12.497802734375,10.13123607635498,,,BLE
05:24:15:25:20:44,,Misc,2026-09-26 07:47:12,,,-97,26.18862304853336,91.70210911019737,11.641265869140625,10.202699661254883,,,BLE
0f:d6:13:dc:3a:cc,,Misc,2026-09-26 07:47:17,,,-104,26.18862729406092,91.70210823709765,11.61962890625,9.935046195983887,,6,BLE
52:e3:4f:5e:15:a8,,Uncategorized;10,2026-09-26 07:47:22,,7936,-66,26.188627616127857,91.70210812048153,11.5960693359375,9.935046195983887,,76,BLE
05:24:15:25:20:44,,Misc,2026-09-26 07:47:22,,,-89,26.188627616127857,91.70210812048153,11.5960693359375,9.935046195983887,,,BLE
7a:94:b2:c1:7f:f1,,Uncategorized;10,2026-09-26 07:47:24,,7936,-90,26.18862762105059,91.70210805494024,11.597442626953125,9.935046195983887,,1946,BLE
0f:d6:13:dc:3a:cc,,Misc,2026-09-26 07:47:27,,,-99,26.18862771068214,91.70210735440233,11.24847412109375,9.935046195983887,,6,BLE
27:31:94:29:a5:67,,Misc,2026-09-26 07:47:27,,,-87,26.18862771068214,91.70210735440233,11.24847412109375,9.935046195983887,,6,BLE
0a:9e:01:e9:30:67,,Uncategorized;10,2026-09-26 07:47:29,,7936,-98,26.188628184481573,91.7021048848435,11.17913818359375,9.935046195983887,,,BLE
12:c8:e7:aa:8d:1c,,Uncategorized;10,2026-09-26 07:47:30,,7936,-99,26.188628504804573,91.70210358071333,11.201934814453125,9.935046195983887,,,BLE
27:31:94:29:a5:67,,Misc,2026-09-26 07:47:32,,,-82,26.18862895830727,91.7021028206643,11.0146484375,9.935046195983887,,6,BLE
1a:15:88:43:97:1b,,Misc,2026-09-26 07:47:32,,,-94,26.18862895830727,91.7021028206643,11.0146484375,9.935046195983887,,,BLE
d8:11:7d:2b:01:4a,,Misc,2026-09-26 07:47:37,,,-85,26.188629388688447,91.70210473808449,10.697174072265625,9.935046195983887,,76,BLE
04:3d:15:7b:28:2e,,Misc,2026-09-26 07:47:37,,,-86,26.188629388688447,91.70210473808449,10.697174072265625,9.935046195983887,,,BLE
55:95:00:7e:e9:09,,Misc,2026-09-26 07:47:37,,,-94,26.188629388688447,91.70210473808449,10.697174072265625,9.935046195983887,,117,BLE
7f:4e:44:65:0f:9e,,Misc,2026-09-26 07:47:37,,,-95,26.188629388688447,91.70210473808449,10.697174072265625,9.935046195983887,,117,BLE
6e:4f:7f:8a:8d:08,,Misc,2026-09-26 07:47:42,,,-89,26.188635333717297,91.70210107639899,10.2059326171875,9.935046195983887,,117,BLE
09:84:ca:53:98:36,,Misc,2026-09-26 07:47:42,,,-101,26.188635333717297,91.70210107639899,10.2059326171875,9.935046195983887,,,BLE
6e:f2:7c:d4:09:fc,,Misc,2026-09-26 07:47:42,,,-102,26.188635333717297,91.70210107639899,10.2059326171875,9.935046195983887,,117,BLE
67:1c:ce:b2:1b:68,,Misc,2026-09-26 07:47:42,,,-83,26.188635333717297,91.70210107639899,10.2059326171875,9.935046195983887,,117,BLE
72:e0:7f:7f:01:c8,,Misc,2026-09-26 07:47:42,,,-86,26.188635333717297,91.70210107639899,10.2059326171875,9.935046195983887,,117,BLE
04:3d:15:7b:28:2e,,Misc,2026-09-26 07:47:42,,,-72,26.188635333717297,91.70210107639899,10.2059326171875,9.935046195983887,,,BLE
64:29:43:99:7d:02,A-231,[WPA2-PSK-CCMP][RSN-PSK-CCMP][ESS],2026-09-26 07:47:44,8,2447,-76,26.188635048917842,91.70210148512292,9.828277587890625,9.935046195983887,,,WIFI
04:d5:90:66:fb:61,IITG_CONNECT,[WPA2-EAP/SHA1-CCMP][RSN-EAP/SHA1-CCMP][ESS],2026-09-26 07:47:44,1,2412,-54,26.188635048917842,91.70210148512292,9.828277587890625,9.935046195983887,,,WIFI
04:d5:90:66:fb:60,eduroam,[WPA2-EAP/SHA1-CCMP][RSN-EAP/SHA1-CCMP][ESS],2026-09-26 07:47:44,1,2412,-55,26.188635048917842,91.70210148512292,9.828277587890625,9.935046195983887,,,WIFI
27:d1:99:62:2f:8d,,Misc,2026-09-26 07:47:47,,,-97,26.188632437609275,91.70210231228116,9.622528076171875,9.935046195983887,,6,BLE
c1:2b:0b:42:dd:ad,,Misc,2026-09-26 07:47:47,,,-78,26.188632437609275,91.70210231228116,9.622528076171875,9.935046195983887,,76,BLE
60:e0:77:63:f2:c9,,Misc,2026-09-26 07:47:47,,,-91,26.188632437609275,91.70210231228116,9.622528076171875,9.935046195983887,,117,BLE
4e:75:88:07:ea:4e,,Misc,2026-09-26 07:47:47,,,-85,26.188632437609275,91.70210231228116,9.622528076171875,9.935046195983887,,117,BLE
70:b3:4e:b1:5d:ba,,Misc,2026-09-26 07:47:47,,,-82,26.188632437609275,91.70210231228116,9.622528076171875,9.935046195983887,,117,BLE
6d:0c:52:a2:cd:26,,Misc,2026-09-26 07:47:47,,,-94,26.188632437609275,91.70210231228116,9.622528076171875,9.935046195983887,,117,BLE
4a:71:ca:50:d8:75,,Misc,2026-09-26 07:47:53,,,-93,26.18863268539925,91.70209959626318,10.158905029296875,9.935046195983887,,117,BLE
6b:44:f4:b0:56:22,,Misc,2026-09-26 07:47:53,,,-87,26.18863268539925,91.70209959626318,10.158905029296875,9.935046195983887,,117,BLE
49:27:55:10:73:3f,,Misc,2026-09-26 07:47:53,,,-97,26.18863268539925,91.70209959626318,10.158905029296875,9.935046195983887,,,BLE
5a:c7:67:28:e1:bd,,Misc,2026-09-26 07:47:53,,,-94,26.18863268539925,91.70209959626318,10.158905029296875,9.935046195983887,,117,BLE
0d:f7:23:04:35:d1,,Misc,2026-09-26 07:47:53,,,-96,26.18863268539925,91.70209959626318,10.158905029296875,9.935046195983887,,,BLE
2b:a0:5c:5a:e5:c9,,Uncategorized;10,2026-09-26 07:47:53,,7936,-87,26.18863268539925,91.70209959626318,10.158905029296875,9.935046195983887,,,BLE
