WigleWifi-1.6,appRelease=2.111,model=RMX3461,release=13,device=RE54BFL1,display=RMX3461_13.1.0.100(EX01),board=lahaina,brand=realme,star=Sol,body=3,subBody=0
MAC,SSID,AuthMode,FirstSeen,Channel,Frequency,RSSI,CurrentLatitude,CurrentLongitude,AltitudeMeters,AccuracyMeters,RCOIs,MfgrId,Type
61:73:9e:69:19:7e,,Uncategorized;10,2026-09-26 12:48:40,,7936,-97,26.18822414,91.70154406,50.66351318359375,5.196448802947998,,,BLE
60:ac:ff:82:87:48,,Uncategorized;10,2026-09-26 12:48:40,,7936,-93,26.18822414,91.70154406,50.66351318359375,5.196448802947998,,,BLE
47:88:0d:8a:ea:2f,LAPTOP-QR9CSJEO,Uncategorized;10,2026-09-26 12:48:40,,7936,-90,26.18822414,91.70154406,50.66351318359375,5.196448802947998,,,BLE
22:e9:16:d2:ec:12,,Uncategorized;10,2026-09-26 12:48:42,,7936,-89,26.18821884285641,91.70153112741859,54.93695068359375,6.767627239227295,,,BLE
74:2e:49:c0:c7:51,,Uncategorized;10,2026-09-26 12:48:42,,7936,-99,26.18821884285641,91.70153112741859,54.93695068359375,6.767627239227295,,,BLE
5f:fe:ca:42:a3:0d,,Uncategorized;10,2026-09-26 12:48:42,,7936,-103,26.18821884285641,91.70153112741859,54.93695068359375,6.767627239227295,,,BLE
4a:d1:c2:8e:dc:7f,FLIPP_LEGION,Uncategorized;10,2026-09-26 12:48:42,,7936,-95,26.18821884285641,91.70153112741859,54.93695068359375,6.767627239227295,,,BLE
51:01:49:27:69:ea,,Uncategorized;10,2026-09-26 12:48:42,,7936,-98,26.18821884285641,91.70153112741859,54.93695068359375,6.767627239227295,,,BLE
16:23:21:8b:20:69,,Uncategorized;10,2026-09-26 12:48:42,,7936,-76,26.18821884285641,91.70153112741859,54.93695068359375,6.767627239227295,,,BLE
c1:e4:ef:12:a0:c1,JBL Tune 520BT-LE,Uncategorized;10,2026-09-26 12:48:42,,7936,-97,26.18821884285641,91.70153112741859,54.93695068359375,6.767627239227295,,,BLE
43:eb:f9:74:1b:f4,,Uncategorized;10,2026-09-26 12:48:42,,7936,-92,26.18821884285641,91.70153112741859,54.93695068359375,6.767627239227295,,,BLE
47:76:51:f0:aa:b4,,Uncategorized;10,2026-09-26 12:48:42,,7936,-96,26.18821884285641,91.70153112741859,54.93695068359375,6.767627239227295,,,BLE
64:98:da:c8:25:31,,Uncategorized;10,2026-09-26 12:48:42,,7936,-106,26.18821884285641,91.70153112741859,54.93695068359375,6.767627239227295,,,BLE
77:5e:04:3c:e5:36,GFPS_Finder,Uncategorized;10,2026-09-26 12:48:42,,7936,-103,26.18821884285641,91.70153112741859,54.93695068359375,6.767627239227295,,,BLE
405751_53815_205093376,Assam,LTE;405751,2026-09-26 12:48:42,1351,1351,-66,26.18821884285641,91.70153112741859,54.93695068359375,6.767627239227295,,,LTE
74:88:40:a0:bc:81,,Uncategorized;10,2026-09-26 12:48:45,,7936,-98,26.188212991046015,91.70149375774166,53.49267578125,5.613405227661133,,,BLE
30:68:d8:90:a7:35,,Uncategorized;10,2026-09-26 12:48:45,,7936,-82,26.188212991046015,91.70149375774166,53.49267578125,5.613405227661133,,,BLE
62:0f:ae:6a:eb:3d,,Uncategorized;10,2026-09-26 12:48:45,,7936,-100,26.188212991046015,91.70149375774166,53.49267578125,5.613405227661133,,,BLE
05:dc:40:f6:f5:7b,,Misc,2026-09-26 12:48:45,,,-101,26.188212991046015,91.70149375774166,53.49267578125,5.613405227661133,,6,BLE
05:70:80:29:d8:34,,Misc,2026-09-26 12:48:45,,,-95,26.188212991046015,91.70149375774166,53.49267578125,5.613405227661133,,,BLE
6b:51:96:9b:c7:11,LE_WH-1000XM6,Misc,2026-09-26 12:48:45,,7936,-85,26.188212991046015,91.70149375774166,53.49267578125,5.613405227661133,,,BLE
1a:c5:69:cb:55:13,,Misc,2026-09-26 12:48:45,,,-97,26.188212991046015,91.70149375774166,53.49267578125,5.613405227661133,,6,BLE
05:a6:07:8a:b7:2e,,Misc,2026-09-26 12:48:45,,,-88,26.188212991046015,91.70149375774166,53.49267578125,5.613405227661133,,6,BLE
c2:61:c6:c8:10:c6,realme Buds T200 Lite(BLE),Uncategorized,2026-09-26 12:48:45,,7936,-82,26.188212991046015,91.70149375774166,53.49267578125,5.613405227661133,,,BLE
60:ac:ff:82:87:48,,Uncategorized;10,2026-09-26 12:48:45,,7936,-93,26.188212991046015,91.70149375774166,53.49267578125,5.613405227661133,,76,BLE
21:9b:47:c2:03:d8,,Misc,2026-09-26 12:48:45,,,-94,26.188212991046015,91.70149375774166,53.49267578125,5.613405227661133,,6,BLE
63:a0:43:3b:3e:94,JBL Tune 520BT-LE,Uncategorized,2026-09-26 12:48:45,,7936,-100,26.188212991046015,91.70149375774166,53.49267578125,5.613405227661133,,,BLE
74:88:40:a0:bc:81,,Uncategorized;10,2026-09-26 12:48:45,,7936,-99,26.188212991046015,91.70149375774166,53.49267578125,5.613405227661133,,76,BLE
5b:07:c5:d9:f1:69,,Uncategorized;10,2026-09-26 12:48:45,,7936,-97,26.188212991046015,91.70149375774166,53.49267578125,5.613405227661133,,76,BLE
47:76:51:f0:aa:b4,,Uncategorized;10,2026-09-26 12:48:45,,7936,-95,26.188212991046015,91.70149375774166,53.49267578125,5.613405227661133,,76,BLE
64:98:da:c8:25:31,,Uncategorized;10,2026-09-26 12:48:45,,7936,-106,26.188212991046015,91.70149375774166,53.49267578125,5.613405227661133,,76,BLE
79:b3:84:a1:f1:d7,realme Buds T310,Misc,2026-09-26 12:48:45,,7936,-97,26.188212991046015,91.70149375774166,53.49267578125,5.613405227661133,,,BLE
62:0f:ae:6a:eb:3d,,Uncategorized;10,2026-09-26 12:48:45,,7936,-99,26.188212991046015,91.70149375774166,53.49267578125,5.613405227661133,,117,BLE
78:ec:c9:d9:36:96,,Misc,2026-09-26 12:48:45,,,-97,26.188212991046015,91.70149375774166,53.49267578125,5.613405227661133,,,BLE
51:01:49:27:69:ea,,Uncategorized;10,2026-09-26 12:48:45,,7936,-100,26.188212991046015,91.70149375774166,53.49267578125,5.613405227661133,,2103,BLE
2d:1d:70:7f:4b:43,,Misc,2026-09-26 12:48:45,,,-96,26.188212991046015,91.70149375774166,53.49267578125,5.613405227661133,,6,BLE
32:57:10:81:98:b2,,Misc,2026-09-26 12:48:45,,,-101,26.188212991046015,91.70149375774166,53.49267578125,5.613405227661133,,,BLE
33:55:61:9d:f2:0e,,Misc,2026-09-26 12:48:45,,,-90,26.188212991046015,91.70149375774166,53.49267578125,5.613405227661133,,6,BLE
44:54:51:09:da:f1,ABBLE,Uncategorized,2026-09-26 12:48:45,,7936,-83,26.188212991046015,91.70149375774166,53.49267578125,5.613405227661133,,,BLE
5f:fe:ca:42:a3:0d,,Uncategorized;10,2026-09-26 12:48:45,,7936,-103,26.188212991046015,91.70149375774166,53.49267578125,5.613405227661133,,76,BLE
cc:fd:15:a4:9d:73,ABBLE,Keyboard !p;10,2026-09-26 12:48:45,,1280,-75,26.188212991046015,91.70149375774166,53.49267578125,5.613405227661133,,,BLE
61:73:9e:69:19:7e,,Uncategorized;10,2026-09-26 12:48:46,,7936,-87,26.18821799476037,91.70148796760522,50.75616455078125,7.041576862335205,,,BLE
59:a1:eb:c4:85:4c,,Uncategorized;10,2026-09-26 12:48:47,,7936,-97,26.1882239502429,91.70148085281821,48.88433837890625,8.179920196533203,,,BLE
22:e9:16:d2:ec:12,,Uncategorized;10,2026-09-26 12:48:47,,7936,-82,26.1882239502429,91.70148085281821,48.88433837890625,8.179920196533203,,,BLE
4b:f4:ba:7d:0b:0c,,Uncategorized;10,2026-09-26 12:48:48,,7936,-98,26.18822856932705,91.70147348267389,46.38287353515625,9.563708305358887,,,BLE
24:82:58:28:ac:3a,,Uncategorized;10,2026-09-26 12:48:48,,7936,-102,26.18822856932705,91.70147348267389,46.38287353515625,9.563708305358887,,,BLE
2f:8d:fd:d0:62:5a,,Uncategorized;10,2026-09-26 12:48:48,,7936,-100,26.18822856932705,91.70147348267389,46.38287353515625,9.563708305358887,,,BLE
1a:5a:41:bf:b5:8e,,Uncategorized;10,2026-09-26 12:48:48,,7936,-64,26.18822856932705,91.70147348267389,46.38287353515625,9.563708305358887,,,BLE
e4:0c:fd:52:7a:6a,OPPO F19 Pro+,Smartphone;10,2026-09-26 12:48:49,,524,0,26.188236567258798,91.7014684397376,45.51806640625,9.707232475280762,,,BT
34:2e:57:29:e4:40,,Misc,2026-09-26 12:48:50,,,-101,26.188242305529577,91.70146306041768,46.74267578125,9.493608474731445,,6,BLE
23:70:82:03:5d:b5,,Misc,2026-09-26 12:48:50,,,-82,26.188242305529577,91.70146306041768,46.74267578125,9.493608474731445,,,BLE
4b:f4:ba:7d:0b:0c,,Uncategorized;10,2026-09-26 12:48:50,,7936,-98,26.188242305529577,91.70146306041768,46.74267578125,9.493608474731445,,1946,BLE
78:ec:c9:d9:36:96,,Misc,2026-09-26 12:48:50,,,-91,26.188242305529577,91.70146306041768,46.74267578125,9.493608474731445,,,BLE
44:54:51:09:da:f1,ABBLE,Uncategorized,2026-09-26 12:48:50,,7936,-74,26.188242305529577,91.70146306041768,46.74267578125,9.493608474731445,,,BLE
76:4f:0c:99:6c:a8,,Misc,2026-09-26 12:48:50,,7936,-105,26.188242305529577,91.70146306041768,46.74267578125,9.493608474731445,,76,BLE
28:c9:7f:4d:c5:7d,,Misc,2026-09-26 12:48:50,,,-99,26.188242305529577,91.70146306041768,46.74267578125,9.493608474731445,,6,BLE
64:f1:eb:ee:f8:a1,,Misc,2026-09-26 12:48:50,,7936,-102,26.188242305529577,91.70146306041768,46.74267578125,9.493608474731445,,76,BLE
62:0f:ae:6a:eb:3d,,Uncategorized;10,2026-09-26 12:48:50,,7936,-93,26.188242305529577,91.70146306041768,46.74267578125,9.493608474731445,,117,BLE
71:06:5e:5b:3b:df,AYUSH,Misc,2026-09-26 12:48:50,,7936,-99,26.188242305529577,91.70146306041768,46.74267578125,9.493608474731445,,,BLE
04:8c:a6:4c:7d:d9,,Uncategorized;10,2026-09-26 12:48:51,,7936,-99,26.188246423479995,91.70145686156009,44.04052734375,9.258359909057617,,,BLE
43:eb:f9:74:1b:f4,,Uncategorized;10,2026-09-26 12:48:52,,7936,-78,26.188251973106194,91.70145253284649,42.64935302734375,9.567326545715332,,,BLE
6b:54:78:e0:3d:17,,Misc,2026-09-26 12:48:55,,7936,-103,26.188270430493596,91.70144609151178,33.07476806640625,7.5186333656311035,,76,BLE
ca:f2:37:ac:ef:ff,,Misc,2026-09-26 12:48:55,,,-99,26.188270430493596,91.70144609151178,33.07476806640625,7.5186333656311035,,76,BLE
5e:0f:42:13:c3:e1,,Misc,2026-09-26 12:48:55,,7936,-100,26.188270430493596,91.70144609151178,33.07476806640625,7.5186333656311035,,,BLE
ac:c2:01:71:39:5d,LEDDMX-03-395D,Misc,2026-09-26 12:48:55,,7936,-103,26.188270430493596,91.70144609151178,33.07476806640625,7.5186333656311035,,,BLE
d3:74:71:42:a0:1d,,Misc,2026-09-26 12:48:55,,,-105,26.188270430493596,91.70144609151178,33.07476806640625,7.5186333656311035,,76,BLE
de:c4:ba:b2:e0:89,,Misc,2026-09-26 12:48:55,,,-96,26.188270430493596,91.70144609151178,33.07476806640625,7.5186333656311035,,76,BLE
04:8c:a6:4c:7d:d9,,Uncategorized;10,2026-09-26 12:49:00,,7936,-84,26.18828966790619,91.70144471372092,24.15484619140625,5.252354145050049,,,BLE
44:54:51:09:da:f1,ABBLE,Uncategorized,2026-09-26 12:49:00,,7936,-68,26.18828966790619,91.70144471372092,24.15484619140625,5.252354145050049,,,BLE
6d:3c:a2:3a:1f:24,OnePlus Nord Buds 3 Pro,Uncategorized,2026-09-26 12:49:00,,7936,-92,26.18828966790619,91.70144471372092,24.15484619140625,5.252354145050049,,,BLE
51:c7:9f:52:3d:51,,Misc,2026-09-26 12:49:00,,,-99,26.18828966790619,91.70144471372092,24.15484619140625,5.252354145050049,,,BLE
55:d3:b5:0e:bd:b8,,Misc,2026-09-26 12:49:00,,7936,-102,26.18828966790619,91.70144471372092,24.15484619140625,5.252354145050049,,76,BLE
79:b3:84:a1:f1:d7,realme Buds T310,Misc,2026-09-26 12:49:00,,7936,-92,26.18828966790619,91.70144471372092,24.15484619140625,5.252354145050049,,,BLE
78:ec:c9:d9:36:96,,Misc,2026-09-26 12:49:00,,,-75,26.18828966790619,91.70144471372092,24.15484619140625,5.252354145050049,,,BLE
30:68:d8:90:a7:35,,Uncategorized;10,2026-09-26 12:49:01,,7936,-72,26.188294384742303,91.7014466411867,23.8953857421875,4.937770366668701,,,BLE
59:a1:eb:c4:85:4c,,Uncategorized;10,2026-09-26 12:49:02,,7936,-89,26.18829754517609,91.70144846440512,23.062744140625,4.796011447906494,,,BLE
4b:f4:ba:7d:0b:0c,,Uncategorized;10,2026-09-26 12:49:02,,7936,-93,26.18829754517609,91.70144846440512,23.062744140625,4.796011447906494,,1946,BLE
6b:54:78:e0:3d:17,,Misc,2026-09-26 12:49:03,,7936,-97,26.188300627206228,91.70145080908023,22.4951171875,4.752233028411865,,76,BLE
64:f1:eb:ee:f8:a1,,Misc,2026-09-26 12:49:03,,7936,-93,26.188300627206228,91.70145080908023,22.4951171875,4.752233028411865,,76,BLE
47:76:51:f0:aa:b4,,Uncategorized;10,2026-09-26 12:49:03,,7936,-90,26.188300627206228,91.70145080908023,22.4951171875,4.752233028411865,,76,BLE
05:dc:40:f6:f5:7b,,Misc,2026-09-26 12:49:05,,,-95,26.188304600606152,91.7014543746973,22.11199951171875,5.103745937347412,,6,BLE
c6:f1:8e:4b:6e:d7,,Misc,2026-09-26 12:49:05,,,-93,26.188304600606152,91.7014543746973,22.11199951171875,5.103745937347412,,76,BLE
c5:e6:12:c5:de:7b,,Misc,2026-09-26 12:49:05,,,-102,26.188304600606152,91.7014543746973,22.11199951171875,5.103745937347412,,76,BLE
67:3a:62:ad:03:c5,,Misc,2026-09-26 12:49:05,,7936,-100,26.188304600606152,91.7014543746973,22.11199951171875,5.103745937347412,,76,BLE
c4:53:de:1b:e6:e8,,Misc,2026-09-26 12:49:05,,,-105,26.188304600606152,91.7014543746973,22.11199951171875,5.103745937347412,,76,BLE
e5:ac:78:36:f5:1c,,Misc,2026-09-26 12:49:05,,,-90,26.188304600606152,91.7014543746973,22.11199951171875,5.103745937347412,,76,BLE
5e:0f:42:13:c3:e1,,Misc,2026-09-26 12:49:06,,7936,-92,26.188305062918474,91.7014553130418,22.6983642578125,5.340782165527344,,,BLE
71:2e:5f:c0:17:13,,Uncategorized;10,2026-09-26 12:49:06,,7936,-99,26.188305062918474,91.7014553130418,22.6983642578125,5.340782165527344,,,BLE
a4:2a:95:db:4c:da,R04-4CDA,[WPA2-PSK-CCMP][RSN-PSK-CCMP][ESS],2026-09-26 12:49:06,8,2447,-83,26.188305062918474,91.7014553130418,22.6983642578125,5.340782165527344,,,WIFI
c2:07:1d:66:bf:66,,[ESS],2026-09-26 12:49:06,1,2412,-74,26.188305062918474,91.7014553130418,22.6983642578125,5.340782165527344,,,WIFI
c2:07:1d:66:c5:25,,[ESS],2026-09-26 12:49:06,157,5785,-61,26.188305062918474,91.7014553130418,22.6983642578125,5.340782165527344,,,WIFI
7a:13:4a:a7:66:99,RealmeGT6T,[WPA2-PSK-CCMP][RSN-PSK-CCMP][ESS],2026-09-26 12:49:06,36,5180,-78,26.188305062918474,91.7014553130418,22.6983642578125,5.340782165527344,,,WIFI
c6:07:1d:66:bf:67,IITG_CONNECT,[WPA2-EAP/SHA1-CCMP][RSN-EAP/SHA1-CCMP][ESS],2026-09-26 12:49:06,48,5240,-84,26.188305062918474,91.7014553130418,22.6983642578125,5.340782165527344,,,WIFI
c6:07:1d:66:bf:66,IITG_CONNECT,[WPA2-EAP/SHA1-CCMP][RSN-EAP/SHA1-CCMP][ESS],2026-09-26 12:49:06,1,2412,-68,26.188305062918474,91.7014553130418,22.6983642578125,5.340782165527344,,,WIFI
e4:fa:c4:0c:c6:98,TellMyWiFiLoveHer,[WPA2-PSK-CCMP][RSN-PSK-CCMP][ESS][WPS],2026-09-26 12:49:06,4,2427,-77,26.188305062918474,91.7014553130418,22.6983642578125,5.340782165527344,,,WIFI
c6:07:1d:66:c5:25,IITG_CONNECT,[WPA2-EAP/SHA1+FT/EAP-CCMP][RSN-EAP/SHA1+FT/EAP-CCMP][ESS],2026-09-26 12:49:06,157,5785,-61,26.188305062918474,91.7014553130418,22.6983642578125,5.340782165527344,,,WIFI
c6:07:1d:66:c5:24,IITG_CONNECT,[WPA2-EAP/SHA1+FT/EAP-CCMP][RSN-EAP/SHA1+FT/EAP-CCMP][ESS],2026-09-26 12:49:06,11,2462,-55,26.188305062918474,91.7014553130418,22.6983642578125,5.340782165527344,,,WIFI
c6:07:1d:66:bf:89,IITG_CONNECT,[WPA2-EAP/SHA1+FT/EAP-CCMP][RSN-EAP/SHA1+FT/EAP-CCMP][ESS],2026-09-26 12:49:06,48,5240,-31,26.188305062918474,91.7014553130418,22.6983642578125,5.340782165527344,,,WIFI
c6:07:1d:66:bf:88,IITG_CONNECT,[WPA2-EAP/SHA1+FT/EAP-CCMP][RSN-EAP/SHA1+FT/EAP-CCMP][ESS],2026-09-26 12:49:06,6,2437,-37,26.188305062918474,91.7014553130418,22.6983642578125,5.340782165527344,,,WIFI
10:27:f5:e2:d7:9b,Thronefell,[WPA2-PSK-CCMP][RSN-PSK-CCMP][ESS][WPS],2026-09-26 12:49:06,3,2422,-46,26.188305062918474,91.7014553130418,22.6983642578125,5.340782165527344,,,WIFI
1a:93:41:b6:99:46,DESKTOP-0VSMCJA 1554,[WPA2-PSK-CCMP][RSN-PSK-CCMP][ESS][WPS],2026-09-26 12:49:06,40,5200,-84,26.188305062918474,91.7014553130418,22.6983642578125,5.340782165527344,,,WIFI
d8:47:32:d5:70:9c,ACTFIBERNET,[WPA2-PSK-CCMP][RSN-PSK-CCMP][ESS],2026-09-26 12:49:06,11,2462,-81,26.188305062918474,91.7014553130418,22.6983642578125,5.340782165527344,,,WIFI
c2:07:1d:66:bf:89,,[ESS],2026-09-26 12:49:06,48,5240,-31,26.188305062918474,91.7014553130418,22.6983642578125,5.340782165527344,,,WIFI
42:ee:6c:68:03:46,,Uncategorized;10,2026-09-26 12:49:08,,7936,-88,26.18830825660493,91.70146026168705,22.66217041015625,6.167605400085449,,,BLE
64:98:da:c8:25:31,,Uncategorized;10,2026-09-26 12:49:09,,7936,-101,26.188310768481678,91.701464977146,22.8311767578125,6.907238006591797,,76,BLE
52:7e:db:7a:53:5d,,Uncategorized;10,2026-09-26 12:49:10,,7936,-95,26.18831323662677,91.70146974562297,22.83392333984375,7.029136657714844,,,BLE
52:7e:db:7a:53:5d,,Uncategorized;10,2026-09-26 12:49:10,,7936,-87,26.18831323662677,91.70146974562297,22.83392333984375,7.029136657714844,,76,BLE
77:43:b9:86:1d:0e,,Misc,2026-09-26 12:49:10,,7936,-104,26.18831323662677,91.70146974562297,22.83392333984375,7.029136657714844,,76,BLE
65:c3:41:3f:af:ff,,Misc,2026-09-26 12:49:10,,,-94,26.18831323662677,91.70146974562297,22.83392333984375,7.029136657714844,,76,BLE
71:2e:5f:c0:17:13,,Uncategorized;10,2026-09-26 12:49:10,,7936,-99,26.18831323662677,91.70146974562297,22.83392333984375,7.029136657714844,,76,BLE
57:cf:58:27:33:e3,,Misc,2026-09-26 12:49:10,,,-98,26.18831323662677,91.70146974562297,22.83392333984375,7.029136657714844,,,BLE
06:9b:bc:2d:d8:d3,,Misc,2026-09-26 12:49:10,,7936,-105,26.18831323662677,91.70146974562297,22.83392333984375,7.029136657714844,,,BLE
42:ee:6c:68:03:46,,Uncategorized;10,2026-09-26 12:49:10,,7936,-88,26.18831323662677,91.70146974562297,22.83392333984375,7.029136657714844,,1839,BLE
f6:cf:fb:0e:ea:3d,,Misc,2026-09-26 12:49:10,,,-101,26.18831323662677,91.70146974562297,22.83392333984375,7.029136657714844,,76,BLE
59:62:4d:68:13:e9,,Uncategorized;10,2026-09-26 12:49:14,,7936,-100,26.188326080810175,91.70149355685211,22.55084228515625,9.260518074035645,,,BLE
6b:51:96:9b:c7:11,LE_WH-1000XM6,Misc,2026-09-26 12:49:15,,7936,-79,26.18831941971506,91.70148307015536,22.78558349609375,7.931037425994873,,,BLE
98:47:44:b7:d2:a2,,Misc,2026-09-26 12:49:15,,,-104,26.18831941971506,91.70148307015536,22.78558349609375,7.931037425994873,,41992,BLE
1a:c5:69:cb:55:13,,Misc,2026-09-26 12:49:15,,,-91,26.18831941971506,91.70148307015536,22.78558349609375,7.931037425994873,,6,BLE
5e:0f:42:13:c3:e1,,Misc,2026-09-26 12:49:15,,7936,-83,26.18831941971506,91.70148307015536,22.78558349609375,7.931037425994873,,,BLE
42:ee:6c:68:03:46,,Uncategorized;10,2026-09-26 12:49:15,,7936,-81,26.18831941971506,91.70148307015536,22.78558349609375,7.931037425994873,,1839,BLE
c7:36:f5:71:59:78,,Misc,2026-09-26 12:49:15,,,-103,26.18831941971506,91.70148307015536,22.78558349609375,7.931037425994873,,76,BLE
2d:36:fd:b3:0a:e2,,Misc,2026-09-26 12:49:15,,,-103,26.18831941971506,91.70148307015536,22.78558349609375,7.931037425994873,,6,BLE
33:55:61:9d:f2:0e,,Misc,2026-09-26 12:49:15,,,-80,26.18831941971506,91.70148307015536,22.78558349609375,7.931037425994873,,6,BLE
10:e4:2e:c2:dc:28,,Misc,2026-09-26 12:49:15,,,-103,26.18831941971506,91.70148307015536,22.78558349609375,7.931037425994873,,6,BLE
db:53:37:37:84:56,,Misc,2026-09-26 12:49:15,,,-95,26.18831941971506,91.70148307015536,22.78558349609375,7.931037425994873,,76,BLE
59:62:4d:68:13:e9,,Uncategorized;10,2026-09-26 12:49:15,,7936,-99,26.18831941971506,91.70148307015536,22.78558349609375,7.931037425994873,,76,BLE
6b:de:df:b0:d8:00,,Uncategorized;10,2026-09-26 12:49:17,,7936,-102,26.188320288429303,91.7014823815517,22.79296875,6.9340434074401855,,,BLE
7c:33:b4:2c:67:9b,,Uncategorized;10,2026-09-26 12:49:18,,7936,-97,26.188320797069128,91.70148321195612,22.9365234375,7.550588607788086,,,BLE
f4:6d:3f:98:4b:f2,AVII,Laptop;10,2026-09-26 12:49:20,,268,-98,26.188325619693444,91.7014909087573,16.6539306640625,8.32445240020752,,,BT
21:32:ad:2f:6b:eb,,Misc,2026-09-26 12:49:20,,,-103,26.188325619693444,91.7014909087573,16.6539306640625,8.32445240020752,,6,BLE
73:ee:cd:04:4c:42,AMROZR,Misc,2026-09-26 12:49:20,,7936,-106,26.188325619693444,91.7014909087573,16.6539306640625,8.32445240020752,,,BLE
22:0c:21:ef:7d:38,,Misc,2026-09-26 12:49:20,,7936,-98,26.188325619693444,91.7014909087573,16.6539306640625,8.32445240020752,,,BLE
ca:b0:bf:c4:62:6f,,Misc,2026-09-26 12:49:20,,,-101,26.188325619693444,91.7014909087573,16.6539306640625,8.32445240020752,,76,BLE
6b:de:df:b0:d8:00,,Uncategorized;10,2026-09-26 12:49:20,,7936,-103,26.188325619693444,91.7014909087573,16.6539306640625,8.32445240020752,,76,BLE
62:e8:e1:67:63:74,,Misc,2026-09-26 12:49:20,,,-98,26.188325619693444,91.7014909087573,16.6539306640625,8.32445240020752,,76,BLE
06:9b:bc:2d:d8:d3,,Misc,2026-09-26 12:49:20,,7936,-100,26.188325619693444,91.7014909087573,16.6539306640625,8.32445240020752,,,BLE
30:63:a7:99:b6:9d,,Misc,2026-09-26 12:49:20,,,-98,26.188325619693444,91.7014909087573,16.6539306640625,8.32445240020752,,6,BLE
77:61:31:a0:3f:f3,MUFFIN,Misc,2026-09-26 12:49:20,,7936,-104,26.188325619693444,91.7014909087573,16.6539306640625,8.32445240020752,,,BLE
10:e4:2e:c2:dc:28,,Misc,2026-09-26 12:49:20,,,-93,26.188325619693444,91.7014909087573,16.6539306640625,8.32445240020752,,6,BLE
7c:33:b4:2c:67:9b,,Uncategorized;10,2026-09-26 12:49:20,,7936,-97,26.188325619693444,91.7014909087573,16.6539306640625,8.32445240020752,,76,BLE
c0:1c:22:dc:7d:51,,Misc,2026-09-26 12:49:20,,,-106,26.188325619693444,91.7014909087573,16.6539306640625,8.32445240020752,,,BLE
6d:61:df:55:85:d4,,Misc,2026-09-26 12:49:20,,,-96,26.188325619693444,91.7014909087573,16.6539306640625,8.32445240020752,,76,BLE
10:7b:98:c0:f5:c5,,Misc,2026-09-26 12:49:20,,,-97,26.188325619693444,91.7014909087573,16.6539306640625,8.32445240020752,,6,BLE
5a:cf:72:89:17:37,,Uncategorized;10,2026-09-26 12:49:21,,7936,-103,26.188349284084786,91.70151549812813,14.1484375,9.32411003112793,,,BLE
4d:04:62:93:6e:05,,Uncategorized;10,2026-09-26 12:49:21,,7936,-105,26.188349284084786,91.70151549812813,14.1484375,9.32411003112793,,,BLE
57:eb:b5:f9:36:a1,,Uncategorized;10,2026-09-26 12:49:21,,7936,-101,26.188349284084786,91.70151549812813,14.1484375,9.32411003112793,,,BLE
42:ef:96:37:da:78,,Uncategorized;10,2026-09-26 12:49:22,,7936,-96,26.18836326949926,91.70154057527584,11.28863525390625,9.838302612304688,,,BLE
61:f2:36:7b:53:0e,,Uncategorized;10,2026-09-26 12:49:22,,7936,-100,26.18836326949926,91.70154057527584,11.28863525390625,9.838302612304688,,,BLE
7f:08:1b:1c:14:7d,,Uncategorized;10,2026-09-26 12:49:22,,7936,-102,26.18836326949926,91.70154057527584,11.28863525390625,9.838302612304688,,,BLE
60:71:10:d7:af:69,,Uncategorized;10,2026-09-26 12:49:22,,7936,-104,26.18836326949926,91.70154057527584,11.28863525390625,9.838302612304688,,,BLE
79:07:4f:8a:44:d5,,Uncategorized;10,2026-09-26 12:49:22,,7936,-102,26.18836326949926,91.70154057527584,11.28863525390625,9.838302612304688,,,BLE
54:61:f9:42:ed:1e,,Uncategorized;10,2026-09-26 12:49:22,,7936,-95,26.18836326949926,91.70154057527584,11.28863525390625,9.838302612304688,,,BLE
24:fa:ab:9f:28:bc,,Uncategorized;10,2026-09-26 12:49:22,,7936,-103,26.18836326949926,91.70154057527584,11.28863525390625,9.838302612304688,,,BLE
06:9b:bc:2d:d8:d3,,Misc,2026-09-26 12:49:23,,7936,-90,26.18837227067113,91.70156020465637,11.55950927734375,11.13259506225586,,,BLE
77:61:31:a0:3f:f3,MUFFIN,Misc,2026-09-26 12:49:23,,7936,-90,26.18837227067113,91.70156020465637,11.55950927734375,11.13259506225586,,,BLE
49:2a:36:e1:e7:69,,Uncategorized;10,2026-09-26 12:49:23,,7936,-91,26.18837227067113,91.70156020465637,11.55950927734375,11.13259506225586,,,BLE
70:5b:ec:fc:ad:a3,,Uncategorized;10,2026-09-26 12:49:23,,7936,-93,26.18837227067113,91.70156020465637,11.55950927734375,11.13259506225586,,,BLE
51:34:e6:7d:b5:5e,,Uncategorized;10,2026-09-26 12:49:23,,7936,-92,26.18837227067113,91.70156020465637,11.55950927734375,11.13259506225586,,,BLE
59:62:4d:68:13:e9,,Uncategorized;10,2026-09-26 12:49:24,,7936,-81,26.188376466126577,91.7015800465916,12.82177734375,10.786158561706543,,76,BLE
73:ee:cd:04:4c:42,AMROZR,Misc,2026-09-26 12:49:24,,7936,-98,26.188376466126577,91.7015800465916,12.82177734375,10.786158561706543,,,BLE
52:74:6f:4c:e6:db,,Uncategorized;10,2026-09-26 12:49:25,,7936,-100,26.1883795067178,91.70159851956933,12.87066650390625,10.474259376525879,,,BLE
79:07:4f:8a:44:d5,,Uncategorized;10,2026-09-26 12:49:25,,7936,-106,26.1883795067178,91.70159851956933,12.87066650390625,10.474259376525879,,76,BLE
1a:5f:8e:1a:98:35,,Misc,2026-09-26 12:49:25,,,-95,26.1883795067178,91.70159851956933,12.87066650390625,10.474259376525879,,,BLE
49:2a:36:e1:e7:69,,Uncategorized;10,2026-09-26 12:49:25,,7936,-92,26.1883795067178,91.70159851956933,12.87066650390625,10.474259376525879,,76,BLE
60:71:10:d7:af:69,,Uncategorized;10,2026-09-26 12:49:25,,7936,-102,26.1883795067178,91.70159851956933,12.87066650390625,10.474259376525879,,76,BLE
f9:48:a0:e6:b9:57,,Misc,2026-09-26 12:49:25,,,-103,26.1883795067178,91.70159851956933,12.87066650390625,10.474259376525879,,76,BLE
10:f0:0a:e2:74:12,,Misc,2026-09-26 12:49:25,,,-95,26.1883795067178,91.70159851956933,12.87066650390625,10.474259376525879,,6,BLE
c5:12:fd:e3:95:ae,,Misc,2026-09-26 12:49:25,,,-102,26.1883795067178,91.70159851956933,12.87066650390625,10.474259376525879,,76,BLE
5a:cf:72:89:17:37,,Uncategorized;10,2026-09-26 12:49:25,,7936,-103,26.1883795067178,91.70159851956933,12.87066650390625,10.474259376525879,,76,BLE
dc:0a:a5:58:40:f4,,Misc,2026-09-26 12:49:25,,,-98,26.1883795067178,91.70159851956933,12.87066650390625,10.474259376525879,,76,BLE
51:34:e6:7d:b5:5e,,Uncategorized;10,2026-09-26 12:49:25,,7936,-92,26.1883795067178,91.70159851956933,12.87066650390625,10.474259376525879,,76,BLE
88:0e:85:90:c8:56,realme Buds T310,Uncategorized,2026-09-26 12:49:25,,7936,-90,26.1883795067178,91.70159851956933,12.87066650390625,10.474259376525879,,41992,BLE
56:c3:66:71:7d:1d,,Misc,2026-09-26 12:49:25,,7936,-101,26.1883795067178,91.70159851956933,12.87066650390625,10.474259376525879,,76,BLE
62:e8:e1:67:63:74,,Misc,2026-09-26 12:49:25,,,-92,26.1883795067178,91.70159851956933,12.87066650390625,10.474259376525879,,76,BLE
57:eb:b5:f9:36:a1,,Uncategorized;10,2026-09-26 12:49:25,,7936,-101,26.1883795067178,91.70159851956933,12.87066650390625,10.474259376525879,,76,BLE
7f:08:1b:1c:14:7d,,Uncategorized;10,2026-09-26 12:49:25,,7936,-102,26.1883795067178,91.70159851956933,12.87066650390625,10.474259376525879,,76,BLE
21:32:ad:2f:6b:eb,,Misc,2026-09-26 12:49:25,,,-96,26.1883795067178,91.70159851956933,12.87066650390625,10.474259376525879,,6,BLE
a8:e6:e8:d0:34:eb,WH-CH720N,Misc,2026-09-26 12:49:25,,7936,-101,26.1883795067178,91.70159851956933,12.87066650390625,10.474259376525879,,,BLE
09:a5:c8:38:0f:a2,,Misc,2026-09-26 12:49:25,,,-92,26.1883795067178,91.70159851956933,12.87066650390625,10.474259376525879,,6,BLE
61:f2:36:7b:53:0e,,Uncategorized;10,2026-09-26 12:49:25,,7936,-99,26.1883795067178,91.70159851956933,12.87066650390625,10.474259376525879,,76,BLE
49:78:14:76:23:f3,LE-Jashanpreet's Headphones,Uncategorized,2026-09-26 12:49:25,,7936,-97,26.1883795067178,91.70159851956933,12.87066650390625,10.474259376525879,,,BLE
55:aa:fb:3f:33:7f,,Misc,2026-09-26 12:49:25,,7936,-106,26.1883795067178,91.70159851956933,12.87066650390625,10.474259376525879,,76,BLE
79:2c:6a:e5:78:20,OPPO Enco Buds3 Pro+,Uncategorized,2026-09-26 12:49:25,,7936,-101,26.1883795067178,91.70159851956933,12.87066650390625,10.474259376525879,,,BLE
44:23:92:47:61:b1,,Misc,2026-09-26 12:49:25,,,-104,26.1883795067178,91.70159851956933,12.87066650390625,10.474259376525879,,,BLE
17:7b:9b:23:7a:e7,,Misc,2026-09-26 12:49:25,,,-93,26.1883795067178,91.70159851956933,12.87066650390625,10.474259376525879,,,BLE
42:ef:96:37:da:78,,Uncategorized;10,2026-09-26 12:49:25,,7936,-95,26.1883795067178,91.70159851956933,12.87066650390625,10.474259376525879,,76,BLE
f9:fb:82:88:db:6d,,Misc,2026-09-26 12:49:25,,,-90,26.1883795067178,91.70159851956933,12.87066650390625,10.474259376525879,,76,BLE
52:74:6f:4c:e6:db,,Uncategorized;10,2026-09-26 12:49:25,,7936,-98,26.1883795067178,91.70159851956933,12.87066650390625,10.474259376525879,,76,BLE
78:fa:8e:04:8a:f5,,Misc,2026-09-26 12:49:25,,7936,-107,26.1883795067178,91.70159851956933,12.87066650390625,10.474259376525879,,76,BLE
10:e4:2e:c2:dc:28,,Misc,2026-09-26 12:49:25,,,-85,26.1883795067178,91.70159851956933,12.87066650390625,10.474259376525879,,6,BLE
df:04:6a:9a:9c:b4,,Misc,2026-09-26 12:49:25,,,-102,26.1883795067178,91.70159851956933,12.87066650390625,10.474259376525879,,76,BLE
1c:47:18:35:93:ba,,Misc,2026-09-26 12:49:25,,,-100,26.1883795067178,91.70159851956933,12.87066650390625,10.474259376525879,,6,BLE
4c:31:06:c5:a6:7e,,Misc,2026-09-26 12:49:25,,,-101,26.1883795067178,91.70159851956933,12.87066650390625,10.474259376525879,,76,BLE
20:97:36:a6:00:7a,,Misc,2026-09-26 12:49:25,,,-100,26.1883795067178,91.70159851956933,12.87066650390625,10.474259376525879,,6,BLE
55:cd:bf:a6:00:07,OnePlus Nord Buds 3r,Uncategorized,2026-09-26 12:49:25,,7936,-99,26.1883795067178,91.70159851956933,12.87066650390625,10.474259376525879,,,BLE
74:2e:49:c0:c7:51,,Uncategorized;10,2026-09-26 12:49:25,,7936,-93,26.1883795067178,91.70159851956933,12.87066650390625,10.474259376525879,,,BLE
4c:f5:5e:98:0b:8e,,Uncategorized;10,2026-09-26 12:49:25,,7936,-100,26.1883795067178,91.70159851956933,12.87066650390625,10.474259376525879,,,BLE
d4:d7:cf:c8:f0:1c,realme 8i,Smartphone;10,2026-09-26 12:49:26,,524,-90,26.188384442383633,91.7016235511412,9.710418701171875,10.771246910095215,,,BT
1c:3b:f3:f2:a7:ba,Cant_Connect,[WPA2-PSK-CCMP][RSN-PSK-CCMP][ESS][WPS],2026-09-26 12:49:26,161,5805,-85,26.188384442383633,91.7016235511412,9.710418701171875,10.771246910095215,,,WIFI
04:34:f6:2c:fd:45,Lenovo Tab M10 HD,Smartphone;10,2026-09-26 12:49:27,,524,-87,26.18838734733825,91.70163771692121,10.439544677734375,10.816943168640137,,,BT
48:57:21:cc:f7:96,,Uncategorized;10,2026-09-26 12:49:27,,7936,-99,26.18838734733825,91.70163771692121,10.439544677734375,10.816943168640137,,,BLE
76:4f:0c:99:6c:a8,,Misc,2026-09-26 12:49:27,,7936,-97,26.18838734733825,91.70163771692121,10.439544677734375,10.816943168640137,,76,BLE
55:d3:b5:0e:bd:b8,,Misc,2026-09-26 12:49:27,,7936,-96,26.18838734733825,91.70163771692121,10.439544677734375,10.816943168640137,,76,BLE
68:84:bd:e6:0f:67,,Uncategorized;10,2026-09-26 12:49:28,,7936,-99,26.18839324157889,91.70165496634587,8.730224609375,11.543679237365723,,,BLE
06:9b:bc:2d:d8:d3,,Misc,2026-09-26 12:49:30,,7936,-80,26.188407661840927,91.70169309667025,8.740142822265625,11.230701446533203,,,BLE
5d:9c:ef:7d:1c:e9,Prime80,Misc,2026-09-26 12:49:30,,7936,-101,26.188407661840927,91.70169309667025,8.740142822265625,11.230701446533203,,,BLE
fc:cb:b6:bb:6f:18,,Misc,2026-09-26 12:49:30,,,-104,26.188407661840927,91.70169309667025,8.740142822265625,11.230701446533203,,76,BLE
55:cd:bf:a6:00:07,OnePlus Nord Buds 3r,Uncategorized,2026-09-26 12:49:30,,7936,-93,26.188407661840927,91.70169309667025,8.740142822265625,11.230701446533203,,,BLE
a8:e6:e8:d0:34:eb,WH-CH720N,Misc,2026-09-26 12:49:30,,7936,-90,26.188407661840927,91.70169309667025,8.740142822265625,11.230701446533203,,,BLE
c0:1c:22:dc:7d:51,,Misc,2026-09-26 12:49:30,,,-100,26.188407661840927,91.70169309667025,8.740142822265625,11.230701446533203,,,BLE
79:2c:6a:e5:78:20,OPPO Enco Buds3 Pro+,Uncategorized,2026-09-26 12:49:30,,7936,-77,26.188407661840927,91.70169309667025,8.740142822265625,11.230701446533203,,,BLE
22:11:16:6a:ed:26,,Misc,2026-09-26 12:49:30,,,-100,26.188407661840927,91.70169309667025,8.740142822265625,11.230701446533203,,6,BLE
64:98:da:c8:25:31,,Uncategorized;10,2026-09-26 12:49:30,,7936,-96,26.188407661840927,91.70169309667025,8.740142822265625,11.230701446533203,,76,BLE
59:62:4d:68:13:e9,,Uncategorized;10,2026-09-26 12:49:30,,7936,-72,26.188407661840927,91.70169309667025,8.740142822265625,11.230701446533203,,76,BLE
6b:de:df:b0:d8:00,,Uncategorized;10,2026-09-26 12:49:30,,7936,-97,26.188407661840927,91.70169309667025,8.740142822265625,11.230701446533203,,76,BLE
4c:f5:5e:98:0b:8e,,Uncategorized;10,2026-09-26 12:49:30,,7936,-100,26.188407661840927,91.70169309667025,8.740142822265625,11.230701446533203,,76,BLE
1c:47:18:35:93:ba,,Misc,2026-09-26 12:49:30,,,-92,26.188407661840927,91.70169309667025,8.740142822265625,11.230701446533203,,6,BLE
49:78:14:76:23:f3,LE-Jashanpreet's Headphones,Uncategorized,2026-09-26 12:49:30,,7936,-92,26.188407661840927,91.70169309667025,8.740142822265625,11.230701446533203,,,BLE
f1:a5:28:e8:c2:fc,,Misc,2026-09-26 12:49:30,,,-99,26.188407661840927,91.70169309667025,8.740142822265625,11.230701446533203,,76,BLE
48:57:21:cc:f7:96,,Uncategorized;10,2026-09-26 12:49:30,,7936,-99,26.188407661840927,91.70169309667025,8.740142822265625,11.230701446533203,,76,BLE
da:ed:00:73:db:ef,,Misc,2026-09-26 12:49:30,,,-81,26.188407661840927,91.70169309667025,8.740142822265625,11.230701446533203,,76,BLE
56:c3:66:71:7d:1d,,Misc,2026-09-26 12:49:31,,7936,-94,26.18841759770493,91.70171784612822,8.114715576171875,9.57577133178711,,76,BLE
d4:d7:cf:c8:f0:1c,realme 8i,Smartphone;10,2026-09-26 12:49:31,,524,-77,26.18841759770493,91.70171784612822,8.114715576171875,9.57577133178711,,,BT
43:66:5e:bb:78:3e,255Max_BLE,Uncategorized;12,2026-09-26 12:49:32,,7936,-101,26.188423062781162,91.70174502641113,10.483062744140625,9.32942008972168,,,BLE
73:ee:cd:04:4c:42,AMROZR,Misc,2026-09-26 12:49:32,,7936,-85,26.188423062781162,91.70174502641113,10.483062744140625,9.32942008972168,,,BLE
2c:06:3e:38:82:3c,,Uncategorized;10,2026-09-26 12:49:32,,7936,-91,26.188423062781162,91.70174502641113,10.483062744140625,9.32942008972168,,,BLE
04:34:f6:2c:fd:45,Lenovo Tab M10 HD,Smartphone;10,2026-09-26 12:49:32,,524,-66,26.188423062781162,91.70174502641113,10.483062744140625,9.32942008972168,,,BT
52:74:6f:4c:e6:db,,Uncategorized;10,2026-09-26 12:49:34,,7936,-91,26.188419649287095,91.70180250703184,12.63592529296875,8.246136665344238,,76,BLE
43:66:5e:bb:78:3e,255Max_BLE,Uncategorized;12,2026-09-26 12:49:34,,7936,-96,26.188419649287095,91.70180250703184,12.63592529296875,8.246136665344238,,,BLE
55:cd:bf:a6:00:07,OnePlus Nord Buds 3r,Uncategorized,2026-09-26 12:49:35,,7936,-85,26.188405669605718,91.70183987844972,13.2684326171875,6.869767665863037,,,BLE
c0:1c:22:dc:7d:51,,Misc,2026-09-26 12:49:35,,,-75,26.188405669605718,91.70183987844972,13.2684326171875,6.869767665863037,,,BLE
7e:ef:41:83:01:37,Zenith Pro_BLE,Uncategorized,2026-09-26 12:49:35,,7936,-105,26.188405669605718,91.70183987844972,13.2684326171875,6.869767665863037,,,BLE
0d:61:fc:52:af:44,,Misc,2026-09-26 12:49:35,,,-94,26.188405669605718,91.70183987844972,13.2684326171875,6.869767665863037,,6,BLE
34:2e:57:29:e4:40,,Misc,2026-09-26 12:49:35,,,-96,26.188405669605718,91.70183987844972,13.2684326171875,6.869767665863037,,6,BLE
74:19:0a:22:ca:67,Galaxy Fit3 (CA67),Watch;10,2026-09-26 12:49:35,,1796,-102,26.188405669605718,91.70183987844972,13.2684326171875,6.869767665863037,,,BLE
a8:e6:e8:d0:34:eb,WH-CH720N,Misc,2026-09-26 12:49:35,,7936,-83,26.188405669605718,91.70183987844972,13.2684326171875,6.869767665863037,,,BLE
66:fa:61:8c:a5:23,,Misc,2026-09-26 12:49:35,,,-104,26.188405669605718,91.70183987844972,13.2684326171875,6.869767665863037,,76,BLE
c0:c9:1d:81:35:79,Ion ANC_BLE,Uncategorized,2026-09-26 12:49:35,,7936,-98,26.188405669605718,91.70183987844972,13.2684326171875,6.869767665863037,,,BLE
fe:ba:d6:af:d7:fd,,Misc,2026-09-26 12:49:35,,,-97,26.188405669605718,91.70183987844972,13.2684326171875,6.869767665863037,,76,BLE
22:11:16:6a:ed:26,,Misc,2026-09-26 12:49:35,,,-93,26.188405669605718,91.70183987844972,13.2684326171875,6.869767665863037,,6,BLE
ce:23:69:0c:8f:be,,Misc,2026-09-26 12:49:35,,,-97,26.188405669605718,91.70183987844972,13.2684326171875,6.869767665863037,,76,BLE
61:f9:83:2b:e3:07,,Misc,2026-09-26 12:49:35,,7936,-104,26.188405669605718,91.70183987844972,13.2684326171875,6.869767665863037,,76,BLE
28:a5:40:d9:11:28,,Misc,2026-09-26 12:49:35,,,-104,26.188405669605718,91.70183987844972,13.2684326171875,6.869767665863037,,,BLE
71:54:42:df:7f:55,,Uncategorized;10,2026-09-26 12:49:36,,7936,-103,26.188390821365402,91.70187085061742,13.08770751953125,6.597121238708496,,,BLE
52:97:9b:01:04:b7,,Uncategorized;10,2026-09-26 12:49:36,,7936,-102,26.188390821365402,91.70187085061742,13.08770751953125,6.597121238708496,,,BLE
19:0d:1f:4e:5f:30,,Uncategorized;10,2026-09-26 12:49:37,,7936,-103,26.188369714578965,91.70189929058444,11.388916015625,6.218174934387207,,,BLE
4d:39:6c:90:0d:5a,,Uncategorized;10,2026-09-26 12:49:37,,7936,-96,26.188369714578965,91.70189929058444,11.388916015625,6.218174934387207,,,BLE
34:60:f9:51:b8:76,TP2020,[WPA2-PSK-CCMP][RSN-PSK-CCMP][ESS][WPS],2026-09-26 12:49:38,3,2422,-60,26.188360556372263,91.70192037308027,12.46221923828125,5.711562633514404,,,WIFI
6c:4c:bc:ae:3b:b8,IITH_CONNECT,[WPA2-PSK-CCMP][RSN-PSK-CCMP][ESS],2026-09-26 12:49:38,2,2417,-71,26.188360556372263,91.70192037308027,12.46221923828125,5.711562633514404,,,WIFI
88:76:b9:f3:ba:69,DIR-615-A 32,[WPA2-PSK-CCMP][RSN-PSK-CCMP][ESS][WPS],2026-09-26 12:49:38,1,2412,-69,26.188360556372263,91.70192037308027,12.46221923828125,5.711562633514404,,,WIFI
c6:07:1d:66:ca:2f,IITG_CONNECT,[WPA2-EAP/SHA1+FT/EAP-CCMP][RSN-EAP/SHA1+FT/EAP-CCMP][ESS],2026-09-26 12:49:38,149,5745,-76,26.188360556372263,91.70192037308027,12.46221923828125,5.711562633514404,,,WIFI
04:d5:90:66:fb:60,eduroam,[WPA2-EAP/SHA1-CCMP][RSN-EAP/SHA1-CCMP][ESS],2026-09-26 12:49:38,1,2412,-68,26.188360556372263,91.70192037308027,12.46221923828125,5.711562633514404,,,WIFI
9c:a2:f4:f1:8d:f6,TP-Link_8DF6,[WPA2-PSK-CCMP][RSN-PSK-CCMP][ESS][WPS],2026-09-26 12:49:38,9,2452,-73,26.188360556372263,91.70192037308027,12.46221923828125,5.711562633514404,,,WIFI
40:ae:30:a5:25:cd,IITD_CONNECT,[WPA2-PSK-CCMP][RSN-PSK-CCMP][ESS][WPS],2026-09-26 12:49:38,149,5745,-84,26.188360556372263,91.70192037308027,12.46221923828125,5.711562633514404,,,WIFI
c6:07:1d:66:c2:6d,IITG_CONNECT,[WPA2-EAP/SHA1+FT/EAP-CCMP][RSN-EAP/SHA1+FT/EAP-CCMP][ESS],2026-09-26 12:49:38,44,5220,-81,26.188360556372263,91.70192037308027,12.46221923828125,5.711562633514404,,,WIFI
c6:07:1d:66:c2:6c,IITG_CONNECT,[WPA2-EAP/SHA1+FT/EAP-CCMP][RSN-EAP/SHA1+FT/EAP-CCMP][ESS],2026-09-26 12:49:38,1,2412,-68,26.188360556372263,91.70192037308027,12.46221923828125,5.711562633514404,,,WIFI
62:38:f4:b0:c9:bf,,Uncategorized;10,2026-09-26 12:49:38,,7936,-93,26.188360556372263,91.70192037308027,12.46221923828125,5.711562633514404,,,BLE
40:0f:5c:57:dc:89,,Uncategorized;10,2026-09-26 12:49:40,,7936,-105,26.188349110731068,91.70195426785668,14.0408935546875,5.821722030639648,,,BLE
c2:07:1d:66:c2:6d,,[ESS],2026-09-26 12:49:40,44,5220,-80,26.188349110731068,91.70195426785668,14.0408935546875,5.821722030639648,,,WIFI
62:38:f4:b0:c9:bf,,Uncategorized;10,2026-09-26 12:49:40,,7936,-93,26.188349110731068,91.70195426785668,14.0408935546875,5.821722030639648,,76,BLE
40:0f:5c:57:dc:89,,Uncategorized;10,2026-09-26 12:49:40,,7936,-105,26.188349110731068,91.70195426785668,14.0408935546875,5.821722030639648,,76,BLE
f4:c1:c5:97:0a:79,,Misc,2026-09-26 12:49:40,,,-101,26.188349110731068,91.70195426785668,14.0408935546875,5.821722030639648,,76,BLE
44:14:a8:52:d7:c7,,Misc,2026-09-26 12:49:40,,7936,-99,26.188349110731068,91.70195426785668,14.0408935546875,5.821722030639648,,76,BLE
0c:ed:c8:cd:5c:eb,,Misc,2026-09-26 12:49:40,,,-97,26.188349110731068,91.70195426785668,14.0408935546875,5.821722030639648,,,BLE
52:97:9b:01:04:b7,,Uncategorized;10,2026-09-26 12:49:40,,7936,-102,26.188349110731068,91.70195426785668,14.0408935546875,5.821722030639648,,76,BLE
c0:c9:1d:81:35:79,Ion ANC_BLE,Uncategorized,2026-09-26 12:49:40,,7936,-88,26.188349110731068,91.70195426785668,14.0408935546875,5.821722030639648,,41104,BLE
43:66:5e:bb:78:3e,255Max_BLE,Uncategorized;12,2026-09-26 12:49:40,,7936,-96,26.188349110731068,91.70195426785668,14.0408935546875,5.821722030639648,,1602,BLE
71:54:42:df:7f:55,,Uncategorized;10,2026-09-26 12:49:40,,7936,-104,26.188349110731068,91.70195426785668,14.0408935546875,5.821722030639648,,76,BLE
e2:18:fb:ea:38:91,,Misc,2026-09-26 12:49:40,,,-104,26.188349110731068,91.70195426785668,14.0408935546875,5.821722030639648,,76,BLE
98:47:44:bc:b1:ac,realme Buds N1,Uncategorized,2026-09-26 12:49:40,,7936,-95,26.188349110731068,91.70195426785668,14.0408935546875,5.821722030639648,,41992,BLE
66:f5:58:38:1e:dc,,Misc,2026-09-26 12:49:40,,7936,-91,26.188349110731068,91.70195426785668,14.0408935546875,5.821722030639648,,76,BLE
24:fa:ab:9f:28:bc,,Uncategorized;10,2026-09-26 12:49:43,,7936,-97,26.188330941047923,91.701967480288,11.283660888671875,10.563331604003906,,,BLE
22:0c:21:ef:7d:38,,Misc,2026-09-26 12:49:45,,7936,-88,26.188317890567546,91.7019670655466,9.96337890625,10.738774299621582,,,BLE
7d:08:5e:a9:3a:88,,Misc,2026-09-26 12:49:45,,,-97,26.188317890567546,91.7019670655466,9.96337890625,10.738774299621582,,76,BLE
7f:04:43:2c:2f:cd,,Misc,2026-09-26 12:49:45,,,-101,26.188317890567546,91.7019670655466,9.96337890625,10.738774299621582,,76,BLE
5d:9c:ef:7d:1c:e9,Prime80,Misc,2026-09-26 12:49:45,,7936,-92,26.188317890567546,91.7019670655466,9.96337890625,10.738774299621582,,,BLE
66:fa:61:8c:a5:23,,Misc,2026-09-26 12:49:45,,,-96,26.188317890567546,91.7019670655466,9.96337890625,10.738774299621582,,76,BLE
d9:02:c0:25:51:e4,,Misc,2026-09-26 12:49:45,,,-95,26.188317890567546,91.7019670655466,9.96337890625,10.738774299621582,,76,BLE
df:04:6a:9a:9c:b4,,Misc,2026-09-26 12:49:45,,,-95,26.188317890567546,91.7019670655466,9.96337890625,10.738774299621582,,76,BLE
48:1a:d0:83:49:8f,OnePlus Nord Buds 3r,Uncategorized,2026-09-26 12:49:45,,7936,-99,26.188317890567546,91.7019670655466,9.96337890625,10.738774299621582,,,BLE
43:66:5e:bb:78:3e,255Max_BLE,Uncategorized;12,2026-09-26 12:49:48,,7936,-90,26.188296115210598,91.70196412245942,7.75341796875,10.206336975097656,,1602,BLE
5e:de:2e:4f:b7:93,,Uncategorized;10,2026-09-26 12:49:48,,7936,-102,26.188296115210598,91.70196412245942,7.75341796875,10.206336975097656,,,BLE
74:19:0a:22:ca:67,Galaxy Fit3 (CA67),Watch;10,2026-09-26 12:49:49,,1796,-97,26.188309828880705,91.70197416330525,8.075286865234375,9.935046195983887,,,BLE
61:03:9b:e7:14:cf,,Uncategorized;10,2026-09-26 12:49:49,,7936,-99,26.188309828880705,91.70197416330525,8.075286865234375,9.935046195983887,,,BLE
6b:de:df:b0:d8:00,,Uncategorized;10,2026-09-26 12:49:49,,7936,-90,26.188309828880705,91.70197416330525,8.075286865234375,9.935046195983887,,76,BLE
77:5e:04:3c:e5:36,GFPS_Finder,Uncategorized;10,2026-09-26 12:49:49,,7936,-92,26.188309828880705,91.70197416330525,8.075286865234375,9.935046195983887,,,BLE
fd:6c:bf:a3:4d:e5,,Misc,2026-09-26 12:49:50,,,-94,26.18829507916473,91.70196997799928,7.595977783203125,9.935046195983887,,76,BLE
5e:de:2e:4f:b7:93,,Uncategorized;10,2026-09-26 12:49:50,,7936,-102,26.18829507916473,91.70196997799928,7.595977783203125,9.935046195983887,,76,BLE
40:0f:5c:57:dc:89,,Uncategorized;10,2026-09-26 12:49:50,,7936,-94,26.18829507916473,91.70196997799928,7.595977783203125,9.935046195983887,,76,BLE
61:03:9b:e7:14:cf,,Uncategorized;10,2026-09-26 12:49:50,,7936,-101,26.18829507916473,91.70196997799928,7.595977783203125,9.935046195983887,,76,BLE
0c:3f:4e:5e:32:59,,Misc,2026-09-26 12:49:50,,,-100,26.18829507916473,91.70196997799928,7.595977783203125,9.935046195983887,,6,BLE
7f:04:43:2c:2f:cd,,Misc,2026-09-26 12:49:50,,,-95,26.18829507916473,91.70196997799928,7.595977783203125,9.935046195983887,,76,BLE
da:54:9f:ef:68:01,,Misc,2026-09-26 12:49:50,,,-101,26.18829507916473,91.70196997799928,7.595977783203125,9.935046195983887,,76,BLE
f4:c1:c5:97:0a:79,,Misc,2026-09-26 12:49:50,,,-96,26.18829507916473,91.70196997799928,7.595977783203125,9.935046195983887,,76,BLE
14:21:b0:60:f1:c1,,Uncategorized;10,2026-09-26 12:49:52,,7936,-98,26.188278509848722,91.70197103418224,8.634063720703125,9.935046195983887,,,BLE
77:43:b9:86:1d:0e,,Misc,2026-09-26 12:49:53,,7936,-95,26.188287435522998,91.7019804082519,8.487823486328125,9.935046195983887,,76,BLE
71:c5:44:78:1d:ac,,Uncategorized;10,2026-09-26 12:49:54,,7936,-96,26.188277299352727,91.70198002094097,8.193206787109375,9.935046195983887,,,BLE
78:fa:8e:04:8a:f5,,Misc,2026-09-26 12:49:54,,7936,-96,26.188277299352727,91.70198002094097,8.193206787109375,9.935046195983887,,76,BLE
70:5b:41:71:22:f2,,Uncategorized;10,2026-09-26 12:49:54,,7936,-99,26.188277299352727,91.70198002094097,8.193206787109375,9.935046195983887,,,BLE
30:63:a7:99:b6:9d,,Misc,2026-09-26 12:49:55,,,-87,26.18827031598503,91.70198150200522,6.741302490234375,9.935046195983887,,6,BLE
f9:48:a0:e6:b9:57,,Misc,2026-09-26 12:49:55,,,-98,26.18827031598503,91.70198150200522,6.741302490234375,9.935046195983887,,76,BLE
70:5b:41:71:22:f2,,Uncategorized;10,2026-09-26 12:49:55,,7936,-99,26.18827031598503,91.70198150200522,6.741302490234375,9.935046195983887,,76,BLE
c8:65:0e:5d:45:e2,,Misc,2026-09-26 12:49:55,,,-102,26.18827031598503,91.70198150200522,6.741302490234375,9.935046195983887,,76,BLE
71:c5:44:78:1d:ac,,Uncategorized;10,2026-09-26 12:49:55,,7936,-97,26.18827031598503,91.70198150200522,6.741302490234375,9.935046195983887,,76,BLE
13:1a:6b:b4:1a:27,,Misc,2026-09-26 12:49:55,,,-94,26.18827031598503,91.70198150200522,6.741302490234375,9.935046195983887,,6,BLE
21:32:ad:2f:6b:eb,,Misc,2026-09-26 12:50:00,,,-90,26.188246013876267,91.70198667579014,6.322601318359375,9.935046195983887,,6,BLE
74:c5:ed:af:24:11,,Misc,2026-09-26 12:50:00,,7936,-101,26.188246013876267,91.70198667579014,6.322601318359375,9.935046195983887,,76,BLE
e2:6c:55:dd:6e:2d,,Misc,2026-09-26 12:50:00,,,-101,26.188246013876267,91.70198667579014,6.322601318359375,9.935046195983887,,76,BLE
52:74:6f:4c:e6:db,,Uncategorized;10,2026-09-26 12:50:00,,7936,-79,26.188246013876267,91.70198667579014,6.322601318359375,9.935046195983887,,76,BLE
6b:de:df:b0:d8:00,,Uncategorized;10,2026-09-26 12:50:00,,7936,-79,26.188246013876267,91.70198667579014,6.322601318359375,9.935046195983887,,76,BLE
0c:3f:4e:5e:32:59,,Misc,2026-09-26 12:50:00,,,-88,26.188246013876267,91.70198667579014,6.322601318359375,9.935046195983887,,6,BLE
7c:33:b4:2c:67:9b,,Uncategorized;10,2026-09-26 12:50:00,,7936,-88,26.188246013876267,91.70198667579014,6.322601318359375,9.935046195983887,,76,BLE
5d:9c:ef:7d:1c:e9,Prime80,Misc,2026-09-26 12:50:00,,7936,-102,26.188246013876267,91.70198667579014,6.322601318359375,9.935046195983887,,58744,BLE
6f:9b:63:9f:15:5c,,Misc,2026-09-26 12:50:00,,,-104,26.188246013876267,91.70198667579014,6.322601318359375,9.935046195983887,,76,BLE
62:38:f4:b0:c9:bf,,Uncategorized;10,2026-09-26 12:50:02,,7936,-84,26.18825067111618,91.70198223721673,6.5220947265625,9.935046195983887,,76,BLE
70:5b:41:71:22:f2,,Uncategorized;10,2026-09-26 12:50:02,,7936,-89,26.18825067111618,91.70198223721673,6.5220947265625,9.935046195983887,,76,BLE
74:c5:ed:af:24:11,,Misc,2026-09-26 12:50:03,,7936,-90,26.188255883841794,91.70197583982514,6.5750732421875,9.971291542053223,,76,BLE
71:c5:44:78:1d:ac,,Uncategorized;10,2026-09-26 12:50:03,,7936,-90,26.188255883841794,91.70197583982514,6.5750732421875,9.971291542053223,,76,BLE
68:84:bd:e6:0f:67,,Uncategorized;10,2026-09-26 12:50:03,,7936,-93,26.188255883841794,91.70197583982514,6.5750732421875,9.971291542053223,,,BLE
78:fa:8e:04:8a:f5,,Misc,2026-09-26 12:50:03,,7936,-91,26.188255883841794,91.70197583982514,6.5750732421875,9.971291542053223,,76,BLE
70:5b:41:71:22:f2,,Uncategorized;10,2026-09-26 12:50:04,,7936,-80,26.188261678559535,91.70196628430888,7.118194580078125,10.02397632598877,,76,BLE
6e:e4:a8:4d:bc:cd,,Uncategorized;10,2026-09-26 12:50:04,,7936,-99,26.188261678559535,91.70196628430888,7.118194580078125,10.02397632598877,,,BLE
c8:65:0e:5d:45:e2,,Misc,2026-09-26 12:50:05,,,-91,26.188266957637396,91.70195426942853,7.147491455078125,10.0160493850708,,76,BLE
6e:e4:a8:4d:bc:cd,,Uncategorized;10,2026-09-26 12:50:05,,7936,-99,26.188266957637396,91.70195426942853,7.147491455078125,10.0160493850708,,76,BLE
74:c5:ed:af:24:11,,Misc,2026-09-26 12:50:05,,7936,-84,26.188266957637396,91.70195426942853,7.147491455078125,10.0160493850708,,76,BLE
f1:a5:28:e8:c2:fc,,Misc,2026-09-26 12:50:05,,,-90,26.188266957637396,91.70195426942853,7.147491455078125,10.0160493850708,,76,BLE
7e:ef:41:83:01:37,Zenith Pro_BLE,Uncategorized,2026-09-26 12:50:05,,7936,-101,26.188266957637396,91.70195426942853,7.147491455078125,10.0160493850708,,19061,BLE
10:f0:0a:e2:74:12,,Misc,2026-09-26 12:50:05,,,-82,26.188266957637396,91.70195426942853,7.147491455078125,10.0160493850708,,6,BLE
d9:02:c0:25:51:e4,,Misc,2026-09-26 12:50:05,,,-88,26.188266957637396,91.70195426942853,7.147491455078125,10.0160493850708,,76,BLE
60:74:c5:3a:37:dc,,Misc,2026-09-26 12:50:05,,7936,-103,26.188266957637396,91.70195426942853,7.147491455078125,10.0160493850708,,1946,BLE
69:55:e9:d0:29:d4,,Uncategorized;10,2026-09-26 12:50:06,,7936,-92,26.188270888711592,91.70194019350718,7.32080078125,10.076140403747559,,,BLE
66:60:5a:26:dd:1b,,Uncategorized;10,2026-09-26 12:50:08,,7936,-100,26.188276765863183,91.70190434073876,6.501983642578125,10.17105484008789,,,BLE
24:fa:ab:9f:28:bc,,Uncategorized;10,2026-09-26 12:50:08,,7936,-88,26.188276765863183,91.70190434073876,6.501983642578125,10.17105484008789,,,BLE
58:5d:7e:f8:f3:4a,,Uncategorized;10,2026-09-26 12:50:10,,7936,-100,26.188278525918655,91.70188546445563,7.7353515625,10.180917739868164,,,BLE
c6:07:1d:66:c5:96,IITG_CONNECT,[WPA2-EAP/SHA1+FT/EAP-CCMP][RSN-EAP/SHA1+FT/EAP-CCMP][ESS],2026-09-26 12:50:10,1,2412,-61,26.188278525918655,91.70188546445563,7.7353515625,10.180917739868164,,,WIFI
58:04:4f:f6:7a:a0,Hogwards hall of wifi,[WPA2-PSK-CCMP][RSN-PSK-CCMP][ESS][WPS],2026-09-26 12:50:10,4,2427,-83,26.188278525918655,91.70188546445563,7.7353515625,10.180917739868164,,,WIFI
c2:07:1d:66:c5:24,,[ESS],2026-09-26 12:50:10,11,2462,-56,26.188278525918655,91.70188546445563,7.7353515625,10.180917739868164,,,WIFI
de:53:32:ec:bc:87,iqoo z7 pro,[WPA2-PSK-CCMP][RSN-PSK-CCMP][ESS],2026-09-26 12:50:10,36,5180,-86,26.188278525918655,91.70188546445563,7.7353515625,10.180917739868164,,,WIFI
c2:07:1d:66:c5:96,,[ESS],2026-09-26 12:50:10,1,2412,-62,26.188278525918655,91.70188546445563,7.7353515625,10.180917739868164,,,WIFI
20:e1:5d:3d:ea:aa,Reeeeeeeeeeeeeeeee,[WPA2-PSK-CCMP][RSN-PSK-CCMP][ESS][WPS],2026-09-26 12:50:10,3,2422,-75,26.188278525918655,91.70188546445563,7.7353515625,10.180917739868164,,,WIFI
24:2f:d0:c1:64:ac,TP-Link_64AC,[WPA2-PSK-TKIP+CCMP][RSN-PSK-TKIP+CCMP][ESS][WPS],2026-09-26 12:50:10,4,2427,-56,26.188278525918655,91.70188546445563,7.7353515625,10.180917739868164,,,WIFI
c2:07:1d:66:c2:6c,,[ESS],2026-09-26 12:50:10,1,2412,-51,26.188278525918655,91.70188546445563,7.7353515625,10.180917739868164,,,WIFI
20:e1:5d:3d:eb:02,TP-Link_EB02,[WPA2-PSK-CCMP][RSN-PSK-CCMP][ESS][WPS],2026-09-26 12:50:10,10,2457,-63,26.188278525918655,91.70188546445563,7.7353515625,10.180917739868164,,,WIFI
92:ec:2c:6a:90:3b,S24fe,[RSN-SAE-CCMP][ESS],2026-09-26 12:50:10,149,5745,-85,26.188278525918655,91.70188546445563,7.7353515625,10.180917739868164,,,WIFI
c6:07:1d:66:c2:6d,IITG_CONNECT,[WPA2-EAP/SHA1+FT/EAP-CCMP][RSN-EAP/SHA1+FT/EAP-CCMP][ESS],2026-09-26 12:50:10,44,5220,-66,26.188278525918655,91.70188546445563,7.7353515625,10.180917739868164,,,WIFI
c6:07:1d:66:c2:6c,IITG_CONNECT,[WPA2-EAP/SHA1+FT/EAP-CCMP][RSN-EAP/SHA1+FT/EAP-CCMP][ESS],2026-09-26 12:50:10,1,2412,-53,26.188278525918655,91.70188546445563,7.7353515625,10.180917739868164,,,WIFI
bc:22:28:41:96:cc,dlink-96CC,[WPA-PSK-TKIP+CCMP][WPA2-PSK-TKIP+CCMP][RSN-PSK-TKIP+CCMP][ESS][WPS],2026-09-26 12:50:10,11,2462,-69,26.188278525918655,91.70188546445563,7.7353515625,10.180917739868164,,,WIFI
14:04:d7:fc:ad:77,,Misc,2026-09-26 12:50:10,,,-93,26.188278525918655,91.70188546445563,7.7353515625,10.180917739868164,,,BLE
e2:18:fb:ea:38:91,,Misc,2026-09-26 12:50:10,,,-80,26.188278525918655,91.70188546445563,7.7353515625,10.180917739868164,,76,BLE
58:5d:7e:f8:f3:4a,,Uncategorized;10,2026-09-26 12:50:10,,7936,-100,26.188278525918655,91.70188546445563,7.7353515625,10.180917739868164,,76,BLE
da:54:9f:ef:68:01,,Misc,2026-09-26 12:50:10,,,-91,26.188278525918655,91.70188546445563,7.7353515625,10.180917739868164,,76,BLE
71:54:42:df:7f:55,,Uncategorized;10,2026-09-26 12:50:10,,7936,-96,26.188278525918655,91.70188546445563,7.7353515625,10.180917739868164,,76,BLE
52:97:9b:01:04:b7,,Uncategorized;10,2026-09-26 12:50:10,,7936,-96,26.188278525918655,91.70188546445563,7.7353515625,10.180917739868164,,76,BLE
f4:d2:80:df:b3:7b,,Misc,2026-09-26 12:50:10,,,-101,26.188278525918655,91.70188546445563,7.7353515625,10.180917739868164,,76,BLE
1a:5f:8e:1a:98:35,,Misc,2026-09-26 12:50:10,,,-89,26.188278525918655,91.70188546445563,7.7353515625,10.180917739868164,,,BLE
7e:ef:41:83:01:37,Zenith Pro_BLE,Uncategorized,2026-09-26 12:50:10,,7936,-69,26.188278525918655,91.70188546445563,7.7353515625,10.180917739868164,,19061,BLE
df:04:6a:9a:9c:b4,,Misc,2026-09-26 12:50:10,,,-90,26.188278525918655,91.70188546445563,7.7353515625,10.180917739868164,,76,BLE
d5:de:e3:c4:83:a3,,Misc,2026-09-26 12:50:15,,,-98,26.188285083190504,91.70182145010011,6.726226806640625,9.990670204162598,,76,BLE
14:04:d7:fc:ad:77,,Misc,2026-09-26 12:50:15,,,-85,26.188285083190504,91.70182145010011,6.726226806640625,9.990670204162598,,,BLE
0c:57:21:9a:03:2e,,Uncategorized;10,2026-09-26 12:50:17,,7936,-92,26.188283953983905,91.70179818137889,7.093170166015625,10.166461944580078,,,BLE
23:59:a1:61:5c:c7,,Uncategorized;10,2026-09-26 12:50:18,,7936,-97,26.188284389300662,91.70177825895252,7.09405517578125,10.221208572387695,,,BLE
66:60:5a:26:dd:1b,,Uncategorized;10,2026-09-26 12:50:18,,7936,-89,26.188284389300662,91.70177825895252,7.09405517578125,10.221208572387695,,,BLE
22:10:58:44:ea:d5,,Misc,2026-09-26 12:50:20,,,-106,26.188283856551493,91.70176245363669,6.68182373046875,10.170296669006348,,,BLE
ac:c2:01:71:39:5d,LEDDMX-03-395D,Misc,2026-09-26 12:50:20,,7936,-98,26.188283856551493,91.70176245363669,6.68182373046875,10.170296669006348,,,BLE
db:53:37:37:84:56,,Misc,2026-09-26 12:50:20,,,-80,26.188283856551493,91.70176245363669,6.68182373046875,10.170296669006348,,76,BLE
66:60:5a:26:dd:1b,,Uncategorized;10,2026-09-26 12:50:21,,7936,-74,26.188284455733633,91.70174970581718,7.5421142578125,10.150514602661133,,,BLE
5c:5d:67:e2:d9:84,,Uncategorized;10,2026-09-26 12:50:23,,7936,-99,26.188284267161848,91.70172506025078,4.78033447265625,10.524435043334961,,,BLE
2f:8d:fd:d0:62:5a,,Uncategorized;10,2026-09-26 12:50:23,,7936,-93,26.188284267161848,91.70172506025078,4.78033447265625,10.524435043334961,,,BLE
6b:54:78:e0:3d:17,,Misc,2026-09-26 12:50:23,,7936,-91,26.188284267161848,91.70172506025078,4.78033447265625,10.524435043334961,,76,BLE
69:55:e9:d0:29:d4,,Uncategorized;10,2026-09-26 12:50:24,,7936,-81,26.188283709882885,91.70171261393133,4.77374267578125,10.411238670349121,,,BLE
ca:b0:bf:c4:62:6f,,Misc,2026-09-26 12:50:25,,,-93,26.188282822715927,91.70170029085959,4.3905029296875,10.100702285766602,,76,BLE
24:82:58:28:ac:3a,,Uncategorized;10,2026-09-26 12:50:25,,7936,-97,26.188282822715927,91.70170029085959,4.3905029296875,10.100702285766602,,,BLE
c6:f1:8e:4b:6e:d7,,Misc,2026-09-26 12:50:25,,,-84,26.188282822715927,91.70170029085959,4.3905029296875,10.100702285766602,,76,BLE
1a:c5:69:cb:55:13,,Misc,2026-09-26 12:50:25,,,-84,26.188282822715927,91.70170029085959,4.3905029296875,10.100702285766602,,6,BLE
14:04:d7:fc:ad:77,,Misc,2026-09-26 12:50:25,,,-73,26.188282822715927,91.70170029085959,4.3905029296875,10.100702285766602,,,BLE
c7:36:f5:71:59:78,,Misc,2026-09-26 12:50:25,,,-98,26.188282822715927,91.70170029085959,4.3905029296875,10.100702285766602,,76,BLE
05:70:80:29:d8:34,,Misc,2026-09-26 12:50:25,,,-86,26.188282822715927,91.70170029085959,4.3905029296875,10.100702285766602,,,BLE
5d:7e:fa:09:17:88,,Misc,2026-09-26 12:50:25,,,-94,26.188282822715927,91.70170029085959,4.3905029296875,10.100702285766602,,,BLE
db:53:37:37:84:56,,Misc,2026-09-26 12:50:25,,,-68,26.188282822715927,91.70170029085959,4.3905029296875,10.100702285766602,,76,BLE
13:1a:6b:b4:1a:27,,Misc,2026-09-26 12:50:30,,,-86,26.188273904061692,91.70164064983254,0.63055419921875,10.364832878112793,,6,BLE
d3:74:71:42:a0:1d,,Misc,2026-09-26 12:50:30,,,-98,26.188273904061692,91.70164064983254,0.63055419921875,10.364832878112793,,76,BLE
1a:c5:69:cb:55:13,,Misc,2026-09-26 12:50:30,,,-79,26.188273904061692,91.70164064983254,0.63055419921875,10.364832878112793,,6,BLE
23:07:17:00:a0:6c,WAVECALL2_A06C,Misc,2026-09-26 12:50:33,,7936,-93,26.18826381131168,91.70160018746475,-2.362884521484375,10.1673583984375,,,BLE
c3:73:68:b3:85:fe,,Misc,2026-09-26 12:50:35,,,-105,26.18825810209158,91.70157079744077,-2.8248291015625,9.935046195983887,,76,BLE
f6:cf:fb:0e:ea:3d,,Misc,2026-09-26 12:50:35,,,-96,26.18825810209158,91.70157079744077,-2.8248291015625,9.935046195983887,,76,BLE
74:88:40:a0:bc:81,,Uncategorized;10,2026-09-26 12:50:35,,7936,-93,26.18825810209158,91.70157079744077,-2.8248291015625,9.935046195983887,,76,BLE
77:43:b9:86:1d:0e,,Misc,2026-09-26 12:50:36,,7936,-81,26.18826125114217,91.70156239108934,-4.771240234375,9.935046195983887,,76,BLE
21:0a:a7:57:13:a2,,Misc,2026-09-26 12:50:40,,,-82,26.188279998089588,91.7015950158655,-5.20709228515625,9.952218055725098,,6,BLE
c3:73:68:b3:85:fe,,Misc,2026-09-26 12:50:40,,,-98,26.188279998089588,91.7015950158655,-5.20709228515625,9.952218055725098,,76,BLE
20:e7:d1:61:4a:6c,,Misc,2026-09-26 12:50:40,,,-99,26.188279998089588,91.7015950158655,-5.20709228515625,9.952218055725098,,,BLE
10:6a:b1:55:83:40,,Uncategorized;10,2026-09-26 12:50:41,,7936,-86,26.188283411065623,91.70160870751694,-4.433380126953125,9.960014343261719,,,BLE
c6:07:1d:66:c5:96,IITG_CONNECT,[WPA2-EAP/SHA1+FT/EAP-CCMP][RSN-EAP/SHA1+FT/EAP-CCMP][ESS],2026-09-26 12:50:42,1,2412,-44,26.188286165651878,91.70162195295839,-4.341400146484375,9.945584297180176,,,WIFI
9c:a2:f4:f1:82:84,TP-Link_8284,[WPA2-PSK-CCMP][RSN-PSK-CCMP][ESS][WPS],2026-09-26 12:50:42,4,2427,-72,26.188286165651878,91.70162195295839,-4.341400146484375,9.945584297180176,,,WIFI
9c:a2:f4:f1:8d:34,cleo,[WPA2-PSK-CCMP][RSN-PSK-CCMP][ESS][WPS],2026-09-26 12:50:42,3,2422,-79,26.188286165651878,91.70162195295839,-4.341400146484375,9.945584297180176,,,WIFI
c2:07:1d:66:c5:96,,[ESS],2026-09-26 12:50:42,1,2412,-42,26.188286165651878,91.70162195295839,-4.341400146484375,9.945584297180176,,,WIFI
68:ff:7b:9f:8e:a6,Mamilla,[WPA2-PSK-CCMP][RSN-PSK-CCMP][ESS][WPS],2026-09-26 12:50:42,3,2422,-75,26.188286165651878,91.70162195295839,-4.341400146484375,9.945584297180176,,,WIFI
c6:07:1d:66:c2:6d,IITG_CONNECT,[WPA2-EAP/SHA1+FT/EAP-CCMP][RSN-EAP/SHA1+FT/EAP-CCMP][ESS],2026-09-26 12:50:42,44,5220,-52,26.188286165651878,91.70162195295839,-4.341400146484375,9.945584297180176,,,WIFI
72:51:9a:f4:36:d8,Redmi 11 Prime 5G,[WPA2-PSK-CCMP][RSN-PSK-CCMP][ESS],2026-09-26 12:50:42,13,2472,-86,26.188286165651878,91.70162195295839,-4.341400146484375,9.945584297180176,,,WIFI
ac:c2:01:71:39:5d,LEDDMX-03-395D,Misc,2026-09-26 12:50:43,,7936,-90,26.188289023190066,91.70162558236514,-3.564788818359375,9.966187477111816,,,BLE
da:54:9f:ef:68:01,,Misc,2026-09-26 12:50:45,,,-86,26.1882950562831,91.70165014181062,-2.15618896484375,9.988688468933105,,76,BLE
27:6c:f0:4b:19:19,,Uncategorized;10,2026-09-26 12:50:50,,7936,-97,26.188316355960204,91.70170421016874,-3.9974365234375,9.935046195983887,,,BLE
7d:08:5e:a9:3a:88,,Misc,2026-09-26 12:50:50,,,-92,26.188316355960204,91.70170421016874,-3.9974365234375,9.935046195983887,,76,BLE
5d:9c:ef:7d:1c:e9,Prime80,Misc,2026-09-26 12:50:50,,7936,-89,26.188316355960204,91.70170421016874,-3.9974365234375,9.935046195983887,,58744,BLE
d4:35:38:2c:dd:2f,$i₹E_5G,[WPA-PSK-TKIP+CCMP][WPA2-PSK-TKIP+CCMP][RSN-PSK-TKIP+CCMP][ESS][WPS],2026-09-26 12:50:53,36,5180,-74,26.188335428199807,91.70173081964853,-3.906890869140625,9.935046195983887,,,WIFI
4a:77:37:05:5d:f6,,Uncategorized;10,2026-09-26 12:50:54,,7936,-105,26.188346298664694,91.70173333934608,-5.501953125,9.935046195983887,,,BLE
44:2b:e5:ea:e5:5b,AMROZR,Misc,2026-09-26 12:50:55,,7936,-106,26.188357039173706,91.70173195739443,-4.277069091796875,9.935046195983887,,,BLE
4a:77:37:05:5d:f6,,Uncategorized;10,2026-09-26 12:50:55,,7936,-105,26.188357039173706,91.70173195739443,-4.277069091796875,9.935046195983887,,76,BLE
34:60:f9:f3:4b:d4,Mandal,[WPA2-PSK-CCMP][RSN-PSK-CCMP][WPA-PSK-CCMP][ESS][WPS],2026-09-26 12:50:57,3,2422,-78,26.18837817397804,91.70172657841476,-1.16827392578125,9.935046195983887,,,WIFI
13:1a:6b:b4:1a:27,,Misc,2026-09-26 12:51:00,,,-62,26.188408060885678,91.70172061146518,1.497039794921875,9.935046195983887,,6,BLE
d0:a8:c7:ac:62:e5,,Misc,2026-09-26 12:51:00,,,-104,26.188408060885678,91.70172061146518,1.497039794921875,9.935046195983887,,76,BLE
77:13:42:de:b0:ca,,Misc,2026-09-26 12:51:00,,,-105,26.188408060885678,91.70172061146518,1.497039794921875,9.935046195983887,,76,BLE
4a:d1:c2:8e:dc:7f,FLIPP_LEGION,Uncategorized;10,2026-09-26 12:51:02,,7936,-79,26.18842794013706,91.70171668948652,3.525726318359375,9.935046195983887,,,BLE
74:2e:49:c0:c7:51,,Uncategorized;10,2026-09-26 12:51:03,,7936,-84,26.18843727620143,91.70171491819212,2.81817626953125,9.935046195983887,,,BLE
74:2e:49:c0:c7:51,,Uncategorized;10,2026-09-26 12:51:04,,7936,-76,26.18844653203128,91.70171305641935,2.531646728515625,9.935046195983887,,,BLE
21:9b:47:c2:03:d8,,Misc,2026-09-26 12:51:05,,,-85,26.188455873708698,91.7017110460765,2.579925537109375,9.980627059936523,,6,BLE
55:aa:fb:3f:33:7f,,Misc,2026-09-26 12:51:05,,7936,-101,26.188455873708698,91.7017110460765,2.579925537109375,9.980627059936523,,76,BLE
4a:77:37:05:5d:f6,,Uncategorized;10,2026-09-26 12:51:09,,7936,-97,26.1884975206205,91.70170138344182,2.80560302734375,9.962233543395996,,76,BLE
69:51:c8:f8:cc:ba,,Uncategorized;10,2026-09-26 12:51:09,,7936,-105,26.1884975206205,91.70170138344182,2.80560302734375,9.962233543395996,,,BLE
70:6e:86:f0:e0:89,,Misc,2026-09-26 12:51:10,,,-96,26.18849829389609,91.7017016623394,2.61578369140625,9.935046195983887,,76,BLE
59:c9:cb:89:cc:8b,LE-Jashanpreet's Headphones,Uncategorized,2026-09-26 12:51:10,,7936,-95,26.18849829389609,91.7017016623394,2.61578369140625,9.935046195983887,,,BLE
69:51:c8:f8:cc:ba,,Uncategorized;10,2026-09-26 12:51:10,,7936,-103,26.18849829389609,91.7017016623394,2.61578369140625,9.935046195983887,,76,BLE
56:15:4c:60:3a:5f,,Uncategorized;10,2026-09-26 12:51:11,,7936,-97,26.18850990310406,91.70170011871053,2.3260498046875,9.935046195983887,,,BLE
4d:04:62:93:6e:05,,Uncategorized;10,2026-09-26 12:51:11,,7936,-95,26.18850990310406,91.70170011871053,2.3260498046875,9.935046195983887,,,BLE
76:0b:27:8e:00:42,,Uncategorized;10,2026-09-26 12:51:12,,7936,-94,26.18851874904454,91.70170207518814,1.776336669921875,9.935046195983887,,,BLE
c2:07:1d:66:c5:25,,[ESS],2026-09-26 12:51:14,157,5785,-53,26.18852953498762,91.70171621460369,0.771453857421875,9.935046195983887,,,WIFI
40:ed:00:8b:82:4c,TP-Link_824C,[WPA2-PSK-CCMP][RSN-PSK-CCMP][ESS][WPS],2026-09-26 12:51:14,3,2422,-76,26.18852953498762,91.70171621460369,0.771453857421875,9.935046195983887,,,WIFI
1a:b5:cd:4c:16:c3,RAT,[WPA2-PSK-CCMP][RSN-PSK+SAE-CCMP][ESS][WPS],2026-09-26 12:51:14,36,5180,-78,26.18852953498762,91.70171621460369,0.771453857421875,9.935046195983887,,,WIFI
22:e1:5d:3d:ea:aa,guest wifi,[WPA-PSK-CCMP][WPA2-PSK-CCMP][RSN-PSK-CCMP][ESS],2026-09-26 12:51:14,3,2422,-72,26.18852953498762,91.70171621460369,0.771453857421875,9.935046195983887,,,WIFI
22:76:4d:74:b2:a7,Galaxy M35 5G 84AD,[WPA2-PSK-CCMP][RSN-PSK-CCMP][ESS],2026-09-26 12:51:14,149,5745,-70,26.18852953498762,91.70171621460369,0.771453857421875,9.935046195983887,,,WIFI
3c:78:95:cd:06:87,TP-Link_0687,[WPA2-PSK-CCMP][RSN-PSK-CCMP][ESS],2026-09-26 12:51:14,5,2432,-69,26.18852953498762,91.70171621460369,0.771453857421875,9.935046195983887,,,WIFI
30:de:4b:c6:f9:de,TP-Link_F9DE,[WPA2-PSK-CCMP][RSN-PSK-CCMP][ESS][WPS],2026-09-26 12:51:14,3,2422,-76,26.18852953498762,91.70171621460369,0.771453857421875,9.935046195983887,,,WIFI
64:29:43:99:7d:02,A-231,[WPA2-PSK-CCMP][RSN-PSK-CCMP][ESS],2026-09-26 12:51:14,8,2447,-73,26.18852953498762,91.70171621460369,0.771453857421875,9.935046195983887,,,WIFI
c6:07:1d:66:c2:85,IITG_CONNECT,[WPA2-EAP/SHA1-CCMP][RSN-EAP/SHA1-CCMP][ESS],2026-09-26 12:51:14,161,5805,-83,26.18852953498762,91.70171621460369,0.771453857421875,9.935046195983887,,,WIFI
40:ae:30:a5:25:ce,IITB_CONNECT,[WPA2-PSK-CCMP][RSN-PSK-CCMP][ESS][WPS],2026-09-26 12:51:14,9,2452,-70,26.18852953498762,91.70171621460369,0.771453857421875,9.935046195983887,,,WIFI
61:f9:83:2b:e3:07,,Misc,2026-09-26 12:51:15,,7936,-99,26.18853252427082,91.7017264859929,-0.364044189453125,9.935046195983887,,76,BLE
45:da:00:f2:8b:b8,,Misc,2026-09-26 12:51:15,,7936,-102,26.18853252427082,91.7017264859929,-0.364044189453125,9.935046195983887,,76,BLE
56:15:4c:60:3a:5f,,Uncategorized;10,2026-09-26 12:51:15,,7936,-97,26.18853252427082,91.7017264859929,-0.364044189453125,9.935046195983887,,76,BLE
5f:c3:e6:1a:72:a5,realme Buds T310-GFP,Uncategorized,2026-09-26 12:51:15,,7936,-95,26.18853252427082,91.7017264859929,-0.364044189453125,9.935046195983887,,,BLE
27:6c:f0:4b:19:19,,Uncategorized;10,2026-09-26 12:51:17,,7936,-69,26.188534140793358,91.7017526348132,-0.886444091796875,9.935046195983887,,,BLE
4f:e4:20:3b:1e:ad,MUFFIN,Uncategorized;10,2026-09-26 12:51:17,,7936,-88,26.188534140793358,91.7017526348132,-0.886444091796875,9.935046195983887,,,BLE
4f:6e:e4:56:ac:72,,Uncategorized;10,2026-09-26 12:51:18,,7936,-88,26.188534677036372,91.70176615337682,0.144378662109375,9.935046195983887,,,BLE
76:0b:27:8e:00:42,,Uncategorized;10,2026-09-26 12:51:19,,7936,-88,26.18853854450321,91.70178470546612,1.0723876953125,9.935046195983887,,,BLE
6e:e4:a8:4d:bc:cd,,Uncategorized;10,2026-09-26 12:51:20,,7936,-83,26.188539165253587,91.7017962309728,0.92279052734375,9.935046195983887,,76,BLE
20:97:36:a6:00:7a,,Misc,2026-09-26 12:51:20,,,-88,26.188539165253587,91.7017962309728,0.92279052734375,9.935046195983887,,6,BLE
45:da:00:f2:8b:b8,,Misc,2026-09-26 12:51:21,,7936,-92,26.188540346122046,91.70180737305996,-0.03497314453125,9.935046195983887,,76,BLE
60:74:c5:3a:37:dc,,Misc,2026-09-26 12:51:21,,7936,-92,26.188540346122046,91.70180737305996,-0.03497314453125,9.935046195983887,,1946,BLE
55:aa:fb:3f:33:7f,,Misc,2026-09-26 12:51:22,,7936,-89,26.18854160901582,91.70181828141402,0.320037841796875,9.935046195983887,,76,BLE
64:f2:1f:6a:27:e0,,Uncategorized;10,2026-09-26 12:51:23,,7936,-106,26.188543247377645,91.70182935550892,0.47308349609375,9.935046195983887,,,BLE
40:ed:00:2c:f7:14,Blag gai,[WPA2-PSK-CCMP][RSN-PSK-CCMP][ESS][WPS],2026-09-26 12:51:25,4,2427,-79,26.188541596733746,91.70184564476004,-0.245574951171875,9.935046195983887,,,WIFI
c0:1c:22:dc:7d:51,,Misc,2026-09-26 12:51:25,,,-69,26.188541596733746,91.70184564476004,-0.245574951171875,9.935046195983887,,,BLE
a8:e6:e8:d0:34:eb,WH-CH720N,Misc,2026-09-26 12:51:25,,7936,-75,26.188541596733746,91.70184564476004,-0.245574951171875,9.935046195983887,,,BLE
64:f2:1f:6a:27:e0,,Uncategorized;10,2026-09-26 12:51:25,,7936,-106,26.188541596733746,91.70184564476004,-0.245574951171875,9.935046195983887,,76,BLE
49:7f:49:bd:b2:3a,,Misc,2026-09-26 12:51:25,,,-102,26.188541596733746,91.70184564476004,-0.245574951171875,9.935046195983887,,,BLE
55:cd:bf:a6:00:07,OnePlus Nord Buds 3r,Uncategorized,2026-09-26 12:51:25,,7936,-70,26.188541596733746,91.70184564476004,-0.245574951171875,9.935046195983887,,,BLE
6e:a6:17:ff:80:94,,Uncategorized;10,2026-09-26 12:51:27,,7936,-100,26.188542967448097,91.70186826590009,0.182220458984375,9.935046195983887,,,BLE
5b:55:f0:45:7f:77,,Uncategorized;10,2026-09-26 12:51:27,,7936,-95,26.188542967448097,91.70186826590009,0.182220458984375,9.935046195983887,,,BLE
44:2b:e5:ea:e5:5b,AMROZR,Misc,2026-09-26 12:51:30,,7936,-101,26.188547180052876,91.70189982756092,-0.158294677734375,9.935046195983887,,,BLE
28:3c:49:83:af:bd,,Misc,2026-09-26 12:51:30,,,-102,26.188547180052876,91.70189982756092,-0.158294677734375,9.935046195983887,,6,BLE
61:03:9b:e7:14:cf,,Uncategorized;10,2026-09-26 12:51:30,,7936,-90,26.188547180052876,91.70189982756092,-0.158294677734375,9.935046195983887,,76,BLE
c7:63:d3:16:1c:64,,Misc,2026-09-26 12:51:30,,,-95,26.188547180052876,91.70189982756092,-0.158294677734375,9.935046195983887,,76,BLE
34:2e:57:29:e4:40,,Misc,2026-09-26 12:51:30,,,-91,26.188547180052876,91.70189982756092,-0.158294677734375,9.935046195983887,,6,BLE
64:a3:37:6e:3d:72,,Uncategorized;10,2026-09-26 12:51:31,,7936,-101,26.18855416086619,91.7019123469721,-1.51513671875,9.973800659179688,,,BLE
49:3e:16:42:5a:29,VISION,Uncategorized;10,2026-09-26 12:51:33,,7936,-96,26.188565309541616,91.7019149018321,-3.662445068359375,10.300952911376953,,,BLE
44:2b:e5:ea:e5:5b,AMROZR,Misc,2026-09-26 12:51:34,,7936,-95,26.18857483882652,91.7019163484835,-3.591461181640625,10.208261489868164,,,BLE
34:6f:24:fc:84:76,AMROZR,Laptop;10,2026-09-26 12:51:35,,268,-93,26.18858511667697,91.7019165046536,-3.59625244140625,10.128960609436035,,,BT
64:a3:37:6e:3d:72,,Uncategorized;10,2026-09-26 12:51:35,,7936,-102,26.18858511667697,91.7019165046536,-3.59625244140625,10.128960609436035,,135,BLE
a8:e6:e8:c9:8f:f3,JBL Tune 770NC,Misc,2026-09-26 12:51:35,,7936,-97,26.18858511667697,91.7019165046536,-3.59625244140625,10.128960609436035,,,BLE
22:11:16:6a:ed:26,,Misc,2026-09-26 12:51:35,,,-88,26.18858511667697,91.7019165046536,-3.59625244140625,10.128960609436035,,6,BLE
09:7c:bf:4c:24:6b,,Misc,2026-09-26 12:51:35,,,-105,26.18858511667697,91.7019165046536,-3.59625244140625,10.128960609436035,,,BLE
59:c9:cb:89:cc:8b,LE-Jashanpreet's Headphones,Uncategorized,2026-09-26 12:51:35,,7936,-84,26.18858511667697,91.7019165046536,-3.59625244140625,10.128960609436035,,,BLE
4d:b8:ca:7a:2a:56,,Misc,2026-09-26 12:51:35,,7936,-102,26.18858511667697,91.7019165046536,-3.59625244140625,10.128960609436035,,76,BLE
06:e3:26:1e:dd:43,,Misc,2026-09-26 12:51:35,,,-97,26.18858511667697,91.7019165046536,-3.59625244140625,10.128960609436035,,6,BLE
44:23:92:47:61:b1,,Misc,2026-09-26 12:51:35,,,-99,26.18858511667697,91.7019165046536,-3.59625244140625,10.128960609436035,,,BLE
5b:8b:bc:c2:85:81,,Uncategorized;10,2026-09-26 12:51:36,,7936,-85,26.188595782145974,91.70191539157341,-3.6171875,10.219218254089355,,,BLE
5b:55:f0:45:7f:77,,Uncategorized;10,2026-09-26 12:51:36,,7936,-84,26.188595782145974,91.70191539157341,-3.6171875,10.219218254089355,,,BLE
11:13:19:e4:47:28,,Uncategorized;10,2026-09-26 12:51:37,,7936,-104,26.18861202112244,91.70191274372587,-3.077850341796875,10.299744606018066,,,BLE
3a:d8:86:93:04:eb,,Uncategorized;10,2026-09-26 12:51:37,,7936,-99,26.18861202112244,91.70191274372587,-3.077850341796875,10.299744606018066,,,BLE
c2:0d:95:bb:14:05,JBL Tune 770NC-LE,Uncategorized;10,2026-09-26 12:51:37,,7936,-94,26.18861202112244,91.70191274372587,-3.077850341796875,10.299744606018066,,,BLE
cb:a6:11:46:4c:4f,,Uncategorized;10,2026-09-26 12:51:37,,7936,-95,26.18861202112244,91.70191274372587,-3.077850341796875,10.299744606018066,,,BLE
72:dd:6a:01:ab:c6,,Uncategorized;10,2026-09-26 12:51:38,,7936,-100,26.188614318892327,91.7019100966108,-3.464599609375,10.36240291595459,,,BLE
01:63:e5:5b:08:4c,,Uncategorized;10,2026-09-26 12:51:38,,7936,-101,26.188614318892327,91.7019100966108,-3.464599609375,10.36240291595459,,,BLE
5a:d2:76:68:70:63,,Uncategorized;10,2026-09-26 12:51:38,,7936,-102,26.188614318892327,91.7019100966108,-3.464599609375,10.36240291595459,,,BLE
60:ff:9e:50:34:ab,VISION,Laptop;10,2026-09-26 12:51:39,,268,-79,26.188626009316053,91.7019065244362,-3.493255615234375,10.23404598236084,,,BT
41:54:cb:62:9f:d2,,Uncategorized;10,2026-09-26 12:51:39,,7936,-98,26.188626009316053,91.7019065244362,-3.493255615234375,10.23404598236084,,,BLE
56:6d:cd:d6:55:d1,,Uncategorized;10,2026-09-26 12:51:39,,7936,-83,26.188626009316053,91.7019065244362,-3.493255615234375,10.23404598236084,,,BLE
cb:a6:11:46:4c:4f,,Uncategorized;10,2026-09-26 12:51:40,,7936,-73,26.188636200541282,91.70190255516982,-3.5177001953125,10.107182502746582,,,BLE
35:a2:9a:00:68:4b,,Uncategorized;10,2026-09-26 12:51:40,,7936,-86,26.188636200541282,91.70190255516982,-3.5177001953125,10.107182502746582,,,BLE
5c:2b:ce:4b:2f:48,LAPTOP-H0SVCT9H,Uncategorized;10,2026-09-26 12:51:40,,7936,-87,26.188636200541282,91.70190255516982,-3.5177001953125,10.107182502746582,,,BLE
48:25:37:60:4b:2b,,Uncategorized;10,2026-09-26 12:51:40,,7936,-94,26.188636200541282,91.70190255516982,-3.5177001953125,10.107182502746582,,,BLE
44:14:a8:52:d7:c7,,Misc,2026-09-26 12:51:40,,7936,-93,26.188636200541282,91.70190255516982,-3.5177001953125,10.107182502746582,,76,BLE
49:3e:16:42:5a:29,VISION,Uncategorized;10,2026-09-26 12:51:40,,7936,-84,26.188636200541282,91.70190255516982,-3.5177001953125,10.107182502746582,,,BLE
6e:a6:17:ff:80:94,,Uncategorized;10,2026-09-26 12:51:40,,7936,-89,26.188636200541282,91.70190255516982,-3.5177001953125,10.107182502746582,,,BLE
72:dd:6a:01:ab:c6,,Uncategorized;10,2026-09-26 12:51:40,,7936,-100,26.188636200541282,91.70190255516982,-3.5177001953125,10.107182502746582,,76,BLE
06:e3:26:1e:dd:43,,Misc,2026-09-26 12:51:40,,,-85,26.188636200541282,91.70190255516982,-3.5177001953125,10.107182502746582,,6,BLE
5a:d2:76:68:70:63,,Uncategorized;10,2026-09-26 12:51:40,,7936,-103,26.188636200541282,91.70190255516982,-3.5177001953125,10.107182502746582,,2103,BLE
3b:cb:31:5d:68:c5,,Misc,2026-09-26 12:51:40,,,-102,26.188636200541282,91.70190255516982,-3.5177001953125,10.107182502746582,,6,BLE
16:4e:8e:75:11:d9,,Misc,2026-09-26 12:51:40,,,-100,26.188636200541282,91.70190255516982,-3.5177001953125,10.107182502746582,,,BLE
5b:8b:bc:c2:85:81,,Uncategorized;10,2026-09-26 12:51:40,,7936,-85,26.188636200541282,91.70190255516982,-3.5177001953125,10.107182502746582,,1946,BLE
09:31:e4:c7:82:01,,Misc,2026-09-26 12:51:40,,,-90,26.188636200541282,91.70190255516982,-3.5177001953125,10.107182502746582,,,BLE
cb:a6:11:46:4c:4f,,Uncategorized;10,2026-09-26 12:51:41,,7936,-65,26.188645617239853,91.7018989594372,-3.106109619140625,10.009191513061523,,,BLE
79:44:71:23:da:ca,,Uncategorized;10,2026-09-26 12:51:41,,7936,-101,26.188645617239853,91.7018989594372,-3.106109619140625,10.009191513061523,,,BLE
67:bf:ec:8e:e7:75,,Uncategorized;10,2026-09-26 12:51:41,,7936,-95,26.188645617239853,91.7018989594372,-3.106109619140625,10.009191513061523,,,BLE
69:58:6b:2b:0f:3c,,Uncategorized;10,2026-09-26 12:51:42,,7936,-100,26.18865450206511,91.70189449758985,-3.222747802734375,10.006662368774414,,,BLE
6e:da:dd:30:a5:5a,,Uncategorized;10,2026-09-26 12:51:43,,7936,-95,26.18866349311469,91.70189057317825,-1.869659423828125,9.969117164611816,,,BLE
3c:6a:d2:4f:18:06,A05,[WPA2-PSK-CCMP][RSN-PSK-CCMP][ESS][WPS],2026-09-26 12:51:44,2,2417,-72,26.188672230829628,91.70188664100478,-0.88958740234375,9.962194442749023,,,WIFI
86:c4:4d:77:5b:11,Moto Edge 70,[WPA2-PSK-CCMP][RSN-PSK+SAE-CCMP][ESS],2026-09-26 12:51:44,7,2442,-58,26.188672230829628,91.70188664100478,-0.88958740234375,9.962194442749023,,,WIFI
08:5a:11:58:30:0b,Wifi2,[WPA2-PSK-CCMP][RSN-PSK-CCMP][ESS],2026-09-26 12:51:44,1,2412,-80,26.188672230829628,91.70188664100478,-0.88958740234375,9.962194442749023,,,WIFI
28:87:ba:9f:d1:7c,TP-Link_D17D_5G,[WPA2-PSK-CCMP][RSN-PSK-CCMP][ESS][WPS],2026-09-26 12:51:44,149,5745,-81,26.188672230829628,91.70188664100478,-0.88958740234375,9.962194442749023,,,WIFI
20:e1:5d:c2:6d:d4,A06 Goats but Faster,[WPA2-PSK-CCMP][RSN-PSK-CCMP][ESS][WPS],2026-09-26 12:51:44,153,5765,-77,26.188672230829628,91.70188664100478,-0.88958740234375,9.962194442749023,,,WIFI
6a:b1:c7:33:9d:e1,OnePlus Nord 6 532E,[WPA2-PSK-CCMP][RSN-PSK-CCMP][ESS],2026-09-26 12:51:44,1,2412,-62,26.188672230829628,91.70188664100478,-0.88958740234375,9.962194442749023,,,WIFI
24:2f:d0:f5:94:75,TP-Link_9476_5G,[WPA2-PSK-CCMP][RSN-PSK-CCMP][ESS][WPS],2026-09-26 12:51:44,149,5745,-86,26.188672230829628,91.70188664100478,-0.88958740234375,9.962194442749023,,,WIFI
35:8a:b4:7b:2f:d5,,Uncategorized;10,2026-09-26 12:51:44,,7936,-98,26.188672230829628,91.70188664100478,-0.88958740234375,9.962194442749023,,,BLE
c2:0d:95:bb:14:05,JBL Tune 770NC-LE,Uncategorized;10,2026-09-26 12:51:45,,7936,-68,26.188687814389624,91.70188142679787,0.80108642578125,9.991527557373047,,,BLE
ca:29:a2:5d:d5:50,,Misc,2026-09-26 12:51:45,,,-99,26.188687814389624,91.70188142679787,0.80108642578125,9.991527557373047,,76,BLE
72:dd:6a:01:ab:c6,,Uncategorized;10,2026-09-26 12:51:45,,7936,-91,26.188687814389624,91.70188142679787,0.80108642578125,9.991527557373047,,76,BLE
c7:63:d3:16:1c:64,,Misc,2026-09-26 12:51:45,,,-75,26.188687814389624,91.70188142679787,0.80108642578125,9.991527557373047,,76,BLE
fa:fd:c6:c0:64:03,realme Buds T200x(BLE),Uncategorized,2026-09-26 12:51:45,,7936,-81,26.188687814389624,91.70188142679787,0.80108642578125,9.991527557373047,,,BLE
3a:d8:86:93:04:eb,,Uncategorized;10,2026-09-26 12:51:45,,7936,-85,26.188687814389624,91.70188142679787,0.80108642578125,9.991527557373047,,,BLE
67:bf:ec:8e:e7:75,,Uncategorized;10,2026-09-26 12:51:45,,7936,-95,26.188687814389624,91.70188142679787,0.80108642578125,9.991527557373047,,1839,BLE
a8:e6:e8:c9:8f:f3,JBL Tune 770NC,Misc,2026-09-26 12:51:45,,7936,-70,26.188687814389624,91.70188142679787,0.80108642578125,9.991527557373047,,,BLE
cf:39:e4:47:f1:ab,,Misc,2026-09-26 12:51:45,,,-79,26.188687814389624,91.70188142679787,0.80108642578125,9.991527557373047,,76,BLE
3b:cb:31:5d:68:c5,,Misc,2026-09-26 12:51:45,,,-93,26.188687814389624,91.70188142679787,0.80108642578125,9.991527557373047,,6,BLE
dc:0c:8c:13:f1:d7,,Misc,2026-09-26 12:51:45,,,-92,26.188687814389624,91.70188142679787,0.80108642578125,9.991527557373047,,76,BLE
4c:36:c5:1c:62:1a,,Misc,2026-09-26 12:51:45,,7936,-100,26.188687814389624,91.70188142679787,0.80108642578125,9.991527557373047,,76,BLE
69:58:6b:2b:0f:3c,,Uncategorized;10,2026-09-26 12:51:45,,7936,-100,26.188687814389624,91.70188142679787,0.80108642578125,9.991527557373047,,76,BLE
01:63:e5:5b:08:4c,,Uncategorized;10,2026-09-26 12:51:45,,7936,-82,26.188687814389624,91.70188142679787,0.80108642578125,9.991527557373047,,,BLE
11:13:19:e4:47:28,,Uncategorized;10,2026-09-26 12:51:45,,7936,-97,26.188687814389624,91.70188142679787,0.80108642578125,9.991527557373047,,,BLE
dc:11:11:11:f6:76,Icon 5_F676,Misc,2026-09-26 12:51:45,,,-98,26.188687814389624,91.70188142679787,0.80108642578125,9.991527557373047,,,BLE
e8:f8:f1:c4:f1:aa,,Misc,2026-09-26 12:51:45,,,-73,26.188687814389624,91.70188142679787,0.80108642578125,9.991527557373047,,76,BLE
de:16:b9:64:ad:b4,,Misc,2026-09-26 12:51:45,,,-97,26.188687814389624,91.70188142679787,0.80108642578125,9.991527557373047,,76,BLE
4a:de:62:4d:d1:cd,,Misc,2026-09-26 12:51:45,,,-94,26.188687814389624,91.70188142679787,0.80108642578125,9.991527557373047,,,BLE
79:44:71:23:da:ca,,Uncategorized;10,2026-09-26 12:51:45,,7936,-101,26.188687814389624,91.70188142679787,0.80108642578125,9.991527557373047,,76,BLE
56:75:71:2a:4c:e4,,Misc,2026-09-26 12:51:45,,7936,-103,26.188687814389624,91.70188142679787,0.80108642578125,9.991527557373047,,76,BLE
6e:da:dd:30:a5:5a,,Uncategorized;10,2026-09-26 12:51:45,,7936,-95,26.188687814389624,91.70188142679787,0.80108642578125,9.991527557373047,,76,BLE
56:6d:cd:d6:55:d1,,Uncategorized;10,2026-09-26 12:51:46,,7936,-74,26.18868797027292,91.70188057018804,7.088836669921875,10.064757347106934,,,BLE
79:44:71:23:da:ca,,Uncategorized;10,2026-09-26 12:51:46,,7936,-95,26.18868797027292,91.70188057018804,7.088836669921875,10.064757347106934,,76,BLE
66:f5:58:38:1e:dc,,Misc,2026-09-26 12:51:48,,7936,-60,26.188710347045824,91.70187523113529,3.82708740234375,10.125125885009766,,76,BLE
48:25:37:60:4b:2b,,Uncategorized;10,2026-09-26 12:51:48,,7936,-89,26.188710347045824,91.70187523113529,3.82708740234375,10.125125885009766,,,BLE
46:47:3a:9d:f3:04,vivo T3x 5G,[WPA2-PSK-CCMP][RSN-PSK-CCMP][ESS],2026-09-26 12:51:48,11,2462,-78,26.188710347045824,91.70187523113529,3.82708740234375,10.125125885009766,,,WIFI
60:32:b1:0b:8e:8e,TP-Link_8E8E,[WPA-PSK-CCMP][WPA2-PSK-CCMP][RSN-PSK-CCMP][ESS][WPS],2026-09-26 12:51:48,2,2417,-85,26.188710347045824,91.70187523113529,3.82708740234375,10.125125885009766,,,WIFI
a4:2a:95:3c:62:5c,pirateking,[WPA2-PSK-CCMP][RSN-PSK-CCMP][ESS],2026-09-26 12:51:48,13,2472,-71,26.188710347045824,91.70187523113529,3.82708740234375,10.125125885009766,,,WIFI
a6:16:eb:c8:44:ff,OnePlus 11R 5G,[WPA2-PSK-CCMP][RSN-PSK-CCMP][ESS],2026-09-26 12:51:48,149,5745,-86,26.188710347045824,91.70187523113529,3.82708740234375,10.125125885009766,,,WIFI
6a:b1:c7:33:9d:e1,OnePlus Nord 6 532E,[WPA2-PSK-CCMP][RSN-PSK-CCMP][ESS],2026-09-26 12:51:48,1,2412,-46,26.188710347045824,91.70187523113529,3.82708740234375,10.125125885009766,,,WIFI
3c:52:a1:10:51:a4,saale-apna-router-laga,[WPA2-PSK-CCMP][RSN-PSK-CCMP][ESS][WPS],2026-09-26 12:51:48,4,2427,-76,26.188710347045824,91.70187523113529,3.82708740234375,10.125125885009766,,,WIFI
12:8c:8c:c1:69:b1,Oooooo,[WPA2-PSK-CCMP][RSN-PSK-CCMP][ESS],2026-09-26 12:51:48,7,2442,-72,26.188710347045824,91.70187523113529,3.82708740234375,10.125125885009766,,,WIFI
a8:63:7d:dc:ad:79,dlink-AD78,[WPA-PSK-TKIP+CCMP][WPA2-PSK-TKIP+CCMP][RSN-PSK-TKIP+CCMP][ESS][WPS],2026-09-26 12:51:48,11,2462,-81,26.188710347045824,91.70187523113529,3.82708740234375,10.125125885009766,,,WIFI
a8:42:a1:88:0f:e2,Lakers2024,[WPA2-PSK-CCMP][RSN-PSK-CCMP][ESS][WPS],2026-09-26 12:51:48,10,2457,-59,26.188710347045824,91.70187523113529,3.82708740234375,10.125125885009766,,,WIFI
24:2f:d0:f5:94:75,TP-Link_9476_5G,[WPA2-PSK-CCMP][RSN-PSK-CCMP][ESS][WPS],2026-09-26 12:51:48,149,5745,-71,26.188710347045824,91.70187523113529,3.82708740234375,10.125125885009766,,,WIFI
72:dd:6a:01:ab:c6,,Uncategorized;10,2026-09-26 12:51:49,,7936,-76,26.188720042584688,91.70187267800226,3.235504150390625,10.210487365722656,,76,BLE
73:ad:33:c1:57:ec,,Uncategorized;10,2026-09-26 12:51:49,,7936,-98,26.188720042584688,91.70187267800226,3.235504150390625,10.210487365722656,,,BLE
5c:2b:ce:4b:2f:48,LAPTOP-H0SVCT9H,Uncategorized;10,2026-09-26 12:51:50,,7936,-77,26.18872946845979,91.70186531797123,2.6763916015625,10.170039176940918,,,BLE
7f:7b:fa:a8:ca:81,,Uncategorized;10,2026-09-26 12:51:50,,7936,-91,26.18872946845979,91.70186531797123,2.6763916015625,10.170039176940918,,,BLE
11:13:19:e4:47:28,,Uncategorized;10,2026-09-26 12:51:50,,7936,-90,26.18872946845979,91.70186531797123,2.6763916015625,10.170039176940918,,,BLE
29:77:55:c5:e3:06,,Misc,2026-09-26 12:51:50,,,-100,26.18872946845979,91.70186531797123,2.6763916015625,10.170039176940918,,6,BLE
73:ad:33:c1:57:ec,,Uncategorized;10,2026-09-26 12:51:50,,7936,-99,26.18872946845979,91.70186531797123,2.6763916015625,10.170039176940918,,76,BLE
45:c7:26:06:bb:ec,,Misc,2026-09-26 12:51:50,,7936,-100,26.18872946845979,91.70186531797123,2.6763916015625,10.170039176940918,,76,BLE
07:05:02:cb:29:30,,Misc,2026-09-26 12:51:50,,,-91,26.18872946845979,91.70186531797123,2.6763916015625,10.170039176940918,,,BLE
dd:db:83:75:74:c9,,Misc,2026-09-26 12:51:50,,,-93,26.18872946845979,91.70186531797123,2.6763916015625,10.170039176940918,,76,BLE
ee:ee:0f:54:a3:14,,Misc,2026-09-26 12:51:50,,,-73,26.18872946845979,91.70186531797123,2.6763916015625,10.170039176940918,,76,BLE
6b:68:86:35:81:06,MSI,Misc,2026-09-26 12:51:50,,7936,-103,26.18872946845979,91.70186531797123,2.6763916015625,10.170039176940918,,,BLE
dc:0c:8c:13:f1:d7,,Misc,2026-09-26 12:51:50,,,-83,26.18872946845979,91.70186531797123,2.6763916015625,10.170039176940918,,76,BLE
c0:4c:5c:ac:3c:0c,,Misc,2026-09-26 12:51:50,,,-99,26.18872946845979,91.70186531797123,2.6763916015625,10.170039176940918,,,BLE
73:d2:a7:27:2d:82,realme Buds T310-GFP,Uncategorized,2026-09-26 12:51:50,,7936,-93,26.18872946845979,91.70186531797123,2.6763916015625,10.170039176940918,,,BLE
7f:7b:fa:a8:ca:81,,Uncategorized;10,2026-09-26 12:51:50,,7936,-91,26.18872946845979,91.70186531797123,2.6763916015625,10.170039176940918,,1839,BLE
12:5e:04:12:d3:61,,Misc,2026-09-26 12:51:50,,,-105,26.18872946845979,91.70186531797123,2.6763916015625,10.170039176940918,,,BLE
69:58:6b:2b:0f:3c,,Uncategorized;10,2026-09-26 12:51:52,,7936,-93,26.18875424286074,91.70185434976266,3.339141845703125,10.16125202178955,,76,BLE
12:83:c8:21:95:bd,AirBass Earbuds,Uncategorized;10,2026-09-26 12:51:53,,7936,-102,26.1887565668173,91.70185773407822,2.0623779296875,10.132689476013184,,,BLE
72:dd:6a:01:ab:c6,,Uncategorized;10,2026-09-26 12:51:53,,7936,-60,26.1887565668173,91.70185773407822,2.0623779296875,10.132689476013184,,76,BLE
4e:73:67:4f:5a:a9,Redmi 10,[WPA2-PSK-CCMP][RSN-PSK-CCMP][ESS],2026-09-26 12:51:55,1,2412,-82,26.188781839311282,91.70184971454664,0.46453857421875,10.098913192749023,,,WIFI
28:87:ba:9f:d1:7d,TP-Link_D17D,[WPA2-PSK-CCMP][RSN-PSK-CCMP][ESS][WPS],2026-09-26 12:51:55,9,2452,-73,26.188781839311282,91.70184971454664,0.46453857421875,10.098913192749023,,,WIFI
04:d5:90:66:c0:28,eduroam,[WPA2-EAP/SHA1-CCMP][RSN-EAP/SHA1-CCMP][ESS],2026-09-26 12:51:55,140,5700,-84,26.188781839311282,91.70184971454664,0.46453857421875,10.098913192749023,,,WIFI
04:d5:90:66:c0:29,IITG_CONNECT,[WPA2-EAP/SHA1-CCMP][RSN-EAP/SHA1-CCMP][ESS],2026-09-26 12:51:55,140,5700,-85,26.188781839311282,91.70184971454664,0.46453857421875,10.098913192749023,,,WIFI
04:d5:90:66:c0:20,eduroam,[WPA2-EAP/SHA1-CCMP][RSN-EAP/SHA1-CCMP][ESS],2026-09-26 12:51:55,6,2437,-65,26.188781839311282,91.70184971454664,0.46453857421875,10.098913192749023,,,WIFI
04:d5:90:66:c0:21,IITG_CONNECT,[WPA2-EAP/SHA1-CCMP][RSN-EAP/SHA1-CCMP][ESS],2026-09-26 12:51:55,6,2437,-64,26.188781839311282,91.70184971454664,0.46453857421875,10.098913192749023,,,WIFI
37:8e:82:96:ad:6b,,Uncategorized;10,2026-09-26 12:51:55,,7936,-100,26.188781839311282,91.70184971454664,0.46453857421875,10.098913192749023,,,BLE
56:02:cb:d6:ed:00,,Uncategorized;10,2026-09-26 12:51:55,,7936,-103,26.188781839311282,91.70184971454664,0.46453857421875,10.098913192749023,,,BLE
e8:f8:f1:c4:f1:aa,,Misc,2026-09-26 12:51:55,,,-59,26.188781839311282,91.70184971454664,0.46453857421875,10.098913192749023,,76,BLE
56:02:cb:d6:ed:00,,Uncategorized;10,2026-09-26 12:51:55,,7936,-103,26.188781839311282,91.70184971454664,0.46453857421875,10.098913192749023,,76,BLE
09:a5:c8:38:0f:a2,,Misc,2026-09-26 12:51:55,,,-82,26.188781839311282,91.70184971454664,0.46453857421875,10.098913192749023,,6,BLE
73:9e:9c:a6:0c:a8,,Misc,2026-09-26 12:51:55,,,-106,26.188781839311282,91.70184971454664,0.46453857421875,10.098913192749023,,76,BLE
31:ab:73:10:64:bc,,Misc,2026-09-26 12:51:55,,,-105,26.188781839311282,91.70184971454664,0.46453857421875,10.098913192749023,,6,BLE
69:fc:e7:99:b6:5c,OnePlus Nord Buds 3,Misc,2026-09-26 12:51:55,,7936,-104,26.188781839311282,91.70184971454664,0.46453857421875,10.098913192749023,,,BLE
12:83:c8:21:95:bd,AirBass Earbuds,Uncategorized;10,2026-09-26 12:51:55,,7936,-99,26.188781839311282,91.70184971454664,0.46453857421875,10.098913192749023,,1494,BLE
4c:36:c5:1c:62:1a,,Misc,2026-09-26 12:51:55,,7936,-92,26.188781839311282,91.70184971454664,0.46453857421875,10.098913192749023,,76,BLE
73:ad:33:c1:57:ec,,Uncategorized;10,2026-09-26 12:51:56,,7936,-92,26.188793430689312,91.70184690673817,0.095550537109375,10.09910774230957,,76,BLE
10:be:f5:95:32:17,Bharath,[WPA-PSK-TKIP+CCMP][WPA2-PSK-TKIP+CCMP][RSN-PSK-TKIP+CCMP][ESS][WPS],2026-09-26 12:51:57,48,5240,-82,26.188803822454922,91.70183970496565,0.32891845703125,10.010355949401855,,,WIFI
62:a4:b7:f2:49:b2,FREE_WIFI_5G,[WPA2-PSK-CCMP][RSN-PSK+SAE-CCMP][ESS][MFPC],2026-09-26 12:51:57,157,5785,-80,26.188803822454922,91.70183970496565,0.32891845703125,10.010355949401855,,,WIFI
48:d5:5f:27:79:23,,Uncategorized;10,2026-09-26 12:51:59,,7936,-103,26.188826178928746,91.7018326065244,-1.512725830078125,9.935046195983887,,,BLE
6c:4c:bc:ae:41:b6,sirfapsalot,[WPA2-PSK-CCMP][RSN-PSK-CCMP][ESS][WPS],2026-09-26 12:52:00,10,2457,-83,26.188843935927725,91.70182259664772,-1.128021240234375,9.935046195983887,,,WIFI
52:ec:e9:f7:41:a2,y5,[WPA2-PSK-CCMP][RSN-PSK+SAE-CCMP][ESS],2026-09-26 12:52:00,149,5745,-88,26.188843935927725,91.70182259664772,-1.128021240234375,9.935046195983887,,,WIFI
a4:2a:95:e3:37:e3,TexasLeLiyaBC,[WPA2-PSK-CCMP][RSN-PSK-CCMP][ESS][WPS],2026-09-26 12:52:00,11,2462,-78,26.188843935927725,91.70182259664772,-1.128021240234375,9.935046195983887,,,WIFI
24:2f:d0:f5:94:76,TP-Link_9476,[WPA2-PSK-CCMP][RSN-PSK-CCMP][ESS][WPS],2026-09-26 12:52:00,9,2452,-78,26.188843935927725,91.70182259664772,-1.128021240234375,9.935046195983887,,,WIFI
2d:80:fe:71:3a:4c,,Misc,2026-09-26 12:52:00,,,-104,26.188843935927725,91.70182259664772,-1.128021240234375,9.935046195983887,,,BLE
16:48:82:58:6a:43,,Misc,2026-09-26 12:52:00,,,-104,26.188843935927725,91.70182259664772,-1.128021240234375,9.935046195983887,,6,BLE
4d:54:e2:ce:0e:a7,,Misc,2026-09-26 12:52:00,,,-100,26.188843935927725,91.70182259664772,-1.128021240234375,9.935046195983887,,11253,BLE
48:8a:de:0e:d3:1c,,Misc,2026-09-26 12:52:00,,,-106,26.188843935927725,91.70182259664772,-1.128021240234375,9.935046195983887,,6,BLE
55:96:9c:d7:5c:c5,,Misc,2026-09-26 12:52:00,,,-97,26.188843935927725,91.70182259664772,-1.128021240234375,9.935046195983887,,,BLE
10:dc:e7:d0:93:8d,,Misc,2026-09-26 12:52:00,,,-100,26.188843935927725,91.70182259664772,-1.128021240234375,9.935046195983887,,6,BLE
2a:0c:2d:ee:5f:3e,,Misc,2026-09-26 12:52:00,,,-103,26.188843935927725,91.70182259664772,-1.128021240234375,9.935046195983887,,6,BLE
f8:e5:cb:44:c0:2e,,Misc,2026-09-26 12:52:00,,,-102,26.188843935927725,91.70182259664772,-1.128021240234375,9.935046195983887,,76,BLE
26:74:ed:3d:b7:f4,,Misc,2026-09-26 12:52:00,,7936,-104,26.188843935927725,91.70182259664772,-1.128021240234375,9.935046195983887,,,BLE
73:74:f6:38:63:43,,Misc,2026-09-26 12:52:00,,,-103,26.188843935927725,91.70182259664772,-1.128021240234375,9.935046195983887,,,BLE
3a:7a:31:24:cf:88,,Misc,2026-09-26 12:52:00,,,-104,26.188843935927725,91.70182259664772,-1.128021240234375,9.935046195983887,,6,BLE
29:b7:be:b3:71:f3,,Misc,2026-09-26 12:52:00,,,-101,26.188843935927725,91.70182259664772,-1.128021240234375,9.935046195983887,,6,BLE
69:58:6b:2b:0f:3c,,Uncategorized;10,2026-09-26 12:52:01,,7936,-86,26.18885143459346,91.70182790164164,-0.880401611328125,9.935046195983887,,76,BLE
37:8e:82:96:ad:6b,,Uncategorized;10,2026-09-26 12:52:04,,7936,-87,26.188875079128913,91.70178450247599,1.32708740234375,9.935046195983887,,,BLE
4c:36:c5:1c:62:1a,,Misc,2026-09-26 12:52:05,,7936,-84,26.18887835138742,91.7017893893982,1.66748046875,9.935046195983887,,76,BLE
d0:5a:fd:ad:73:e2,realme narzo 20,Smartphone;10,2026-09-26 12:52:05,,524,0,26.18887835138742,91.7017893893982,1.66748046875,9.935046195983887,,,BT
1f:b9:0e:74:61:17,,Misc,2026-09-26 12:52:05,,,-102,26.18887835138742,91.7017893893982,1.66748046875,9.935046195983887,,6,BLE
67:bf:ec:8e:e7:75,,Uncategorized;10,2026-09-26 12:52:08,,7936,-87,26.18887595399973,91.70175859687228,1.695281982421875,9.935046195983887,,1839,BLE
52:e5:c2:95:81:0f,,Uncategorized;10,2026-09-26 12:52:08,,7936,-96,26.18887595399973,91.70175859687228,1.695281982421875,9.935046195983887,,,BLE
56:75:71:2a:4c:e4,,Misc,2026-09-26 12:52:08,,7936,-96,26.18887595399973,91.70175859687228,1.695281982421875,9.935046195983887,,76,BLE
79:bb:2b:31:04:24,,Uncategorized;10,2026-09-26 12:52:08,,7936,-97,26.18887595399973,91.70175859687228,1.695281982421875,9.935046195983887,,,BLE
6c:4c:bc:ae:20:46,TP-Link_2046,[WPA2-PSK-CCMP][RSN-PSK-CCMP][ESS][WPS],2026-09-26 12:52:09,4,2427,-76,26.188874422933704,91.70174771443065,2.180877685546875,10.054352760314941,,,WIFI
88:76:b9:f4:77:31,DIR-615-7730,[WPA2-PSK-CCMP][RSN-PSK-CCMP][ESS],2026-09-26 12:52:09,1,2412,-82,26.188874422933704,91.70174771443065,2.180877685546875,10.054352760314941,,,WIFI
a8:63:7d:dc:ad:79,dlink-AD78,[WPA-PSK-TKIP+CCMP][WPA2-PSK-TKIP+CCMP][RSN-PSK-TKIP+CCMP][ESS][WPS],2026-09-26 12:52:09,11,2462,-71,26.188874422933704,91.70174771443065,2.180877685546875,10.054352760314941,,,WIFI
4d:b8:ca:7a:2a:56,,Misc,2026-09-26 12:52:09,,7936,-93,26.188874422933704,91.70174771443065,2.180877685546875,10.054352760314941,,76,BLE
1f:b9:0e:74:61:17,,Misc,2026-09-26 12:52:11,,,-97,26.188870486356837,91.7017271111971,2.736297607421875,10.18697738647461,,6,BLE
ca:7b:59:f8:e2:5e,,Misc,2026-09-26 12:52:11,,,-97,26.188870486356837,91.7017271111971,2.736297607421875,10.18697738647461,,76,BLE
ca:29:a2:5d:d5:50,,Misc,2026-09-26 12:52:11,,,-80,26.188870486356837,91.7017271111971,2.736297607421875,10.18697738647461,,76,BLE
58:52:06:82:6b:a5,,Misc,2026-09-26 12:52:11,,,-104,26.188870486356837,91.7017271111971,2.736297607421875,10.18697738647461,,,BLE
79:bb:2b:31:04:24,,Uncategorized;10,2026-09-26 12:52:11,,7936,-102,26.188870486356837,91.7017271111971,2.736297607421875,10.18697738647461,,76,BLE
c9:7b:5a:49:76:19,,Misc,2026-09-26 12:52:11,,,-83,26.188870486356837,91.7017271111971,2.736297607421875,10.18697738647461,,76,BLE
2b:16:b9:56:24:2c,,Misc,2026-09-26 12:52:11,,,-99,26.188870486356837,91.7017271111971,2.736297607421875,10.18697738647461,,,BLE
52:e5:c2:95:81:0f,,Uncategorized;10,2026-09-26 12:52:11,,7936,-96,26.188870486356837,91.7017271111971,2.736297607421875,10.18697738647461,,76,BLE
79:27:6b:02:ae:ad,,Uncategorized;10,2026-09-26 12:52:13,,7936,-94,26.188865072687694,91.70170977005833,5.2816162109375,10.32174301147461,,,BLE
3c:6a:d2:4f:18:06,A05,[WPA2-PSK-CCMP][RSN-PSK-CCMP][ESS][WPS],2026-09-26 12:52:15,2,2417,-44,26.188857345638404,91.70168511683815,6.182769775390625,10.406042098999023,,,WIFI
6c:4c:bc:ae:20:46,TP-Link_2046,[WPA2-PSK-CCMP][RSN-PSK-CCMP][ESS][WPS],2026-09-26 12:52:15,4,2427,-71,26.188857345638404,91.70168511683815,6.182769775390625,10.406042098999023,,,WIFI
20:e1:5d:c2:6d:d4,A06 Goats but Faster,[WPA2-PSK-CCMP][RSN-PSK-CCMP][ESS][WPS],2026-09-26 12:52:15,153,5765,-56,26.188857345638404,91.70168511683815,6.182769775390625,10.406042098999023,,,WIFI
79:27:6b:02:ae:ad,,Uncategorized;10,2026-09-26 12:52:16,,7936,-95,26.188855693200864,91.70167469943155,6.529998779296875,10.467626571655273,,76,BLE
f9:70:bb:51:86:20,,Misc,2026-09-26 12:52:16,,,-103,26.188855693200864,91.70167469943155,6.529998779296875,10.467626571655273,,76,BLE
09:a5:c8:38:0f:a2,,Misc,2026-09-26 12:52:16,,,-77,26.188855693200864,91.70167469943155,6.529998779296875,10.467626571655273,,6,BLE
26:74:ed:3d:b7:f4,,Misc,2026-09-26 12:52:20,,7936,-95,26.188849323203552,91.70163615840706,4.667572021484375,10.494704246520996,,,BLE
26:74:ed:3d:b7:f4,,Misc,2026-09-26 12:52:21,,7936,-90,26.188845759569425,91.70162625861072,3.68328857421875,10.483556747436523,,,BLE
6e:6b:85:60:57:55,,Uncategorized;10,2026-09-26 12:52:22,,7936,-90,26.188837742521997,91.70160960707676,3.625274658203125,10.479496955871582,,,BLE
a8:63:7d:dc:ad:7a,dlink-AD78-5GHz,[WPA-PSK-TKIP+CCMP][WPA2-PSK-TKIP+CCMP][RSN-PSK-TKIP+CCMP][ESS][WPS],2026-09-26 12:52:22,44,5220,-79,26.188837742521997,91.70160960707676,3.625274658203125,10.479496955871582,,,WIFI
64:29:43:99:fc:c6,R03-FCC5,[WPA2-PSK-CCMP][RSN-PSK-CCMP][ESS],2026-09-26 12:52:22,8,2447,-75,26.188837742521997,91.70160960707676,3.625274658203125,10.479496955871582,,,WIFI
40:3f:8c:99:1d:ad,Curry,[WPA2-PSK-CCMP][RSN-PSK-CCMP][ESS][WPS],2026-09-26 12:52:22,3,2422,-78,26.188837742521997,91.70160960707676,3.625274658203125,10.479496955871582,,,WIFI
64:29:43:99:ee:85,Nirupam,[WPA2-PSK-CCMP][RSN-PSK-CCMP][ESS],2026-09-26 12:52:22,11,2462,-83,26.188837742521997,91.70160960707676,3.625274658203125,10.479496955871582,,,WIFI
40:86:cb:30:5e:1c,DIR-825-5G-5E1B,[WPA2-PSK-CCMP][RSN-PSK-CCMP][ESS][WPS],2026-09-26 12:52:22,36,5180,-81,26.188837742521997,91.70160960707676,3.625274658203125,10.479496955871582,,,WIFI
5b:a3:14:7a:b3:4b,,Uncategorized;10,2026-09-26 12:52:25,,7936,-99,26.188831644071886,91.70159394733551,3.328948974609375,10.454306602478027,,,BLE
3c:b0:ed:46:84:98,CMF Watch Pro 2-8498,Uncategorized,2026-09-26 12:52:26,,7936,-96,26.18882709594812,91.70158474244704,3.423828125,10.569441795349121,,,BLE
6e:6b:85:60:57:55,,Uncategorized;10,2026-09-26 12:52:26,,7936,-90,26.18882709594812,91.70158474244704,3.423828125,10.569441795349121,,1946,BLE
e4:98:33:ed:07:80,,Misc,2026-09-26 12:52:26,,,-96,26.18882709594812,91.70158474244704,3.423828125,10.569441795349121,,76,BLE
39:c3:30:53:d7:6d,,Misc,2026-09-26 12:52:26,,,-90,26.18882709594812,91.70158474244704,3.423828125,10.569441795349121,,,BLE
06:92:5f:84:5e:d7,,Misc,2026-09-26 12:52:26,,,-106,26.18882709594812,91.70158474244704,3.423828125,10.569441795349121,,,BLE
24:ae:83:f4:aa:2e,,Misc,2026-09-26 12:52:26,,,-100,26.18882709594812,91.70158474244704,3.423828125,10.569441795349121,,6,BLE
06:97:0a:04:b0:3f,,Misc,2026-09-26 12:52:26,,,-104,26.18882709594812,91.70158474244704,3.423828125,10.569441795349121,,6,BLE
e5:33:8f:ba:20:7b,,Misc,2026-09-26 12:52:26,,,-95,26.18882709594812,91.70158474244704,3.423828125,10.569441795349121,,76,BLE
10:10:cb:33:a6:b0,,Misc,2026-09-26 12:52:26,,,-104,26.18882709594812,91.70158474244704,3.423828125,10.569441795349121,,6,BLE
f4:4e:7b:14:2e:db,FT_38100_2EDB,Uncategorized;10,2026-09-26 12:52:27,,7936,-91,26.1888223949424,91.70157571893128,3.14398193359375,10.519706726074219,,,BLE
40:c0:b8:1c:04:c6,,Uncategorized;10,2026-09-26 12:52:27,,7936,-95,26.1888223949424,91.70157571893128,3.14398193359375,10.519706726074219,,,BLE
75:cb:bc:2d:39:b1,,Uncategorized;10,2026-09-26 12:52:29,,7936,-90,26.188815924209916,91.70156083737477,4.94976806640625,10.462042808532715,,,BLE
7c:a9:6b:d3:e0:25,FTTH,[WPA-PSK-TKIP][WPA2-PSK+FT/PSK-CCMP][RSN-PSK+FT/PSK-CCMP][ESS],2026-09-26 12:52:29,7,2442,-73,26.188815924209916,91.70156083737477,4.94976806640625,10.462042808532715,,,WIFI
04:ba:d6:4a:3a:da,R04-3ADA,[WPA2-PSK-CCMP][RSN-PSK-CCMP][ESS],2026-09-26 12:52:29,13,2472,-90,26.188815924209916,91.70156083737477,4.94976806640625,10.462042808532715,,,WIFI
24:2f:d0:c2:04:c2,Adolf Gandhi,[WPA2-PSK-TKIP+CCMP][RSN-PSK-TKIP+CCMP][ESS][WPS],2026-09-26 12:52:29,10,2457,-79,26.188815924209916,91.70156083737477,4.94976806640625,10.462042808532715,,,WIFI
a4:2a:95:29:5d:e5,R04-5DE4,[WPA2-PSK-CCMP][RSN-PSK-CCMP][ESS],2026-09-26 12:52:29,8,2447,-73,26.188815924209916,91.70156083737477,4.94976806640625,10.462042808532715,,,WIFI
e4:fa:c4:0c:9e:18,TP-Link_9E18,[WPA2-PSK-CCMP][RSN-PSK-CCMP][ESS][WPS],2026-09-26 12:52:29,2,2417,-85,26.188815924209916,91.70156083737477,4.94976806640625,10.462042808532715,,,WIFI
62:a4:b7:f2:49:b2,FREE_WIFI_5G,[WPA2-PSK-CCMP][RSN-PSK+SAE-CCMP][ESS][MFPC],2026-09-26 12:52:29,157,5785,-67,26.188815924209916,91.70156083737477,4.94976806640625,10.462042808532715,,,WIFI
88:76:b9:f4:77:31,DIR-615-7730,[WPA2-PSK-CCMP][RSN-PSK-CCMP][ESS],2026-09-26 12:52:29,1,2412,-49,26.188815924209916,91.70156083737477,4.94976806640625,10.462042808532715,,,WIFI
64:29:43:99:ee:85,Nirupam,[WPA2-PSK-CCMP][RSN-PSK-CCMP][ESS],2026-09-26 12:52:29,11,2462,-71,26.188815924209916,91.70156083737477,4.94976806640625,10.462042808532715,,,WIFI
39:c3:30:53:d7:6d,,Misc,2026-09-26 12:52:31,,,-82,26.18880684153456,91.70154151714713,6.497711181640625,10.564279556274414,,,BLE
11:4c:45:f1:6c:62,,Misc,2026-09-26 12:52:31,,,-104,26.18880684153456,91.70154151714713,6.497711181640625,10.564279556274414,,,BLE
b8:b4:09:d1:80:f7,,Misc,2026-09-26 12:52:31,,,-104,26.18880684153456,91.70154151714713,6.497711181640625,10.564279556274414,,117,BLE
2d:36:fd:b3:0a:e2,,Misc,2026-09-26 12:52:31,,,-96,26.18880684153456,91.70154151714713,6.497711181640625,10.564279556274414,,6,BLE
75:cb:bc:2d:39:b1,,Uncategorized;10,2026-09-26 12:52:31,,7936,-90,26.18880684153456,91.70154151714713,6.497711181640625,10.564279556274414,,76,BLE
10:10:cb:33:a6:b0,,Misc,2026-09-26 12:52:31,,,-85,26.18880684153456,91.70154151714713,6.497711181640625,10.564279556274414,,6,BLE
27:0c:56:c5:ce:50,,Misc,2026-09-26 12:52:31,,,-103,26.18880684153456,91.70154151714713,6.497711181640625,10.564279556274414,,,BLE
f6:a4:68:a0:06:f3,,Misc,2026-09-26 12:52:31,,,-98,26.18880684153456,91.70154151714713,6.497711181640625,10.564279556274414,,76,BLE
60:ac:ff:82:87:48,,Uncategorized;10,2026-09-26 12:52:31,,7936,-88,26.18880684153456,91.70154151714713,6.497711181640625,10.564279556274414,,76,BLE
05:66:6e:2a:70:4d,,Misc,2026-09-26 12:52:31,,,-97,26.18880684153456,91.70154151714713,6.497711181640625,10.564279556274414,,6,BLE
d3:1b:88:db:98:f9,,Misc,2026-09-26 12:52:31,,,-93,26.18880684153456,91.70154151714713,6.497711181640625,10.564279556274414,,76,BLE
40:c0:b8:1c:04:c6,,Uncategorized;10,2026-09-26 12:52:31,,7936,-98,26.18880684153456,91.70154151714713,6.497711181640625,10.564279556274414,,76,BLE
3c:b0:ed:46:84:98,CMF Watch Pro 2-8498,Uncategorized,2026-09-26 12:52:31,,7936,-80,26.18880684153456,91.70154151714713,6.497711181640625,10.564279556274414,,,BLE
47:21:fd:35:49:17,,Uncategorized;10,2026-09-26 12:52:31,,7936,-101,26.18880684153456,91.70154151714713,6.497711181640625,10.564279556274414,,,BLE
6a:20:de:ab:e3:e7,,Uncategorized;10,2026-09-26 12:52:32,,7936,-82,26.188800533723146,91.7015320101152,7.4561767578125,10.45635986328125,,,BLE
04:ba:d6:4a:3a:da,R04-3ADA,[WPA2-PSK-CCMP][RSN-PSK-CCMP][ESS],2026-09-26 12:52:33,13,2472,-77,26.188794835520554,91.70152193110968,7.5062255859375,10.39362907409668,,,WIFI
40:c0:b8:1c:04:c6,,Uncategorized;10,2026-09-26 12:52:36,,7936,-81,26.188780462796274,91.70149065180905,2.742706298828125,10.358159065246582,,76,BLE
1f:b9:0e:74:61:17,,Misc,2026-09-26 12:52:36,,,-92,26.188780462796274,91.70149065180905,2.742706298828125,10.358159065246582,,6,BLE
11:4c:45:f1:6c:62,,Misc,2026-09-26 12:52:36,,,-98,26.188780462796274,91.70149065180905,2.742706298828125,10.358159065246582,,,BLE
7d:b2:e8:8f:dc:4e,LE-Bose Micro SoundLink,Misc,2026-09-26 12:52:36,,7936,-104,26.188780462796274,91.70149065180905,2.742706298828125,10.358159065246582,,,BLE
47:21:fd:35:49:17,,Uncategorized;10,2026-09-26 12:52:36,,7936,-96,26.188780462796274,91.70149065180905,2.742706298828125,10.358159065246582,,,BLE
5b:a3:14:7a:b3:4b,,Uncategorized;10,2026-09-26 12:52:37,,7936,-91,26.188775209710304,91.70147883950035,1.21673583984375,10.392308235168457,,,BLE
24:ae:83:f4:aa:2e,,Misc,2026-09-26 12:52:41,,,-92,26.188765744941048,91.70143511322452,-2.202117919921875,10.197404861450195,,6,BLE
1f:b9:0e:74:61:17,,Misc,2026-09-26 12:52:41,,,-69,26.188765744941048,91.70143511322452,-2.202117919921875,10.197404861450195,,6,BLE
7e:9b:1c:c7:7d:84,,Misc,2026-09-26 12:52:41,,,-100,26.188765744941048,91.70143511322452,-2.202117919921875,10.197404861450195,,,BLE
11:e1:aa:63:fa:3e,,Misc,2026-09-26 12:52:41,,,-104,26.188765744941048,91.70143511322452,-2.202117919921875,10.197404861450195,,,BLE
7c:a9:6b:d3:e0:21,FTTH-5G,[WPA-PSK-TKIP][WPA2-PSK+FT/PSK-CCMP][RSN-PSK+FT/PSK-CCMP][ESS][WPS],2026-09-26 12:52:41,157,5785,-87,26.188765744941048,91.70143511322452,-2.202117919921875,10.197404861450195,,,WIFI
d2:c2:e8:d2:fb:85,HP,[WPA2-PSK-CCMP][RSN-PSK-CCMP][ESS][WPS],2026-09-26 12:52:41,36,5180,-88,26.188765744941048,91.70143511322452,-2.202117919921875,10.197404861450195,,,WIFI
f4:4e:7b:14:2e:db,FT_38100_2EDB,Uncategorized;10,2026-09-26 12:52:41,,7936,-85,26.188765744941048,91.70143511322452,-2.202117919921875,10.197404861450195,,,BLE
7d:b2:e8:8f:dc:4e,LE-Bose Micro SoundLink,Misc,2026-09-26 12:52:41,,7936,-95,26.188765744941048,91.70143511322452,-2.202117919921875,10.197404861450195,,,BLE
23:be:5f:c5:6e:c4,,Uncategorized;10,2026-09-26 12:52:44,,7936,-99,26.188739370784937,91.70142776142316,2.164276123046875,9.935046195983887,,,BLE
40:ed:00:2d:14:6c,Use Your Own,[WPA2-PSK-CCMP][RSN-PSK-CCMP][ESS][WPS],2026-09-26 12:52:45,3,2422,-78,26.18873064912465,91.7014342436662,2.795623779296875,9.935046195983887,,,WIFI
15:85:3b:fa:e1:0f,,Misc,2026-09-26 12:52:46,,,-103,26.1887379769321,91.70144472272362,3.384368896484375,9.935046195983887,,,BLE
71:06:5e:5b:3b:df,AYUSH,Misc,2026-09-26 12:52:46,,7936,-94,26.1887379769321,91.70144472272362,3.384368896484375,9.935046195983887,,,BLE
40:01:b0:3d:31:1d,,Misc,2026-09-26 12:52:46,,,-100,26.1887379769321,91.70144472272362,3.384368896484375,9.935046195983887,,,BLE
10:10:cb:33:a6:b0,,Misc,2026-09-26 12:52:46,,,-78,26.1887379769321,91.70144472272362,3.384368896484375,9.935046195983887,,6,BLE
47:21:fd:35:49:17,,Uncategorized;10,2026-09-26 12:52:46,,7936,-91,26.1887379769321,91.70144472272362,3.384368896484375,9.935046195983887,,,BLE
b8:b4:09:d1:80:f7,,Misc,2026-09-26 12:52:51,,,-99,26.18874977864682,91.70149704953282,2.895782470703125,10.049924850463867,,117,BLE
f4:4e:7b:14:2e:db,FT_38100_2EDB,Uncategorized;10,2026-09-26 12:52:51,,7936,-80,26.18874977864682,91.70149704953282,2.895782470703125,10.049924850463867,,,BLE
60:a4:b7:f2:49:b2,,[WPA2-PSK-CCMP][RSN-PSK+SAE-CCMP][ESS][MFPC],2026-09-26 12:52:55,157,5785,-61,26.18876430776462,91.70154400259672,3.269744873046875,10.195006370544434,,,WIFI
60:a4:b7:f2:49:b0,,[WPA2-PSK-CCMP][RSN-PSK+SAE-CCMP][ESS][MFPC],2026-09-26 12:52:55,10,2457,-54,26.18876430776462,91.70154400259672,3.269744873046875,10.195006370544434,,,WIFI
62:a4:b7:f2:49:b2,FREE_WIFI_5G,[WPA2-PSK-CCMP][RSN-PSK+SAE-CCMP][ESS][MFPC],2026-09-26 12:52:55,157,5785,-62,26.18876430776462,91.70154400259672,3.269744873046875,10.195006370544434,,,WIFI
62:a4:b7:f2:49:b0,FREE_WIFI,[WPA2-PSK-CCMP][RSN-PSK+SAE-CCMP][ESS][MFPC],2026-09-26 12:52:55,10,2457,-56,26.18876430776462,91.70154400259672,3.269744873046875,10.195006370544434,,,WIFI
06:92:5f:84:5e:d7,,Misc,2026-09-26 12:52:56,,,-101,26.18876798719556,91.70155606588118,3.9024658203125,10.16244125366211,,,BLE
06:97:0a:04:b0:3f,,Misc,2026-09-26 12:52:56,,,-97,26.18876798719556,91.70155606588118,3.9024658203125,10.16244125366211,,6,BLE
e5:33:8f:ba:20:7b,,Misc,2026-09-26 12:52:56,,,-90,26.18876798719556,91.70155606588118,3.9024658203125,10.16244125366211,,76,BLE
39:c3:30:53:d7:6d,,Misc,2026-09-26 12:52:56,,,-77,26.18876798719556,91.70155606588118,3.9024658203125,10.16244125366211,,,BLE
08:30:9e:3e:71:2b,,Misc,2026-09-26 12:52:56,,,-98,26.18876798719556,91.70155606588118,3.9024658203125,10.16244125366211,,6,BLE
48:25:37:60:4b:2b,,Uncategorized;10,2026-09-26 12:52:58,,7936,-77,26.188770058450185,91.70157441000723,4.690277099609375,10.105066299438477,,,BLE
1e:7c:77:b7:8b:93,,Uncategorized;10,2026-09-26 12:53:00,,7936,-96,26.188774681065635,91.70159703211768,5.147918701171875,10.031694412231445,,,BLE
41:74:a5:6e:81:1e,LE-Jashanpreet's Headphones,Uncategorized,2026-09-26 12:53:01,,7936,-100,26.188773972862492,91.70160452673561,6.167266845703125,10.003841400146484,,,BLE
68:c2:9b:f7:9f:30,,Misc,2026-09-26 12:53:01,,,-102,26.188773972862492,91.70160452673561,6.167266845703125,10.003841400146484,,,BLE
09:28:8d:a5:5c:a2,,Misc,2026-09-26 12:53:01,,,-103,26.188773972862492,91.70160452673561,6.167266845703125,10.003841400146484,,,BLE
6e:b7:72:99:73:95,,Uncategorized;10,2026-09-26 12:53:01,,7936,-88,26.188773972862492,91.70160452673561,6.167266845703125,10.003841400146484,,,BLE
49:96:f4:f6:82:e5,,Uncategorized;10,2026-09-26 12:53:02,,7936,-94,26.18877169229302,91.70161451310103,6.07586669921875,9.978034019470215,,,BLE
f4:d2:80:df:b3:7b,,Misc,2026-09-26 12:53:06,,,-95,26.188744235715742,91.70163594217658,6.73809814453125,9.935046195983887,,76,BLE
51:34:e6:7d:b5:5e,,Uncategorized;10,2026-09-26 12:53:06,,7936,-84,26.188744235715742,91.70163594217658,6.73809814453125,9.935046195983887,,76,BLE
28:f2:6d:bb:e9:94,,Misc,2026-09-26 12:53:06,,,-99,26.188744235715742,91.70163594217658,6.73809814453125,9.935046195983887,,,BLE
6e:b7:72:99:73:95,,Uncategorized;10,2026-09-26 12:53:06,,7936,-89,26.188744235715742,91.70163594217658,6.73809814453125,9.935046195983887,,76,BLE
1e:7c:77:b7:8b:93,,Uncategorized;10,2026-09-26 12:53:07,,7936,-91,26.188739039960716,91.70163737201013,6.246673583984375,9.935046195983887,,,BLE
60:ba:28:68:a4:43,,Uncategorized;10,2026-09-26 12:53:07,,7936,-102,26.188739039960716,91.70163737201013,6.246673583984375,9.935046195983887,,,BLE
52:e5:c2:95:81:0f,,Uncategorized;10,2026-09-26 12:53:08,,7936,-87,26.188729839338183,91.70164009853757,6.16461181640625,9.935046195983887,,76,BLE
6e:b7:72:99:73:95,,Uncategorized;10,2026-09-26 12:53:08,,7936,-82,26.188729839338183,91.70164009853757,6.16461181640625,9.935046195983887,,76,BLE
79:27:6b:02:ae:ad,,Uncategorized;10,2026-09-26 12:53:09,,7936,-85,26.188720197266406,91.70164108872056,7.202056884765625,9.935046195983887,,76,BLE
79:44:71:23:da:ca,,Uncategorized;10,2026-09-26 12:53:09,,7936,-90,26.188720197266406,91.70164108872056,7.202056884765625,9.935046195983887,,76,BLE
4d:04:62:93:6e:05,,Uncategorized;10,2026-09-26 12:53:09,,7936,-86,26.188720197266406,91.70164108872056,7.202056884765625,9.935046195983887,,,BLE
64:6c:62:4e:03:49,,Uncategorized;10,2026-09-26 12:53:09,,7936,-101,26.188720197266406,91.70164108872056,7.202056884765625,9.935046195983887,,,BLE
29:b7:be:b3:71:f3,,Misc,2026-09-26 12:53:11,,,-96,26.188703317341194,91.70164333432253,5.91424560546875,9.935046195983887,,6,BLE
41:74:a5:6e:81:1e,LE-Jashanpreet's Headphones,Uncategorized,2026-09-26 12:53:11,,7936,-89,26.188703317341194,91.70164333432253,5.91424560546875,9.935046195983887,,,BLE
60:ba:28:68:a4:43,,Uncategorized;10,2026-09-26 12:53:11,,7936,-101,26.188703317341194,91.70164333432253,5.91424560546875,9.935046195983887,,76,BLE
79:bb:2b:31:04:24,,Uncategorized;10,2026-09-26 12:53:13,,7936,-79,26.188681930881415,91.70164840963972,6.773834228515625,9.935046195983887,,76,BLE
51:34:e6:7d:b5:5e,,Uncategorized;10,2026-09-26 12:53:13,,7936,-73,26.188681930881415,91.70164840963972,6.773834228515625,9.935046195983887,,76,BLE
12:ce:51:16:4d:b0,LAPTOP-TB53LAUP 8098,[WPA2-PSK-CCMP][RSN-PSK-CCMP][ESS][WPS],2026-09-26 12:53:14,161,5805,-86,26.188679345043525,91.70164707095813,6.815185546875,9.935046195983887,,,WIFI
72:5f:33:fd:ea:8c,srikar,[WPA2-PSK-CCMP][RSN-PSK-CCMP][ESS],2026-09-26 12:53:14,11,2462,-65,26.188679345043525,91.70164707095813,6.815185546875,9.935046195983887,,,WIFI
3c:1e:04:24:b2:26,Rohan,[WPA-PSK-CCMP][WPA2-PSK-CCMP][RSN-PSK-CCMP][ESS],2026-09-26 12:53:14,1,2412,-63,26.188679345043525,91.70164707095813,6.815185546875,9.935046195983887,,,WIFI
98:ba:5f:0b:ca:03,TP-Link_CA01,[WPA2-PSK-CCMP][RSN-PSK+SAE-CCMP][ESS][WPS][MFPC],2026-09-26 12:53:14,157,5785,-88,26.188679345043525,91.70164707095813,6.815185546875,9.935046195983887,,,WIFI
f9:70:bb:51:86:20,,Misc,2026-09-26 12:53:16,,,-81,26.188660968633116,91.70164996099668,6.6981201171875,9.935046195983887,,76,BLE
09:89:82:36:7b:13,,Misc,2026-09-26 12:53:16,,7936,-103,26.188660968633116,91.70164996099668,6.6981201171875,9.935046195983887,,,BLE
38:0d:f2:a3:bd:b7,,Misc,2026-09-26 12:53:16,,,-105,26.188660968633116,91.70164996099668,6.6981201171875,9.935046195983887,,,BLE
31:ab:73:10:64:bc,,Misc,2026-09-26 12:53:16,,,-100,26.188660968633116,91.70164996099668,6.6981201171875,9.935046195983887,,6,BLE
72:5f:33:fd:ea:8c,srikar,[WPA2-PSK-CCMP][RSN-PSK-CCMP][ESS],2026-09-26 12:53:17,11,2462,-58,26.188647311552742,91.70165149911196,7.57293701171875,9.935046195983887,,,WIFI
4e:85:db:43:64:4d,Hrimaan's S25,[WPA2-PSK-CCMP][RSN-PSK-CCMP][ESS],2026-09-26 12:53:17,1,2412,-85,26.188647311552742,91.70165149911196,7.57293701171875,9.935046195983887,,,WIFI
73:d2:a7:27:2d:82,realme Buds T310-GFP,Uncategorized,2026-09-26 12:53:21,,7936,-87,26.188617597362235,91.70165346900737,7.946746826171875,9.935046195983887,,,BLE
79:27:6b:02:ae:ad,,Uncategorized;10,2026-09-26 12:53:21,,7936,-69,26.188617597362235,91.70165346900737,7.946746826171875,9.935046195983887,,76,BLE
25:9c:d9:88:ee:fe,,Misc,2026-09-26 12:53:21,,,-99,26.188617597362235,91.70165346900737,7.946746826171875,9.935046195983887,,,BLE
3a:d8:86:93:04:eb,,Uncategorized;10,2026-09-26 12:53:21,,7936,-80,26.188617597362235,91.70165346900737,7.946746826171875,9.935046195983887,,,BLE
c5:00:9c:8a:c2:f4,,Misc,2026-09-26 12:53:21,,,-102,26.188617597362235,91.70165346900737,7.946746826171875,9.935046195983887,,76,BLE
52:e5:c2:95:81:0f,,Uncategorized;10,2026-09-26 12:53:21,,7936,-75,26.188617597362235,91.70165346900737,7.946746826171875,9.935046195983887,,76,BLE
6b:68:86:35:81:06,MSI,Misc,2026-09-26 12:53:21,,7936,-97,26.188617597362235,91.70165346900737,7.946746826171875,9.935046195983887,,,BLE
35:a2:9a:00:68:4b,,Uncategorized;10,2026-09-26 12:53:21,,7936,-75,26.188617597362235,91.70165346900737,7.946746826171875,9.935046195983887,,,BLE
73:d0:2c:91:c1:dd,,Uncategorized;10,2026-09-26 12:53:24,,7936,-98,26.18859421451907,91.70164402586295,8.20892333984375,9.968581199645996,,,BLE
fa:fd:c6:c0:64:03,realme Buds T200x(BLE),Uncategorized,2026-09-26 12:53:26,,7936,-72,26.188588213844376,91.70162693145696,8.42620849609375,9.935046195983887,,,BLE
73:d0:2c:91:c1:dd,,Uncategorized;10,2026-09-26 12:53:26,,7936,-97,26.188588213844376,91.70162693145696,8.42620849609375,9.935046195983887,,76,BLE
c0:18:5e:d2:3b:30,,Misc,2026-09-26 12:53:26,,,-99,26.188588213844376,91.70162693145696,8.42620849609375,9.935046195983887,,76,BLE
25:9c:d9:88:ee:fe,,Misc,2026-09-26 12:53:26,,,-79,26.188588213844376,91.70162693145696,8.42620849609375,9.935046195983887,,,BLE
36:74:66:52:b4:3b,,Misc,2026-09-26 12:53:26,,,-102,26.188588213844376,91.70162693145696,8.42620849609375,9.935046195983887,,,BLE
72:6c:af:b6:dc:4c,,Misc,2026-09-26 12:53:26,,,-100,26.188588213844376,91.70162693145696,8.42620849609375,9.935046195983887,,76,BLE
10:82:d7:99:ae:fe,realme GT Master Edition,Smartphone;10,2026-09-26 12:53:30,,524,-97,26.188585643476873,91.70157490395772,5.731414794921875,9.935046195983887,,,BT
de:90:4a:8e:e6:6b,melodi,[WPA2-PSK-CCMP][RSN-PSK-CCMP][ESS],2026-09-26 12:53:30,48,5240,-77,26.188585643476873,91.70157490395772,5.731414794921875,9.935046195983887,,,WIFI
08:30:9e:3e:71:2b,,Misc,2026-09-26 12:53:31,,,-85,26.18858386456659,91.70156111651193,5.6461181640625,9.935046195983887,,6,BLE
11:4c:45:f1:6c:62,,Misc,2026-09-26 12:53:31,,,-93,26.18858386456659,91.70156111651193,5.6461181640625,9.935046195983887,,,BLE
11:4c:45:f1:6c:62,,Misc,2026-09-26 12:53:36,,,-83,26.188587190468933,91.70149197966144,-1.3529052734375,9.935046195983887,,,BLE
60:ac:ff:82:87:48,,Uncategorized;10,2026-09-26 12:53:36,,7936,-78,26.188587190468933,91.70149197966144,-1.3529052734375,9.935046195983887,,76,BLE
dc:ea:e7:b2:6d:7b,A-28,[WPA2-PSK-CCMP][RSN-PSK-CCMP][ESS],2026-09-26 12:53:37,1,2412,-44,26.188588790291636,91.70147891020336,-3.2012939453125,9.935046195983887,,,WIFI
3a:4c:e0:f2:c8:9d,,Uncategorized;10,2026-09-26 12:53:37,,7936,-103,26.188588790291636,91.70147891020336,-3.2012939453125,9.935046195983887,,,BLE
71:06:5e:5b:3b:df,AYUSH,Misc,2026-09-26 12:53:37,,7936,-83,26.188588790291636,91.70147891020336,-3.2012939453125,9.935046195983887,,,BLE
2b:5e:67:e0:fe:c4,,Uncategorized;10,2026-09-26 12:53:37,,7936,-102,26.188588790291636,91.70147891020336,-3.2012939453125,9.935046195983887,,,BLE
60:ac:ff:82:87:48,,Uncategorized;10,2026-09-26 12:53:39,,7936,-70,26.188593130956786,91.70145312322761,-4.098876953125,9.935046195983887,,76,BLE
3a:4c:e0:f2:c8:9d,,Uncategorized;10,2026-09-26 12:53:40,,7936,-97,26.18858943640063,91.70144181051926,-4.861053466796875,10.02048110961914,,,BLE
77:81:c3:1a:38:fb,,Misc,2026-09-26 12:53:41,,,-103,26.188582678639293,91.70143571773337,-4.679290771484375,10.017123222351074,,,BLE
6f:0a:b2:1c:67:f7,,Misc,2026-09-26 12:53:41,,,-106,26.188582678639293,91.70143571773337,-4.679290771484375,10.017123222351074,,76,BLE
5f:9b:5f:72:74:38,,Misc,2026-09-26 12:53:41,,,-98,26.188582678639293,91.70143571773337,-4.679290771484375,10.017123222351074,,76,BLE
10:82:d7:99:ae:fe,realme GT Master Edition,Smartphone;10,2026-09-26 12:53:41,,524,-88,26.188582678639293,91.70143571773337,-4.679290771484375,10.017123222351074,,,BT
d8:44:89:f5:8a:62,TP-Link_8A62,[WPA2-PSK-CCMP][RSN-PSK-CCMP][ESS][WPS],2026-09-26 12:53:43,4,2427,-70,26.188581288626434,91.70145027525882,-5.073516845703125,10.084300994873047,,,WIFI
04:d5:90:66:d1:f9,IITG_CONNECT,[WPA2-EAP/SHA1-CCMP][RSN-EAP/SHA1-CCMP][ESS],2026-09-26 12:53:43,36,5180,-88,26.188581288626434,91.70145027525882,-5.073516845703125,10.084300994873047,,,WIFI
04:d5:90:66:d1:f8,eduroam,[WPA2-EAP/SHA1-CCMP][RSN-EAP/SHA1-CCMP][ESS],2026-09-26 12:53:43,36,5180,-85,26.188581288626434,91.70145027525882,-5.073516845703125,10.084300994873047,,,WIFI
a4:08:53:60:38:bb,Airtel_bidi_7996,[WPA2-PSK-CCMP][RSN-PSK-CCMP][ESS],2026-09-26 12:53:43,52,5260,-86,26.188581288626434,91.70145027525882,-5.073516845703125,10.084300994873047,,,WIFI
a4:08:53:60:38:ba,Airtel_bidi_7996,[WPA2-PSK-CCMP][RSN-PSK-CCMP][ESS],2026-09-26 12:53:43,6,2437,-68,26.188581288626434,91.70145027525882,-5.073516845703125,10.084300994873047,,,WIFI
40:ed:00:2d:14:6c,Use Your Own,[WPA2-PSK-CCMP][RSN-PSK-CCMP][ESS][WPS],2026-09-26 12:53:43,3,2422,-69,26.188581288626434,91.70145027525882,-5.073516845703125,10.084300994873047,,,WIFI
ba:08:53:60:38:bb,,[WPA2-PSK-CCMP][RSN-PSK-CCMP][ESS],2026-09-26 12:53:43,52,5260,-86,26.188581288626434,91.70145027525882,-5.073516845703125,10.084300994873047,,,WIFI
b6:08:53:60:38:bb,,[WPA2-PSK-CCMP][RSN-PSK-CCMP][ESS],2026-09-26 12:53:43,52,5260,-87,26.188581288626434,91.70145027525882,-5.073516845703125,10.084300994873047,,,WIFI
e7:e5:12:b4:25:7a,,Misc,2026-09-26 12:53:46,,,-128,26.188587694260516,91.70148136034577,-4.615447998046875,10.075399398803711,,76,BLE
56:f7:f5:65:8f:c9,,Misc,2026-09-26 12:53:46,,,-106,26.188587694260516,91.70148136034577,-4.615447998046875,10.075399398803711,,,BLE
04:d5:90:66:d1:f0,eduroam,[WPA2-EAP/SHA1-CCMP][RSN-EAP/SHA1-CCMP][ESS],2026-09-26 12:53:50,11,2462,-83,26.188600051916033,91.70153250092528,-5.924713134765625,10.026984214782715,,,WIFI
04:d5:90:66:d1:f8,eduroam,[WPA2-EAP/SHA1-CCMP][RSN-EAP/SHA1-CCMP][ESS],2026-09-26 12:53:50,36,5180,-80,26.188600051916033,91.70153250092528,-5.924713134765625,10.026984214782715,,,WIFI
77:6a:48:2a:71:12,,Misc,2026-09-26 12:53:51,,,-88,26.18860227988295,91.70154520029428,-5.667083740234375,10.018303871154785,,76,BLE
67:3a:62:ad:03:c5,,Misc,2026-09-26 12:53:53,,7936,-95,26.188610881856484,91.70156711622263,-6.5616455078125,10.00821304321289,,76,BLE
7b:02:89:a6:02:9b,,Uncategorized;10,2026-09-26 12:53:53,,7936,-93,26.188610881856484,91.70156711622263,-6.5616455078125,10.00821304321289,,,BLE
7b:02:89:a6:02:9b,,Uncategorized;10,2026-09-26 12:53:56,,7936,-97,26.188618618430016,91.70159788992,-5.596405029296875,10.011253356933594,,76,BLE
e3:1b:f8:39:93:2a,,Misc,2026-09-26 12:53:56,,,-90,26.188618618430016,91.70159788992,-5.596405029296875,10.011253356933594,,76,BLE
7b:02:89:a6:02:9b,,Uncategorized;10,2026-09-26 12:53:56,,7936,-88,26.188618618430016,91.70159788992,-5.596405029296875,10.011253356933594,,76,BLE
e2:8f:4c:f2:35:50,LAPTOP-L55TLLN5 1560,[WPA2-PSK-CCMP][RSN-PSK-CCMP][ESS][WPS],2026-09-26 12:53:57,149,5745,-87,26.18862045528128,91.7016084289433,-4.07598876953125,10.032690048217773,,,WIFI
04:d5:90:66:d1:f9,IITG_CONNECT,[WPA2-EAP/SHA1-CCMP][RSN-EAP/SHA1-CCMP][ESS],2026-09-26 12:53:57,36,5180,-83,26.18862045528128,91.7016084289433,-4.07598876953125,10.032690048217773,,,WIFI
40:86:cb:27:5f:04,DIR-615-5F03,[WPA2-PSK-CCMP][RSN-PSK-CCMP][ESS],2026-09-26 12:53:57,1,2412,-87,26.18862045528128,91.7016084289433,-4.07598876953125,10.032690048217773,,,WIFI
61:f9:83:2b:e3:07,,Misc,2026-09-26 12:53:59,,7936,-94,26.18862422275131,91.70163595130586,-3.749603271484375,10.084712982177734,,76,BLE
45:c7:26:06:bb:ec,,Misc,2026-09-26 12:54:01,,7936,-94,26.188628439085782,91.7016503824101,-3.172576904296875,10.249475479125977,,76,BLE
36:d6:37:83:83:54,,Misc,2026-09-26 12:54:01,,,-100,26.188628439085782,91.7016503824101,-3.172576904296875,10.249475479125977,,6,BLE
5f:c3:e6:1a:72:a5,realme Buds T310-GFP,Uncategorized,2026-09-26 12:54:01,,7936,-85,26.188628439085782,91.7016503824101,-3.172576904296875,10.249475479125977,,,BLE
f0:4d:01:45:18:4d,,Misc,2026-09-26 12:54:01,,,-99,26.188628439085782,91.7016503824101,-3.172576904296875,10.249475479125977,,76,BLE
40:86:cb:7a:a3:80,ItHurtsWhenIP,[WPA2-PSK-CCMP][RSN-PSK-CCMP][ESS][WPS],2026-09-26 12:54:04,13,2472,-85,26.18863561255705,91.70169304767856,-3.11138916015625,10.371328353881836,,,WIFI
64:29:43:99:7a:1a,Barbie,[WPA2-PSK-CCMP][RSN-PSK-CCMP][ESS],2026-09-26 12:54:04,5,2432,-82,26.18863561255705,91.70169304767856,-3.11138916015625,10.371328353881836,,,WIFI
a6:16:eb:c8:44:ff,OnePlus 11R 5G,[WPA2-PSK-CCMP][RSN-PSK-CCMP][ESS],2026-09-26 12:54:04,149,5745,-80,26.18863561255705,91.70169304767856,-3.11138916015625,10.371328353881836,,,WIFI
08:5a:11:58:30:0b,Wifi2,[WPA2-PSK-CCMP][RSN-PSK-CCMP][ESS],2026-09-26 12:54:04,1,2412,-67,26.18863561255705,91.70169304767856,-3.11138916015625,10.371328353881836,,,WIFI
3c:78:95:cd:06:87,TP-Link_0687,[WPA2-PSK-CCMP][RSN-PSK-CCMP][ESS],2026-09-26 12:54:04,5,2432,-57,26.18863561255705,91.70169304767856,-3.11138916015625,10.371328353881836,,,WIFI
3c:78:95:cd:06:89,TP-Link_0687,[WPA2-PSK-CCMP][RSN-PSK-CCMP][ESS],2026-09-26 12:54:04,161,5805,-67,26.18863561255705,91.70169304767856,-3.11138916015625,10.371328353881836,,,WIFI
04:d5:90:66:fb:69,IITG_CONNECT,[WPA2-EAP/SHA1-CCMP][RSN-EAP/SHA1-CCMP][ESS],2026-09-26 12:54:04,124,5620,-86,26.18863561255705,91.70169304767856,-3.11138916015625,10.371328353881836,,,WIFI
56:15:4c:60:3a:5f,,Uncategorized;10,2026-09-26 12:54:06,,7936,-90,26.188644787526815,91.70170973999656,-2.47216796875,10.310934066772461,,76,BLE
20:97:36:a6:00:7a,,Misc,2026-09-26 12:54:06,,,-74,26.188644787526815,91.70170973999656,-2.47216796875,10.310934066772461,,6,BLE
41:74:a5:6e:81:1e,LE-Jashanpreet's Headphones,Uncategorized,2026-09-26 12:54:06,,7936,-79,26.188644787526815,91.70170973999656,-2.47216796875,10.310934066772461,,,BLE
61:f9:83:2b:e3:07,,Misc,2026-09-26 12:54:06,,7936,-86,26.188644787526815,91.70170973999656,-2.47216796875,10.310934066772461,,76,BLE
da:e3:04:a2:90:ef,,Misc,2026-09-26 12:54:06,,,-84,26.188644787526815,91.70170973999656,-2.47216796875,10.310934066772461,,76,BLE
79:5a:c9:56:9a:e3,,Misc,2026-09-26 12:54:06,,,-101,26.188644787526815,91.70170973999656,-2.47216796875,10.310934066772461,,,BLE
4d:04:62:93:6e:05,,Uncategorized;10,2026-09-26 12:54:06,,7936,-80,26.188644787526815,91.70170973999656,-2.47216796875,10.310934066772461,,,BLE
17:7b:9b:23:7a:e7,,Misc,2026-09-26 12:54:06,,,-75,26.188644787526815,91.70170973999656,-2.47216796875,10.310934066772461,,,BLE
45:c7:26:06:bb:ec,,Misc,2026-09-26 12:54:06,,7936,-86,26.188644787526815,91.70170973999656,-2.47216796875,10.310934066772461,,76,BLE
60:2d:27:28:79:68,,Uncategorized;10,2026-09-26 12:54:08,,7936,-94,26.188655288646448,91.70173208786073,-2.221710205078125,10.280845642089844,,,BLE
79:44:71:23:da:ca,,Uncategorized;10,2026-09-26 12:54:08,,7936,-83,26.188655288646448,91.70173208786073,-2.221710205078125,10.280845642089844,,76,BLE
7b:02:89:a6:02:9b,,Uncategorized;10,2026-09-26 12:54:08,,7936,-73,26.188655288646448,91.70173208786073,-2.221710205078125,10.280845642089844,,76,BLE
55:aa:fb:3f:33:7f,,Misc,2026-09-26 12:54:11,,7936,-81,26.18866640972101,91.70176636946411,-0.607269287109375,10.336585998535156,,76,BLE
04:d5:90:66:d1:f9,IITG_CONNECT,[WPA2-EAP/SHA1-CCMP][RSN-EAP/SHA1-CCMP][ESS],2026-09-26 12:54:12,36,5180,-77,26.1886704827167,91.70177827266433,-0.193450927734375,10.263731002807617,,,WIFI
04:d5:90:66:d1:f8,eduroam,[WPA2-EAP/SHA1-CCMP][RSN-EAP/SHA1-CCMP][ESS],2026-09-26 12:54:12,36,5180,-75,26.1886704827167,91.70177827266433,-0.193450927734375,10.263731002807617,,,WIFI
a4:08:53:60:38:bb,Airtel_bidi_7996,[WPA2-PSK-CCMP][RSN-PSK-CCMP][ESS],2026-09-26 12:54:12,52,5260,-78,26.1886704827167,91.70177827266433,-0.193450927734375,10.263731002807617,,,WIFI
ba:08:53:60:38:bb,,[WPA2-PSK-CCMP][RSN-PSK-CCMP][ESS],2026-09-26 12:54:12,52,5260,-79,26.1886704827167,91.70177827266433,-0.193450927734375,10.263731002807617,,,WIFI
b6:08:53:60:38:bb,,[WPA2-PSK-CCMP][RSN-PSK-CCMP][ESS],2026-09-26 12:54:12,52,5260,-80,26.1886704827167,91.70177827266433,-0.193450927734375,10.263731002807617,,,WIFI
60:24:f2:f3:15:81,,Uncategorized;10,2026-09-26 12:54:14,,7936,-87,26.188682009460493,91.70179584618852,1.7918701171875,10.244566917419434,,,BLE
6d:f8:04:18:43:2d,,Uncategorized;10,2026-09-26 12:54:15,,7936,-97,26.188688757947983,91.701802539524,1.661376953125,10.251470565795898,,,BLE
5b:b2:f7:c8:79:35,,Uncategorized;10,2026-09-26 12:54:15,,7936,-95,26.188688757947983,91.701802539524,1.661376953125,10.251470565795898,,,BLE
64:29:43:99:7a:1a,Barbie,[WPA2-PSK-CCMP][RSN-PSK-CCMP][ESS],2026-09-26 12:54:15,5,2432,-76,26.188688757947983,91.701802539524,1.661376953125,10.251470565795898,,,WIFI
2a:63:63:b8:6b:ba,Piyush,[WPA2-PSK-CCMP][RSN-PSK+SAE-CCMP][ESS],2026-09-26 12:54:15,6,2437,-74,26.188688757947983,91.701802539524,1.661376953125,10.251470565795898,,,WIFI
04:d5:90:66:d1:f9,IITG_CONNECT,[WPA2-EAP/SHA1-CCMP][RSN-EAP/SHA1-CCMP][ESS],2026-09-26 12:54:15,36,5180,-70,26.188688757947983,91.701802539524,1.661376953125,10.251470565795898,,,WIFI
04:d5:90:66:d1:f8,eduroam,[WPA2-EAP/SHA1-CCMP][RSN-EAP/SHA1-CCMP][ESS],2026-09-26 12:54:15,36,5180,-69,26.188688757947983,91.701802539524,1.661376953125,10.251470565795898,,,WIFI
6c:4c:bc:ae:3b:b8,IITH_CONNECT,[WPA2-PSK-CCMP][RSN-PSK-CCMP][ESS],2026-09-26 12:54:15,2,2417,-61,26.188688757947983,91.701802539524,1.661376953125,10.251470565795898,,,WIFI
fe:68:8e:21:d0:d2,realme 12 Pro+ 5G(VAIBHAV GUPTA),[WPA2-PSK-CCMP][RSN-PSK-CCMP][ESS],2026-09-26 12:54:15,1,2412,-88,26.188688757947983,91.701802539524,1.661376953125,10.251470565795898,,,WIFI
12:b0:0a:2e:94:70,iPhone,[WPA2-PSK-CCMP][RSN-PSK-CCMP][ESS],2026-09-26 12:54:15,1,2412,-81,26.188688757947983,91.701802539524,1.661376953125,10.251470565795898,,,WIFI
04:d5:90:66:fb:68,eduroam,[WPA2-EAP/SHA1-CCMP][RSN-EAP/SHA1-CCMP][ESS],2026-09-26 12:54:15,124,5620,-85,26.188688757947983,91.701802539524,1.661376953125,10.251470565795898,,,WIFI
40:86:cb:30:5e:1e,DIR-825-5E1B,[WPA2-PSK-CCMP][RSN-PSK-CCMP][ESS][WPS],2026-09-26 12:54:15,4,2427,-79,26.188688757947983,91.701802539524,1.661376953125,10.251470565795898,,,WIFI
0c:ed:c8:cd:5c:eb,,Misc,2026-09-26 12:54:16,,,-91,26.188698318113044,91.70181223347282,1.743743896484375,10.206131935119629,,,BLE
c9:7b:5a:49:76:19,,Misc,2026-09-26 12:54:16,,,-69,26.188698318113044,91.70181223347282,1.743743896484375,10.206131935119629,,76,BLE
0d:e5:f7:9e:89:a2,,Misc,2026-09-26 12:54:16,,,-91,26.188698318113044,91.70181223347282,1.743743896484375,10.206131935119629,,,BLE
e3:1e:59:19:79:d9,,Misc,2026-09-26 12:54:16,,,-99,26.188698318113044,91.70181223347282,1.743743896484375,10.206131935119629,,76,BLE
e3:1b:f8:39:93:2a,,Misc,2026-09-26 12:54:16,,,-81,26.188698318113044,91.70181223347282,1.743743896484375,10.206131935119629,,76,BLE
ca:44:58:33:7d:38,,Misc,2026-09-26 12:54:16,,,-97,26.188698318113044,91.70181223347282,1.743743896484375,10.206131935119629,,76,BLE
6d:f8:04:18:43:2d,,Uncategorized;10,2026-09-26 12:54:16,,7936,-97,26.188698318113044,91.70181223347282,1.743743896484375,10.206131935119629,,1946,BLE
60:24:f2:f3:15:81,,Uncategorized;10,2026-09-26 12:54:16,,7936,-87,26.188698318113044,91.70181223347282,1.743743896484375,10.206131935119629,,76,BLE
5e:48:45:82:81:c9,,Uncategorized;10,2026-09-26 12:54:16,,7936,-101,26.188698318113044,91.70181223347282,1.743743896484375,10.206131935119629,,,BLE
60:2d:27:28:79:68,,Uncategorized;10,2026-09-26 12:54:17,,7936,-87,26.188701197952767,91.70182221445617,1.699188232421875,10.165931701660156,,,BLE
34:84:20:47:5d:aa,,Uncategorized;10,2026-09-26 12:54:17,,7936,-105,26.188701197952767,91.70182221445617,1.699188232421875,10.165931701660156,,,BLE
11:09:e2:3a:7a:bf,,Uncategorized;10,2026-09-26 12:54:20,,7936,-99,26.188706393399173,91.70185095981266,1.48773193359375,10.09068775177002,,,BLE
60:ff:9e:50:34:ab,VISION,Laptop;10,2026-09-26 12:54:21,,268,-70,26.188708702670763,91.70186195064437,1.3834228515625,10.096481323242188,,,BT
60:24:f2:f3:15:81,,Uncategorized;10,2026-09-26 12:54:21,,7936,-74,26.188708702670763,91.70186195064437,1.3834228515625,10.096481323242188,,76,BLE
c6:1d:57:ac:d7:b3,,Misc,2026-09-26 12:54:21,,,-85,26.188708702670763,91.70186195064437,1.3834228515625,10.096481323242188,,76,BLE
49:3e:16:42:5a:29,VISION,Uncategorized;10,2026-09-26 12:54:21,,7936,-72,26.188708702670763,91.70186195064437,1.3834228515625,10.096481323242188,,,BLE
02:9e:df:ad:fc:3e,,Misc,2026-09-26 12:54:21,,,-96,26.188708702670763,91.70186195064437,1.3834228515625,10.096481323242188,,6,BLE
3a:45:4b:d7:70:ba,,Misc,2026-09-26 12:54:21,,,-99,26.188708702670763,91.70186195064437,1.3834228515625,10.096481323242188,,,BLE
34:84:20:47:5d:aa,,Uncategorized;10,2026-09-26 12:54:21,,7936,-98,26.188708702670763,91.70186195064437,1.3834228515625,10.096481323242188,,,BLE
28:3c:49:83:af:bd,,Misc,2026-09-26 12:54:21,,,-97,26.188708702670763,91.70186195064437,1.3834228515625,10.096481323242188,,6,BLE
4c:62:4f:78:2c:2f,,Misc,2026-09-26 12:54:21,,,-103,26.188708702670763,91.70186195064437,1.3834228515625,10.096481323242188,,,BLE
17:ca:2e:d7:cb:7e,,Misc,2026-09-26 12:54:21,,,-90,26.188708702670763,91.70186195064437,1.3834228515625,10.096481323242188,,,BLE
c1:d6:54:eb:e2:85,,Misc,2026-09-26 12:54:21,,,-97,26.188708702670763,91.70186195064437,1.3834228515625,10.096481323242188,,76,BLE
09:89:82:36:7b:13,,Misc,2026-09-26 12:54:21,,7936,-76,26.188708702670763,91.70186195064437,1.3834228515625,10.096481323242188,,,BLE
5e:48:45:82:81:c9,,Uncategorized;10,2026-09-26 12:54:21,,7936,-93,26.188708702670763,91.70186195064437,1.3834228515625,10.096481323242188,,,BLE
6e:a6:17:ff:80:94,,Uncategorized;10,2026-09-26 12:54:22,,7936,-70,26.188710558783125,91.7018732406293,2.186370849609375,10.095199584960938,,,BLE
11:09:e2:3a:7a:bf,,Uncategorized;10,2026-09-26 12:54:22,,7936,-92,26.188710558783125,91.7018732406293,2.186370849609375,10.095199584960938,,,BLE
60:ff:9e:50:34:ab,VISION,Laptop;10,2026-09-26 12:54:22,,268,-62,26.188710558783125,91.7018732406293,2.186370849609375,10.095199584960938,,,BT
c4:df:39:23:ee:ec,realme 9i,Smartphone;10,2026-09-26 12:54:23,,524,-93,26.18871539656885,91.70188914330365,2.649169921875,10.100676536560059,,,BT
56:6d:cd:d6:55:d1,,Uncategorized;10,2026-09-26 12:54:24,,7936,-69,26.188716071325533,91.70190031947246,2.604583740234375,10.094993591308594,,,BLE
46:47:3a:9d:f3:04,vivo T3x 5G,[WPA2-PSK-CCMP][RSN-PSK-CCMP][ESS],2026-09-26 12:54:24,11,2462,-55,26.188716071325533,91.70190031947246,2.604583740234375,10.094993591308594,,,WIFI
04:d5:90:66:d1:f1,IITG_CONNECT,[WPA2-EAP/SHA1-CCMP][RSN-EAP/SHA1-CCMP][ESS],2026-09-26 12:54:24,11,2462,-66,26.188716071325533,91.70190031947246,2.604583740234375,10.094993591308594,,,WIFI
42:df:a4:0d:6d:ec,>vision,[WPA2-PSK-CCMP][RSN-PSK-CCMP][ESS],2026-09-26 12:54:24,6,2437,-83,26.188716071325533,91.70190031947246,2.604583740234375,10.094993591308594,,,WIFI
04:d5:90:66:d1:f0,eduroam,[WPA2-EAP/SHA1-CCMP][RSN-EAP/SHA1-CCMP][ESS],2026-09-26 12:54:24,11,2462,-67,26.188716071325533,91.70190031947246,2.604583740234375,10.094993591308594,,,WIFI
2a:63:63:b8:6b:ba,Piyush,[WPA2-PSK-CCMP][RSN-PSK+SAE-CCMP][ESS],2026-09-26 12:54:24,6,2437,-55,26.188716071325533,91.70190031947246,2.604583740234375,10.094993591308594,,,WIFI
a8:42:a1:88:1a:9e,Table,[WPA2-PSK-CCMP][RSN-PSK-CCMP][ESS][WPS],2026-09-26 12:54:24,2,2417,-64,26.188716071325533,91.70190031947246,2.604583740234375,10.094993591308594,,,WIFI
fe:68:8e:21:d0:d2,realme 12 Pro+ 5G(VAIBHAV GUPTA),[WPA2-PSK-CCMP][RSN-PSK-CCMP][ESS],2026-09-26 12:54:24,1,2412,-71,26.188716071325533,91.70190031947246,2.604583740234375,10.094993591308594,,,WIFI
6b:68:86:35:81:06,MSI,Misc,2026-09-26 12:54:25,,7936,-90,26.188713140678885,91.70190594100207,2.980682373046875,10.100674629211426,,,BLE
11:09:e2:3a:7a:bf,,Uncategorized;10,2026-09-26 12:54:25,,7936,-84,26.188713140678885,91.70190594100207,2.980682373046875,10.100674629211426,,,BLE
59:db:07:d9:22:04,CMF Buds 2 Plus,Uncategorized,2026-09-26 12:54:26,,7936,-101,26.188715091990606,91.70192188041543,2.28472900390625,10.12059211730957,,3275,BLE
e3:1e:59:19:79:d9,,Misc,2026-09-26 12:54:26,,,-84,26.188715091990606,91.70192188041543,2.28472900390625,10.12059211730957,,76,BLE
a8:e6:e8:c9:8f:f3,JBL Tune 770NC,Misc,2026-09-26 12:54:26,,7936,-65,26.188715091990606,91.70192188041543,2.28472900390625,10.12059211730957,,,BLE
0c:ed:c8:cd:5c:eb,,Misc,2026-09-26 12:54:26,,,-78,26.188715091990606,91.70192188041543,2.28472900390625,10.12059211730957,,,BLE
3b:cb:31:5d:68:c5,,Misc,2026-09-26 12:54:26,,,-78,26.188715091990606,91.70192188041543,2.28472900390625,10.12059211730957,,6,BLE
4f:d7:74:07:21:88,,Uncategorized;10,2026-09-26 12:54:27,,7936,-88,26.188717009107773,91.70193485292175,2.993438720703125,10.128212928771973,,,BLE
51:b0:1a:5e:4a:36,3.0 BT,null;10,2026-09-26 12:54:29,,1028,-98,26.18872336889385,91.70196566701722,5.2860107421875,10.038538932800293,,,BT
51:b0:1a:5e:4a:36,3.0 BT,null;10,2026-09-26 12:54:29,,1028,-88,26.18872336889385,91.70196566701722,5.2860107421875,10.038538932800293,,,BT
69:fc:e7:99:b6:5c,OnePlus Nord Buds 3,Misc,2026-09-26 12:54:31,,7936,-94,26.188721270016117,91.70198182051054,4.357177734375,9.958075523376465,,,BLE
4f:d7:74:07:21:88,,Uncategorized;10,2026-09-26 12:54:31,,7936,-88,26.188721270016117,91.70198182051054,4.357177734375,9.958075523376465,,76,BLE
5b:ab:b3:b9:a6:50,OnePlus Nord Buds 3 Pro,Uncategorized,2026-09-26 12:54:31,,7936,-104,26.188721270016117,91.70198182051054,4.357177734375,9.958075523376465,,,BLE
ca:b2:c9:1e:0c:1d,JBL Tune 770NC-LE,Misc,2026-09-26 12:54:31,,7936,-97,26.188721270016117,91.70198182051054,4.357177734375,9.958075523376465,,,BLE
16:fd:41:67:bb:1a,,Misc,2026-09-26 12:54:31,,,-102,26.188721270016117,91.70198182051054,4.357177734375,9.958075523376465,,6,BLE
53:32:28:36:61:56,,Uncategorized;10,2026-09-26 12:54:33,,7936,-96,26.18871223333405,91.7020018458789,1.121246337890625,9.935046195983887,,,BLE
a8:42:a1:68:9b:a1,Bikram 2,[WPA2-PSK-CCMP][RSN-PSK-CCMP][ESS][WPS],2026-09-26 12:54:36,9,2452,-85,26.18868922231568,91.70202509933765,-2.912017822265625,9.935046195983887,,,WIFI
42:df:a4:0d:6d:ec,>vision,[WPA2-PSK-CCMP][RSN-PSK-CCMP][ESS],2026-09-26 12:54:36,6,2437,-69,26.18868922231568,91.70202509933765,-2.912017822265625,9.935046195983887,,,WIFI
04:d5:90:66:fb:69,IITG_CONNECT,[WPA2-EAP/SHA1-CCMP][RSN-EAP/SHA1-CCMP][ESS],2026-09-26 12:54:36,124,5620,-54,26.18868922231568,91.70202509933765,-2.912017822265625,9.935046195983887,,,WIFI
04:d5:90:66:fb:68,eduroam,[WPA2-EAP/SHA1-CCMP][RSN-EAP/SHA1-CCMP][ESS],2026-09-26 12:54:36,124,5620,-54,26.18868922231568,91.70202509933765,-2.912017822265625,9.935046195983887,,,WIFI
04:d5:90:66:fb:60,eduroam,[WPA2-EAP/SHA1-CCMP][RSN-EAP/SHA1-CCMP][ESS],2026-09-26 12:54:36,1,2412,-50,26.18868922231568,91.70202509933765,-2.912017822265625,9.935046195983887,,,WIFI
be:69:65:09:ba:0f,MELK-OA10   56,Misc,2026-09-26 12:54:36,,7936,-103,26.18868922231568,91.70202509933765,-2.912017822265625,9.935046195983887,,,BLE
ef:cd:13:ef:67:7b,,Misc,2026-09-26 12:54:36,,,-101,26.18868922231568,91.70202509933765,-2.912017822265625,9.935046195983887,,76,BLE
2c:aa:26:9a:a7:71,,Misc,2026-09-26 12:54:36,,,-90,26.18868922231568,91.70202509933765,-2.912017822265625,9.935046195983887,,,BLE
4e:0f:4b:c3:d6:27,4,Misc,2026-09-26 12:54:36,,7936,-105,26.18868922231568,91.70202509933765,-2.912017822265625,9.935046195983887,,,BLE
28:3c:49:83:af:bd,,Misc,2026-09-26 12:54:36,,,-89,26.18868922231568,91.70202509933765,-2.912017822265625,9.935046195983887,,6,BLE
4c:62:4f:78:2c:2f,,Misc,2026-09-26 12:54:36,,,-97,26.18868922231568,91.70202509933765,-2.912017822265625,9.935046195983887,,,BLE
53:32:28:36:61:56,,Uncategorized;10,2026-09-26 12:54:36,,7936,-96,26.18868922231568,91.70202509933765,-2.912017822265625,9.935046195983887,,76,BLE
1b:69:98:d6:8b:ad,,Misc,2026-09-26 12:54:36,,,-100,26.18868922231568,91.70202509933765,-2.912017822265625,9.935046195983887,,6,BLE
05:63:1c:b8:13:b0,,Misc,2026-09-26 12:54:41,,,-103,26.188693929522145,91.70206822327667,-4.594696044921875,9.935046195983887,,6,BLE
0c:80:63:4b:86:98,Azmuth69,[WPA2-PSK-CCMP][RSN-PSK-CCMP][ESS][WPS],2026-09-26 12:54:43,4,2427,-80,26.18870995570161,91.70207367099066,-3.359283447265625,10.070879936218262,,,WIFI
00:0a:45:44:6b:4b,"LE_ATH-M50xBT2 ",Uncategorized;10,2026-09-26 12:54:44,,7936,-95,26.18871949712093,91.70207754885975,-3.094696044921875,10.067188262939453,,,BLE
00:0a:45:44:6b:4b,"LE_ATH-M50xBT2 ",Uncategorized;10,2026-09-26 12:54:46,,7936,-104,26.188735089445196,91.70208890642391,-3.681243896484375,10.077235221862793,,1560,BLE
ca:b2:c9:1e:0c:1d,JBL Tune 770NC-LE,Misc,2026-09-26 12:54:46,,7936,-88,26.188735089445196,91.70208890642391,-3.681243896484375,10.077235221862793,,,BLE
79:f4:2c:46:22:c4,,Misc,2026-09-26 12:54:46,,,-103,26.188735089445196,91.70208890642391,-3.681243896484375,10.077235221862793,,,BLE
04:d5:90:66:d1:f1,IITG_CONNECT,[WPA2-EAP/SHA1-CCMP][RSN-EAP/SHA1-CCMP][ESS],2026-09-26 12:54:47,11,2462,-57,26.188741630863074,91.70209560332603,-3.61114501953125,10.089699745178223,,,WIFI
04:d5:90:66:d1:f0,eduroam,[WPA2-EAP/SHA1-CCMP][RSN-EAP/SHA1-CCMP][ESS],2026-09-26 12:54:47,11,2462,-58,26.188741630863074,91.70209560332603,-3.61114501953125,10.089699745178223,,,WIFI
04:d5:90:66:d1:f9,IITG_CONNECT,[WPA2-EAP/SHA1-CCMP][RSN-EAP/SHA1-CCMP][ESS],2026-09-26 12:54:47,36,5180,-50,26.188741630863074,91.70209560332603,-3.61114501953125,10.089699745178223,,,WIFI
04:d5:90:66:d1:f8,eduroam,[WPA2-EAP/SHA1-CCMP][RSN-EAP/SHA1-CCMP][ESS],2026-09-26 12:54:47,36,5180,-57,26.188741630863074,91.70209560332603,-3.61114501953125,10.089699745178223,,,WIFI
a4:08:53:60:38:bb,Airtel_bidi_7996,[WPA2-PSK-CCMP][RSN-PSK-CCMP][ESS],2026-09-26 12:54:47,52,5260,-63,26.188741630863074,91.70209560332603,-3.61114501953125,10.089699745178223,,,WIFI
a4:08:53:60:38:ba,Airtel_bidi_7996,[WPA2-PSK-CCMP][RSN-PSK-CCMP][ESS],2026-09-26 12:54:47,6,2437,-36,26.188741630863074,91.70209560332603,-3.61114501953125,10.089699745178223,,,WIFI
ba:08:53:60:38:bb,,[WPA2-PSK-CCMP][RSN-PSK-CCMP][ESS],2026-09-26 12:54:47,52,5260,-63,26.188741630863074,91.70209560332603,-3.61114501953125,10.089699745178223,,,WIFI
04:d5:90:66:fb:61,IITG_CONNECT,[WPA2-EAP/SHA1-CCMP][RSN-EAP/SHA1-CCMP][ESS],2026-09-26 12:54:47,1,2412,-64,26.188741630863074,91.70209560332603,-3.61114501953125,10.089699745178223,,,WIFI
a8:42:a1:88:10:30,TP-Link_1030,[WPA2-PSK-CCMP][RSN-PSK-CCMP][ESS][WPS],2026-09-26 12:54:47,10,2457,-75,26.188741630863074,91.70209560332603,-3.61114501953125,10.089699745178223,,,WIFI
b6:08:53:60:38:bb,,[WPA2-PSK-CCMP][RSN-PSK-CCMP][ESS],2026-09-26 12:54:47,52,5260,-63,26.188741630863074,91.70209560332603,-3.61114501953125,10.089699745178223,,,WIFI
48:d5:5f:27:79:23,,Uncategorized;10,2026-09-26 12:54:47,,7936,-97,26.188741630863074,91.70209560332603,-3.61114501953125,10.089699745178223,,,BLE
00:0a:45:44:6b:4b,"LE_ATH-M50xBT2 ",Uncategorized;10,2026-09-26 12:54:49,,7936,-94,26.188749299138788,91.70211800030289,-2.98565673828125,10.114377975463867,,1560,BLE
61:5a:32:b9:23:07,Jabra Evolve2 65,Uncategorized;10,2026-09-26 12:54:50,,7936,-99,26.188751181441546,91.70213174254559,-3.0211181640625,10.127578735351562,,,BLE
5f:99:93:7b:80:58,LAPTOP-RVJT9QAC,Uncategorized;10,2026-09-26 12:54:50,,7936,-94,26.188751181441546,91.70213174254559,-3.0211181640625,10.127578735351562,,,BLE
49:08:fb:e9:3f:ad,,Uncategorized;10,2026-09-26 12:54:50,,7936,-97,26.188751181441546,91.70213174254559,-3.0211181640625,10.127578735351562,,,BLE
5e:33:d2:94:84:90,,Uncategorized;10,2026-09-26 12:54:50,,7936,-101,26.188751181441546,91.70213174254559,-3.0211181640625,10.127578735351562,,,BLE
79:f4:2c:46:22:c4,,Misc,2026-09-26 12:54:51,,,-97,26.188753689279093,91.70214515552719,-2.9078369140625,10.1419038772583,,,BLE
d4:d8:78:64:f2:06,,Misc,2026-09-26 12:54:51,,,-103,26.188753689279093,91.70214515552719,-2.9078369140625,10.1419038772583,,76,BLE
51:a6:b7:52:ed:3b,OnePlus Nord Buds 3 Pro,Uncategorized,2026-09-26 12:54:51,,7936,-97,26.188753689279093,91.70214515552719,-2.9078369140625,10.1419038772583,,,BLE
56:89:76:e2:e0:9d,,Misc,2026-09-26 12:54:51,,,-98,26.188753689279093,91.70214515552719,-2.9078369140625,10.1419038772583,,,BLE
61:5a:32:b9:23:07,Jabra Evolve2 65,Uncategorized;10,2026-09-26 12:54:51,,7936,-93,26.188753689279093,91.70214515552719,-2.9078369140625,10.1419038772583,,,BLE
2c:3f:1f:e8:6b:02,,Misc,2026-09-26 12:54:51,,,-101,26.188753689279093,91.70214515552719,-2.9078369140625,10.1419038772583,,6,BLE
5e:33:d2:94:84:90,,Uncategorized;10,2026-09-26 12:54:51,,7936,-102,26.188753689279093,91.70214515552719,-2.9078369140625,10.1419038772583,,76,BLE
00:a6:85:39:23:e6,,Misc,2026-09-26 12:54:51,,,-103,26.188753689279093,91.70214515552719,-2.9078369140625,10.1419038772583,,6,BLE
c8:d8:38:89:78:e0,,Misc,2026-09-26 12:54:51,,,-101,26.188753689279093,91.70214515552719,-2.9078369140625,10.1419038772583,,76,BLE
05:63:1c:b8:13:b0,,Misc,2026-09-26 12:54:51,,,-92,26.188753689279093,91.70214515552719,-2.9078369140625,10.1419038772583,,6,BLE
60:fa:36:d5:c3:13,,Uncategorized;10,2026-09-26 12:54:52,,7936,-105,26.18875664191639,91.70215778499238,-2.15728759765625,10.155494689941406,,,BLE
53:ff:d6:d8:9d:b9,,Uncategorized;10,2026-09-26 12:54:53,,7936,-94,26.18875989654578,91.70216916672943,-1.243408203125,10.167886734008789,,,BLE
4e:0f:4b:c3:d6:27,4,Misc,2026-09-26 12:54:53,,7936,-100,26.18875989654578,91.70216916672943,-1.243408203125,10.167886734008789,,,BLE
0f:31:ac:20:a6:cc,,Uncategorized;10,2026-09-26 12:54:54,,7936,-102,26.188763395186044,91.70217974894129,-3.50421142578125,10.189062118530273,,,BLE
53:ff:d6:d8:9d:b9,,Uncategorized;10,2026-09-26 12:54:56,,7936,-94,26.188772320742135,91.70220829381967,-3.114166259765625,9.935046195983887,,76,BLE
79:f4:2c:46:22:c4,,Misc,2026-09-26 12:54:56,,,-82,26.188772320742135,91.70220829381967,-3.114166259765625,9.935046195983887,,,BLE
cb:c7:63:5a:43:6a,,Misc,2026-09-26 12:54:56,,,-90,26.188772320742135,91.70220829381967,-3.114166259765625,9.935046195983887,,76,BLE
b1:99:7f:54:e5:52,,Misc,2026-09-26 12:54:56,,,-102,26.188772320742135,91.70220829381967,-3.114166259765625,9.935046195983887,,1494,BLE
ef:cd:13:ef:67:7b,,Misc,2026-09-26 12:54:56,,,-70,26.188772320742135,91.70220829381967,-3.114166259765625,9.935046195983887,,76,BLE
53:32:28:36:61:56,,Uncategorized;10,2026-09-26 12:54:56,,7936,-84,26.188772320742135,91.70220829381967,-3.114166259765625,9.935046195983887,,76,BLE
5c:ce:35:c0:ef:70,OnePlus Nord Buds 3r,Misc,2026-09-26 12:54:56,,7936,-107,26.188772320742135,91.70220829381967,-3.114166259765625,9.935046195983887,,,BLE
5c:38:19:23:13:a7,,Misc,2026-09-26 12:54:56,,7936,-99,26.188772320742135,91.70220829381967,-3.114166259765625,9.935046195983887,,76,BLE
5b:ab:b3:b9:a6:50,OnePlus Nord Buds 3 Pro,Uncategorized,2026-09-26 12:54:56,,7936,-99,26.188772320742135,91.70220829381967,-3.114166259765625,9.935046195983887,,,BLE
4c:62:4f:78:2c:2f,,Misc,2026-09-26 12:54:56,,,-86,26.188772320742135,91.70220829381967,-3.114166259765625,9.935046195983887,,,BLE
ca:b2:c9:1e:0c:1d,JBL Tune 770NC-LE,Misc,2026-09-26 12:54:56,,7936,-72,26.188772320742135,91.70220829381967,-3.114166259765625,9.935046195983887,,,BLE
e3:86:19:c6:11:5f,,Misc,2026-09-26 12:54:56,,,-97,26.188772320742135,91.70220829381967,-3.114166259765625,9.935046195983887,,76,BLE
00:0a:45:44:6b:4b,"LE_ATH-M50xBT2 ",Uncategorized;10,2026-09-26 12:54:56,,7936,-84,26.188772320742135,91.70220829381967,-3.114166259765625,9.935046195983887,,1560,BLE
0c:9e:7a:0c:c1:d1,,Misc,2026-09-26 12:54:56,,7936,-97,26.188772320742135,91.70220829381967,-3.114166259765625,9.935046195983887,,,BLE
60:fa:36:d5:c3:13,,Uncategorized;10,2026-09-26 12:54:56,,7936,-105,26.188772320742135,91.70220829381967,-3.114166259765625,9.935046195983887,,76,BLE
4e:0f:4b:c3:d6:27,4,Misc,2026-09-26 12:54:56,,7936,-94,26.188772320742135,91.70220829381967,-3.114166259765625,9.935046195983887,,,BLE
f8:88:d7:a9:6d:90,,Misc,2026-09-26 12:54:56,,,-100,26.188772320742135,91.70220829381967,-3.114166259765625,9.935046195983887,,76,BLE
7a:29:f0:d8:81:7f,,Misc,2026-09-26 12:54:56,,,-99,26.188772320742135,91.70220829381967,-3.114166259765625,9.935046195983887,,76,BLE
15:6d:94:9a:90:7a,,Misc,2026-09-26 12:54:56,,,-103,26.188772320742135,91.70220829381967,-3.114166259765625,9.935046195983887,,6,BLE
2a:68:a6:c5:58:ee,,Misc,2026-09-26 12:54:56,,,-100,26.188772320742135,91.70220829381967,-3.114166259765625,9.935046195983887,,6,BLE
3a:7a:31:24:cf:88,,Misc,2026-09-26 12:54:56,,,-97,26.188772320742135,91.70220829381967,-3.114166259765625,9.935046195983887,,6,BLE
5e:33:d2:94:84:90,,Uncategorized;10,2026-09-26 12:54:56,,7936,-96,26.188772320742135,91.70220829381967,-3.114166259765625,9.935046195983887,,76,BLE
05:15:8b:ea:fd:2d,,Misc,2026-09-26 12:54:56,,,-103,26.188772320742135,91.70220829381967,-3.114166259765625,9.935046195983887,,,BLE
67:22:d0:68:35:e3,,Misc,2026-09-26 12:54:56,,7936,-96,26.188772320742135,91.70220829381967,-3.114166259765625,9.935046195983887,,76,BLE
21:cf:e1:cc:88:b5,,Misc,2026-09-26 12:54:56,,,-104,26.188772320742135,91.70220829381967,-3.114166259765625,9.935046195983887,,,BLE
0c:0c:56:37:3d:8b,,Misc,2026-09-26 12:54:56,,,-103,26.188772320742135,91.70220829381967,-3.114166259765625,9.935046195983887,,6,BLE
53:32:28:36:61:56,,Uncategorized;10,2026-09-26 12:54:57,,7936,-56,26.1887728811166,91.70220639507026,-3.098602294921875,9.935046195983887,,76,BLE
405855_5_4870848512,Assam,NR;405855,2026-09-26 12:54:57,634080,634080,-93,26.1887728811166,91.70220639507026,-3.098602294921875,9.935046195983887,,,NR
8c:90:2d:ca:46:40,Rock that Body,[WPA2-PSK-CCMP][RSN-PSK-CCMP][ESS][WPS],2026-09-26 12:54:58,2,2417,-79,26.18877322062417,91.70221779798787,-3.207611083984375,9.935046195983887,,,WIFI
a4:08:53:60:38:bb,Airtel_bidi_7996,[WPA2-PSK-CCMP][RSN-PSK-CCMP][ESS],2026-09-26 12:54:58,52,5260,-47,26.18877322062417,91.70221779798787,-3.207611083984375,9.935046195983887,,,WIFI
bc:22:28:b6:4f:d5,ASS,[WPA2-PSK-CCMP][RSN-PSK-CCMP][ESS],2026-09-26 12:54:58,7,2442,-79,26.18877322062417,91.70221779798787,-3.207611083984375,9.935046195983887,,,WIFI
40:86:cb:2a:db:fc,mBappu,[WPA2-PSK-CCMP][RSN-PSK-CCMP][ESS],2026-09-26 12:54:58,13,2472,-79,26.18877322062417,91.70221779798787,-3.207611083984375,9.935046195983887,,,WIFI
ba:08:53:60:38:bb,,[WPA2-PSK-CCMP][RSN-PSK-CCMP][ESS],2026-09-26 12:54:58,52,5260,-47,26.18877322062417,91.70221779798787,-3.207611083984375,9.935046195983887,,,WIFI
b6:08:53:60:38:bb,,[WPA2-PSK-CCMP][RSN-PSK-CCMP][ESS],2026-09-26 12:54:58,52,5260,-48,26.18877322062417,91.70221779798787,-3.207611083984375,9.935046195983887,,,WIFI
8e:40:80:47:88:a6,Shridhar's iQOO,[WPA2-PSK-CCMP][RSN-PSK+SAE-CCMP][ESS],2026-09-26 12:54:58,6,2437,-78,26.18877322062417,91.70221779798787,-3.207611083984375,9.935046195983887,,,WIFI
24:2f:d0:c1:d8:94,Arnav Anmol,[WPA2-PSK-TKIP+CCMP][RSN-PSK-TKIP+CCMP][ESS][WPS],2026-09-26 12:54:58,4,2427,-82,26.18877322062417,91.70221779798787,-3.207611083984375,9.935046195983887,,,WIFI
7b:45:c3:29:aa:06,,Uncategorized;10,2026-09-26 12:54:59,,7936,-81,26.188770492720504,91.70222503000461,-3.267974853515625,9.935046195983887,,,BLE
57:a5:8c:62:52:24,,Uncategorized;10,2026-09-26 12:54:59,,7936,-96,26.188770492720504,91.70222503000461,-3.267974853515625,9.935046195983887,,,BLE
5f:27:35:7e:cb:51,MITHUNREDDY214,Uncategorized;10,2026-09-26 12:54:59,,7936,-87,26.188770492720504,91.70222503000461,-3.267974853515625,9.935046195983887,,,BLE
5b:80:f1:79:69:93,,Uncategorized;10,2026-09-26 12:54:59,,7936,-87,26.188770492720504,91.70222503000461,-3.267974853515625,9.935046195983887,,,BLE
74:16:38:05:75:47,,Uncategorized;10,2026-09-26 12:54:59,,7936,-96,26.188770492720504,91.70222503000461,-3.267974853515625,9.935046195983887,,,BLE
7b:45:c3:29:aa:06,,Uncategorized;10,2026-09-26 12:55:01,,7936,-83,26.188748711824054,91.70224936567958,-3.391357421875,9.935046195983887,,76,BLE
12:a4:4d:73:55:8e,,Misc,2026-09-26 12:55:01,,,-87,26.188748711824054,91.70224936567958,-3.391357421875,9.935046195983887,,6,BLE
b1:99:7f:54:e5:52,,Misc,2026-09-26 12:55:01,,,-90,26.188748711824054,91.70224936567958,-3.391357421875,9.935046195983887,,1494,BLE
02:04:91:82:dd:7c,,Misc,2026-09-26 12:55:01,,,-94,26.188748711824054,91.70224936567958,-3.391357421875,9.935046195983887,,6,BLE
ef:cd:13:ef:67:7b,,Misc,2026-09-26 12:55:01,,,-62,26.188748711824054,91.70224936567958,-3.391357421875,9.935046195983887,,76,BLE
7d:06:eb:c4:50:e1,,Misc,2026-09-26 12:55:01,,,-100,26.188748711824054,91.70224936567958,-3.391357421875,9.935046195983887,,,BLE
5b:80:f1:79:69:93,,Uncategorized;10,2026-09-26 12:55:01,,7936,-103,26.188748711824054,91.70224936567958,-3.391357421875,9.935046195983887,,76,BLE
51:a6:b7:52:ed:3b,OnePlus Nord Buds 3 Pro,Uncategorized,2026-09-26 12:55:01,,7936,-84,26.188748711824054,91.70224936567958,-3.391357421875,9.935046195983887,,,BLE
14:e7:34:e2:2c:4e,,Misc,2026-09-26 12:55:01,,,-103,26.188748711824054,91.70224936567958,-3.391357421875,9.935046195983887,,6,BLE
37:ad:5f:0a:9b:cf,,Uncategorized;10,2026-09-26 12:55:01,,7936,-102,26.188748711824054,91.70224936567958,-3.391357421875,9.935046195983887,,,BLE
74:16:38:05:75:47,,Uncategorized;10,2026-09-26 12:55:01,,7936,-84,26.188748711824054,91.70224936567958,-3.391357421875,9.935046195983887,,,BLE
75:68:09:d5:7b:3b,,Uncategorized;10,2026-09-26 12:55:02,,7936,-101,26.18874537643282,91.70224418878165,-3.5830078125,9.935046195983887,,,BLE
5c:38:19:23:13:a7,,Misc,2026-09-26 12:55:03,,7936,-94,26.188735148639843,91.70225332275689,-2.02105712890625,9.935046195983887,,76,BLE
6d:cf:d9:3b:35:7f,,Uncategorized;10,2026-09-26 12:55:05,,7936,-96,26.188715056025792,91.70226425987443,3.169708251953125,10.025607109069824,,,BLE
65:0d:0f:06:1d:9a,,Uncategorized;10,2026-09-26 12:55:05,,7936,-92,26.188715056025792,91.70226425987443,3.169708251953125,10.025607109069824,,,BLE
34:eb:84:89:37:26,,Misc,2026-09-26 12:55:06,,,-97,26.188705028558886,91.70226748078291,4.538818359375,10.195196151733398,,6,BLE
75:68:09:d5:7b:3b,,Uncategorized;10,2026-09-26 12:55:06,,7936,-90,26.188705028558886,91.70226748078291,4.538818359375,10.195196151733398,,76,BLE
5c:38:19:23:13:a7,,Misc,2026-09-26 12:55:06,,7936,-83,26.188705028558886,91.70226748078291,4.538818359375,10.195196151733398,,76,BLE
3c:8d:98:f1:c8:08,,Misc,2026-09-26 12:55:06,,,-101,26.188705028558886,91.70226748078291,4.538818359375,10.195196151733398,,,BLE
c0:1a:de:72:16:0a,Nirvana Ion-LE,Misc,2026-09-26 12:55:06,,7936,-100,26.188705028558886,91.70226748078291,4.538818359375,10.195196151733398,,,BLE
4e:0f:4b:c3:d6:27,4,Misc,2026-09-26 12:55:06,,7936,-82,26.188705028558886,91.70226748078291,4.538818359375,10.195196151733398,,,BLE
f5:61:7f:ae:36:95,JLab JBuds Lux ANC(BLE),Uncategorized,2026-09-26 12:55:06,,7936,-96,26.188705028558886,91.70226748078291,4.538818359375,10.195196151733398,,,BLE
6d:cf:d9:3b:35:7f,,Uncategorized;10,2026-09-26 12:55:06,,7936,-98,26.188705028558886,91.70226748078291,4.538818359375,10.195196151733398,,76,BLE
4e:0f:4b:c3:d6:27,4,Misc,2026-09-26 12:55:06,,7936,-68,26.188705028558886,91.70226748078291,4.538818359375,10.195196151733398,,,BLE
16:fd:41:67:bb:1a,,Misc,2026-09-26 12:55:06,,,-96,26.188705028558886,91.70226748078291,4.538818359375,10.195196151733398,,6,BLE
f6:37:b9:a2:be:a8,,Misc,2026-09-26 12:55:06,,,-99,26.188705028558886,91.70226748078291,4.538818359375,10.195196151733398,,76,BLE
405855_5_4870848512,Assam,NR;405855,2026-09-26 12:55:07,634080,634080,-84,26.188694982815974,91.70227040988644,6.282989501953125,10.379430770874023,,,NR
7d:af:20:ad:58:74,,Uncategorized;10,2026-09-26 12:55:08,,7936,-102,26.188677805016816,91.70227629744883,8.019927978515625,10.400749206542969,,,BLE
7a:52:c1:f0:0b:e7,,Uncategorized;10,2026-09-26 12:55:08,,7936,-98,26.188677805016816,91.70227629744883,8.019927978515625,10.400749206542969,,,BLE
53:96:72:ab:62:ac,,Uncategorized;10,2026-09-26 12:55:08,,7936,-99,26.188677805016816,91.70227629744883,8.019927978515625,10.400749206542969,,,BLE
0e:50:06:b8:2a:bd,,Uncategorized;10,2026-09-26 12:55:10,,7936,-99,26.188666772260163,91.70228087867403,9.7490234375,10.35350513458252,,,BLE
25:9a:6c:ff:b5:21,,Misc,2026-09-26 12:55:11,,,-99,26.188658001432398,91.70228691608793,5.47564697265625,10.401529312133789,,6,BLE
7f:c0:f0:98:19:c5,JARVIS,Misc,2026-09-26 12:55:11,,7936,-105,26.188658001432398,91.70228691608793,5.47564697265625,10.401529312133789,,,BLE
52:b7:d9:68:f1:96,,Misc,2026-09-26 12:55:11,,,-98,26.188658001432398,91.70228691608793,5.47564697265625,10.401529312133789,,,BLE
be:69:9a:15:5b:00,MELK-OA10   31,Misc,2026-09-26 12:55:11,,,-103,26.188658001432398,91.70228691608793,5.47564697265625,10.401529312133789,,,BLE
28:a7:4e:b8:83:c5,,Misc,2026-09-26 12:55:11,,,-104,26.188658001432398,91.70228691608793,5.47564697265625,10.401529312133789,,6,BLE
0f:7c:4c:1b:02:a6,,Misc,2026-09-26 12:55:11,,,-106,26.188658001432398,91.70228691608793,5.47564697265625,10.401529312133789,,,BLE
7a:52:c1:f0:0b:e7,,Uncategorized;10,2026-09-26 12:55:11,,7936,-98,26.188658001432398,91.70228691608793,5.47564697265625,10.401529312133789,,76,BLE
5b:80:f1:79:69:93,,Uncategorized;10,2026-09-26 12:55:11,,7936,-91,26.188658001432398,91.70228691608793,5.47564697265625,10.401529312133789,,76,BLE
d0:4a:13:3f:96:d6,,Misc,2026-09-26 12:55:11,,,-97,26.188658001432398,91.70228691608793,5.47564697265625,10.401529312133789,,76,BLE
78:02:10:96:bc:ca,,Misc,2026-09-26 12:55:11,,7936,-101,26.188658001432398,91.70228691608793,5.47564697265625,10.401529312133789,,76,BLE
36:99:74:53:15:a7,,Misc,2026-09-26 12:55:11,,,-101,26.188658001432398,91.70228691608793,5.47564697265625,10.401529312133789,,6,BLE
6f:4a:72:2d:0d:a7,,Misc,2026-09-26 12:55:11,,7936,-98,26.188658001432398,91.70228691608793,5.47564697265625,10.401529312133789,,,BLE
30:1b:70:7e:f8:45,,Misc,2026-09-26 12:55:11,,7936,-99,26.188658001432398,91.70228691608793,5.47564697265625,10.401529312133789,,,BLE
7d:af:20:ad:58:74,,Uncategorized;10,2026-09-26 12:55:11,,7936,-102,26.188658001432398,91.70228691608793,5.47564697265625,10.401529312133789,,76,BLE
e3:86:19:c6:11:5f,,Misc,2026-09-26 12:55:11,,,-71,26.188658001432398,91.70228691608793,5.47564697265625,10.401529312133789,,76,BLE
60:fa:36:d5:c3:13,,Uncategorized;10,2026-09-26 12:55:11,,7936,-91,26.188658001432398,91.70228691608793,5.47564697265625,10.401529312133789,,76,BLE
7d:5b:eb:ae:07:88,,Misc,2026-09-26 12:55:11,,7936,-105,26.188658001432398,91.70228691608793,5.47564697265625,10.401529312133789,,76,BLE
42:90:d7:10:4f:71,,Misc,2026-09-26 12:55:11,,,-101,26.188658001432398,91.70228691608793,5.47564697265625,10.401529312133789,,76,BLE
53:96:72:ab:62:ac,,Uncategorized;10,2026-09-26 12:55:11,,7936,-96,26.188658001432398,91.70228691608793,5.47564697265625,10.401529312133789,,76,BLE
20:7f:96:b1:85:cc,,Misc,2026-09-26 12:55:11,,,-90,26.188658001432398,91.70228691608793,5.47564697265625,10.401529312133789,,6,BLE
0e:25:c8:01:03:5e,,Misc,2026-09-26 12:55:11,,,-102,26.188658001432398,91.70228691608793,5.47564697265625,10.401529312133789,,6,BLE
7d:af:20:ad:58:74,,Uncategorized;10,2026-09-26 12:55:12,,7936,-92,26.188648479301495,91.70229415531145,4.298919677734375,10.361063003540039,,76,BLE
7f:c0:f0:98:19:c5,JARVIS,Misc,2026-09-26 12:55:13,,7936,-92,26.18863722019138,91.70230247910143,0.354156494140625,10.03935432434082,,,BLE
39:68:37:28:65:56,,Uncategorized;10,2026-09-26 12:55:13,,7936,-103,26.18863722019138,91.70230247910143,0.354156494140625,10.03935432434082,,,BLE
5b:eb:bf:65:e6:1a,,Uncategorized;10,2026-09-26 12:55:13,,7936,-92,26.18863722019138,91.70230247910143,0.354156494140625,10.03935432434082,,,BLE
4f:98:3c:4c:87:70,,Uncategorized;10,2026-09-26 12:55:13,,7936,-99,26.18863722019138,91.70230247910143,0.354156494140625,10.03935432434082,,,BLE
5d:43:ef:5a:5a:2c,,Uncategorized;10,2026-09-26 12:55:14,,7936,-99,26.188624696601046,91.7023125761419,3.997039794921875,9.935046195983887,,,BLE
5b:eb:bf:65:e6:1a,,Uncategorized;10,2026-09-26 12:55:15,,7936,-85,26.188612164990793,91.70232332426053,1.946990966796875,9.935046195983887,,,BLE
30:1b:70:7e:f8:45,,Misc,2026-09-26 12:55:16,,7936,-93,26.188599196672477,91.70233469462426,3.12969970703125,9.935046195983887,,,BLE
25:9a:6c:ff:b5:21,,Misc,2026-09-26 12:55:16,,,-89,26.188599196672477,91.70233469462426,3.12969970703125,9.935046195983887,,6,BLE
0f:7c:4c:1b:02:a6,,Misc,2026-09-26 12:55:16,,,-93,26.188599196672477,91.70233469462426,3.12969970703125,9.935046195983887,,,BLE
1c:61:06:84:11:f4,,Misc,2026-09-26 12:55:16,,7936,-104,26.188599196672477,91.70233469462426,3.12969970703125,9.935046195983887,,,BLE
42:90:d7:10:4f:71,,Misc,2026-09-26 12:55:16,,,-91,26.188599196672477,91.70233469462426,3.12969970703125,9.935046195983887,,76,BLE
e1:0a:d2:ad:6e:bb,,Misc,2026-09-26 12:55:16,,,-90,26.188599196672477,91.70233469462426,3.12969970703125,9.935046195983887,,76,BLE
5d:43:ef:5a:5a:2c,,Uncategorized;10,2026-09-26 12:55:16,,7936,-98,26.188599196672477,91.70233469462426,3.12969970703125,9.935046195983887,,76,BLE
5d:67:9e:fe:03:5a,,Misc,2026-09-26 12:55:16,,,-106,26.188599196672477,91.70233469462426,3.12969970703125,9.935046195983887,,76,BLE
c7:e9:91:7c:b5:b6,,Misc,2026-09-26 12:55:16,,,-99,26.188599196672477,91.70233469462426,3.12969970703125,9.935046195983887,,76,BLE
4f:98:3c:4c:87:70,,Uncategorized;10,2026-09-26 12:55:16,,7936,-99,26.188599196672477,91.70233469462426,3.12969970703125,9.935046195983887,,76,BLE
7e:59:a4:d8:4d:9d,,Uncategorized;10,2026-09-26 12:55:16,,7936,-101,26.188599196672477,91.70233469462426,3.12969970703125,9.935046195983887,,,BLE
405855_5_4870848512,Assam,NR;405855,2026-09-26 12:55:17,634080,634080,-78,26.188585580685153,91.7023459779957,3.589141845703125,9.935046195983887,,,NR
22:c4:fe:fc:d8:8e,,Uncategorized;10,2026-09-26 12:55:17,,7936,-104,26.188585580685153,91.7023459779957,3.589141845703125,9.935046195983887,,,BLE
7d:5b:eb:ae:07:88,,Misc,2026-09-26 12:55:17,,7936,-100,26.188585580685153,91.7023459779957,3.589141845703125,9.935046195983887,,76,BLE
5b:3c:13:c1:b0:54,,Uncategorized;10,2026-09-26 12:55:18,,7936,-94,26.188571356765266,91.70235655074215,5.2938232421875,9.935046195983887,,,BLE
43:2c:7d:ad:87:fa,,Uncategorized;10,2026-09-26 12:55:18,,7936,-95,26.188571356765266,91.70235655074215,5.2938232421875,9.935046195983887,,,BLE
16:fd:cf:dd:88:a6,,Uncategorized;10,2026-09-26 12:55:19,,7936,-103,26.188557336177855,91.7023664761983,5.3192138671875,9.935046195983887,,,BLE
31:3f:b4:a7:7d:59,,Uncategorized;10,2026-09-26 12:55:19,,7936,-99,26.188557336177855,91.7023664761983,5.3192138671875,9.935046195983887,,,BLE
6a:5e:55:20:1a:10,,Uncategorized;10,2026-09-26 12:55:20,,7936,-104,26.18854377264135,91.7023764029617,6.569732666015625,9.935046195983887,,,BLE
52:b7:d9:68:f1:96,,Misc,2026-09-26 12:55:21,,,-91,26.18853049098243,91.70238673480307,7.31060791015625,9.935046195983887,,,BLE
1b:69:98:d6:8b:ad,,Misc,2026-09-26 12:55:21,,,-93,26.18853049098243,91.70238673480307,7.31060791015625,9.935046195983887,,6,BLE
28:a7:4e:b8:83:c5,,Misc,2026-09-26 12:55:21,,,-93,26.18853049098243,91.70238673480307,7.31060791015625,9.935046195983887,,6,BLE
36:99:74:53:15:a7,,Misc,2026-09-26 12:55:21,,,-95,26.18853049098243,91.70238673480307,7.31060791015625,9.935046195983887,,6,BLE
22:a4:4f:5d:ce:af,,Misc,2026-09-26 12:55:21,,,-100,26.18853049098243,91.70238673480307,7.31060791015625,9.935046195983887,,,BLE
42:90:d7:10:4f:71,,Misc,2026-09-26 12:55:21,,,-86,26.18853049098243,91.70238673480307,7.31060791015625,9.935046195983887,,76,BLE
6a:5e:55:20:1a:10,,Uncategorized;10,2026-09-26 12:55:21,,7936,-104,26.18853049098243,91.70238673480307,7.31060791015625,9.935046195983887,,76,BLE
7e:59:a4:d8:4d:9d,,Uncategorized;10,2026-09-26 12:55:21,,7936,-101,26.18853049098243,91.70238673480307,7.31060791015625,9.935046195983887,,76,BLE
16:ed:2a:a8:09:11,,Misc,2026-09-26 12:55:21,,,-102,26.18853049098243,91.70238673480307,7.31060791015625,9.935046195983887,,,BLE
5d:43:ef:5a:5a:2c,,Uncategorized;10,2026-09-26 12:55:21,,7936,-89,26.18853049098243,91.70238673480307,7.31060791015625,9.935046195983887,,76,BLE
dd:1d:c1:b4:d0:41,,Misc,2026-09-26 12:55:21,,,-101,26.18853049098243,91.70238673480307,7.31060791015625,9.935046195983887,,76,BLE
51:4e:70:46:5c:6f,650 Pro_BLE,Misc,2026-09-26 12:55:21,,7936,-107,26.18853049098243,91.70238673480307,7.31060791015625,9.935046195983887,,23515,BLE
54:73:fc:37:5b:ac,,Misc,2026-09-26 12:55:21,,7936,-97,26.18853049098243,91.70238673480307,7.31060791015625,9.935046195983887,,,BLE
e2:b1:7f:ae:36:95,JLab JBuds Lux ANC(BLE),Uncategorized,2026-09-26 12:55:21,,7936,-96,26.18853049098243,91.70238673480307,7.31060791015625,9.935046195983887,,,BLE
ea:84:8d:46:a6:95,,Misc,2026-09-26 12:55:21,,,-89,26.18853049098243,91.70238673480307,7.31060791015625,9.935046195983887,,76,BLE
53:96:72:ab:62:ac,,Uncategorized;10,2026-09-26 12:55:21,,7936,-90,26.18853049098243,91.70238673480307,7.31060791015625,9.935046195983887,,76,BLE
02:13:24:4a:78:66,,Uncategorized;10,2026-09-26 12:55:21,,7936,-102,26.18853049098243,91.70238673480307,7.31060791015625,9.935046195983887,,,BLE
38:3d:10:53:52:60,,Uncategorized;10,2026-09-26 12:55:22,,7936,-105,26.188517142041082,91.70239616226252,7.6268310546875,9.935046195983887,,,BLE
37:f6:11:2d:eb:f6,,Uncategorized;10,2026-09-26 12:55:24,,7936,-103,26.18848732492725,91.70241726835337,7.3133544921875,9.935046195983887,,,BLE
fc:6d:77:3c:ac:7a,GOB7_LENOVO,Laptop;10,2026-09-26 12:55:25,,268,-93,26.18847483478901,91.70242705004019,7.506866455078125,9.935046195983887,,,BT
0e:50:06:b8:2a:bd,,Uncategorized;10,2026-09-26 12:55:26,,7936,-84,26.18846786925148,91.70243247657574,7.92547607421875,9.935046195983887,,,BLE
78:02:10:96:bc:ca,,Misc,2026-09-26 12:55:26,,7936,-94,26.18846786925148,91.70243247657574,7.92547607421875,9.935046195983887,,76,BLE
e2:b1:7f:ae:36:95,JLab JBuds Lux ANC(BLE),Uncategorized,2026-09-26 12:55:26,,7936,-87,26.18846786925148,91.70243247657574,7.92547607421875,9.935046195983887,,,BLE
dd:1d:c1:b4:d0:41,,Misc,2026-09-26 12:55:26,,,-91,26.18846786925148,91.70243247657574,7.92547607421875,9.935046195983887,,76,BLE
7a:52:c1:f0:0b:e7,,Uncategorized;10,2026-09-26 12:55:26,,7936,-90,26.18846786925148,91.70243247657574,7.92547607421875,9.935046195983887,,76,BLE
6a:8d:96:eb:a2:53,,Misc,2026-09-26 12:55:26,,7936,-104,26.18846786925148,91.70243247657574,7.92547607421875,9.935046195983887,,76,BLE
5b:3c:13:c1:b0:54,,Uncategorized;10,2026-09-26 12:55:26,,7936,-85,26.18846786925148,91.70243247657574,7.92547607421875,9.935046195983887,,,BLE
7f:c0:f0:98:19:c5,JARVIS,Misc,2026-09-26 12:55:26,,7936,-84,26.18846786925148,91.70243247657574,7.92547607421875,9.935046195983887,,,BLE
43:2c:7d:ad:87:fa,,Uncategorized;10,2026-09-26 12:55:26,,7936,-83,26.18846786925148,91.70243247657574,7.92547607421875,9.935046195983887,,,BLE
16:fd:cf:dd:88:a6,,Uncategorized;10,2026-09-26 12:55:26,,7936,-94,26.18846786925148,91.70243247657574,7.92547607421875,9.935046195983887,,,BLE
7e:59:a4:d8:4d:9d,,Uncategorized;10,2026-09-26 12:55:28,,7936,-96,26.18844210431387,91.70244767200822,6.4947509765625,9.935046195983887,,76,BLE
47:dc:8a:5a:55:d2,,Uncategorized;10,2026-09-26 12:55:29,,7936,-94,26.18842998954709,91.70245386103096,6.735992431640625,9.935046195983887,,,BLE
7e:03:81:33:23:da,,Uncategorized;10,2026-09-26 12:55:29,,7936,-98,26.18842998954709,91.70245386103096,6.735992431640625,9.935046195983887,,,BLE
7e:9e:9d:34:1e:a7,,Misc,2026-09-26 12:55:31,,7936,-105,26.188413368818313,91.70247362057107,6.93994140625,9.935046195983887,,76,BLE
47:dc:8a:5a:55:d2,,Uncategorized;10,2026-09-26 12:55:31,,7936,-94,26.188413368818313,91.70247362057107,6.93994140625,9.935046195983887,,76,BLE
7e:03:81:33:23:da,,Uncategorized;10,2026-09-26 12:55:31,,7936,-98,26.188413368818313,91.70247362057107,6.93994140625,9.935046195983887,,76,BLE
4f:ad:df:44:90:bc,,Misc,2026-09-26 12:55:31,,,-104,26.188413368818313,91.70247362057107,6.93994140625,9.935046195983887,,76,BLE
77:8a:28:31:53:7f,,Misc,2026-09-26 12:55:31,,,-102,26.188413368818313,91.70247362057107,6.93994140625,9.935046195983887,,76,BLE
e2:eb:d5:f2:67:56,,Misc,2026-09-26 12:55:31,,,-106,26.188413368818313,91.70247362057107,6.93994140625,9.935046195983887,,76,BLE
51:4e:70:46:5c:6f,650 Pro_BLE,Misc,2026-09-26 12:55:31,,7936,-102,26.188413368818313,91.70247362057107,6.93994140625,9.935046195983887,,23515,BLE
39:68:37:28:65:56,,Uncategorized;10,2026-09-26 12:55:32,,7936,-98,26.188412076018622,91.70248535206541,6.753387451171875,9.935046195983887,,,BLE
55:1a:7f:ad:fc:d2,,Uncategorized;10,2026-09-26 12:55:32,,7936,-98,26.188412076018622,91.70248535206541,6.753387451171875,9.935046195983887,,,BLE
fc:6d:77:3c:ac:7a,GOB7_LENOVO,Laptop;10,2026-09-26 12:55:34,,268,-86,26.18841610422303,91.70250836439938,6.557525634765625,9.935046195983887,,,BT
1c:61:06:84:11:f4,,Misc,2026-09-26 12:55:34,,7936,-89,26.18841610422303,91.70250836439938,6.557525634765625,9.935046195983887,,,BLE
7e:9e:9d:34:1e:a7,,Misc,2026-09-26 12:55:36,,7936,-86,26.18842428085989,91.70253567454975,6.603271484375,9.935046195983887,,76,BLE
de:50:2e:7b:8d:13,,Misc,2026-09-26 12:55:36,,,-94,26.18842428085989,91.70253567454975,6.603271484375,9.935046195983887,,76,BLE
5b:5e:0a:0e:bb:66,Buds Core,Uncategorized,2026-09-26 12:55:36,,7936,-100,26.18842428085989,91.70253567454975,6.603271484375,9.935046195983887,,,BLE
0f:7c:4c:1b:02:a6,,Misc,2026-09-26 12:55:36,,,-87,26.18842428085989,91.70253567454975,6.603271484375,9.935046195983887,,,BLE
51:4e:70:46:5c:6f,650 Pro_BLE,Misc,2026-09-26 12:55:36,,7936,-78,26.18842428085989,91.70253567454975,6.603271484375,9.935046195983887,,23515,BLE
2d:af:22:06:25:f5,,Misc,2026-09-26 12:55:36,,,-99,26.18842428085989,91.70253567454975,6.603271484375,9.935046195983887,,,BLE
7e:59:a4:d8:4d:9d,,Uncategorized;10,2026-09-26 12:55:36,,7936,-91,26.18842428085989,91.70253567454975,6.603271484375,9.935046195983887,,76,BLE
ee:28:a7:26:65:c5,,Misc,2026-09-26 12:55:36,,,-91,26.18842428085989,91.70253567454975,6.603271484375,9.935046195983887,,76,BLE
7f:01:00:c0:fb:7b,LE_WI-C100,Misc,2026-09-26 12:55:36,,,-101,26.18842428085989,91.70253567454975,6.603271484375,9.935046195983887,,,BLE
62:a6:8a:8b:b7:e5,,Misc,2026-09-26 12:55:36,,,-97,26.18842428085989,91.70253567454975,6.603271484375,9.935046195983887,,76,BLE
19:7d:1f:d0:78:d5,,Misc,2026-09-26 12:55:36,,,-97,26.18842428085989,91.70253567454975,6.603271484375,9.935046195983887,,,BLE
55:1a:7f:ad:fc:d2,,Uncategorized;10,2026-09-26 12:55:36,,7936,-98,26.18842428085989,91.70253567454975,6.603271484375,9.935046195983887,,76,BLE
1a:ed:67:e4:e6:e3,,Misc,2026-09-26 12:55:36,,,-104,26.18842428085989,91.70253567454975,6.603271484375,9.935046195983887,,,BLE
405855_5_4870848512,Assam,NR;405855,2026-09-26 12:55:37,634080,634080,-72,26.188428556787716,91.7025484214288,6.844482421875,9.935046195983887,,,NR
405751_53815_205093376,Assam,LTE;405751,2026-09-26 12:55:37,1351,1351,-84,26.188428556787716,91.7025484214288,6.844482421875,9.935046195983887,,,LTE
69:a8:fe:32:04:5b,,Uncategorized;10,2026-09-26 12:55:38,,7936,-98,26.188432685686585,91.70256128683823,6.116363525390625,9.935046195983887,,,BLE
6f:4a:72:2d:0d:a7,,Misc,2026-09-26 12:55:39,,7936,-89,26.188436963557493,91.7025736133876,5.800628662109375,9.935046195983887,,,BLE
6a:5e:55:20:1a:10,,Uncategorized;10,2026-09-26 12:55:41,,7936,-94,26.188446582112235,91.7025969648925,5.963958740234375,9.935046195983887,,76,BLE
69:a8:fe:32:04:5b,,Uncategorized;10,2026-09-26 12:55:41,,7936,-97,26.188446582112235,91.7025969648925,5.963958740234375,9.935046195983887,,117,BLE
77:8a:28:31:53:7f,,Misc,2026-09-26 12:55:41,,,-96,26.188446582112235,91.7025969648925,5.963958740234375,9.935046195983887,,76,BLE
30:1b:70:7e:f8:45,,Misc,2026-09-26 12:55:41,,7936,-81,26.188446582112235,91.7025969648925,5.963958740234375,9.935046195983887,,,BLE
7a:52:c1:f0:0b:e7,,Uncategorized;10,2026-09-26 12:55:41,,7936,-85,26.188446582112235,91.7025969648925,5.963958740234375,9.935046195983887,,76,BLE
1c:61:06:84:11:f4,,Misc,2026-09-26 12:55:41,,7936,-70,26.188446582112235,91.7025969648925,5.963958740234375,9.935046195983887,,,BLE
52:b7:d9:68:f1:96,,Misc,2026-09-26 12:55:41,,,-85,26.188446582112235,91.7025969648925,5.963958740234375,9.935046195983887,,,BLE
1b:69:98:d6:8b:ad,,Misc,2026-09-26 12:55:46,,,-87,26.18847249721542,91.70265156214909,7.1234130859375,9.935046195983887,,6,BLE
54:73:fc:37:5b:ac,,Misc,2026-09-26 12:55:46,,7936,-92,26.18847249721542,91.70265156214909,7.1234130859375,9.935046195983887,,,BLE
3f:12:ce:67:3d:e9,,Misc,2026-09-26 12:55:51,,,-103,26.188492827943723,91.70271330002814,5.807159423828125,9.935046195983887,,6,BLE
26:bc:8b:be:b0:0f,,Misc,2026-09-26 12:55:51,,,-108,26.188492827943723,91.70271330002814,5.807159423828125,9.935046195983887,,6,BLE
5d:9c:ef:7d:1c:e9,Prime80,Misc,2026-09-26 12:55:51,,7936,-104,26.188492827943723,91.70271330002814,5.807159423828125,9.935046195983887,,58744,BLE
63:b4:99:d2:73:c4,,Misc,2026-09-26 12:55:51,,,-100,26.188492827943723,91.70271330002814,5.807159423828125,9.935046195983887,,76,BLE
62:46:31:b2:c6:ef,,Misc,2026-09-26 12:55:51,,,-95,26.188492827943723,91.70271330002814,5.807159423828125,9.935046195983887,,76,BLE
4d:ec:50:83:4d:94,PRIYANSHU,Misc,2026-09-26 12:55:51,,7936,-97,26.188492827943723,91.70271330002814,5.807159423828125,9.935046195983887,,,BLE
24:97:b3:37:8f:d5,,Misc,2026-09-26 12:55:51,,,-97,26.188492827943723,91.70271330002814,5.807159423828125,9.935046195983887,,6,BLE
63:b7:9a:de:36:59,,Misc,2026-09-26 12:55:51,,7936,-102,26.188492827943723,91.70271330002814,5.807159423828125,9.935046195983887,,76,BLE
44:c7:e5:e0:f1:c8,,Uncategorized;10,2026-09-26 12:55:51,,7936,-97,26.188492827943723,91.70271330002814,5.807159423828125,9.935046195983887,,,BLE
77:88:70:36:89:18,,Uncategorized;10,2026-09-26 12:55:55,,7936,-88,26.188508289080456,91.70275298645535,3.132049560546875,9.935046195983887,,,BLE
53:22:ab:d9:6d:32,,Uncategorized;10,2026-09-26 12:55:56,,7936,-102,26.18851207490256,91.70276494035554,1.795196533203125,9.935046195983887,,,BLE
5c:c5:49:40:6d:01,,Misc,2026-09-26 12:55:56,,7936,-102,26.18851207490256,91.70276494035554,1.795196533203125,9.935046195983887,,,BLE
77:88:70:36:89:18,,Uncategorized;10,2026-09-26 12:55:56,,7936,-95,26.18851207490256,91.70276494035554,1.795196533203125,9.935046195983887,,76,BLE
13:c8:26:a1:b3:a1,,Misc,2026-09-26 12:55:56,,,-103,26.18851207490256,91.70276494035554,1.795196533203125,9.935046195983887,,6,BLE
14:18:d5:aa:9f:7e,,Misc,2026-09-26 12:55:56,,,-99,26.18851207490256,91.70276494035554,1.795196533203125,9.935046195983887,,6,BLE
12:34:56:c2:bb:24,Stone Arc Pro Plus BLE,Uncategorized,2026-09-26 12:55:56,,7936,-92,26.18851207490256,91.70276494035554,1.795196533203125,9.935046195983887,,,BLE
e0:0b:c2:aa:ca:5d,,Misc,2026-09-26 12:55:56,,,-97,26.18851207490256,91.70276494035554,1.795196533203125,9.935046195983887,,76,BLE
c3:1a:92:c5:e4:e8,,Misc,2026-09-26 12:55:56,,,-100,26.18851207490256,91.70276494035554,1.795196533203125,9.935046195983887,,,BLE
e9:e2:1b:6f:46:1f,,Misc,2026-09-26 12:55:56,,,-105,26.18851207490256,91.70276494035554,1.795196533203125,9.935046195983887,,76,BLE
26:bc:8b:be:b0:0f,,Misc,2026-09-26 12:55:56,,,-102,26.18851207490256,91.70276494035554,1.795196533203125,9.935046195983887,,6,BLE
54:35:c8:f7:c8:dc,OnePlus Nord Buds 3r,Misc,2026-09-26 12:55:56,,7936,-97,26.18851207490256,91.70276494035554,1.795196533203125,9.935046195983887,,,BLE
78:79:84:28:aa:9e,,Misc,2026-09-26 12:55:56,,,-100,26.18851207490256,91.70276494035554,1.795196533203125,9.935046195983887,,,BLE
78:79:84:28:aa:9e,,Misc,2026-09-26 12:55:56,,,-85,26.18851207490256,91.70276494035554,1.795196533203125,9.935046195983887,,,BLE
16:81:c1:0d:ca:52,,Misc,2026-09-26 12:55:56,,,-105,26.18851207490256,91.70276494035554,1.795196533203125,9.935046195983887,,,BLE
5b:93:62:23:71:b0,RUDRALT,Misc,2026-09-26 12:55:56,,7936,-103,26.18851207490256,91.70276494035554,1.795196533203125,9.935046195983887,,,BLE
5c:c5:49:40:6d:01,,Misc,2026-09-26 12:55:59,,7936,-91,26.18851958085332,91.70281044596497,-1.504058837890625,9.935046195983887,,,BLE
77:88:70:36:89:18,,Uncategorized;10,2026-09-26 12:56:01,,7936,-84,26.18852048330317,91.70282968965286,-2.03289794921875,9.935046195983887,,76,BLE
5b:93:62:23:71:b0,RUDRALT,Misc,2026-09-26 12:56:01,,7936,-98,26.18852048330317,91.70282968965286,-2.03289794921875,9.935046195983887,,,BLE
1f:f2:c2:a8:b5:3b,,Misc,2026-09-26 12:56:01,,,-98,26.18852048330317,91.70282968965286,-2.03289794921875,9.935046195983887,,6,BLE
3f:12:ce:67:3d:e9,,Misc,2026-09-26 12:56:01,,,-91,26.18852048330317,91.70282968965286,-2.03289794921875,9.935046195983887,,6,BLE
4e:73:67:4f:5a:a9,Redmi 10,[WPA2-PSK-CCMP][RSN-PSK-CCMP][ESS],2026-09-26 12:56:03,1,2412,-81,26.188521936794274,91.70285476909434,-3.756103515625,9.935046195983887,,,WIFI
26:bc:8b:be:b0:0f,,Misc,2026-09-26 12:56:06,,,-94,26.188522988605808,91.7028909723978,-1.925018310546875,9.935046195983887,,6,BLE
ff:d5:5b:eb:ae:e3,,Misc,2026-09-26 12:56:06,,,-105,26.188522988605808,91.7028909723978,-1.925018310546875,9.935046195983887,,76,BLE
6f:9b:63:9f:15:5c,,Misc,2026-09-26 12:56:06,,,-97,26.188522988605808,91.7028909723978,-1.925018310546875,9.935046195983887,,76,BLE
c3:1a:92:c5:e4:e8,,Misc,2026-09-26 12:56:06,,,-80,26.188522988605808,91.7028909723978,-1.925018310546875,9.935046195983887,,,BLE
22:6a:8f:ca:55:5f,,Misc,2026-09-26 12:56:06,,,-101,26.188522988605808,91.7028909723978,-1.925018310546875,9.935046195983887,,,BLE
13:c8:26:a1:b3:a1,,Misc,2026-09-26 12:56:06,,,-86,26.188522988605808,91.7028909723978,-1.925018310546875,9.935046195983887,,6,BLE
4d:ec:50:83:4d:94,PRIYANSHU,Misc,2026-09-26 12:56:11,,7936,-92,26.18853346987471,91.70286536192664,-1.94952392578125,9.935046195983887,,,BLE
44:c7:e5:e0:f1:c8,,Uncategorized;10,2026-09-26 12:56:14,,7936,-92,26.18852860732621,91.70283527926495,-2.945526123046875,9.935046195983887,,,BLE
405751_53815_205213952,Assam,LTE;405751,2026-09-26 12:56:14,1351,1351,-91,26.18852860732621,91.70283527926495,-2.945526123046875,9.935046195983887,,,LTE
44:c7:e5:e0:f1:c8,,Uncategorized;10,2026-09-26 12:56:16,,7936,-81,26.18852273184333,91.7028087552097,-2.757476806640625,9.935046195983887,,,BLE
5d:9c:ef:7d:1c:e9,Prime80,Misc,2026-09-26 12:56:26,,7936,-99,26.188518288585332,91.70271482964793,-4.598907470703125,9.935046195983887,,58744,BLE
0d:5f:7b:31:60:c6,,Misc,2026-09-26 12:56:26,,,-95,26.188518288585332,91.70271482964793,-4.598907470703125,9.935046195983887,,,BLE
5d:9c:ef:7d:1c:e9,Prime80,Misc,2026-09-26 12:56:31,,7936,-94,26.18857233210307,91.70270879715065,-4.49871826171875,9.935046195983887,,58744,BLE
0d:5f:7b:31:60:c6,,Misc,2026-09-26 12:56:31,,,-86,26.18857233210307,91.70270879715065,-4.49871826171875,9.935046195983887,,,BLE
17:51:bf:7c:42:e7,,Uncategorized;10,2026-09-26 12:56:32,,7936,-99,26.188584096831796,91.70270927756593,-3.817474365234375,9.935046195983887,,,BLE
78:02:10:96:bc:ca,,Misc,2026-09-26 12:56:33,,7936,-82,26.188595259827387,91.70271009590749,-2.663116455078125,9.935046195983887,,76,BLE
64:55:d0:f2:90:a3,Boult Watch SF,Misc,2026-09-26 12:56:36,,,-99,26.18862772353253,91.70271165377595,-2.1600341796875,9.935046195983887,,,BLE
33:4b:e6:86:6e:c1,,Misc,2026-09-26 12:56:36,,,-102,26.18862772353253,91.70271165377595,-2.1600341796875,9.935046195983887,,,BLE
57:a5:8c:62:52:24,,Uncategorized;10,2026-09-26 12:56:37,,7936,-90,26.18863824227945,91.70271079298223,-1.526519775390625,9.935046195983887,,,BLE
5b:55:99:f7:e2:d2,,Misc,2026-09-26 12:56:41,,7936,-103,26.18868498175557,91.70270148981069,0.658538818359375,9.935046195983887,,76,BLE
02:04:91:82:dd:7c,,Misc,2026-09-26 12:56:41,,,-88,26.18868498175557,91.70270148981069,0.658538818359375,9.935046195983887,,6,BLE
19:1d:23:58:75:dd,,Misc,2026-09-26 12:56:41,,,-101,26.18868498175557,91.70270148981069,0.658538818359375,9.935046195983887,,,BLE
52:6d:8f:1e:7a:b8,Echo Dot-8W7,Uncategorized;10,2026-09-26 12:56:43,,7936,-103,26.188695721761963,91.70269986203952,1.5736083984375,9.935046195983887,,,BLE
7b:be:bb:a1:89:f2,,Uncategorized;10,2026-09-26 12:56:45,,7936,-105,26.188719012336094,91.70270543449224,1.527374267578125,9.935046195983887,,,BLE
fe:18:94:db:a3:26,,Misc,2026-09-26 12:56:46,,,-100,26.188724951350054,91.70271322915421,2.083160400390625,9.935046195983887,,76,BLE
45:60:cb:11:73:00,,Misc,2026-09-26 12:56:46,,7936,-97,26.188724951350054,91.70271322915421,2.083160400390625,9.935046195983887,,,BLE
63:b7:9a:de:36:59,,Misc,2026-09-26 12:56:46,,7936,-97,26.188724951350054,91.70271322915421,2.083160400390625,9.935046195983887,,76,BLE
23:3d:8e:bb:e3:ba,,Misc,2026-09-26 12:56:46,,7936,-90,26.188724951350054,91.70271322915421,2.083160400390625,9.935046195983887,,,BLE
18:20:36:01:07:42,,Misc,2026-09-26 12:56:46,,,-100,26.188724951350054,91.70271322915421,2.083160400390625,9.935046195983887,,6,BLE
47:95:86:ef:c9:3c,,Misc,2026-09-26 12:56:46,,7936,-102,26.188724951350054,91.70271322915421,2.083160400390625,9.935046195983887,,76,BLE
7b:be:bb:a1:89:f2,,Uncategorized;10,2026-09-26 12:56:46,,7936,-96,26.188724951350054,91.70271322915421,2.083160400390625,9.935046195983887,,76,BLE
38:eb:a1:e9:95:53,,Misc,2026-09-26 12:56:46,,,-103,26.188724951350054,91.70271322915421,2.083160400390625,9.935046195983887,,6,BLE
4f:94:0b:aa:e9:ad,,Misc,2026-09-26 12:56:51,,7936,-103,26.1887272773253,91.70277083126848,1.664093017578125,9.935046195983887,,76,BLE
55:75:e3:20:0a:ad,,Misc,2026-09-26 12:56:51,,,-97,26.1887272773253,91.70277083126848,1.664093017578125,9.935046195983887,,76,BLE
ee:15:2d:bf:a4:cd,,Misc,2026-09-26 12:56:51,,,-100,26.1887272773253,91.70277083126848,1.664093017578125,9.935046195983887,,76,BLE
2f:f4:84:ee:7a:6e,,Misc,2026-09-26 12:56:51,,,-100,26.1887272773253,91.70277083126848,1.664093017578125,9.935046195983887,,6,BLE
38:eb:a1:e9:95:53,,Misc,2026-09-26 12:56:51,,,-96,26.1887272773253,91.70277083126848,1.664093017578125,9.935046195983887,,6,BLE
5f:93:71:19:20:d7,,Misc,2026-09-26 12:56:51,,7936,-103,26.1887272773253,91.70277083126848,1.664093017578125,9.935046195983887,,76,BLE
78:8a:02:99:b7:5f,,Misc,2026-09-26 12:56:51,,7936,-104,26.1887272773253,91.70277083126848,1.664093017578125,9.935046195983887,,76,BLE
70:7a:9f:59:0f:83,,Misc,2026-09-26 12:56:51,,,-98,26.1887272773253,91.70277083126848,1.664093017578125,9.935046195983887,,,BLE
fe:18:94:db:a3:26,,Misc,2026-09-26 12:56:51,,,-91,26.1887272773253,91.70277083126848,1.664093017578125,9.935046195983887,,76,BLE
53:22:ab:d9:6d:32,,Uncategorized;10,2026-09-26 12:56:52,,7936,-95,26.188725893449956,91.7027828846788,1.367767333984375,9.935046195983887,,,BLE
7d:5a:7d:f3:7e:f5,,Uncategorized;10,2026-09-26 12:56:53,,7936,-101,26.18872504616238,91.70279469706553,0.39569091796875,9.935046195983887,,,BLE
4d:ec:50:83:4d:94,PRIYANSHU,Misc,2026-09-26 12:56:54,,7936,-85,26.18872354226219,91.70280486282174,1.418792724609375,9.935046195983887,,,BLE
41:66:0a:7b:7f:aa,,Uncategorized;10,2026-09-26 12:56:55,,7936,-101,26.188723399054446,91.70282143936599,2.305023193359375,9.935046195983887,,,BLE
53:22:ab:d9:6d:32,,Uncategorized;10,2026-09-26 12:56:55,,7936,-87,26.188723399054446,91.70282143936599,2.305023193359375,9.935046195983887,,,BLE
e9:e2:1b:6f:46:1f,,Misc,2026-09-26 12:56:56,,,-97,26.18872170410772,91.70283095329616,2.72698974609375,9.935046195983887,,76,BLE
41:66:0a:7b:7f:aa,,Uncategorized;10,2026-09-26 12:56:56,,7936,-101,26.18872170410772,91.70283095329616,2.72698974609375,9.935046195983887,,76,BLE
ee:15:2d:bf:a4:cd,,Misc,2026-09-26 12:56:56,,,-86,26.18872170410772,91.70283095329616,2.72698974609375,9.935046195983887,,76,BLE
12:34:56:c2:bb:24,Stone Arc Pro Plus BLE,Uncategorized,2026-09-26 12:56:56,,7936,-81,26.18872170410772,91.70283095329616,2.72698974609375,9.935046195983887,,,BLE
22:6a:8f:ca:55:5f,,Misc,2026-09-26 12:56:56,,,-89,26.18872170410772,91.70283095329616,2.72698974609375,9.935046195983887,,,BLE
5f:91:1f:94:0a:51,,Uncategorized;10,2026-09-26 12:56:57,,7936,-105,26.188719643478635,91.70284155451253,1.611419677734375,9.935046195983887,,,BLE
45:25:a0:11:57:c1,,Uncategorized;10,2026-09-26 12:56:58,,7936,-92,26.188718808845508,91.70284183427053,1.838470458984375,9.935046195983887,,,BLE
1c:91:80:c8:04:a7,Varaprasad’s MacBook Air,Laptop;10,2026-09-26 12:56:58,,268,-100,26.188718808845508,91.70284183427053,1.838470458984375,9.935046195983887,,,BT
405751_53815_205213952,Assam,LTE;405751,2026-09-26 12:56:58,1351,1351,-84,26.188718808845508,91.70284183427053,1.838470458984375,9.935046195983887,,,LTE
5f:93:71:19:20:d7,,Misc,2026-09-26 12:56:58,,7936,-98,26.188718808845508,91.70284183427053,1.838470458984375,9.935046195983887,,76,BLE
62:25:70:2d:75:34,,Uncategorized;10,2026-09-26 12:57:00,,7936,-100,26.188713707034356,91.70287540180121,1.97637939453125,9.935046195983887,,,BLE
70:ec:fd:47:25:7a,,Uncategorized;10,2026-09-26 12:57:01,,7936,-106,26.188713637246362,91.70287655751125,2.30316162109375,9.935046195983887,,,BLE
4a:07:1a:e6:d0:91,,Uncategorized;10,2026-09-26 12:57:01,,7936,-98,26.188713637246362,91.70287655751125,2.30316162109375,9.935046195983887,,,BLE
63:99:73:fd:2b:0c,,Misc,2026-09-26 12:57:01,,,-104,26.188713637246362,91.70287655751125,2.30316162109375,9.935046195983887,,76,BLE
12:33:d5:38:31:98,,Misc,2026-09-26 12:57:01,,,-91,26.188713637246362,91.70287655751125,2.30316162109375,9.935046195983887,,,BLE
54:35:c8:f7:c8:dc,OnePlus Nord Buds 3r,Misc,2026-09-26 12:57:01,,7936,-79,26.188713637246362,91.70287655751125,2.30316162109375,9.935046195983887,,,BLE
4b:57:a3:69:74:71,,Misc,2026-09-26 12:57:01,,,-99,26.188713637246362,91.70287655751125,2.30316162109375,9.935046195983887,,76,BLE
4a:07:1a:e6:d0:91,,Uncategorized;10,2026-09-26 12:57:01,,7936,-97,26.188713637246362,91.70287655751125,2.30316162109375,9.935046195983887,,76,BLE
22:6a:8f:ca:55:5f,,Misc,2026-09-26 12:57:01,,,-80,26.188713637246362,91.70287655751125,2.30316162109375,9.935046195983887,,,BLE
45:25:a0:11:57:c1,,Uncategorized;10,2026-09-26 12:57:01,,7936,-92,26.188713637246362,91.70287655751125,2.30316162109375,9.935046195983887,,76,BLE
78:8a:02:99:b7:5f,,Misc,2026-09-26 12:57:01,,7936,-97,26.188713637246362,91.70287655751125,2.30316162109375,9.935046195983887,,76,BLE
74:b5:d6:c6:14:81,,Misc,2026-09-26 12:57:01,,7936,-100,26.188713637246362,91.70287655751125,2.30316162109375,9.935046195983887,,76,BLE
5f:91:1f:94:0a:51,,Uncategorized;10,2026-09-26 12:57:01,,7936,-105,26.188713637246362,91.70287655751125,2.30316162109375,9.935046195983887,,76,BLE
ee:a0:e4:4a:ad:a9,,Misc,2026-09-26 12:57:01,,,-103,26.188713637246362,91.70287655751125,2.30316162109375,9.935046195983887,,76,BLE
7e:50:e6:8c:63:b3,,Misc,2026-09-26 12:57:01,,,-96,26.188713637246362,91.70287655751125,2.30316162109375,9.935046195983887,,76,BLE
5f:91:1f:94:0a:51,,Uncategorized;10,2026-09-26 12:57:01,,7936,-98,26.188713637246362,91.70287655751125,2.30316162109375,9.935046195983887,,76,BLE
e1:f4:ca:10:05:60,,Misc,2026-09-26 12:57:01,,,-91,26.188713637246362,91.70287655751125,2.30316162109375,9.935046195983887,,76,BLE
62:25:70:2d:75:34,,Uncategorized;10,2026-09-26 12:57:01,,7936,-100,26.188713637246362,91.70287655751125,2.30316162109375,9.935046195983887,,76,BLE
fa:3d:ca:40:91:9e,,Misc,2026-09-26 12:57:01,,,-96,26.188713637246362,91.70287655751125,2.30316162109375,9.935046195983887,,76,BLE
70:ec:fd:47:25:7a,,Uncategorized;10,2026-09-26 12:57:01,,7936,-104,26.188713637246362,91.70287655751125,2.30316162109375,9.935046195983887,,76,BLE
58:e8:d5:7a:9e:0e,,Uncategorized;10,2026-09-26 12:57:02,,7936,-100,26.18871275263653,91.70289035571574,2.92535400390625,9.935046195983887,,,BLE
76:d6:72:fe:1b:17,,Uncategorized;10,2026-09-26 12:57:02,,7936,-100,26.18871275263653,91.70289035571574,2.92535400390625,9.935046195983887,,,BLE
4f:94:0b:aa:e9:ad,,Misc,2026-09-26 12:57:02,,7936,-93,26.18871275263653,91.70289035571574,2.92535400390625,9.935046195983887,,76,BLE
40:8b:c3:af:13:d8,,Uncategorized;10,2026-09-26 12:57:02,,7936,-102,26.18871275263653,91.70289035571574,2.92535400390625,9.935046195983887,,,BLE
74:b5:d6:c6:14:81,,Misc,2026-09-26 12:57:02,,7936,-91,26.18871275263653,91.70289035571574,2.92535400390625,9.935046195983887,,76,BLE
66:f5:d4:8c:c5:f7,,Uncategorized;10,2026-09-26 12:57:02,,7936,-91,26.18871275263653,91.70289035571574,2.92535400390625,9.935046195983887,,,BLE
4c:c0:62:b9:8b:98,,Uncategorized;10,2026-09-26 12:57:03,,7936,-103,26.188714709638756,91.70290105753658,4.350677490234375,9.935046195983887,,,BLE
40:8b:c3:af:13:d8,,Uncategorized;10,2026-09-26 12:57:06,,7936,-99,26.188731017983187,91.70289565723817,3.324554443359375,9.935046195983887,,76,BLE
43:4b:1e:ff:4c:3a,,Misc,2026-09-26 12:57:06,,,-104,26.188731017983187,91.70289565723817,3.324554443359375,9.935046195983887,,76,BLE
4b:57:a3:69:74:71,,Misc,2026-09-26 12:57:06,,,-94,26.188731017983187,91.70289565723817,3.324554443359375,9.935046195983887,,76,BLE
67:2d:a3:14:7b:d4,KANHAVPC,Misc,2026-09-26 12:57:06,,7936,-104,26.188731017983187,91.70289565723817,3.324554443359375,9.935046195983887,,,BLE
5f:91:1f:94:0a:51,,Uncategorized;10,2026-09-26 12:57:06,,7936,-90,26.188731017983187,91.70289565723817,3.324554443359375,9.935046195983887,,76,BLE
ed:0b:0b:a8:37:9a,,Misc,2026-09-26 12:57:06,,,-95,26.188731017983187,91.70289565723817,3.324554443359375,9.935046195983887,,76,BLE
4c:c0:62:b9:8b:98,,Uncategorized;10,2026-09-26 12:57:06,,7936,-103,26.188731017983187,91.70289565723817,3.324554443359375,9.935046195983887,,76,BLE
58:e8:d5:7a:9e:0e,,Uncategorized;10,2026-09-26 12:57:06,,7936,-100,26.188731017983187,91.70289565723817,3.324554443359375,9.935046195983887,,76,BLE
e1:f4:ca:10:05:60,,Misc,2026-09-26 12:57:06,,,-85,26.188731017983187,91.70289565723817,3.324554443359375,9.935046195983887,,76,BLE
66:f5:d4:8c:c5:f7,,Uncategorized;10,2026-09-26 12:57:06,,7936,-91,26.188731017983187,91.70289565723817,3.324554443359375,9.935046195983887,,76,BLE
55:3c:8f:54:49:9b,Binit's JBL,Misc,2026-09-26 12:57:06,,,-92,26.188731017983187,91.70289565723817,3.324554443359375,9.935046195983887,,87,BLE
3e:d1:61:e3:d9:7c,,Misc,2026-09-26 12:57:06,,,-103,26.188731017983187,91.70289565723817,3.324554443359375,9.935046195983887,,6,BLE
76:d6:72:fe:1b:17,,Uncategorized;10,2026-09-26 12:57:06,,7936,-100,26.188731017983187,91.70289565723817,3.324554443359375,9.935046195983887,,76,BLE
4d:33:b0:12:67:56,,Uncategorized;10,2026-09-26 12:57:12,,7936,-100,26.188732290167156,91.70281142410072,2.07818603515625,9.935046195983887,,,BLE
5b:a6:5b:d5:a7:a6,,Uncategorized;10,2026-09-26 12:57:14,,7936,-103,26.18872774336365,91.70278591643371,1.36907958984375,9.935046195983887,,,BLE
59:cb:b5:c5:29:81,,Uncategorized;10,2026-09-26 12:57:14,,7936,-99,26.18872774336365,91.70278591643371,1.36907958984375,9.935046195983887,,,BLE
5b:93:62:23:71:b0,RUDRALT,Misc,2026-09-26 12:57:15,,7936,-93,26.188724183107748,91.70276772665339,1.7735595703125,9.935046195983887,,,BLE
67:2d:a3:14:7b:d4,KANHAVPC,Misc,2026-09-26 12:57:15,,7936,-99,26.188724183107748,91.70276772665339,1.7735595703125,9.935046195983887,,,BLE
67:2d:a3:14:7b:d4,KANHAVPC,Misc,2026-09-26 12:57:16,,7936,-90,26.188721115067814,91.70276505453512,1.08685302734375,9.935046195983887,,,BLE
4c:c0:62:b9:8b:98,,Uncategorized;10,2026-09-26 12:57:16,,7936,-95,26.188721115067814,91.70276505453512,1.08685302734375,9.935046195983887,,76,BLE
2f:47:37:5a:8b:09,,Uncategorized;10,2026-09-26 12:57:16,,7936,-98,26.188721115067814,91.70276505453512,1.08685302734375,9.935046195983887,,,BLE
70:ec:fd:47:25:7a,,Uncategorized;10,2026-09-26 12:57:16,,7936,-96,26.188721115067814,91.70276505453512,1.08685302734375,9.935046195983887,,76,BLE
71:da:46:d8:c6:b0,,Misc,2026-09-26 12:57:16,,,-102,26.188721115067814,91.70276505453512,1.08685302734375,9.935046195983887,,,BLE
3e:d1:61:e3:d9:7c,,Misc,2026-09-26 12:57:16,,,-97,26.188721115067814,91.70276505453512,1.08685302734375,9.935046195983887,,6,BLE
31:de:9d:84:04:80,,Misc,2026-09-26 12:57:16,,,-94,26.188721115067814,91.70276505453512,1.08685302734375,9.935046195983887,,,BLE
5b:a6:5b:d5:a7:a6,,Uncategorized;10,2026-09-26 12:57:16,,7936,-103,26.188721115067814,91.70276505453512,1.08685302734375,9.935046195983887,,76,BLE
5b:55:99:f7:e2:d2,,Misc,2026-09-26 12:57:22,,7936,-93,26.188695801980963,91.70270079805441,2.258636474609375,9.935046195983887,,76,BLE
5f:ac:0f:52:5d:ee,,Misc,2026-09-26 12:57:26,,,-101,26.188683570123917,91.70266303923479,1.277618408203125,9.935046195983887,,76,BLE
4e:0f:4b:c3:d6:27,4,Misc,2026-09-26 12:57:26,,7936,-93,26.188683570123917,91.70266303923479,1.277618408203125,9.935046195983887,,76,BLE
1b:69:98:d6:8b:ad,,Misc,2026-09-26 12:57:26,,,-79,26.188683570123917,91.70266303923479,1.277618408203125,9.935046195983887,,6,BLE
17:51:bf:7c:42:e7,,Uncategorized;10,2026-09-26 12:57:28,,7936,-92,26.18867851610051,91.70263549630076,3.480743408203125,9.935046195983887,,,BLE
7d:5b:eb:ae:07:88,,Misc,2026-09-26 12:57:31,,7936,-91,26.18867617498378,91.70261240661664,5.33135986328125,10.159158706665039,,76,BLE
6a:5e:55:20:1a:10,,Uncategorized;10,2026-09-26 12:57:31,,7936,-76,26.18867617498378,91.70261240661664,5.33135986328125,10.159158706665039,,76,BLE
6a:8d:96:eb:a2:53,,Misc,2026-09-26 12:57:31,,7936,-99,26.18867617498378,91.70261240661664,5.33135986328125,10.159158706665039,,76,BLE
d9:b0:5c:98:73:f8,,Misc,2026-09-26 12:57:31,,,-92,26.18867617498378,91.70261240661664,5.33135986328125,10.159158706665039,,76,BLE
77:8a:28:31:53:7f,,Misc,2026-09-26 12:57:31,,,-90,26.18867617498378,91.70261240661664,5.33135986328125,10.159158706665039,,76,BLE
31:9c:df:3f:27:b4,,Uncategorized;10,2026-09-26 12:57:33,,7936,-101,26.188674273277762,91.70258773039124,6.933807373046875,10.013983726501465,,,BLE
36:99:74:53:15:a7,,Misc,2026-09-26 12:57:36,,,-89,26.188669470769124,91.70255339404952,6.895660400390625,9.935046195983887,,6,BLE
4e:0f:4b:c3:d6:27,4,Misc,2026-09-26 12:57:36,,7936,-87,26.188669470769124,91.70255339404952,6.895660400390625,9.935046195983887,,76,BLE
f6:85:24:a2:87:8f,,Misc,2026-09-26 12:57:36,,,-102,26.188669470769124,91.70255339404952,6.895660400390625,9.935046195983887,,76,BLE
47:95:86:ef:c9:3c,,Misc,2026-09-26 12:57:36,,7936,-96,26.188669470769124,91.70255339404952,6.895660400390625,9.935046195983887,,76,BLE
4f:98:3c:4c:87:70,,Uncategorized;10,2026-09-26 12:57:36,,7936,-92,26.188669470769124,91.70255339404952,6.895660400390625,9.935046195983887,,76,BLE
67:a6:81:02:a7:de,,Misc,2026-09-26 12:57:36,,,-102,26.188669470769124,91.70255339404952,6.895660400390625,9.935046195983887,,76,BLE
7e:9e:9d:34:1e:a7,,Misc,2026-09-26 12:57:36,,7936,-69,26.188669470769124,91.70255339404952,6.895660400390625,9.935046195983887,,76,BLE
6c:28:5e:90:05:82,,Uncategorized;10,2026-09-26 12:57:40,,7936,-100,26.188657785128065,91.70249755384506,8.3463134765625,9.935046195983887,,,BLE
4e:0f:4b:c3:d6:27,4,Misc,2026-09-26 12:57:41,,7936,-68,26.188657558499155,91.7024843847651,8.004119873046875,9.935046195983887,,76,BLE
fc:1c:d3:be:54:6c,,Misc,2026-09-26 12:57:41,,,-103,26.188657558499155,91.7024843847651,8.004119873046875,9.935046195983887,,76,BLE
76:b4:a1:5a:ca:4f,,Misc,2026-09-26 12:57:41,,,-97,26.188657558499155,91.7024843847651,8.004119873046875,9.935046195983887,,76,BLE
6c:28:5e:90:05:82,,Uncategorized;10,2026-09-26 12:57:46,,7936,-92,26.18869405664316,91.70245166351808,6.504150390625,9.935046195983887,,,BLE
24:35:a0:5e:5b:30,,Misc,2026-09-26 12:57:46,,,-103,26.18869405664316,91.70245166351808,6.504150390625,9.935046195983887,,,BLE
5a:49:f6:b8:8a:55,OnePlus Nord Buds 3r,Uncategorized,2026-09-26 12:57:46,,7936,-100,26.18869405664316,91.70245166351808,6.504150390625,9.935046195983887,,,BLE
63:58:d5:82:46:fa,,Misc,2026-09-26 12:57:46,,,-100,26.18869405664316,91.70245166351808,6.504150390625,9.935046195983887,,76,BLE
51:b0:1a:5e:4a:36,3.0 BT,null;10,2026-09-26 12:57:48,,1028,-75,26.188715963754476,91.70244645635373,5.644622802734375,9.935046195983887,,,BT
60:55:56:d5:87:2c,OnePlus Nord Buds 3r,Uncategorized,2026-09-26 12:57:51,,7936,-95,26.188746377533807,91.70244132609062,4.83660888671875,9.935046195983887,,1946,BLE
f9:fb:82:88:db:6d,,Misc,2026-09-26 12:57:51,,,-69,26.188746377533807,91.70244132609062,4.83660888671875,9.935046195983887,,76,BLE
5a:49:f6:b8:8a:55,OnePlus Nord Buds 3r,Uncategorized,2026-09-26 12:57:51,,7936,-93,26.188746377533807,91.70244132609062,4.83660888671875,9.935046195983887,,,BLE
6c:28:5e:90:05:82,,Uncategorized;10,2026-09-26 12:57:51,,7936,-71,26.188746377533807,91.70244132609062,4.83660888671875,9.935046195983887,,,BLE
07:ba:05:6f:1c:72,,Misc,2026-09-26 12:57:51,,,-76,26.188746377533807,91.70244132609062,4.83660888671875,9.935046195983887,,,BLE
e3:1b:f8:39:93:2a,,Misc,2026-09-26 12:57:51,,,-74,26.188746377533807,91.70244132609062,4.83660888671875,9.935046195983887,,76,BLE
08:ec:55:b7:59:2d,,Misc,2026-09-26 12:57:51,,,-102,26.188746377533807,91.70244132609062,4.83660888671875,9.935046195983887,,,BLE
c7:e9:91:7c:b5:b6,,Misc,2026-09-26 12:57:51,,,-93,26.188746377533807,91.70244132609062,4.83660888671875,9.935046195983887,,76,BLE
2d:fd:8c:c3:9f:a8,,Uncategorized;10,2026-09-26 12:57:55,,7936,-99,26.188776607599344,91.70242442978942,4.7718505859375,9.935046195983887,,,BLE
71:70:ea:0c:d7:32,,Misc,2026-09-26 12:57:56,,,-76,26.18878878388864,91.7024225749164,6.032379150390625,9.935046195983887,,,BLE
43:04:b2:21:ed:a2,,Misc,2026-09-26 12:57:56,,7936,-96,26.18878878388864,91.7024225749164,6.032379150390625,9.935046195983887,,76,BLE
59:26:aa:4b:07:2f,OnePlus Nord Buds 3 Pro,Uncategorized,2026-09-26 12:57:56,,7936,-101,26.18878878388864,91.7024225749164,6.032379150390625,9.935046195983887,,,BLE
d4:d8:78:64:f2:06,,Misc,2026-09-26 12:57:56,,,-97,26.18878878388864,91.7024225749164,6.032379150390625,9.935046195983887,,76,BLE
37:e9:98:f6:57:27,,Misc,2026-09-26 12:57:56,,7936,-104,26.18878878388864,91.7024225749164,6.032379150390625,9.935046195983887,,,BLE
5a:49:f6:b8:8a:55,OnePlus Nord Buds 3r,Uncategorized,2026-09-26 12:57:56,,7936,-80,26.18878878388864,91.7024225749164,6.032379150390625,9.935046195983887,,,BLE
51:34:e6:7d:b5:5e,,Uncategorized;10,2026-09-26 12:57:56,,7936,-68,26.18878878388864,91.7024225749164,6.032379150390625,9.935046195983887,,76,BLE
60:55:56:d5:87:2c,OnePlus Nord Buds 3r,Uncategorized,2026-09-26 12:57:56,,7936,-83,26.18878878388864,91.7024225749164,6.032379150390625,9.935046195983887,,1946,BLE
0f:69:66:08:4d:2e,,Misc,2026-09-26 12:57:56,,,-98,26.18878878388864,91.7024225749164,6.032379150390625,9.935046195983887,,6,BLE
66:f5:58:38:1e:dc,,Misc,2026-09-26 12:57:56,,7936,-52,26.18878878388864,91.7024225749164,6.032379150390625,9.935046195983887,,76,BLE
0f:31:ac:20:a6:cc,,Uncategorized;10,2026-09-26 12:57:57,,7936,-93,26.188795999455493,91.7024253154221,6.80084228515625,9.935046195983887,,,BLE
4b:99:a2:82:95:d9,ASHISH_,Uncategorized;10,2026-09-26 12:57:57,,7936,-93,26.188795999455493,91.7024253154221,6.80084228515625,9.935046195983887,,,BLE
70:4d:9f:80:d4:c8,,Uncategorized;10,2026-09-26 12:57:57,,7936,-98,26.188795999455493,91.7024253154221,6.80084228515625,9.935046195983887,,,BLE
67:22:d0:68:35:e3,,Misc,2026-09-26 12:57:57,,7936,-86,26.188795999455493,91.7024253154221,6.80084228515625,9.935046195983887,,76,BLE
5e:33:d2:94:84:90,,Uncategorized;10,2026-09-26 12:57:57,,7936,-80,26.188795999455493,91.7024253154221,6.80084228515625,9.935046195983887,,76,BLE
5a:ca:1a:ad:47:21,,Uncategorized;10,2026-09-26 12:57:57,,7936,-90,26.188795999455493,91.7024253154221,6.80084228515625,9.935046195983887,,,BLE
5c:49:56:df:7b:b8,,Uncategorized;10,2026-09-26 12:57:58,,7936,-89,26.18879735537841,91.70242963441031,7.605743408203125,9.935046195983887,,,BLE
37:e9:98:f6:57:27,,Misc,2026-09-26 12:57:58,,7936,-94,26.18879735537841,91.70242963441031,7.605743408203125,9.935046195983887,,,BLE
49:08:fb:e9:3f:ad,,Uncategorized;10,2026-09-26 12:57:59,,7936,-88,26.188803211713147,91.70243671768009,9.980255126953125,9.935046195983887,,,BLE
ed:3f:81:77:9c:80,WBB5BP1266904,Uncategorized;10,2026-09-26 12:57:59,,7936,-82,26.188803211713147,91.70243671768009,9.980255126953125,9.935046195983887,,,BLE
f2:a6:54:34:c1:dd,BHASKAR 5132,[WPA2-PSK-CCMP][RSN-PSK-CCMP][ESS][WPS],2026-09-26 12:58:00,157,5785,-84,26.188806309473915,91.7024450271826,8.18927001953125,9.935046195983887,,,WIFI
8c:90:2d:ca:5c:b2,TP-Link_5CB2,[WPA2-PSK-CCMP][RSN-PSK-CCMP][ESS][WPS],2026-09-26 12:58:00,9,2452,-86,26.188806309473915,91.7024450271826,8.18927001953125,9.935046195983887,,,WIFI
5d:af:e9:79:82:a8,LAPTOP-H01BGT2A,Uncategorized;10,2026-09-26 12:58:00,,7936,-102,26.188806309473915,91.7024450271826,8.18927001953125,9.935046195983887,,,BLE
53:ff:d6:d8:9d:b9,,Uncategorized;10,2026-09-26 12:58:00,,7936,-87,26.188806309473915,91.7024450271826,8.18927001953125,9.935046195983887,,76,BLE
45:ba:07:9b:ed:49,COSMIC,Uncategorized;10,2026-09-26 12:58:00,,7936,-102,26.188806309473915,91.7024450271826,8.18927001953125,9.935046195983887,,,BLE
5f:99:93:7b:80:58,LAPTOP-RVJT9QAC,Uncategorized;10,2026-09-26 12:58:00,,7936,-88,26.188806309473915,91.7024450271826,8.18927001953125,9.935046195983887,,,BLE
d8:69:35:39:4a:6c,,Misc,2026-09-26 12:58:01,,,-100,26.188808219727918,91.70245472702133,8.7359619140625,9.935046195983887,,76,BLE
45:ba:07:9b:ed:49,COSMIC,Uncategorized;10,2026-09-26 12:58:01,,7936,-103,26.188808219727918,91.70245472702133,8.7359619140625,9.935046195983887,,6,BLE
5c:ce:35:c0:ef:70,OnePlus Nord Buds 3r,Misc,2026-09-26 12:58:01,,7936,-101,26.188808219727918,91.70245472702133,8.7359619140625,9.935046195983887,,,BLE
6f:66:88:33:f1:08,,Misc,2026-09-26 12:58:01,,7936,-97,26.188808219727918,91.70245472702133,8.7359619140625,9.935046195983887,,76,BLE
10:dc:e7:d0:93:8d,,Misc,2026-09-26 12:58:01,,,-93,26.188808219727918,91.70245472702133,8.7359619140625,9.935046195983887,,6,BLE
32:b2:4b:41:98:a5,,Misc,2026-09-26 12:58:01,,,-97,26.188808219727918,91.70245472702133,8.7359619140625,9.935046195983887,,6,BLE
0c:0c:56:37:3d:8b,,Misc,2026-09-26 12:58:01,,,-86,26.188808219727918,91.70245472702133,8.7359619140625,9.935046195983887,,6,BLE
70:4d:9f:80:d4:c8,,Uncategorized;10,2026-09-26 12:58:01,,7936,-98,26.188808219727918,91.70245472702133,8.7359619140625,9.935046195983887,,76,BLE
2a:bd:2d:0e:60:8b,,Misc,2026-09-26 12:58:01,,,-99,26.188808219727918,91.70245472702133,8.7359619140625,9.935046195983887,,6,BLE
10:db:ec:ee:8a:c9,,Misc,2026-09-26 12:58:01,,,-101,26.188808219727918,91.70245472702133,8.7359619140625,9.935046195983887,,,BLE
7f:9a:be:b5:e0:08,,Misc,2026-09-26 12:58:01,,,-95,26.188808219727918,91.70245472702133,8.7359619140625,9.935046195983887,,6,BLE
d4:d8:78:64:f2:06,,Misc,2026-09-26 12:58:01,,,-87,26.188808219727918,91.70245472702133,8.7359619140625,9.935046195983887,,76,BLE
7d:61:e7:d6:ee:35,,Misc,2026-09-26 12:58:01,,7936,-100,26.188808219727918,91.70245472702133,8.7359619140625,9.935046195983887,,76,BLE
7a:29:f0:d8:81:7f,,Misc,2026-09-26 12:58:01,,,-78,26.188808219727918,91.70245472702133,8.7359619140625,9.935046195983887,,76,BLE
2a:68:a6:c5:58:ee,,Misc,2026-09-26 12:58:01,,,-95,26.188808219727918,91.70245472702133,8.7359619140625,9.935046195983887,,6,BLE
cc:0c:8e:17:4a:4a,,Misc,2026-09-26 12:58:01,,,-88,26.188808219727918,91.70245472702133,8.7359619140625,9.935046195983887,,76,BLE
6f:66:88:33:f1:08,,Misc,2026-09-26 12:58:02,,7936,-91,26.18880695500664,91.70246114904248,7.954437255859375,9.984274864196777,,76,BLE
0f:31:ac:20:a6:cc,,Uncategorized;10,2026-09-26 12:58:02,,7936,-76,26.18880695500664,91.70246114904248,7.954437255859375,9.984274864196777,,,BLE
7d:61:e7:d6:ee:35,,Misc,2026-09-26 12:58:03,,7936,-90,26.18880709387732,91.7024747650829,8.447784423828125,9.957282066345215,,76,BLE
69:2e:ca:85:58:54,,Misc,2026-09-26 12:58:06,,,-108,26.188809747926623,91.70250468883211,8.49676513671875,9.935046195983887,,76,BLE
51:a6:b7:52:ed:3b,OnePlus Nord Buds 3 Pro,Uncategorized,2026-09-26 12:58:06,,7936,-72,26.188809747926623,91.70250468883211,8.49676513671875,9.935046195983887,,,BLE
2c:3f:1f:e8:6b:02,,Misc,2026-09-26 12:58:06,,,-87,26.188809747926623,91.70250468883211,8.49676513671875,9.935046195983887,,6,BLE
16:fd:41:67:bb:1a,,Misc,2026-09-26 12:58:06,,,-87,26.188809747926623,91.70250468883211,8.49676513671875,9.935046195983887,,6,BLE
c0:45:19:20:ff:c7,,Misc,2026-09-26 12:58:06,,,-87,26.188809747926623,91.70250468883211,8.49676513671875,9.935046195983887,,76,BLE
43:04:b2:21:ed:a2,,Misc,2026-09-26 12:58:06,,7936,-88,26.188809747926623,91.70250468883211,8.49676513671875,9.935046195983887,,76,BLE
0c:9e:7a:0c:c1:d1,,Misc,2026-09-26 12:58:06,,7936,-77,26.188809747926623,91.70250468883211,8.49676513671875,9.935046195983887,,,BLE
32:40:d7:3a:d3:0e,,Misc,2026-09-26 12:58:06,,,-102,26.188809747926623,91.70250468883211,8.49676513671875,9.935046195983887,,6,BLE
14:e7:34:e2:2c:4e,,Misc,2026-09-26 12:58:06,,,-92,26.188809747926623,91.70250468883211,8.49676513671875,9.935046195983887,,6,BLE
24:35:a0:5e:5b:30,,Misc,2026-09-26 12:58:06,,,-76,26.188809747926623,91.70250468883211,8.49676513671875,9.935046195983887,,,BLE
70:4d:9f:80:d4:c8,,Uncategorized;10,2026-09-26 12:58:06,,7936,-93,26.188809747926623,91.70250468883211,8.49676513671875,9.935046195983887,,76,BLE
3a:7a:31:24:cf:88,,Misc,2026-09-26 12:58:06,,,-91,26.188809747926623,91.70250468883211,8.49676513671875,9.935046195983887,,6,BLE
0f:69:66:08:4d:2e,,Misc,2026-09-26 12:58:06,,,-92,26.188809747926623,91.70250468883211,8.49676513671875,9.935046195983887,,6,BLE
34:eb:84:89:37:26,,Misc,2026-09-26 12:58:06,,,-87,26.188809747926623,91.70250468883211,8.49676513671875,9.935046195983887,,6,BLE
13:b5:6d:14:8f:32,,Uncategorized;10,2026-09-26 12:58:07,,7936,-104,26.188812132685438,91.70251666205876,6.101959228515625,9.992532730102539,,,BLE
f4:6a:dd:6a:f9:96,,Laptop;10,2026-09-26 12:58:10,,268,0,26.188818137782313,91.70255217710336,7.687408447265625,10.097180366516113,,,BT
49:07:c7:4d:0f:27,,Uncategorized;10,2026-09-26 12:58:10,,7936,-95,26.188818137782313,91.70255217710336,7.687408447265625,10.097180366516113,,,BLE
fa:3c:3c:7b:45:ff,Galaxy S20 FE 5G 51FC,[WPA2-PSK-CCMP][RSN-PSK-CCMP][ESS],2026-09-26 12:58:11,149,5745,-70,26.188820373543336,91.70256571794171,8.2994384765625,10.037101745605469,,,WIFI
ec:75:0c:b7:06:00,TP-Link_0600,[WPA2-PSK-CCMP][RSN-PSK-CCMP][ESS][WPS],2026-09-26 12:58:11,10,2457,-76,26.188820373543336,91.70256571794171,8.2994384765625,10.037101745605469,,,WIFI
bc:22:28:41:5b:78,Umiam_hostel,[WPA-PSK-TKIP+CCMP][WPA2-PSK-TKIP+CCMP][RSN-PSK-TKIP+CCMP][ESS][WPS],2026-09-26 12:58:11,7,2442,-80,26.188820373543336,91.70256571794171,8.2994384765625,10.037101745605469,,,WIFI
54:af:97:8d:86:9c,16*2=8,[WPA2-PSK-CCMP][RSN-PSK-CCMP][ESS][WPS],2026-09-26 12:58:11,3,2422,-87,26.188820373543336,91.70256571794171,8.2994384765625,10.037101745605469,,,WIFI
ec:75:0c:e4:3e:2a,bolzano,[WPA2-PSK-CCMP][RSN-PSK-CCMP][ESS][WPS],2026-09-26 12:58:11,3,2422,-79,26.188820373543336,91.70256571794171,8.2994384765625,10.037101745605469,,,WIFI
10:27:f5:44:d5:44,TP-Link_D544,[WPA2-PSK-CCMP][RSN-PSK-CCMP][ESS][WPS],2026-09-26 12:58:11,4,2427,-79,26.188820373543336,91.70256571794171,8.2994384765625,10.037101745605469,,,WIFI
9a:bd:80:9c:1b:84,DIRECT-NJVAIBHAVROCKSmsBV,[WPA2-PSK-CCMP][RSN-PSK-CCMP][ESS][WPS],2026-09-26 12:58:11,10,2457,-66,26.188820373543336,91.70256571794171,8.2994384765625,10.037101745605469,,,WIFI
bc:22:28:41:5b:58,dlink-5B58,[WPA-PSK-TKIP+CCMP][WPA2-PSK-TKIP+CCMP][RSN-PSK-TKIP+CCMP][ESS][WPS],2026-09-26 12:58:11,9,2452,-77,26.188820373543336,91.70256571794171,8.2994384765625,10.037101745605469,,,WIFI
a8:42:a1:88:1b:86,ATHARVA,[WPA2-PSK-CCMP][RSN-PSK-CCMP][ESS][WPS],2026-09-26 12:58:11,3,2422,-73,26.188820373543336,91.70256571794171,8.2994384765625,10.037101745605469,,,WIFI
d8:44:89:1e:b8:71,Bytes,[WPA2-PSK-CCMP][RSN-PSK-CCMP][ESS][WPS],2026-09-26 12:58:11,149,5745,-76,26.188820373543336,91.70256571794171,8.2994384765625,10.037101745605469,,,WIFI
9c:a2:f4:a3:f3:c4,Diagon Alley Network,[WPA2-PSK-CCMP][RSN-PSK-CCMP][ESS][WPS],2026-09-26 12:58:11,10,2457,-81,26.188820373543336,91.70256571794171,8.2994384765625,10.037101745605469,,,WIFI
dc:ea:e7:7a:bc:7a,BEING,[WPA2-PSK-CCMP][RSN-PSK-CCMP][ESS],2026-09-26 12:58:11,13,2472,-83,26.188820373543336,91.70256571794171,8.2994384765625,10.037101745605469,,,WIFI
50:91:e3:c8:cd:4e,TP-Link_CD4E,[WPA2-PSK-CCMP][RSN-PSK-CCMP][ESS][WPS],2026-09-26 12:58:11,4,2427,-78,26.188820373543336,91.70256571794171,8.2994384765625,10.037101745605469,,,WIFI
7a:14:5e:19:86:fb,Lappi,[WPA2-PSK-CCMP][RSN-PSK+SAE-CCMP][ESS],2026-09-26 12:58:11,11,2462,-66,26.188820373543336,91.70256571794171,8.2994384765625,10.037101745605469,,,WIFI
00:1e:a6:ae:86:94,iBall-Baton,[WPA-PSK-TKIP+CCMP][WPA2-PSK-TKIP+CCMP][RSN-PSK-TKIP+CCMP][ESS][WPS],2026-09-26 12:58:11,9,2452,-73,26.188820373543336,91.70256571794171,8.2994384765625,10.037101745605469,,,WIFI
49:07:c7:4d:0f:27,,Uncategorized;10,2026-09-26 12:58:11,,7936,-95,26.188820373543336,91.70256571794171,8.2994384765625,10.037101745605469,,76,BLE
32:b2:4b:41:98:a5,,Misc,2026-09-26 12:58:11,,,-92,26.188820373543336,91.70256571794171,8.2994384765625,10.037101745605469,,6,BLE
7f:9a:be:b5:e0:08,,Misc,2026-09-26 12:58:11,,,-90,26.188820373543336,91.70256571794171,8.2994384765625,10.037101745605469,,6,BLE
57:a5:8c:62:52:24,,Uncategorized;10,2026-09-26 12:58:11,,7936,-84,26.188820373543336,91.70256571794171,8.2994384765625,10.037101745605469,,,BLE
5c:ce:35:c0:ef:70,OnePlus Nord Buds 3r,Misc,2026-09-26 12:58:11,,7936,-89,26.188820373543336,91.70256571794171,8.2994384765625,10.037101745605469,,,BLE
10:dc:e7:d0:93:8d,,Misc,2026-09-26 12:58:11,,,-87,26.188820373543336,91.70256571794171,8.2994384765625,10.037101745605469,,6,BLE
5d:d5:81:84:d8:9a,,Misc,2026-09-26 12:58:11,,,-106,26.188820373543336,91.70256571794171,8.2994384765625,10.037101745605469,,76,BLE
06:ad:7b:7a:6d:0b,,Misc,2026-09-26 12:58:11,,7936,-103,26.188820373543336,91.70256571794171,8.2994384765625,10.037101745605469,,,BLE
0f:ac:cb:1c:e7:87,,Misc,2026-09-26 12:58:11,,,-102,26.188820373543336,91.70256571794171,8.2994384765625,10.037101745605469,,6,BLE
2a:bd:2d:0e:60:8b,,Misc,2026-09-26 12:58:11,,,-89,26.188820373543336,91.70256571794171,8.2994384765625,10.037101745605469,,6,BLE
16:fd:41:67:bb:1a,,Misc,2026-09-26 12:58:11,,,-78,26.188820373543336,91.70256571794171,8.2994384765625,10.037101745605469,,6,BLE
dc:ea:e7:7b:00:7e,Aryaan Kelvin,[WPA2-PSK-CCMP][RSN-PSK-CCMP][ESS],2026-09-26 12:58:14,13,2472,-59,26.18882925775935,91.7026043363252,7.101531982421875,10.108652114868164,,,WIFI
5d:af:e9:79:82:a8,LAPTOP-H01BGT2A,Uncategorized;10,2026-09-26 12:58:16,,7936,-93,26.18883255997253,91.70262068262662,5.6494140625,10.11150074005127,,,BLE
05:15:8b:ea:fd:2d,,Misc,2026-09-26 12:58:16,,,-96,26.18883255997253,91.70262068262662,5.6494140625,10.11150074005127,,,BLE
41:42:0f:7d:77:e1,WAVECALL3_77E1,Uncategorized;10,2026-09-26 12:58:16,,7936,-101,26.18883255997253,91.70262068262662,5.6494140625,10.11150074005127,,,BLE
59:26:aa:4b:07:2f,OnePlus Nord Buds 3 Pro,Uncategorized,2026-09-26 12:58:16,,7936,-96,26.18883255997253,91.70262068262662,5.6494140625,10.11150074005127,,,BLE
3a:7a:31:24:cf:88,,Misc,2026-09-26 12:58:16,,,-86,26.18883255997253,91.70262068262662,5.6494140625,10.11150074005127,,6,BLE
cd:91:1b:8e:e6:96,,Misc,2026-09-26 12:58:16,,,-101,26.18883255997253,91.70262068262662,5.6494140625,10.11150074005127,,76,BLE
06:ad:7b:7a:6d:0b,,Misc,2026-09-26 12:58:16,,7936,-93,26.18883255997253,91.70262068262662,5.6494140625,10.11150074005127,,,BLE
1f:16:7e:02:19:18,,Misc,2026-09-26 12:58:16,,,-94,26.18883255997253,91.70262068262662,5.6494140625,10.11150074005127,,,BLE
53:4b:7f:6d:c3:d0,,Uncategorized;10,2026-09-26 12:58:17,,7936,-100,26.18883466810234,91.70263249158191,5.85723876953125,10.136513710021973,,,BLE
06:ad:7b:7a:6d:0b,,Misc,2026-09-26 12:58:18,,7936,-83,26.188836779253702,91.70264387559635,5.92529296875,10.161340713500977,,,BLE
7c:d6:cd:96:05:b1,SUJAL,Uncategorized;10,2026-09-26 12:58:19,,7936,-102,26.188838742766247,91.70265503172823,5.902923583984375,10.170446395874023,,,BLE
60:bd:b2:0d:31:f9,,Uncategorized;10,2026-09-26 12:58:20,,7936,-97,26.18884169271348,91.70267282846294,6.077850341796875,10.179828643798828,,,BLE
7f:39:a6:c9:39:45,,Uncategorized;10,2026-09-26 12:58:20,,7936,-99,26.18884169271348,91.70267282846294,6.077850341796875,10.179828643798828,,,BLE
7f:39:a6:c9:39:45,,Uncategorized;10,2026-09-26 12:58:21,,7936,-98,26.18884054550379,91.70267480135686,4.66180419921875,10.230961799621582,,76,BLE
1a:09:25:e0:95:d8,,Misc,2026-09-26 12:58:21,,,-102,26.18884054550379,91.70267480135686,4.66180419921875,10.230961799621582,,,BLE
69:fc:e7:99:b6:5c,OnePlus Nord Buds 3,Misc,2026-09-26 12:58:21,,7936,-86,26.18884054550379,91.70267480135686,4.66180419921875,10.230961799621582,,,BLE
78:b2:1d:c0:6f:a3,650 Pro_BLE,Uncategorized,2026-09-26 12:58:21,,7936,-98,26.18884054550379,91.70267480135686,4.66180419921875,10.230961799621582,,23515,BLE
53:4b:7f:6d:c3:d0,,Uncategorized;10,2026-09-26 12:58:21,,7936,-100,26.18884054550379,91.70267480135686,4.66180419921875,10.230961799621582,,76,BLE
79:b7:87:21:ca:d7,,Misc,2026-09-26 12:58:21,,7936,-105,26.18884054550379,91.70267480135686,4.66180419921875,10.230961799621582,,1946,BLE
7c:8d:66:03:26:01,,Misc,2026-09-26 12:58:21,,7936,-103,26.18884054550379,91.70267480135686,4.66180419921875,10.230961799621582,,,BLE
7d:24:5d:ba:11:f2,,Misc,2026-09-26 12:58:21,,7936,-99,26.18884054550379,91.70267480135686,4.66180419921875,10.230961799621582,,76,BLE
4a:be:6f:9d:c6:0d,,Misc,2026-09-26 12:58:21,,7936,-103,26.18884054550379,91.70267480135686,4.66180419921875,10.230961799621582,,76,BLE
4f:16:c0:b7:2c:3f,,Misc,2026-09-26 12:58:21,,7936,-104,26.18884054550379,91.70267480135686,4.66180419921875,10.230961799621582,,76,BLE
60:bd:b2:0d:31:f9,,Uncategorized;10,2026-09-26 12:58:21,,7936,-99,26.18884054550379,91.70267480135686,4.66180419921875,10.230961799621582,,117,BLE
18:20:36:01:07:42,,Misc,2026-09-26 12:58:21,,,-88,26.18884054550379,91.70267480135686,4.66180419921875,10.230961799621582,,6,BLE
43:35:ee:ed:a5:9d,OPPO Enco Buds3 Pro,Uncategorized,2026-09-26 12:58:21,,7936,-100,26.18884054550379,91.70267480135686,4.66180419921875,10.230961799621582,,,BLE
52:94:89:12:b2:0c,,Misc,2026-09-26 12:58:21,,,-105,26.18884054550379,91.70267480135686,4.66180419921875,10.230961799621582,,76,BLE
7d:24:5d:ba:11:f2,,Misc,2026-09-26 12:58:22,,7936,-93,26.18884096356023,91.70268793929618,3.291839599609375,10.247142791748047,,76,BLE
41:c5:cd:3c:e1:10,,Uncategorized;10,2026-09-26 12:58:23,,7936,-97,26.188840173224772,91.70270086186709,2.4940185546875,10.285871505737305,,,BLE
72:a2:cc:95:0d:58,,Uncategorized;10,2026-09-26 12:58:23,,7936,-101,26.188840173224772,91.70270086186709,2.4940185546875,10.285871505737305,,,BLE
7c:c0:e3:60:15:c6,Echo Dot-6WP,Uncategorized;10,2026-09-26 12:58:23,,7936,-100,26.188840173224772,91.70270086186709,2.4940185546875,10.285871505737305,,,BLE
3c:6a:d2:4f:1a:86,TP_1A86,[WPA2-PSK-CCMP][RSN-PSK-CCMP][ESS][WPS],2026-09-26 12:58:24,2,2417,-68,26.18883979494278,91.7027130214683,1.10211181640625,10.287415504455566,,,WIFI
50:91:e3:c8:b1:b4,AC_SS,[WPA2-PSK-CCMP][RSN-PSK-CCMP][ESS][WPS],2026-09-26 12:58:24,2,2417,-72,26.18883979494278,91.7027130214683,1.10211181640625,10.287415504455566,,,WIFI
47:a9:62:92:a3:5f,,Uncategorized;10,2026-09-26 12:58:24,,7936,-100,26.18883979494278,91.7027130214683,1.10211181640625,10.287415504455566,,,BLE
5f:99:93:7b:80:58,LAPTOP-RVJT9QAC,Uncategorized;10,2026-09-26 12:58:24,,7936,-82,26.18883979494278,91.7027130214683,1.10211181640625,10.287415504455566,,,BLE
60:bd:b2:0d:31:f9,,Uncategorized;10,2026-09-26 12:58:26,,7936,-91,26.18884094890153,91.70274583293731,1.590667724609375,10.181092262268066,,117,BLE
c9:93:6b:38:16:85,,Misc,2026-09-26 12:58:26,,,-100,26.18884094890153,91.70274583293731,1.590667724609375,10.181092262268066,,76,BLE
11:12:83:ea:23:54,,Misc,2026-09-26 12:58:26,,,-100,26.18884094890153,91.70274583293731,1.590667724609375,10.181092262268066,,6,BLE
23:3d:8e:bb:e3:ba,,Misc,2026-09-26 12:58:26,,7936,-75,26.18884094890153,91.70274583293731,1.590667724609375,10.181092262268066,,,BLE
c7:d5:0b:99:ba:d6,LE_SRS-XB30,Uncategorized,2026-09-26 12:58:26,,7936,-102,26.18884094890153,91.70274583293731,1.590667724609375,10.181092262268066,,301,BLE
47:a9:62:92:a3:5f,,Uncategorized;10,2026-09-26 12:58:26,,7936,-100,26.18884094890153,91.70274583293731,1.590667724609375,10.181092262268066,,76,BLE
4f:16:c0:b7:2c:3f,,Misc,2026-09-26 12:58:26,,7936,-88,26.18884094890153,91.70274583293731,1.590667724609375,10.181092262268066,,76,BLE
72:a2:cc:95:0d:58,,Uncategorized;10,2026-09-26 12:58:26,,7936,-100,26.18884094890153,91.70274583293731,1.590667724609375,10.181092262268066,,76,BLE
06:ad:7b:7a:6d:0b,,Misc,2026-09-26 12:58:26,,7936,-68,26.18884094890153,91.70274583293731,1.590667724609375,10.181092262268066,,,BLE
41:c5:cd:3c:e1:10,,Uncategorized;10,2026-09-26 12:58:26,,7936,-97,26.18884094890153,91.70274583293731,1.590667724609375,10.181092262268066,,76,BLE
53:4b:7f:6d:c3:d0,,Uncategorized;10,2026-09-26 12:58:26,,7936,-93,26.18884094890153,91.70274583293731,1.590667724609375,10.181092262268066,,76,BLE
8c:0d:d9:18:b6:e1,,Misc,2026-09-26 12:58:26,,,-76,26.18884094890153,91.70274583293731,1.590667724609375,10.181092262268066,,,BLE
6f:97:2e:30:05:b4,,Misc,2026-09-26 12:58:26,,,-102,26.18884094890153,91.70274583293731,1.590667724609375,10.181092262268066,,76,BLE
1f:16:7e:02:19:18,,Misc,2026-09-26 12:58:26,,,-76,26.18884094890153,91.70274583293731,1.590667724609375,10.181092262268066,,,BLE
7c:8d:66:03:26:01,,Misc,2026-09-26 12:58:27,,7936,-91,26.188839995283242,91.702747761399,-1.227996826171875,10.229093551635742,,,BLE
405751_53815_205213954,Assam,LTE;405751,2026-09-26 12:58:28,1351,1351,-86,26.188840335944416,91.70276334319112,-1.77337646484375,10.246966361999512,,,LTE
45:60:cb:11:73:00,,Misc,2026-09-26 12:58:28,,7936,-85,26.188840335944416,91.70276334319112,-1.77337646484375,10.246966361999512,,,BLE
79:b7:87:21:ca:d7,,Misc,2026-09-26 12:58:30,,7936,-98,26.188843361219238,91.70278791781476,-4.2843017578125,10.202030181884766,,1946,BLE
41:66:0a:7b:7f:aa,,Uncategorized;10,2026-09-26 12:58:31,,7936,-91,26.188846636940834,91.702807231198,-4.528167724609375,10.218153953552246,,76,BLE
5c:1f:fe:fe:93:68,,Misc,2026-09-26 12:58:31,,,-102,26.188846636940834,91.702807231198,-4.528167724609375,10.218153953552246,,76,BLE
64:6d:90:c6:8e:5f,OnePlus Nord Buds 3 Pro,Uncategorized,2026-09-26 12:58:31,,7936,-100,26.188846636940834,91.702807231198,-4.528167724609375,10.218153953552246,,,BLE
c2:07:1d:66:c8:24,IITG_CONNECT,[WPA2-EAP/SHA1+FT/EAP-CCMP][RSN-EAP/SHA1+FT/EAP-CCMP][ESS],2026-09-26 12:58:32,6,2437,-88,26.188847294754453,91.70280918971613,-4.239227294921875,10.220565795898438,,,WIFI
8c:90:2d:ca:5e:40,IPhone 13,[WPA2-PSK-CCMP][RSN-PSK-CCMP][ESS][WPS],2026-09-26 12:58:32,2,2417,-72,26.188847294754453,91.70280918971613,-4.239227294921875,10.220565795898438,,,WIFI
54:af:97:8d:86:9c,16*2=8,[WPA2-PSK-CCMP][RSN-PSK-CCMP][ESS][WPS],2026-09-26 12:58:32,3,2422,-82,26.188847294754453,91.70280918971613,-4.239227294921875,10.220565795898438,,,WIFI
ec:75:0c:e4:3e:2a,bolzano,[WPA2-PSK-CCMP][RSN-PSK-CCMP][ESS][WPS],2026-09-26 12:58:32,3,2422,-65,26.188847294754453,91.70280918971613,-4.239227294921875,10.220565795898438,,,WIFI
40:86:cb:2a:dd:20,Anonymous,[WPA2-PSK-CCMP][RSN-PSK-CCMP][ESS],2026-09-26 12:58:32,13,2472,-78,26.188847294754453,91.70280918971613,-4.239227294921875,10.220565795898438,,,WIFI
a8:42:a1:88:1a:aa,TP-Link_1AAA,[WPA2-PSK-CCMP][RSN-PSK-CCMP][ESS][WPS],2026-09-26 12:58:32,4,2427,-75,26.188847294754453,91.70280918971613,-4.239227294921875,10.220565795898438,,,WIFI
06:f0:96:13:56:d8,Redmi Note 14 5G,[WPA2-PSK-CCMP][RSN-PSK+SAE-CCMP][ESS],2026-09-26 12:58:32,1,2412,-75,26.188847294754453,91.70280918971613,-4.239227294921875,10.220565795898438,,,WIFI
9c:a2:f4:a3:f3:c6,Golden Snitch,[WPA2-PSK-CCMP][RSN-PSK-CCMP][ESS][WPS],2026-09-26 12:58:32,153,5765,-86,26.188847294754453,91.70280918971613,-4.239227294921875,10.220565795898438,,,WIFI
ec:75:0c:b3:83:d0,Nikhil_31,[WPA2-PSK-CCMP][RSN-PSK-CCMP][ESS][WPS],2026-09-26 12:58:32,161,5805,-89,26.188847294754453,91.70280918971613,-4.239227294921875,10.220565795898438,,,WIFI
c2:07:1d:66:c2:84,,[ESS],2026-09-26 12:58:32,6,2437,-83,26.188847294754453,91.70280918971613,-4.239227294921875,10.220565795898438,,,WIFI
ec:75:0c:b3:83:ce,Nikhil_31,[WPA2-PSK-CCMP][RSN-PSK-CCMP][ESS][WPS],2026-09-26 12:58:32,5,2432,-83,26.188847294754453,91.70280918971613,-4.239227294921875,10.220565795898438,,,WIFI
5c:02:14:c6:c8:0f,Xiaomi_C80E,[WPA-PSK-TKIP+CCMP][WPA2-PSK-TKIP+CCMP][RSN-PSK-TKIP+CCMP][ESS][WPS],2026-09-26 12:58:32,1,2412,-84,26.188847294754453,91.70280918971613,-4.239227294921875,10.220565795898438,,,WIFI
98:25:4a:d9:17:fe,TP-Link_17FE,[WPA2-PSK-CCMP][RSN-PSK-CCMP][ESS][WPS],2026-09-26 12:58:32,4,2427,-75,26.188847294754453,91.70280918971613,-4.239227294921875,10.220565795898438,,,WIFI
ee:75:0c:23:83:ce,,[WPA2-PSK-CCMP][RSN-PSK-CCMP][ESS],2026-09-26 12:58:32,5,2432,-83,26.188847294754453,91.70280918971613,-4.239227294921875,10.220565795898438,,,WIFI
9c:9d:7e:81:3a:1e,Amey,[WPA-PSK-TKIP+CCMP][WPA2-PSK-TKIP+CCMP][RSN-PSK-TKIP+CCMP][ESS][WPS],2026-09-26 12:58:32,8,2447,-89,26.188847294754453,91.70280918971613,-4.239227294921875,10.220565795898438,,,WIFI
da:57:47:07:d2:94,Roh,[WPA2-PSK-CCMP][RSN-PSK+SAE-CCMP][ESS],2026-09-26 12:58:32,36,5180,-76,26.188847294754453,91.70280918971613,-4.239227294921875,10.220565795898438,,,WIFI
42:50:74:0e:9a:4d,OnePlus Nord CE3 5G,[WPA2-PSK-CCMP][RSN-PSK-CCMP][ESS],2026-09-26 12:58:32,7,2442,-80,26.188847294754453,91.70280918971613,-4.239227294921875,10.220565795898438,,,WIFI
40:30:01:67:d5:82,,Misc,2026-09-26 12:58:36,,,-102,26.1888709745321,91.7028436211849,-4.455078125,10.32239818572998,,,BLE
db:c9:38:86:82:af,,Misc,2026-09-26 12:58:36,,,-98,26.1888709745321,91.7028436211849,-4.455078125,10.32239818572998,,76,BLE
5c:02:14:64:d7:06,BiFrost,[WPA-PSK-TKIP+CCMP][WPA2-PSK-TKIP+CCMP][RSN-PSK-TKIP+CCMP][ESS][WPS],2026-09-26 12:58:38,8,2447,-80,26.188874412536205,91.70282728316518,-3.448944091796875,10.305127143859863,,,WIFI
dc:ea:e7:b2:e9:d3,thickthighs,[WPA2-PSK-CCMP][RSN-PSK-CCMP][ESS],2026-09-26 12:58:38,13,2472,-86,26.188874412536205,91.70282728316518,-3.448944091796875,10.305127143859863,,,WIFI
c6:07:1d:66:c2:84,IITG_CONNECT,[WPA2-EAP/SHA1-CCMP][RSN-EAP/SHA1-CCMP][ESS],2026-09-26 12:58:38,6,2437,-79,26.188874412536205,91.70282728316518,-3.448944091796875,10.305127143859863,,,WIFI
b0:a7:b9:bd:81:6a,TP-Link_816A,[WPA2-PSK-CCMP][RSN-PSK-CCMP][ESS][WPS],2026-09-26 12:58:39,9,2452,-88,26.188874376053466,91.70281583446142,-2.113311767578125,10.263169288635254,,,WIFI
5c:02:14:64:d7:06,BiFrost,[WPA-PSK-TKIP+CCMP][WPA2-PSK-TKIP+CCMP][RSN-PSK-TKIP+CCMP][ESS][WPS],2026-09-26 12:58:39,8,2447,-72,26.188874376053466,91.70281583446142,-2.113311767578125,10.263169288635254,,,WIFI
40:86:cb:2a:dd:20,Anonymous,[WPA2-PSK-CCMP][RSN-PSK-CCMP][ESS],2026-09-26 12:58:39,13,2472,-62,26.188874376053466,91.70281583446142,-2.113311767578125,10.263169288635254,,,WIFI
06:f0:96:13:56:d8,Redmi Note 14 5G,[WPA2-PSK-CCMP][RSN-PSK+SAE-CCMP][ESS],2026-09-26 12:58:39,1,2412,-62,26.188874376053466,91.70281583446142,-2.113311767578125,10.263169288635254,,,WIFI
68:ff:7b:a7:9e:46,hbaishya7@,[WPA2-PSK-CCMP][RSN-PSK-CCMP][ESS][WPS],2026-09-26 12:58:39,1,2412,-53,26.188874376053466,91.70281583446142,-2.113311767578125,10.263169288635254,,,WIFI
a8:59:5f:70:b4:a3,sabun,[WPA2-PSK-CCMP][RSN-PSK+PSK-SHA256+SAE-CCMP][ESS][WPS],2026-09-26 12:58:39,149,5745,-84,26.188874376053466,91.70281583446142,-2.113311767578125,10.263169288635254,,,WIFI
0c:0e:76:9f:36:9c,wifi:):,[WPA2-PSK-CCMP][RSN-PSK-CCMP][ESS][WPS],2026-09-26 12:58:39,9,2452,-76,26.188874376053466,91.70281583446142,-2.113311767578125,10.263169288635254,,,WIFI
a4:2a:95:3c:a2:c8,Sachin,[WPA2-PSK-CCMP][RSN-PSK-CCMP][ESS],2026-09-26 12:58:39,1,2412,-86,26.188874376053466,91.70281583446142,-2.113311767578125,10.263169288635254,,,WIFI
ee:75:0c:23:83:ce,,[WPA2-PSK-CCMP][RSN-PSK-CCMP][ESS],2026-09-26 12:58:39,5,2432,-77,26.188874376053466,91.70281583446142,-2.113311767578125,10.263169288635254,,,WIFI
3c:6a:d2:4f:14:82,TP-Link_1482,[WPA2-PSK-CCMP][RSN-PSK-CCMP][ESS][WPS],2026-09-26 12:58:39,3,2422,-81,26.188874376053466,91.70281583446142,-2.113311767578125,10.263169288635254,,,WIFI
42:50:74:0e:9a:4d,OnePlus Nord CE3 5G,[WPA2-PSK-CCMP][RSN-PSK-CCMP][ESS],2026-09-26 12:58:39,7,2442,-74,26.188874376053466,91.70281583446142,-2.113311767578125,10.263169288635254,,,WIFI
52:6d:8f:1e:7a:b8,Echo Dot-8W7,Uncategorized;10,2026-09-26 12:58:39,,7936,-90,26.188874376053466,91.70281583446142,-2.113311767578125,10.263169288635254,,,BLE
c2:ef:17:59:f8:1b,,Misc,2026-09-26 12:58:41,,,-96,26.188875186692595,91.70279180673108,-3.47320556640625,10.283709526062012,,76,BLE
36:35:fe:fd:10:3a,,Misc,2026-09-26 12:58:41,,,-93,26.188875186692595,91.70279180673108,-3.47320556640625,10.283709526062012,,6,BLE
74:4c:a1:91:e9:24,,Laptop;10,2026-09-26 12:58:44,,268,0,26.188873327433996,91.70275629748075,-1.982513427734375,10.216662406921387,,,BT
da:e3:04:a2:90:ef,,Misc,2026-09-26 12:58:46,,,-128,26.188873506664102,91.7027324999762,-4.18829345703125,10.177724838256836,,76,BLE
6f:4d:44:e1:53:36,,Misc,2026-09-26 12:58:46,,7936,-100,26.188873506664102,91.7027324999762,-4.18829345703125,10.177724838256836,,76,BLE
43:35:ee:ed:a5:9d,OPPO Enco Buds3 Pro,Uncategorized,2026-09-26 12:58:46,,7936,-92,26.188873506664102,91.7027324999762,-4.18829345703125,10.177724838256836,,,BLE
70:7a:9f:59:0f:83,,Misc,2026-09-26 12:58:46,,,-88,26.188873506664102,91.7027324999762,-4.18829345703125,10.177724838256836,,,BLE
6f:4d:44:e1:53:36,,Misc,2026-09-26 12:58:47,,7936,-94,26.18887381397789,91.7027206105376,-4.31292724609375,10.146634101867676,,76,BLE
61:5a:32:b9:23:07,Jabra Evolve2 65,Uncategorized;10,2026-09-26 12:58:50,,7936,-85,26.1888769736932,91.70267709166887,-3.550384521484375,10.053894996643066,,,BLE
54:af:97:8d:86:9c,16*2=8,[WPA2-PSK-CCMP][RSN-PSK-CCMP][ESS][WPS],2026-09-26 12:58:51,3,2422,-69,26.18888404423216,91.70267223539736,-2.787933349609375,10.011630058288574,,,WIFI
ec:75:0c:e4:3e:2a,bolzano,[WPA2-PSK-CCMP][RSN-PSK-CCMP][ESS][WPS],2026-09-26 12:58:51,3,2422,-52,26.18888404423216,91.70267223539736,-2.787933349609375,10.011630058288574,,,WIFI
dc:ea:e7:b2:94:ef,BOSS,[WPA2-PSK-CCMP][RSN-PSK-CCMP][ESS],2026-09-26 12:58:51,1,2412,-80,26.18888404423216,91.70267223539736,-2.787933349609375,10.011630058288574,,,WIFI
60:a4:b7:a9:11:f5,Anu_Baby,[WPA2-PSK-CCMP][RSN-PSK-CCMP][ESS][WPS],2026-09-26 12:58:51,2,2417,-79,26.18888404423216,91.70267223539736,-2.787933349609375,10.011630058288574,,,WIFI
e4:fa:c4:0c:c5:44,TP-Link_C544,[WPA2-PSK-CCMP][RSN-PSK-CCMP][ESS][WPS],2026-09-26 12:58:51,2,2417,-89,26.18888404423216,91.70267223539736,-2.787933349609375,10.011630058288574,,,WIFI
64:29:43:99:a2:f2,AryanGuptaKimkc3baar,[WPA2-PSK-CCMP][RSN-PSK-CCMP][ESS],2026-09-26 12:58:51,9,2452,-78,26.18888404423216,91.70267223539736,-2.787933349609375,10.011630058288574,,,WIFI
98:25:4a:d9:17:fe,TP-Link_17FE,[WPA2-PSK-CCMP][RSN-PSK-CCMP][ESS][WPS],2026-09-26 12:58:51,4,2427,-68,26.18888404423216,91.70267223539736,-2.787933349609375,10.011630058288574,,,WIFI
ec:75:0c:7e:1b:cc,JoyBoy,[WPA2-PSK-CCMP][RSN-PSK-CCMP][ESS][WPS],2026-09-26 12:58:51,4,2427,-77,26.18888404423216,91.70267223539736,-2.787933349609375,10.011630058288574,,,WIFI
ec:75:0c:bc:23:33,SyntaxError,[WPA2-PSK-CCMP][RSN-PSK-CCMP][ESS][WPS],2026-09-26 12:58:51,4,2427,-80,26.18888404423216,91.70267223539736,-2.787933349609375,10.011630058288574,,,WIFI
c8:38:10:27:e5:07,,Misc,2026-09-26 12:58:51,,,-93,26.18888404423216,91.70267223539736,-2.787933349609375,10.011630058288574,,76,BLE
da:e3:04:a2:90:ef,,Misc,2026-09-26 12:58:51,,,-85,26.18888404423216,91.70267223539736,-2.787933349609375,10.011630058288574,,76,BLE
b1:33:64:65:bd:39,,Misc,2026-09-26 12:58:51,,,-104,26.18888404423216,91.70267223539736,-2.787933349609375,10.011630058288574,,16972,BLE
fb:ee:48:a1:26:b9,,Misc,2026-09-26 12:58:51,,,-99,26.18888404423216,91.70267223539736,-2.787933349609375,10.011630058288574,,76,BLE
13:b5:6d:14:8f:32,,Uncategorized;10,2026-09-26 12:58:54,,7936,-98,26.188912247282424,91.7026590430083,-2.927764892578125,9.985213279724121,,,BLE
c0:1a:de:72:16:0a,Nirvana Ion-LE,Misc,2026-09-26 12:58:56,,7936,-101,26.188932986281294,91.70266033603383,-4.780670166015625,9.94829273223877,,56876,BLE
49:07:c7:4d:0f:27,,Uncategorized;10,2026-09-26 12:58:58,,7936,-88,26.188955689249262,91.70266118928878,-5.668243408203125,9.935046195983887,,76,BLE
fb:9a:69:70:5f:47,,Misc,2026-09-26 12:59:01,,,-86,26.1889926165873,91.70266170956907,-7.14794921875,9.935046195983887,,76,BLE
77:2e:66:7d:bc:cb,Prime80,Misc,2026-09-26 12:59:01,,7936,-101,26.1889926165873,91.70266170956907,-7.14794921875,9.935046195983887,,,BLE
43:04:b2:21:ed:a2,,Misc,2026-09-26 12:59:01,,7936,-76,26.1889926165873,91.70266170956907,-7.14794921875,9.935046195983887,,76,BLE
5c:49:56:df:7b:b8,,Uncategorized;10,2026-09-26 12:59:02,,7936,-77,26.18900413705346,91.70266177329579,-7.36810302734375,9.935046195983887,,,BLE
6e:a9:b0:8b:fa:0b,Jabra Evolve2 65,Uncategorized;10,2026-09-26 12:59:05,,7936,-97,26.189038478890133,91.70265835737663,-5.32177734375,9.935046195983887,,,BLE
a8:42:a1:68:9b:a0,"Bikram ",[WPA2-PSK-CCMP][RSN-PSK-CCMP][ESS][WPS],2026-09-26 12:59:06,149,5745,-88,26.18904961331266,91.70265673691273,-6.451019287109375,9.935046195983887,,,WIFI
42:43:6e:b6:0e:cf,Ayush's S24 FE,[WPA2-PSK-CCMP][RSN-PSK-CCMP][ESS],2026-09-26 12:59:06,11,2462,-80,26.18904961331266,91.70265673691273,-6.451019287109375,9.935046195983887,,,WIFI
96:e6:f7:50:d1:a6,DIRECT-KYWDX5CG01088F6ms8M,[WPA2-PSK-CCMP][RSN-PSK-CCMP][ESS][WPS],2026-09-26 12:59:06,2,2417,-61,26.18904961331266,91.70265673691273,-6.451019287109375,9.935046195983887,,,WIFI
4a:32:07:70:18:8f,Galaxy A14 5G 3942,[WPA2-PSK-CCMP][RSN-PSK-CCMP][ESS],2026-09-26 12:59:06,1,2412,-70,26.18904961331266,91.70265673691273,-6.451019287109375,9.935046195983887,,,WIFI
ba:2d:27:e8:4c:b9,OnePlus Nord CE 2,[RSN-SAE-CCMP][ESS],2026-09-26 12:59:06,161,5805,-86,26.18904961331266,91.70265673691273,-6.451019287109375,9.935046195983887,,,WIFI
dc:ea:e7:7a:2b:76,Thousand Sunny,[WPA2-PSK-CCMP][RSN-PSK-CCMP][ESS],2026-09-26 12:59:06,1,2412,-78,26.18904961331266,91.70265673691273,-6.451019287109375,9.935046195983887,,,WIFI
8e:40:80:47:88:a6,Shridhar's iQOO,[WPA2-PSK-CCMP][RSN-PSK+SAE-CCMP][ESS],2026-09-26 12:59:06,6,2437,-66,26.18904961331266,91.70265673691273,-6.451019287109375,9.935046195983887,,,WIFI
c4:e9:0a:ce:5e:45,concept,[WPA-PSK-TKIP+CCMP][WPA2-PSK-TKIP+CCMP][RSN-PSK-TKIP+CCMP][ESS][WPS],2026-09-26 12:59:06,3,2422,-77,26.18904961331266,91.70265673691273,-6.451019287109375,9.935046195983887,,,WIFI
ee:b9:ce:ab:04:cf,iPhone,[WPA2-PSK-CCMP][RSN-PSK-CCMP][ESS],2026-09-26 12:59:06,6,2437,-88,26.18904961331266,91.70265673691273,-6.451019287109375,9.935046195983887,,,WIFI
13:b5:6d:14:8f:32,,Uncategorized;10,2026-09-26 12:59:06,,7936,-72,26.18904961331266,91.70265673691273,-6.451019287109375,9.935046195983887,,,BLE
53:ff:d6:d8:9d:b9,,Uncategorized;10,2026-09-26 12:59:06,,7936,-82,26.18904961331266,91.70265673691273,-6.451019287109375,9.935046195983887,,76,BLE
0d:9b:d0:45:7f:52,,Misc,2026-09-26 12:59:06,,,-102,26.18904961331266,91.70265673691273,-6.451019287109375,9.935046195983887,,,BLE
6f:4d:44:e1:53:36,,Misc,2026-09-26 12:59:06,,7936,-88,26.18904961331266,91.70265673691273,-6.451019287109375,9.935046195983887,,76,BLE
3a:7a:31:24:cf:88,,Misc,2026-09-26 12:59:06,,,-64,26.18904961331266,91.70265673691273,-6.451019287109375,9.935046195983887,,6,BLE
10:dc:e7:d0:93:8d,,Misc,2026-09-26 12:59:06,,,-79,26.18904961331266,91.70265673691273,-6.451019287109375,9.935046195983887,,6,BLE
49:08:fb:e9:3f:ad,,Uncategorized;10,2026-09-26 12:59:07,,7936,-79,26.18906026728214,91.70265500736697,-6.344482421875,9.935046195983887,,,BLE
6f:4d:44:e1:53:36,,Misc,2026-09-26 12:59:07,,7936,-80,26.18906026728214,91.70265500736697,-6.344482421875,9.935046195983887,,76,BLE
7c:d6:cd:96:05:b1,SUJAL,Uncategorized;10,2026-09-26 12:59:09,,7936,-85,26.189087441207036,91.70264979833068,-7.009918212890625,9.935046195983887,,,BLE
5a:2e:2e:2e:80:0f,,Uncategorized;10,2026-09-26 12:59:09,,7936,-86,26.189087441207036,91.70264979833068,-7.009918212890625,9.935046195983887,,,BLE
16:a0:ef:b3:01:8e,,Misc,2026-09-26 12:59:11,,,-104,26.189102293247537,91.70265037612309,-6.6102294921875,9.935046195983887,,,BLE
98:47:44:e1:f3:87,,Misc,2026-09-26 12:59:11,,,-102,26.189102293247537,91.70265037612309,-6.6102294921875,9.935046195983887,,41992,BLE
c8:38:10:27:e5:07,,Misc,2026-09-26 12:59:11,,,-85,26.189102293247537,91.70265037612309,-6.6102294921875,9.935046195983887,,76,BLE
11:12:83:ea:23:54,,Misc,2026-09-26 12:59:11,,,-91,26.189102293247537,91.70265037612309,-6.6102294921875,9.935046195983887,,6,BLE
0f:0f:c8:76:35:33,,Misc,2026-09-26 12:59:11,,,-105,26.189102293247537,91.70265037612309,-6.6102294921875,9.935046195983887,,6,BLE
5c:ce:35:c0:ef:70,OnePlus Nord Buds 3r,Misc,2026-09-26 12:59:11,,7936,-82,26.189102293247537,91.70265037612309,-6.6102294921875,9.935046195983887,,,BLE
5a:2e:2e:2e:80:0f,,Uncategorized;10,2026-09-26 12:59:12,,7936,-81,26.189110557233526,91.70265425764815,-6.633819580078125,9.935046195983887,,,BLE
5c:e5:b2:41:5f:3e,,Uncategorized;10,2026-09-26 12:59:13,,7936,-85,26.189118438455264,91.70266390094486,-6.43011474609375,9.935046195983887,,,BLE
44:40:68:bf:d3:f2,,Uncategorized;10,2026-09-26 12:59:13,,7936,-90,26.189118438455264,91.70266390094486,-6.43011474609375,9.935046195983887,,,BLE
4d:02:37:a9:1f:87,,Uncategorized;10,2026-09-26 12:59:14,,7936,-98,26.189119382940273,91.70267227370789,-6.25469970703125,9.935046195983887,,,BLE
2b:c4:02:3e:dc:30,,Misc,2026-09-26 12:59:16,,,-99,26.18911562515245,91.70268491741774,-4.83831787109375,9.935046195983887,,6,BLE
60:55:56:2c:ce:bc,OnePlus Nord Buds 3,Uncategorized,2026-09-26 12:59:16,,7936,-107,26.18911562515245,91.70268491741774,-4.83831787109375,9.935046195983887,,,BLE
61:a9:b2:0b:5f:35,,Misc,2026-09-26 12:59:16,,,-101,26.18911562515245,91.70268491741774,-4.83831787109375,9.935046195983887,,76,BLE
52:94:89:12:b2:0c,,Misc,2026-09-26 12:59:16,,,-98,26.18911562515245,91.70268491741774,-4.83831787109375,9.935046195983887,,76,BLE
7c:c0:e3:60:15:c6,Echo Dot-6WP,Uncategorized;10,2026-09-26 12:59:16,,7936,-84,26.18911562515245,91.70268491741774,-4.83831787109375,9.935046195983887,,,BLE
e1:9f:89:34:ef:4c,,Misc,2026-09-26 12:59:16,,,-101,26.18911562515245,91.70268491741774,-4.83831787109375,9.935046195983887,,76,BLE
e0:c2:2c:fa:d1:a7,,Misc,2026-09-26 12:59:16,,,-82,26.18911562515245,91.70268491741774,-4.83831787109375,9.935046195983887,,76,BLE
5c:e5:b2:41:5f:3e,,Uncategorized;10,2026-09-26 12:59:16,,7936,-103,26.18911562515245,91.70268491741774,-4.83831787109375,9.935046195983887,,76,BLE
11:12:83:ea:23:54,,Misc,2026-09-26 12:59:16,,,-84,26.18911562515245,91.70268491741774,-4.83831787109375,9.935046195983887,,6,BLE
4d:02:37:a9:1f:87,,Uncategorized;10,2026-09-26 12:59:16,,7936,-97,26.18911562515245,91.70268491741774,-4.83831787109375,9.935046195983887,,76,BLE
4a:be:6f:9d:c6:0d,,Misc,2026-09-26 12:59:16,,7936,-97,26.18911562515245,91.70268491741774,-4.83831787109375,9.935046195983887,,76,BLE
44:40:68:bf:d3:f2,,Uncategorized;10,2026-09-26 12:59:16,,7936,-90,26.18911562515245,91.70268491741774,-4.83831787109375,9.935046195983887,,76,BLE
ee:75:0c:73:83:ce,,[WPA2-PSK-CCMP][RSN-PSK-CCMP][ESS],2026-09-26 12:59:17,161,5805,-88,26.189116954997377,91.70269747212306,-3.34637451171875,9.935046195983887,,,WIFI
d8:44:89:f5:52:84,Disco,[WPA2-PSK-CCMP][RSN-PSK-CCMP][ESS][WPS],2026-09-26 12:59:17,4,2427,-85,26.189116954997377,91.70269747212306,-3.34637451171875,9.935046195983887,,,WIFI
dc:ea:e7:34:d1:72,Ayan,[WPA2-PSK-CCMP][RSN-PSK-CCMP][ESS],2026-09-26 12:59:17,13,2472,-79,26.189116954997377,91.70269747212306,-3.34637451171875,9.935046195983887,,,WIFI
ec:75:0c:bc:23:35,SyntaxError,[WPA2-PSK-CCMP][RSN-PSK-CCMP][ESS][WPS],2026-09-26 12:59:17,153,5765,-85,26.189116954997377,91.70269747212306,-3.34637451171875,9.935046195983887,,,WIFI
4a:be:6f:9d:c6:0d,,Misc,2026-09-26 12:59:17,,7936,-91,26.189116954997377,91.70269747212306,-3.34637451171875,9.935046195983887,,76,BLE
405751_53815_205213954,Assam,LTE;405751,2026-09-26 12:59:18,1351,1351,-80,26.189117625310708,91.7027078741197,-1.9915771484375,9.935046195983887,,,LTE
d0:d3:4c:a3:6b:08,,Misc,2026-09-26 12:59:21,,,-101,26.189115363431284,91.70273481054737,-0.7967529296875,9.935046195983887,,76,BLE
41:c5:cd:3c:e1:10,,Uncategorized;10,2026-09-26 12:59:21,,7936,-88,26.189115363431284,91.70273481054737,-0.7967529296875,9.935046195983887,,76,BLE
cd:6d:5e:60:f2:d8,,Misc,2026-09-26 12:59:21,,,-90,26.189115363431284,91.70273481054737,-0.7967529296875,9.935046195983887,,76,BLE
52:94:89:12:b2:0c,,Misc,2026-09-26 12:59:21,,,-91,26.189115363431284,91.70273481054737,-0.7967529296875,9.935046195983887,,76,BLE
2b:c4:02:3e:dc:30,,Misc,2026-09-26 12:59:21,,,-90,26.189115363431284,91.70273481054737,-0.7967529296875,9.935046195983887,,6,BLE
e1:9f:89:34:ef:4c,,Misc,2026-09-26 12:59:21,,,-92,26.189115363431284,91.70273481054737,-0.7967529296875,9.935046195983887,,76,BLE
64:f6:16:4b:17:5f,,Misc,2026-09-26 12:59:21,,,-103,26.189115363431284,91.70273481054737,-0.7967529296875,9.935046195983887,,76,BLE
c9:93:6b:38:16:85,,Misc,2026-09-26 12:59:21,,,-94,26.189115363431284,91.70273481054737,-0.7967529296875,9.935046195983887,,76,BLE
6f:97:2e:30:05:b4,,Misc,2026-09-26 12:59:21,,,-92,26.189115363431284,91.70273481054737,-0.7967529296875,9.935046195983887,,76,BLE
ef:ed:3e:7e:2c:43,,Misc,2026-09-26 12:59:21,,,-102,26.189115363431284,91.70273481054737,-0.7967529296875,9.935046195983887,,76,BLE
c7:d5:0b:99:ba:d6,LE_SRS-XB30,Uncategorized,2026-09-26 12:59:21,,7936,-93,26.189115363431284,91.70273481054737,-0.7967529296875,9.935046195983887,,301,BLE
44:51:3f:21:03:ca,,Misc,2026-09-26 12:59:21,,,-101,26.189115363431284,91.70273481054737,-0.7967529296875,9.935046195983887,,,BLE
53:4b:7f:6d:c3:d0,,Uncategorized;10,2026-09-26 12:59:22,,7936,-78,26.189113683470072,91.70274444637282,0.149505615234375,9.935046195983887,,76,BLE
7d:24:5d:ba:11:f2,,Misc,2026-09-26 12:59:22,,7936,-73,26.189113683470072,91.70274444637282,0.149505615234375,9.935046195983887,,76,BLE
41:c5:cd:3c:e1:10,,Uncategorized;10,2026-09-26 12:59:23,,7936,-80,26.189111452235643,91.702754279921,0.95245361328125,9.935046195983887,,76,BLE
79:b7:87:21:ca:d7,,Misc,2026-09-26 12:59:23,,7936,-81,26.189111452235643,91.702754279921,0.95245361328125,9.935046195983887,,1946,BLE
b0:a7:b9:bd:81:6a,TP-Link_816A,[WPA2-PSK-CCMP][RSN-PSK-CCMP][ESS][WPS],2026-09-26 12:59:23,9,2452,-73,26.189111452235643,91.702754279921,0.95245361328125,9.935046195983887,,,WIFI
ee:75:0c:ac:23:33,,[WPA2-PSK-CCMP][RSN-PSK-CCMP][ESS],2026-09-26 12:59:23,4,2427,-75,26.189111452235643,91.702754279921,0.95245361328125,9.935046195983887,,,WIFI
88:76:b9:f4:72:91,LaCasaDeWifi,[WPA2-PSK-CCMP][RSN-PSK-CCMP][ESS],2026-09-26 12:59:23,1,2412,-87,26.189111452235643,91.702754279921,0.95245361328125,9.935046195983887,,,WIFI
e4:c3:2a:5d:53:78,TP-Link_5378,[WPA2-PSK-CCMP][RSN-PSK-CCMP][ESS][WPS],2026-09-26 12:59:23,3,2422,-63,26.189111452235643,91.702754279921,0.95245361328125,9.935046195983887,,,WIFI
da:57:47:07:d2:94,Roh,[WPA2-PSK-CCMP][RSN-PSK+SAE-CCMP][ESS],2026-09-26 12:59:23,36,5180,-63,26.189111452235643,91.702754279921,0.95245361328125,9.935046195983887,,,WIFI
5c:ad:6b:9b:0b:a8,,Uncategorized;10,2026-09-26 12:59:24,,7936,-99,26.189108766525553,91.70276533795068,2.1962890625,9.935046195983887,,,BLE
4f:16:c0:b7:2c:3f,,Misc,2026-09-26 12:59:25,,7936,-72,26.189110500854976,91.70277365350947,4.001739501953125,9.935046195983887,,76,BLE
7f:39:a6:c9:39:45,,Uncategorized;10,2026-09-26 12:59:25,,7936,-81,26.189110500854976,91.70277365350947,4.001739501953125,9.935046195983887,,76,BLE
64:6d:90:c6:8e:5f,OnePlus Nord Buds 3 Pro,Uncategorized,2026-09-26 12:59:26,,7936,-95,26.18911556878755,91.70278896952244,4.419921875,9.935046195983887,,,BLE
57:af:0b:24:60:39,,Misc,2026-09-26 12:59:26,,7936,-102,26.18911556878755,91.70278896952244,4.419921875,9.935046195983887,,76,BLE
20:fd:eb:34:ec:02,,Misc,2026-09-26 12:59:26,,,-104,26.18911556878755,91.70278896952244,4.419921875,9.935046195983887,,,BLE
e3:f7:8f:d6:cf:33,,Misc,2026-09-26 12:59:26,,,-95,26.18911556878755,91.70278896952244,4.419921875,9.935046195983887,,76,BLE
43:35:ee:ed:a5:9d,OPPO Enco Buds3 Pro,Uncategorized,2026-09-26 12:59:26,,7936,-80,26.18911556878755,91.70278896952244,4.419921875,9.935046195983887,,,BLE
3b:0a:31:fc:8b:14,,Misc,2026-09-26 12:59:26,,,-106,26.18911556878755,91.70278896952244,4.419921875,9.935046195983887,,6,BLE
c5:d4:f0:c0:fe:95,,Misc,2026-09-26 12:59:26,,,-75,26.18911556878755,91.70278896952244,4.419921875,9.935046195983887,,76,BLE
5c:ad:6b:9b:0b:a8,,Uncategorized;10,2026-09-26 12:59:26,,7936,-97,26.18911556878755,91.70278896952244,4.419921875,9.935046195983887,,76,BLE
3e:27:65:8b:3f:7a,,Misc,2026-09-26 12:59:26,,,-91,26.18911556878755,91.70278896952244,4.419921875,9.935046195983887,,6,BLE
7b:be:bb:a1:89:f2,,Uncategorized;10,2026-09-26 12:59:28,,7936,-88,26.18911097263965,91.7028035043746,5.507080078125,9.935046195983887,,76,BLE
63:b7:9a:de:36:59,,Misc,2026-09-26 12:59:28,,7936,-92,26.18911097263965,91.7028035043746,5.507080078125,9.935046195983887,,76,BLE
405751_53815_205213954,Assam,LTE;405751,2026-09-26 12:59:28,1351,1351,-70,26.18911097263965,91.7028035043746,5.507080078125,9.935046195983887,,,LTE
cc:2d:21:35:c5:50,WiFi_Name,[WPA-PSK-CCMP][WPA2-PSK-CCMP][RSN-PSK-CCMP][ESS],2026-09-26 12:59:29,7,2442,-79,26.189120680257673,91.70281946352398,5.658782958984375,9.935046195983887,,,WIFI
64:29:43:9a:0d:aa,R03-0DA9,[WPA2-PSK-CCMP][RSN-PSK-CCMP][ESS],2026-09-26 12:59:29,11,2462,-87,26.189120680257673,91.70281946352398,5.658782958984375,9.935046195983887,,,WIFI
ee:75:0c:73:83:ce,,[WPA2-PSK-CCMP][RSN-PSK-CCMP][ESS],2026-09-26 12:59:29,161,5805,-82,26.189120680257673,91.70281946352398,5.658782958984375,9.935046195983887,,,WIFI
ec:75:0c:b3:83:d0,Nikhil_31,[WPA2-PSK-CCMP][RSN-PSK-CCMP][ESS][WPS],2026-09-26 12:59:29,161,5805,-83,26.189120680257673,91.70281946352398,5.658782958984375,9.935046195983887,,,WIFI
ec:75:0c:b3:83:ce,Nikhil_31,[WPA2-PSK-CCMP][RSN-PSK-CCMP][ESS][WPS],2026-09-26 12:59:29,5,2432,-74,26.189120680257673,91.70281946352398,5.658782958984375,9.935046195983887,,,WIFI
c3:dc:5e:c4:61:12,,Misc,2026-09-26 12:59:31,,,-96,26.18912049649852,91.7028078890438,6.760467529296875,9.935046195983887,,76,BLE
6f:97:2e:30:05:b4,,Misc,2026-09-26 12:59:31,,,-77,26.18912049649852,91.7028078890438,6.760467529296875,9.935046195983887,,76,BLE
3e:27:65:8b:3f:7a,,Misc,2026-09-26 12:59:31,,,-82,26.18912049649852,91.7028078890438,6.760467529296875,9.935046195983887,,6,BLE
20:fd:eb:34:ec:02,,Misc,2026-09-26 12:59:31,,,-98,26.18912049649852,91.7028078890438,6.760467529296875,9.935046195983887,,,BLE
ee:75:0c:73:83:ce,,[WPA2-PSK-CCMP][RSN-PSK-CCMP][ESS],2026-09-26 12:59:33,161,5805,-76,26.189117459005274,91.70279431416,7.123992919921875,9.935046195983887,,,WIFI
ec:75:0c:b3:83:d0,Nikhil_31,[WPA2-PSK-CCMP][RSN-PSK-CCMP][ESS][WPS],2026-09-26 12:59:33,161,5805,-75,26.189117459005274,91.70279431416,7.123992919921875,9.935046195983887,,,WIFI
ec:75:0c:b3:83:ce,Nikhil_31,[WPA2-PSK-CCMP][RSN-PSK-CCMP][ESS][WPS],2026-09-26 12:59:33,5,2432,-68,26.189117459005274,91.70279431416,7.123992919921875,9.935046195983887,,,WIFI
50:2b:73:c4:f3:38,Shirish,[WPA-PSK-CCMP][WPA2-PSK-CCMP][RSN-PSK-CCMP][ESS],2026-09-26 12:59:33,1,2412,-72,26.189117459005274,91.70279431416,7.123992919921875,9.935046195983887,,,WIFI
d8:69:35:39:4a:6c,,Misc,2026-09-26 12:59:36,,,-94,26.189111186118794,91.70276368214836,7.674835205078125,9.935046195983887,,76,BLE
5f:99:93:7b:80:58,LAPTOP-RVJT9QAC,Uncategorized;10,2026-09-26 12:59:36,,7936,-76,26.189111186118794,91.70276368214836,7.674835205078125,9.935046195983887,,,BLE
c7:d5:0b:99:ba:d6,LE_SRS-XB30,Uncategorized,2026-09-26 12:59:36,,7936,-84,26.189111186118794,91.70276368214836,7.674835205078125,9.935046195983887,,301,BLE
52:04:59:32:4c:84,,Uncategorized;10,2026-09-26 12:59:39,,7936,-107,26.18910974686735,91.70273061656441,6.90936279296875,9.935046195983887,,,BLE
57:af:0b:24:60:39,,Misc,2026-09-26 12:59:40,,7936,-97,26.18910902233014,91.7027148124901,7.655059814453125,9.935046195983887,,76,BLE
05:eb:2d:40:cf:80,,Uncategorized;10,2026-09-26 12:59:41,,7936,-102,26.189108437006034,91.70270258469473,6.855438232421875,9.935046195983887,,,BLE
8c:90:2d:ca:5e:40,IPhone 13,[WPA2-PSK-CCMP][RSN-PSK-CCMP][ESS][WPS],2026-09-26 12:59:41,2,2417,-50,26.189108437006034,91.70270258469473,6.855438232421875,9.935046195983887,,,WIFI
30:68:93:71:ec:8a,nyetwark,[WPA2-PSK-CCMP][RSN-PSK-CCMP][ESS][WPS],2026-09-26 12:59:41,7,2442,-79,26.189108437006034,91.70270258469473,6.855438232421875,9.935046195983887,,,WIFI
8c:90:2d:ca:60:0a,TP-Link_600A,[WPA2-PSK-CCMP][RSN-PSK-CCMP][ESS][WPS],2026-09-26 12:59:41,3,2422,-84,26.189108437006034,91.70270258469473,6.855438232421875,9.935046195983887,,,WIFI
30:68:93:3d:18:2e,TP-Link_182E,[WPA2-PSK-CCMP][RSN-PSK-CCMP][ESS][WPS],2026-09-26 12:59:41,9,2452,-80,26.189108437006034,91.70270258469473,6.855438232421875,9.935046195983887,,,WIFI
40:3f:8c:7d:46:2d,TP-Link_462D,[WPA2-PSK-CCMP][RSN-PSK-CCMP][ESS][WPS],2026-09-26 12:59:41,10,2457,-84,26.189108437006034,91.70270258469473,6.855438232421875,9.935046195983887,,,WIFI
78:b2:1d:c0:6f:a3,650 Pro_BLE,Uncategorized,2026-09-26 12:59:42,,7936,-93,26.189108767305502,91.7026958574468,6.298187255859375,9.935046195983887,,23515,BLE
16:a0:ef:b3:01:8e,,Misc,2026-09-26 12:59:42,,,-91,26.189108767305502,91.7026958574468,6.298187255859375,9.935046195983887,,,BLE
52:04:59:32:4c:84,,Uncategorized;10,2026-09-26 12:59:42,,7936,-107,26.189108767305502,91.7026958574468,6.298187255859375,9.935046195983887,,76,BLE
f3:76:38:ac:42:00,,Misc,2026-09-26 12:59:42,,,-98,26.189108767305502,91.7026958574468,6.298187255859375,9.935046195983887,,76,BLE
52:04:59:32:4c:84,,Uncategorized;10,2026-09-26 12:59:42,,7936,-102,26.189108767305502,91.7026958574468,6.298187255859375,9.935046195983887,,76,BLE
3d:92:b2:52:d7:35,,Uncategorized;10,2026-09-26 12:59:46,,7936,-102,26.189107157626957,91.70264235130915,6.594512939453125,9.935046195983887,,,BLE
d5:a3:16:24:c8:5d,WHOOP 5B01426719,Uncategorized;10,2026-09-26 12:59:46,,7936,-87,26.189107157626957,91.70264235130915,6.594512939453125,9.935046195983887,,,BLE
14:02:c9:73:6b:ef,,Misc,2026-09-26 12:59:46,,,-78,26.189107157626957,91.70264235130915,6.594512939453125,9.935046195983887,,6,BLE
77:2e:66:7d:bc:cb,Prime80,Misc,2026-09-26 12:59:46,,7936,-100,26.189107157626957,91.70264235130915,6.594512939453125,9.935046195983887,,58744,BLE
78:a3:ce:4a:24:35,,Misc,2026-09-26 12:59:46,,,-101,26.189107157626957,91.70264235130915,6.594512939453125,9.935046195983887,,76,BLE
c1:87:c3:cb:bc:27,,Misc,2026-09-26 12:59:46,,,-104,26.189107157626957,91.70264235130915,6.594512939453125,9.935046195983887,,76,BLE
f9:98:54:46:c4:1c,,Misc,2026-09-26 12:59:46,,,-105,26.189107157626957,91.70264235130915,6.594512939453125,9.935046195983887,,76,BLE
29:5c:a3:f4:1a:c8,,Misc,2026-09-26 12:59:46,,,-96,26.189107157626957,91.70264235130915,6.594512939453125,9.935046195983887,,,BLE
40:8a:0e:1e:6c:74,,Misc,2026-09-26 12:59:46,,,-104,26.189107157626957,91.70264235130915,6.594512939453125,9.935046195983887,,,BLE
e4:fa:c4:0c:b7:96,Burnt Toast,[WPA2-PSK-CCMP][RSN-PSK-CCMP][ESS][WPS],2026-09-26 12:59:48,2,2417,-85,26.189105967152372,91.70262592326844,4.470611572265625,9.935046195983887,,,WIFI
32:77:0c:4e:86:bd,,Uncategorized;10,2026-09-26 12:59:49,,7936,-104,26.189104312778788,91.70261515466031,6.9794921875,9.935046195983887,,,BLE
b0:38:e2:9c:00:cd,,Uncategorized;10,2026-09-26 12:59:50,,7936,-104,26.189100534383392,91.70260534990773,5.297027587890625,9.935046195983887,,,BLE
39:40:69:e5:b5:ac,,Uncategorized;10,2026-09-26 12:59:50,,7936,-103,26.189100534383392,91.70260534990773,5.297027587890625,9.935046195983887,,,BLE
4f:18:db:fd:64:2b,,Uncategorized;10,2026-09-26 12:59:50,,7936,-101,26.189100534383392,91.70260534990773,5.297027587890625,9.935046195983887,,,BLE
40:ae:30:2d:01:9a,Star,[WPA2-PSK-TKIP+CCMP][RSN-PSK-TKIP+CCMP][ESS][WPS],2026-09-26 12:59:51,3,2422,-76,26.18909242535704,91.70259232772557,5.222686767578125,9.935046195983887,,,WIFI
6e:a9:b0:8b:fa:0b,Jabra Evolve2 65,Uncategorized;10,2026-09-26 12:59:51,,7936,-92,26.18909242535704,91.70259232772557,5.222686767578125,9.935046195983887,,,BLE
74:49:9e:f3:b7:f8,,Misc,2026-09-26 12:59:52,,,-97,26.18908797837256,91.7025826565746,5.347930908203125,9.935046195983887,,76,BLE
4e:fb:4a:e9:a7:e6,,Misc,2026-09-26 12:59:52,,,-93,26.18908797837256,91.7025826565746,5.347930908203125,9.935046195983887,,,BLE
0f:0f:c8:76:35:33,,Misc,2026-09-26 12:59:52,,,-99,26.18908797837256,91.7025826565746,5.347930908203125,9.935046195983887,,6,BLE
36:cc:0a:cb:7e:ac,,Misc,2026-09-26 12:59:52,,,-90,26.18908797837256,91.7025826565746,5.347930908203125,9.935046195983887,,6,BLE
07:30:2e:48:08:30,,Misc,2026-09-26 12:59:52,,,-104,26.18908797837256,91.7025826565746,5.347930908203125,9.935046195983887,,6,BLE
75:bd:e7:52:fb:c7,,Misc,2026-09-26 12:59:52,,,-100,26.18908797837256,91.7025826565746,5.347930908203125,9.935046195983887,,,BLE
0d:8f:0c:a1:7f:d3,,Misc,2026-09-26 12:59:52,,,-103,26.18908797837256,91.7025826565746,5.347930908203125,9.935046195983887,,6,BLE
3e:c6:23:21:1f:d9,,Uncategorized;10,2026-09-26 12:59:53,,7936,-88,26.189087347497424,91.70257842221726,5.457763671875,9.935046195983887,,,BLE
0e:5f:3f:7b:33:e0,,Uncategorized;10,2026-09-26 12:59:55,,7936,-102,26.18908014570953,91.70255795569332,2.46173095703125,10.013707160949707,,,BLE
5c:ab:94:d0:e1:c3,,Uncategorized;10,2026-09-26 12:59:55,,7936,-100,26.18908014570953,91.70255795569332,2.46173095703125,10.013707160949707,,,BLE
2c:3f:1f:e8:6b:02,,Misc,2026-09-26 12:59:57,,,-80,26.189073709796634,91.70253730253349,1.57293701171875,10.0021390914917,,6,BLE
3d:92:b2:52:d7:35,,Uncategorized;10,2026-09-26 12:59:57,,7936,-97,26.189073709796634,91.70253730253349,1.57293701171875,10.0021390914917,,,BLE
5e:33:d2:94:84:90,,Uncategorized;10,2026-09-26 12:59:58,,7936,-62,26.189069231175594,91.7025219494744,2.30670166015625,9.994159698486328,,76,BLE
32:77:0c:4e:86:bd,,Uncategorized;10,2026-09-26 13:00:00,,7936,-99,26.189065096082352,91.70250761986698,0.52734375,9.935046195983887,,,BLE
a8:42:a1:68:9b:a0,"Bikram ",[WPA2-PSK-CCMP][RSN-PSK-CCMP][ESS][WPS],2026-09-26 13:00:00,149,5745,-70,26.189065096082352,91.70250761986698,0.52734375,9.935046195983887,,,WIFI
9a:bd:80:9c:1b:84,DIRECT-NJVAIBHAVROCKSmsBV,[WPA2-PSK-CCMP][RSN-PSK-CCMP][ESS][WPS],2026-09-26 13:00:00,10,2457,-36,26.189065096082352,91.70250761986698,0.52734375,9.935046195983887,,,WIFI
88:76:b9:f4:72:91,LaCasaDeWifi,[WPA2-PSK-CCMP][RSN-PSK-CCMP][ESS],2026-09-26 13:00:00,1,2412,-82,26.189065096082352,91.70250761986698,0.52734375,9.935046195983887,,,WIFI
e4:fa:c4:0c:b7:96,Burnt Toast,[WPA2-PSK-CCMP][RSN-PSK-CCMP][ESS][WPS],2026-09-26 13:00:00,2,2417,-75,26.189065096082352,91.70250761986698,0.52734375,9.935046195983887,,,WIFI
a8:42:a1:88:0f:48,TP-Link_0F48,[WPA2-PSK-CCMP][RSN-PSK-CCMP][ESS][WPS],2026-09-26 13:00:00,10,2457,-68,26.189065096082352,91.70250761986698,0.52734375,9.935046195983887,,,WIFI
42:49:8b:13:e1:70,,Uncategorized;10,2026-09-26 13:00:00,,7936,-100,26.189065096082352,91.70250761986698,0.52734375,9.935046195983887,,,BLE
6f:66:88:33:f1:08,,Misc,2026-09-26 13:00:00,,7936,-86,26.189065096082352,91.70250761986698,0.52734375,9.935046195983887,,76,BLE
c8:d8:38:89:78:e0,,Misc,2026-09-26 13:00:02,,,-62,26.18905784598432,91.70248240594087,-0.16302490234375,9.989943504333496,,76,BLE
30:e7:d5:3b:08:ef,,Misc,2026-09-26 13:00:02,,,-101,26.18905784598432,91.70248240594087,-0.16302490234375,9.989943504333496,,,BLE
67:22:d0:68:35:e3,,Misc,2026-09-26 13:00:02,,7936,-69,26.18905784598432,91.70248240594087,-0.16302490234375,9.989943504333496,,76,BLE
e4:7b:6b:50:6d:8f,,Misc,2026-09-26 13:00:02,,,-84,26.18905784598432,91.70248240594087,-0.16302490234375,9.989943504333496,,76,BLE
c0:45:19:20:ff:c7,,Misc,2026-09-26 13:00:02,,,-79,26.18905784598432,91.70248240594087,-0.16302490234375,9.989943504333496,,76,BLE
f8:88:d7:a9:6d:90,,Misc,2026-09-26 13:00:02,,,-82,26.18905784598432,91.70248240594087,-0.16302490234375,9.989943504333496,,76,BLE
20:e1:5d:3d:ea:56,TP-Link_EA56,[WPA2-PSK-CCMP][RSN-PSK-CCMP][ESS][WPS],2026-09-26 13:00:03,3,2422,-83,26.189051734675473,91.70246919293862,0.57379150390625,9.935046195983887,,,WIFI
82:6a:4e:5b:50:f4,OPPO A5 Pro 5G C79E,[WPA2-PSK-CCMP][RSN-PSK+SAE-CCMP][ESS],2026-09-26 13:00:03,13,2472,-70,26.189051734675473,91.70246919293862,0.57379150390625,9.935046195983887,,,WIFI
2a:22:1f:5e:1d:ca,,Uncategorized;10,2026-09-26 13:00:04,,7936,-100,26.189046657251883,91.70245563133888,1.465850830078125,9.935046195983887,,,BLE
64:d5:27:04:0b:64,,Uncategorized;10,2026-09-26 13:00:06,,7936,-95,26.18902284447884,91.70243089195357,2.365570068359375,9.935046195983887,,,BLE
7b:97:60:19:5e:fb,,Misc,2026-09-26 13:00:07,,,-104,26.18902932158266,91.7024245832462,4.1693115234375,9.935046195983887,,,BLE
3f:8c:9e:59:d0:14,,Misc,2026-09-26 13:00:07,,,-102,26.18902932158266,91.7024245832462,4.1693115234375,9.935046195983887,,6,BLE
f4:d1:d2:56:cb:d9,,Misc,2026-09-26 13:00:07,,,-94,26.18902932158266,91.7024245832462,4.1693115234375,9.935046195983887,,76,BLE
1d:6e:13:96:ac:99,,Misc,2026-09-26 13:00:07,,,-101,26.18902932158266,91.7024245832462,4.1693115234375,9.935046195983887,,6,BLE
21:19:5e:db:2a:cd,,Misc,2026-09-26 13:00:07,,,-94,26.18902932158266,91.7024245832462,4.1693115234375,9.935046195983887,,6,BLE
56:78:4e:5c:7e:78,,Misc,2026-09-26 13:00:07,,,-102,26.18902932158266,91.7024245832462,4.1693115234375,9.935046195983887,,,BLE
0f:69:66:08:4d:2e,,Misc,2026-09-26 13:00:07,,,-81,26.18902932158266,91.7024245832462,4.1693115234375,9.935046195983887,,6,BLE
2a:84:ad:83:8b:d7,,Misc,2026-09-26 13:00:07,,,-96,26.18902932158266,91.7024245832462,4.1693115234375,9.935046195983887,,,BLE
57:af:0b:24:60:39,,Misc,2026-09-26 13:00:07,,7936,-91,26.18902932158266,91.7024245832462,4.1693115234375,9.935046195983887,,76,BLE
3c:6a:d2:4e:e0:b2,SAMSUNG 17 PRO MAX,[WPA2-PSK-CCMP][RSN-PSK-CCMP][ESS][WPS],2026-09-26 13:00:11,3,2422,-81,26.189009825362948,91.702389521937,3.21246337890625,9.935046195983887,,,WIFI
88:76:b9:f4:72:91,LaCasaDeWifi,[WPA2-PSK-CCMP][RSN-PSK-CCMP][ESS],2026-09-26 13:00:11,1,2412,-77,26.189009825362948,91.702389521937,3.21246337890625,9.935046195983887,,,WIFI
e4:fa:c4:0c:c5:32,A23,[WPA2-PSK-CCMP][RSN-PSK-CCMP][ESS][WPS],2026-09-26 13:00:11,4,2427,-76,26.189009825362948,91.702389521937,3.21246337890625,9.935046195983887,,,WIFI
c4:e9:0a:ce:5e:46,mushkil_concept,[WPA-PSK-TKIP+CCMP][WPA2-PSK-TKIP+CCMP][RSN-PSK-TKIP+CCMP][ESS][WPS],2026-09-26 13:00:11,36,5180,-86,26.189009825362948,91.702389521937,3.21246337890625,9.935046195983887,,,WIFI
d6:7e:03:63:08:11,,Misc,2026-09-26 13:00:12,,,-83,26.189003187660628,91.70238561468783,0.5352783203125,9.935046195983887,,76,BLE
ce:83:d4:b6:9b:44,,Misc,2026-09-26 13:00:12,,,-96,26.189003187660628,91.70238561468783,0.5352783203125,9.935046195983887,,76,BLE
fa:b3:a9:b6:6c:bc,,Misc,2026-09-26 13:00:12,,,-94,26.189003187660628,91.70238561468783,0.5352783203125,9.935046195983887,,76,BLE
59:26:aa:4b:07:2f,OnePlus Nord Buds 3 Pro,Uncategorized,2026-09-26 13:00:12,,7936,-84,26.189003187660628,91.70238561468783,0.5352783203125,9.935046195983887,,,BLE
4c:62:4f:78:2c:2f,,Misc,2026-09-26 13:00:12,,,-81,26.189003187660628,91.70238561468783,0.5352783203125,9.935046195983887,,,BLE
3e:27:65:8b:3f:7a,,Misc,2026-09-26 13:00:12,,,-76,26.189003187660628,91.70238561468783,0.5352783203125,9.935046195983887,,6,BLE
53:ff:d6:d8:9d:b9,,Uncategorized;10,2026-09-26 13:00:12,,7936,-77,26.189003187660628,91.70238561468783,0.5352783203125,9.935046195983887,,76,BLE
41:42:08:d1:37:d8,Aavante Bar 485,Headphones;10,2026-09-26 13:00:12,,1048,-90,26.189003187660628,91.70238561468783,0.5352783203125,9.935046195983887,,,BT
09:16:d0:0a:e2:ad,,Misc,2026-09-26 13:00:17,,,-103,26.188959845177177,91.70239424659974,0.8387451171875,9.935046195983887,,,BLE
9c:a2:f4:a3:f3:c6,Golden Snitch,[WPA2-PSK-CCMP][RSN-PSK-CCMP][ESS][WPS],2026-09-26 13:00:18,153,5765,-76,26.18895802748308,91.70239122484905,1.363067626953125,9.935046195983887,,,WIFI
a8:42:a1:88:10:24,DJDODODODO,[WPA2-PSK-CCMP][RSN-PSK-CCMP][ESS][WPS],2026-09-26 13:00:18,3,2422,-84,26.18895802748308,91.70239122484905,1.363067626953125,9.935046195983887,,,WIFI
14:18:d5:aa:9f:7e,,Misc,2026-09-26 13:00:22,,,-91,26.18890534033839,91.70239090489872,1.516998291015625,9.935046195983887,,6,BLE
ca:b2:c9:1e:0c:1d,JBL Tune 770NC-LE,Misc,2026-09-26 13:00:22,,7936,-56,26.18890534033839,91.70239090489872,1.516998291015625,9.935046195983887,,,BLE
53:ff:d6:d8:9d:b9,,Uncategorized;10,2026-09-26 13:00:22,,7936,-68,26.18890534033839,91.70239090489872,1.516998291015625,9.935046195983887,,76,BLE
2a:22:1f:5e:1d:ca,,Uncategorized;10,2026-09-26 13:00:22,,7936,-95,26.18890534033839,91.70239090489872,1.516998291015625,9.935046195983887,,,BLE
4c:62:4f:78:2c:2f,,Misc,2026-09-26 13:00:22,,,-59,26.18890534033839,91.70239090489872,1.516998291015625,9.935046195983887,,,BLE
c8:38:10:27:e5:07,,Misc,2026-09-26 13:00:22,,,-66,26.18890534033839,91.70239090489872,1.516998291015625,9.935046195983887,,76,BLE
fa:b3:a9:b6:6c:bc,,Misc,2026-09-26 13:00:22,,,-73,26.18890534033839,91.70239090489872,1.516998291015625,9.935046195983887,,76,BLE
3b:ee:db:45:ee:b7,,Misc,2026-09-26 13:00:22,,,-104,26.18890534033839,91.70239090489872,1.516998291015625,9.935046195983887,,6,BLE
60:2d:27:28:79:68,,Uncategorized;10,2026-09-26 13:00:22,,7936,-76,26.18890534033839,91.70239090489872,1.516998291015625,9.935046195983887,,,BLE
6f:4d:44:e1:53:36,,Misc,2026-09-26 13:00:22,,7936,-64,26.18890534033839,91.70239090489872,1.516998291015625,9.935046195983887,,76,BLE
3b:ee:db:45:ee:b7,,Misc,2026-09-26 13:00:27,,,-96,26.18885844798081,91.70238612409628,1.018310546875,9.935046195983887,,6,BLE
c0:d4:f2:48:3c:26,,Misc,2026-09-26 13:00:27,,,-103,26.18885844798081,91.70238612409628,1.018310546875,9.935046195983887,,76,BLE
10:db:ec:ee:8a:c9,,Misc,2026-09-26 13:00:27,,,-86,26.18885844798081,91.70238612409628,1.018310546875,9.935046195983887,,,BLE
d1:4a:34:3a:41:1a,,Misc,2026-09-26 13:00:29,,,-83,26.188833509921704,91.70237932130605,0.885589599609375,10.019386291503906,,76,BLE
da:e3:04:a2:90:ef,,Misc,2026-09-26 13:00:29,,,-67,26.188833509921704,91.70237932130605,0.885589599609375,10.019386291503906,,76,BLE
4a:59:de:3a:74:eb,,Uncategorized,2026-09-26 13:00:29,,7936,-102,26.188833509921704,91.70237932130605,0.885589599609375,10.019386291503906,,,BLE
7e:1e:1e:d1:63:41,,Misc,2026-09-26 13:00:29,,7936,-98,26.188833509921704,91.70237932130605,0.885589599609375,10.019386291503906,,,BLE
4a:59:de:3a:74:eb,,Uncategorized,2026-09-26 13:00:29,,7936,-97,26.188833509921704,91.70237932130605,0.885589599609375,10.019386291503906,,,BLE
04:d5:90:66:d1:f1,IITG_CONNECT,[WPA2-EAP/SHA1-CCMP][RSN-EAP/SHA1-CCMP][ESS],2026-09-26 13:00:29,11,2462,-45,26.188833509921704,91.70237932130605,0.885589599609375,10.019386291503906,,,WIFI
42:df:a4:0d:6d:ec,>vision,[WPA2-PSK-CCMP][RSN-PSK-CCMP][ESS],2026-09-26 13:00:29,6,2437,-63,26.188833509921704,91.70237932130605,0.885589599609375,10.019386291503906,,,WIFI
04:d5:90:66:d1:f0,eduroam,[WPA2-EAP/SHA1-CCMP][RSN-EAP/SHA1-CCMP][ESS],2026-09-26 13:00:29,11,2462,-45,26.188833509921704,91.70237932130605,0.885589599609375,10.019386291503906,,,WIFI
04:d5:90:66:d1:f9,IITG_CONNECT,[WPA2-EAP/SHA1-CCMP][RSN-EAP/SHA1-CCMP][ESS],2026-09-26 13:00:29,36,5180,-42,26.188833509921704,91.70237932130605,0.885589599609375,10.019386291503906,,,WIFI
04:d5:90:66:d1:f8,eduroam,[WPA2-EAP/SHA1-CCMP][RSN-EAP/SHA1-CCMP][ESS],2026-09-26 13:00:29,36,5180,-42,26.188833509921704,91.70237932130605,0.885589599609375,10.019386291503906,,,WIFI
a4:08:53:60:38:bb,Airtel_bidi_7996,[WPA2-PSK-CCMP][RSN-PSK-CCMP][ESS],2026-09-26 13:00:29,52,5260,-41,26.188833509921704,91.70237932130605,0.885589599609375,10.019386291503906,,,WIFI
ba:08:53:60:38:bb,,[WPA2-PSK-CCMP][RSN-PSK-CCMP][ESS],2026-09-26 13:00:29,52,5260,-41,26.188833509921704,91.70237932130605,0.885589599609375,10.019386291503906,,,WIFI
b6:08:53:60:38:bb,,[WPA2-PSK-CCMP][RSN-PSK-CCMP][ESS],2026-09-26 13:00:29,52,5260,-41,26.188833509921704,91.70237932130605,0.885589599609375,10.019386291503906,,,WIFI
77:2e:66:7d:bc:cb,Prime80,Misc,2026-09-26 13:00:29,,7936,-95,26.188833509921704,91.70237932130605,0.885589599609375,10.019386291503906,,58744,BLE
39:17:f1:ac:bc:71,,Misc,2026-09-26 13:00:29,,,-97,26.188833509921704,91.70237932130605,0.885589599609375,10.019386291503906,,6,BLE
c8:78:7d:e7:e8:a7,DIR-825-E8A4,[WPA2-PSK-CCMP][RSN-PSK-CCMP][ESS][WPS],2026-09-26 13:00:29,10,2457,-84,26.188833509921704,91.70237932130605,0.885589599609375,10.019386291503906,,,WIFI
4e:73:67:4f:5a:a9,Redmi 10,[WPA2-PSK-CCMP][RSN-PSK-CCMP][ESS],2026-09-26 13:00:41,1,2412,-53,26.188756003292713,91.7022672480523,1.43389892578125,19.49095916748047,,,WIFI
38:8c:02:fc:09:f7,,Misc,2026-09-26 13:00:42,,,-102,26.188762798839484,91.70224965159949,1.431976318359375,14.475176811218262,,,BLE
4b:40:4c:c5:e7:7b,VISION,Uncategorized;10,2026-09-26 13:00:42,,7936,-101,26.188762798839484,91.70224965159949,1.431976318359375,14.475176811218262,,,BLE
4c:2a:51:3b:50:93,,Uncategorized;10,2026-09-26 13:00:43,,7936,-103,26.18876910252584,91.70223039554102,1.571014404296875,13.236188888549805,,,BLE
78:6f:ed:e0:ca:4e,,Uncategorized;10,2026-09-26 13:00:44,,7936,-101,26.18877693013967,91.70221358582634,1.488372802734375,12.550236701965332,,,BLE
48:b8:09:c7:b6:58,,Uncategorized;10,2026-09-26 13:00:45,,7936,-102,26.188784550456617,91.70219710462874,4.197235107421875,12.590570449829102,,,BLE
6d:da:7f:33:4a:de,,Misc,2026-09-26 13:00:47,,,-104,26.188801799787132,91.70217138112469,3.948486328125,12.556252479553223,,117,BLE
12:2e:b6:71:54:7a,,Misc,2026-09-26 13:00:47,,,-104,26.188801799787132,91.70217138112469,3.948486328125,12.556252479553223,,,BLE
07:53:67:38:77:bb,,Misc,2026-09-26 13:00:47,,,-102,26.188801799787132,91.70217138112469,3.948486328125,12.556252479553223,,6,BLE
4c:2a:51:3b:50:93,,Uncategorized;10,2026-09-26 13:00:47,,7936,-104,26.188801799787132,91.70217138112469,3.948486328125,12.556252479553223,,76,BLE
78:6f:ed:e0:ca:4e,,Uncategorized;10,2026-09-26 13:00:47,,7936,-101,26.188801799787132,91.70217138112469,3.948486328125,12.556252479553223,,76,BLE
48:b8:09:c7:b6:58,,Uncategorized;10,2026-09-26 13:00:47,,7936,-102,26.188801799787132,91.70217138112469,3.948486328125,12.556252479553223,,76,BLE
52:6e:52:31:9b:77,,Uncategorized;10,2026-09-26 13:00:50,,7936,-101,26.188823009828504,91.70215098020981,4.86175537109375,11.703364372253418,,,BLE
05:bb:4b:9c:0f:0f,,Misc,2026-09-26 13:00:52,,,-104,26.188832777689157,91.70213767725221,5.400054931640625,10.897644996643066,,6,BLE
12:2e:b6:71:54:7a,,Misc,2026-09-26 13:00:52,,,-98,26.188832777689157,91.70213767725221,5.400054931640625,10.897644996643066,,,BLE
06:0d:a3:74:93:da,,Misc,2026-09-26 13:00:52,,,-103,26.188832777689157,91.70213767725221,5.400054931640625,10.897644996643066,,,BLE
4e:73:67:4f:5a:a9,Redmi 10,[WPA2-PSK-CCMP][RSN-PSK-CCMP][ESS],2026-09-26 13:00:53,1,2412,-37,26.18884351600722,91.70212730613913,5.2515869140625,10.669732093811035,,,WIFI
55:5b:00:37:84:1d,,Misc,2026-09-26 13:00:57,,,-99,26.1888690499589,91.70210803298562,6.4298095703125,10.760756492614746,,,BLE
d2:a1:f7:61:0b:38,,Misc,2026-09-26 13:00:57,,,-102,26.1888690499589,91.70210803298562,6.4298095703125,10.760756492614746,,76,BLE
75:90:04:36:fe:b7,,Misc,2026-09-26 13:00:57,,,-103,26.1888690499589,91.70210803298562,6.4298095703125,10.760756492614746,,117,BLE
10:83:da:c2:c8:1e,,Misc,2026-09-26 13:00:57,,,-102,26.1888690499589,91.70210803298562,6.4298095703125,10.760756492614746,,6,BLE
52:38:2b:25:dd:55,,Misc,2026-09-26 13:00:57,,,-102,26.1888690499589,91.70210803298562,6.4298095703125,10.760756492614746,,,BLE
7d:a2:69:b9:2c:25,,Misc,2026-09-26 13:00:57,,,-103,26.1888690499589,91.70210803298562,6.4298095703125,10.760756492614746,,,BLE
72:06:34:8d:a1:7c,,Misc,2026-09-26 13:00:57,,7936,-100,26.1888690499589,91.70210803298562,6.4298095703125,10.760756492614746,,76,BLE
03:d2:a1:6d:2e:00,,Uncategorized;10,2026-09-26 13:00:57,,7936,-100,26.1888690499589,91.70210803298562,6.4298095703125,10.760756492614746,,,BLE
26:f4:da:d2:95:24,,Uncategorized;10,2026-09-26 13:00:57,,7936,-101,26.1888690499589,91.70210803298562,6.4298095703125,10.760756492614746,,,BLE
69:3c:f6:5f:40:6a,,Uncategorized;10,2026-09-26 13:00:57,,7936,-94,26.1888690499589,91.70210803298562,6.4298095703125,10.760756492614746,,,BLE
4c:e4:8b:01:96:a1,,Misc,2026-09-26 13:01:02,,,-102,26.18891875058287,91.70209777180662,8.796722412109375,10.100863456726074,,76,BLE
55:5b:00:37:84:1d,,Misc,2026-09-26 13:01:02,,,-94,26.18891875058287,91.70209777180662,8.796722412109375,10.100863456726074,,,BLE
5e:d9:ba:0a:e2:7e,Google Fitbit Air,Misc,2026-09-26 13:01:02,,,-102,26.18891875058287,91.70209777180662,8.796722412109375,10.100863456726074,,,BLE
4b:40:4c:c5:e7:7b,VISION,Uncategorized;10,2026-09-26 13:01:02,,7936,-94,26.18891875058287,91.70209777180662,8.796722412109375,10.100863456726074,,,BLE
09:b6:02:8f:b4:cd,,Uncategorized;10,2026-09-26 13:01:02,,7936,-96,26.18891875058287,91.70209777180662,8.796722412109375,10.100863456726074,,,BLE
7b:9f:51:e8:0e:81,,Uncategorized;10,2026-09-26 13:01:03,,7936,-101,26.188929433232452,91.70209251497567,9.445281982421875,10.144113540649414,,,BLE
6c:db:11:31:d2:90,,Uncategorized;10,2026-09-26 13:01:03,,7936,-100,26.188929433232452,91.70209251497567,9.445281982421875,10.144113540649414,,,BLE
6d:34:80:e9:bf:53,,Uncategorized;10,2026-09-26 13:01:03,,7936,-101,26.188929433232452,91.70209251497567,9.445281982421875,10.144113540649414,,,BLE
40:ed:00:ee:ae:42,certifiedpedophile,[WPA2-PSK-CCMP][RSN-PSK-CCMP][ESS][WPS],2026-09-26 13:01:05,3,2422,-78,26.188936701359303,91.7020859316082,9.247772216796875,10.051779747009277,,,WIFI
d0:32:c3:2e:d5:6b,DIR-615-D56A,[WPA2-PSK-CCMP][RSN-PSK-CCMP][ESS],2026-09-26 13:01:05,1,2412,-76,26.188936701359303,91.7020859316082,9.247772216796875,10.051779747009277,,,WIFI
c2:07:1d:66:c1:58,IITG_CONNECT,[WPA2-EAP/SHA1+FT/EAP-CCMP][RSN-EAP/SHA1+FT/EAP-CCMP][ESS],2026-09-26 13:01:05,1,2412,-84,26.188936701359303,91.7020859316082,9.247772216796875,10.051779747009277,,,WIFI
64:29:43:99:fc:c6,R03-FCC5,[WPA2-PSK-CCMP][RSN-PSK-CCMP][ESS],2026-09-26 13:01:05,8,2447,-65,26.188936701359303,91.7020859316082,9.247772216796875,10.051779747009277,,,WIFI
07:53:67:38:77:bb,,Misc,2026-09-26 13:01:07,,,-96,26.188929362876998,91.70207823757413,9.851654052734375,10.028595924377441,,6,BLE
6c:db:11:31:d2:90,,Uncategorized;10,2026-09-26 13:01:07,,7936,-102,26.188929362876998,91.70207823757413,9.851654052734375,10.028595924377441,,1839,BLE
2a:0c:2d:ee:5f:3e,,Misc,2026-09-26 13:01:07,,,-93,26.188929362876998,91.70207823757413,9.851654052734375,10.028595924377441,,6,BLE
7b:9f:51:e8:0e:81,,Uncategorized;10,2026-09-26 13:01:07,,7936,-102,26.188929362876998,91.70207823757413,9.851654052734375,10.028595924377441,,76,BLE
10:83:da:c2:c8:1e,,Misc,2026-09-26 13:01:07,,,-97,26.188929362876998,91.70207823757413,9.851654052734375,10.028595924377441,,6,BLE
6d:34:80:e9:bf:53,,Uncategorized;10,2026-09-26 13:01:07,,7936,-102,26.188929362876998,91.70207823757413,9.851654052734375,10.028595924377441,,1839,BLE
42:49:8b:13:e1:70,,Uncategorized;10,2026-09-26 13:01:10,,7936,-92,26.188907466191104,91.70207722101078,8.76611328125,9.943758964538574,,,BLE
b0:38:e2:9c:00:cd,,Uncategorized;10,2026-09-26 13:01:12,,7936,-99,26.18889164182911,91.7020855716233,8.5418701171875,9.935046195983887,,,BLE
0e:ad:4b:5a:52:bf,,Misc,2026-09-26 13:01:17,,,-104,26.188854118036424,91.70210434886366,5.9217529296875,10.050260543823242,,6,BLE
05:bb:4b:9c:0f:0f,,Misc,2026-09-26 13:01:17,,,-97,26.188854118036424,91.70210434886366,5.9217529296875,10.050260543823242,,6,BLE
c8:78:7d:6e:30:dd,MN,[WPA2-PSK-CCMP][RSN-PSK-CCMP][ESS],2026-09-26 13:01:17,1,2412,-88,26.188854118036424,91.70210434886366,5.9217529296875,10.050260543823242,,,WIFI
3c:78:95:cc:28:7e,"barak_library ",[WPA2-PSK-CCMP][RSN-PSK-CCMP][ESS][WPS],2026-09-26 13:01:17,4,2427,-77,26.188854118036424,91.70210434886366,5.9217529296875,10.050260543823242,,,WIFI
dc:ea:e7:33:93:d2,DIR-615-93D1,[WPA2-PSK-CCMP][RSN-PSK-CCMP][ESS][WPS],2026-09-26 13:01:17,1,2412,-76,26.188854118036424,91.70210434886366,5.9217529296875,10.050260543823242,,,WIFI
c2:07:1d:66:bf:5a,IITG_CONNECT,[WPA2-EAP/SHA1+FT/EAP-CCMP][RSN-EAP/SHA1+FT/EAP-CCMP][ESS],2026-09-26 13:01:17,11,2462,-87,26.188854118036424,91.70210434886366,5.9217529296875,10.050260543823242,,,WIFI
38:8c:02:fc:09:f7,,Misc,2026-09-26 13:01:22,,,-90,26.188854491127266,91.70210100957368,5.108978271484375,10.037248611450195,,,BLE
5b:b2:f7:c8:79:35,,Uncategorized;10,2026-09-26 13:01:27,,7936,-84,26.188827562934836,91.70210388945624,5.21905517578125,10.205574035644531,,,BLE
d7:6a:8c:c1:62:25,,Misc,2026-09-26 13:01:27,,,-101,26.188827562934836,91.70210388945624,5.21905517578125,10.205574035644531,,76,BLE
37:54:04:1d:b6:0d,,Misc,2026-09-26 13:01:27,,,-104,26.188827562934836,91.70210388945624,5.21905517578125,10.205574035644531,,6,BLE
72:06:34:8d:a1:7c,,Misc,2026-09-26 13:01:27,,7936,-95,26.188827562934836,91.70210388945624,5.21905517578125,10.205574035644531,,76,BLE
63:8c:df:a4:de:c6,,Uncategorized;10,2026-09-26 13:01:28,,7936,-100,26.188817594991278,91.70210348682603,6.257049560546875,10.340056419372559,,,BLE
4a:59:de:3a:74:eb,,Uncategorized,2026-09-26 13:01:29,,7936,-91,26.188801039770926,91.70210297597932,6.409576416015625,10.452925682067871,,,BLE
04:d5:90:66:c0:20,eduroam,[WPA2-EAP/SHA1-CCMP][RSN-EAP/SHA1-CCMP][ESS],2026-09-26 13:01:30,6,2437,-44,26.188787172465712,91.702103074983,6.252166748046875,10.705329895019531,,,WIFI
0d:19:66:88:71:26,,Uncategorized;10,2026-09-26 13:01:31,,7936,-98,26.188773884625533,91.70210380226172,6.175262451171875,11.046891212463379,,,BLE
37:54:04:1d:b6:0d,,Misc,2026-09-26 13:01:32,,,-86,26.188759928076713,91.70210584127962,5.9415283203125,11.343416213989258,,6,BLE
d2:a1:f7:61:0b:38,,Misc,2026-09-26 13:01:32,,,-80,26.188759928076713,91.70210584127962,5.9415283203125,11.343416213989258,,76,BLE
63:8c:df:a4:de:c6,,Uncategorized;10,2026-09-26 13:01:32,,7936,-101,26.188759928076713,91.70210584127962,5.9415283203125,11.343416213989258,,117,BLE
72:06:34:8d:a1:7c,,Misc,2026-09-26 13:01:37,,7936,-78,26.188717710930298,91.70212269801844,6.780029296875,11.384519577026367,,76,BLE
7e:b8:ee:bf:4d:ad,,Uncategorized;10,2026-09-26 13:01:47,,7936,-100,26.188597097712037,91.70221411909277,-0.759552001953125,10.249614715576172,,,BLE
ea:f2:2b:62:e2:bc,,Misc,2026-09-26 13:01:47,,,-99,26.188597097712037,91.70221411909277,-0.759552001953125,10.249614715576172,,76,BLE
7e:b8:ee:bf:4d:ad,,Uncategorized;10,2026-09-26 13:01:47,,7936,-100,26.188597097712037,91.70221411909277,-0.759552001953125,10.249614715576172,,76,BLE
47:ec:94:70:f4:b6,,Misc,2026-09-26 13:01:47,,,-103,26.188597097712037,91.70221411909277,-0.759552001953125,10.249614715576172,,76,BLE
c6:07:1d:66:bf:49,IITG_CONNECT,[WPA2-EAP/SHA1-CCMP][RSN-EAP/SHA1-CCMP][ESS],2026-09-26 13:01:48,149,5745,-80,26.188583836590077,91.70222620316501,-1.2935791015625,10.288298606872559,,,WIFI
c2:07:1d:66:c8:86,,[ESS],2026-09-26 13:01:48,1,2412,-86,26.188583836590077,91.70222620316501,-1.2935791015625,10.288298606872559,,,WIFI
a4:17:52:08:86:fc,HF-R1100T-4G,[WPA2-PSK-CCMP][RSN-PSK-CCMP][WPA-PSK-CCMP][ESS][WPS],2026-09-26 13:01:48,6,2437,-88,26.188583836590077,91.70222620316501,-1.2935791015625,10.288298606872559,,,WIFI
c2:07:1d:66:c2:85,,[ESS],2026-09-26 13:01:48,161,5805,-89,26.188583836590077,91.70222620316501,-1.2935791015625,10.288298606872559,,,WIFI
c8:78:7d:e7:e8:a5,DIR-825-5G-E8A4,[WPA2-PSK-CCMP][RSN-PSK-CCMP][ESS][WPS],2026-09-26 13:01:48,48,5240,-79,26.188583836590077,91.70222620316501,-1.2935791015625,10.288298606872559,,,WIFI
78:64:dd:d5:5b:2f,,Uncategorized;10,2026-09-26 13:01:49,,7936,-100,26.188568516534833,91.70223532952198,-0.669830322265625,10.293346405029297,,,BLE
78:64:dd:d5:5b:2f,,Uncategorized;10,2026-09-26 13:01:52,,7936,-100,26.188541778395905,91.70224795745838,-0.232147216796875,10.37301254272461,,76,BLE
66:d4:ed:62:0d:b3,,Misc,2026-09-26 13:01:52,,,-103,26.188541778395905,91.70224795745838,-0.232147216796875,10.37301254272461,,76,BLE
7e:b8:ee:bf:4d:ad,,Uncategorized;10,2026-09-26 13:01:52,,7936,-94,26.188541778395905,91.70224795745838,-0.232147216796875,10.37301254272461,,76,BLE
1d:21:56:9f:6b:bf,,Misc,2026-09-26 13:01:57,,,-102,26.188495232155322,91.7022395744886,-0.798614501953125,10.307612419128418,,6,BLE
05:0c:67:a8:28:b1,,Misc,2026-09-26 13:01:57,,,-104,26.188495232155322,91.7022395744886,-0.798614501953125,10.307612419128418,,,BLE
7e:1e:1e:d1:63:41,,Misc,2026-09-26 13:02:01,,7936,-90,26.18848584526011,91.70220756669025,-2.069549560546875,10.27554988861084,,,BLE
10:40:27:61:b1:6f,,Uncategorized;10,2026-09-26 13:02:01,,7936,-102,26.18848584526011,91.70220756669025,-2.069549560546875,10.27554988861084,,,BLE
7e:b9:a0:bc:a0:b0,,Misc,2026-09-26 13:02:02,,,-103,26.188483918554592,91.70220087222539,-1.4666748046875,10.278094291687012,,76,BLE
40:e7:3c:a8:43:c5,,Misc,2026-09-26 13:02:02,,,-103,26.188483918554592,91.70220087222539,-1.4666748046875,10.278094291687012,,76,BLE
0a:27:9e:9c:52:de,,Misc,2026-09-26 13:02:02,,,-103,26.188483918554592,91.70220087222539,-1.4666748046875,10.278094291687012,,,BLE
6d:62:be:05:41:d0,,Uncategorized;10,2026-09-26 13:02:06,,7936,-104,26.188473284582987,91.70216492042819,1.100006103515625,10.183760643005371,,,BLE
4c:64:50:4a:f3:ae,,Misc,2026-09-26 13:02:07,,,-104,26.188472107572895,91.70215263001884,1.566436767578125,10.093559265136719,,76,BLE
6d:62:be:05:41:d0,,Uncategorized;10,2026-09-26 13:02:07,,7936,-94,26.188472107572895,91.70215263001884,1.566436767578125,10.093559265136719,,,BLE
6c:c1:d5:41:fe:47,OnePlus Nord Buds 3r,Uncategorized,2026-09-26 13:02:07,,7936,-104,26.188472107572895,91.70215263001884,1.566436767578125,10.093559265136719,,,BLE
4c:2a:b8:92:ad:c0,,Uncategorized;10,2026-09-26 13:02:07,,7936,-128,26.188472107572895,91.70215263001884,1.566436767578125,10.093559265136719,,,BLE
53:98:45:01:3c:f2,Halo 2_CF2,Watch;10,2026-09-26 13:02:08,,1796,-93,26.188472552515393,91.70213787789683,0.28448486328125,10.057766914367676,,,BLE
c2:07:1d:66:ca:2f,,[ESS],2026-09-26 13:02:08,149,5745,-86,26.188472552515393,91.70213787789683,0.28448486328125,10.057766914367676,,,WIFI
4e:85:db:43:64:4d,Hrimaan's S25,[WPA2-PSK-CCMP][RSN-PSK-CCMP][ESS],2026-09-26 13:02:08,1,2412,-75,26.188472552515393,91.70213787789683,0.28448486328125,10.057766914367676,,,WIFI
40:05:a1:10:ae:c5,,Uncategorized;10,2026-09-26 13:02:11,,7936,-105,26.1884911956781,91.70210998639794,-1.36785888671875,10.046975135803223,,,BLE
4c:2a:b8:92:ad:c0,,Uncategorized;10,2026-09-26 13:02:12,,7936,-128,26.18850137792457,91.7021020344784,0.202362060546875,10.057917594909668,,76,BLE
44:a6:01:46:21:da,,Misc,2026-09-26 13:02:12,,,-104,26.18850137792457,91.7021020344784,0.202362060546875,10.057917594909668,,76,BLE
78:84:55:7e:d2:3e,FLIPP_LEGION,Misc,2026-09-26 13:02:12,,7936,-103,26.18850137792457,91.7021020344784,0.202362060546875,10.057917594909668,,,BLE
40:e7:3c:a8:43:c5,,Misc,2026-09-26 13:02:12,,,-96,26.18850137792457,91.7021020344784,0.202362060546875,10.057917594909668,,76,BLE
2b:65:3a:9e:45:f4,,Misc,2026-09-26 13:02:12,,7936,-102,26.18850137792457,91.7021020344784,0.202362060546875,10.057917594909668,,,BLE
10:6c:a2:2f:66:af,,Misc,2026-09-26 13:02:12,,,-99,26.18850137792457,91.7021020344784,0.202362060546875,10.057917594909668,,6,BLE
40:05:a1:10:ae:c5,,Uncategorized;10,2026-09-26 13:02:12,,7936,-105,26.18850137792457,91.7021020344784,0.202362060546875,10.057917594909668,,76,BLE
4a:cb:40:46:b5:a9,,Misc,2026-09-26 13:02:12,,,-106,26.18850137792457,91.7021020344784,0.202362060546875,10.057917594909668,,76,BLE
4c:64:50:4a:f3:ae,,Misc,2026-09-26 13:02:12,,,-96,26.18850137792457,91.7021020344784,0.202362060546875,10.057917594909668,,76,BLE
4c:2a:b8:92:ad:c0,,Uncategorized;10,2026-09-26 13:02:14,,7936,-101,26.188525099384183,91.70208617685327,0.184051513671875,10.069073677062988,,76,BLE
35:a5:7e:c5:ab:0d,,Uncategorized;10,2026-09-26 13:02:15,,7936,-101,26.188524971313015,91.70208268247224,2.58782958984375,10.229217529296875,,,BLE
79:80:3d:e9:21:3e,,Uncategorized;10,2026-09-26 13:02:15,,7936,-103,26.188524971313015,91.70208268247224,2.58782958984375,10.229217529296875,,,BLE
79:80:3d:e9:21:3e,,Uncategorized;10,2026-09-26 13:02:17,,7936,-103,26.18853459796297,91.7020672812017,3.7740478515625,10.108094215393066,,76,BLE
05:9c:aa:0e:e9:e6,,Misc,2026-09-26 13:02:17,,,-106,26.18853459796297,91.7020672812017,3.7740478515625,10.108094215393066,,6,BLE
1d:21:56:9f:6b:bf,,Misc,2026-09-26 13:02:17,,,-91,26.18853459796297,91.7020672812017,3.7740478515625,10.108094215393066,,6,BLE
64:c3:9a:88:ed:9a,,Misc,2026-09-26 13:02:17,,,-106,26.18853459796297,91.7020672812017,3.7740478515625,10.108094215393066,,76,BLE
61:c8:50:e5:d2:6f,,Misc,2026-09-26 13:02:17,,7936,-97,26.18853459796297,91.7020672812017,3.7740478515625,10.108094215393066,,76,BLE
58:fc:12:fe:05:45,,Misc,2026-09-26 13:02:17,,7936,-106,26.18853459796297,91.7020672812017,3.7740478515625,10.108094215393066,,76,BLE
4a:e9:87:b1:50:87,,Misc,2026-09-26 13:02:17,,7936,-98,26.18853459796297,91.7020672812017,3.7740478515625,10.108094215393066,,76,BLE
e6:d9:d6:69:d5:5b,,Misc,2026-09-26 13:02:17,,,-103,26.18853459796297,91.7020672812017,3.7740478515625,10.108094215393066,,76,BLE
53:6a:43:e4:bf:20,,Misc,2026-09-26 13:02:17,,,-98,26.18853459796297,91.7020672812017,3.7740478515625,10.108094215393066,,76,BLE
c2:07:1d:66:c5:24,,[ESS],2026-09-26 13:02:18,11,2462,-50,26.188535922577174,91.70205744798008,4.90679931640625,10.262316703796387,,,WIFI
c2:07:1d:66:ca:2f,,[ESS],2026-09-26 13:02:18,149,5745,-79,26.188535922577174,91.70205744798008,4.90679931640625,10.262316703796387,,,WIFI
52:b0:94:ec:31:be,,Uncategorized;10,2026-09-26 13:02:19,,7936,-98,26.188536580218635,91.70204657754128,5.8074951171875,10.605969429016113,,,BLE
40:05:a1:10:ae:c5,,Uncategorized;10,2026-09-26 13:02:19,,7936,-100,26.188536580218635,91.70204657754128,5.8074951171875,10.605969429016113,,76,BLE
2b:65:3a:9e:45:f4,,Misc,2026-09-26 13:02:19,,7936,-89,26.188536580218635,91.70204657754128,5.8074951171875,10.605969429016113,,,BLE
06:26:b3:7c:0c:dc,,Misc,2026-09-26 13:02:22,,,-103,26.188526621622064,91.70200621055645,5.390380859375,10.5161714553833,,6,BLE
02:15:bc:99:dc:25,,Misc,2026-09-26 13:02:22,,,-105,26.188526621622064,91.70200621055645,5.390380859375,10.5161714553833,,6,BLE
1d:0a:aa:7d:18:52,,Misc,2026-09-26 13:02:22,,,-103,26.188526621622064,91.70200621055645,5.390380859375,10.5161714553833,,6,BLE
ca:21:64:9d:69:6b,,Misc,2026-09-26 13:02:22,,,-100,26.188526621622064,91.70200621055645,5.390380859375,10.5161714553833,,76,BLE
7c:8e:dd:e6:d4:31,,Uncategorized;10,2026-09-26 13:02:22,,7936,-99,26.188526621622064,91.70200621055645,5.390380859375,10.5161714553833,,,BLE
35:a5:7e:c5:ab:0d,,Uncategorized;10,2026-09-26 13:02:25,,7936,-95,26.18851996833279,91.70198859879787,6.5369873046875,10.380121231079102,,,BLE
5d:a7:62:32:5c:67,,Uncategorized;10,2026-09-26 13:02:25,,7936,-97,26.18851996833279,91.70198859879787,6.5369873046875,10.380121231079102,,,BLE
5d:a7:62:32:5c:67,,Uncategorized;10,2026-09-26 13:02:27,,7936,-97,26.18850722875015,91.70199197387915,6.543212890625,10.39376163482666,,76,BLE
32:3d:0a:e8:3a:c2,,Misc,2026-09-26 13:02:27,,,-106,26.18850722875015,91.70199197387915,6.543212890625,10.39376163482666,,6,BLE
6c:0f:db:24:ea:8c,,Misc,2026-09-26 13:02:27,,,-101,26.18850722875015,91.70199197387915,6.543212890625,10.39376163482666,,76,BLE
ca:8c:7e:82:c4:bf,,Misc,2026-09-26 13:02:27,,,-92,26.18850722875015,91.70199197387915,6.543212890625,10.39376163482666,,76,BLE
7c:8e:dd:e6:d4:31,,Uncategorized;10,2026-09-26 13:02:27,,7936,-99,26.18850722875015,91.70199197387915,6.543212890625,10.39376163482666,,76,BLE
44:a6:01:46:21:da,,Misc,2026-09-26 13:02:27,,,-97,26.18850722875015,91.70199197387915,6.543212890625,10.39376163482666,,76,BLE
f6:d1:36:34:14:11,,Misc,2026-09-26 13:02:27,,,-95,26.18850722875015,91.70199197387915,6.543212890625,10.39376163482666,,76,BLE
e2:a4:44:27:4d:94,,Misc,2026-09-26 13:02:27,,,-105,26.18850722875015,91.70199197387915,6.543212890625,10.39376163482666,,76,BLE
c2:07:1d:66:ca:2f,,[ESS],2026-09-26 13:02:28,149,5745,-71,26.18850203231791,91.70199419508634,6.5428466796875,10.317536354064941,,,WIFI
22:e1:5d:3d:ea:aa,guest wifi,[WPA-PSK-CCMP][WPA2-PSK-CCMP][RSN-PSK-CCMP][ESS],2026-09-26 13:02:28,3,2422,-67,26.18850203231791,91.70199419508634,6.5428466796875,10.317536354064941,,,WIFI
6c:c1:d5:41:fe:47,OnePlus Nord Buds 3r,Uncategorized,2026-09-26 13:02:32,,7936,-96,26.188491327508874,91.7020000381885,6.544921875,9.935046195983887,,,BLE
14:a3:3b:c0:19:98,,Misc,2026-09-26 13:02:32,,,-99,26.188491327508874,91.7020000381885,6.544921875,9.935046195983887,,,BLE
06:26:b3:7c:0c:dc,,Misc,2026-09-26 13:02:32,,,-95,26.188491327508874,91.7020000381885,6.544921875,9.935046195983887,,6,BLE
58:fc:12:fe:05:45,,Misc,2026-09-26 13:02:32,,7936,-100,26.188491327508874,91.7020000381885,6.544921875,9.935046195983887,,76,BLE
02:15:bc:99:dc:25,,Misc,2026-09-26 13:02:37,,,-100,26.188489078860794,91.70200147743286,6.54998779296875,9.935046195983887,,6,BLE
6e:81:fd:05:4e:75,,Misc,2026-09-26 13:02:37,,,-101,26.188489078860794,91.70200147743286,6.54998779296875,9.935046195983887,,76,BLE
c5:7d:43:34:f1:57,,Misc,2026-09-26 13:02:37,,,-105,26.188489078860794,91.70200147743286,6.54998779296875,9.935046195983887,,76,BLE
25:3d:a7:1a:66:fb,,Misc,2026-09-26 13:02:37,,,-100,26.188489078860794,91.70200147743286,6.54998779296875,9.935046195983887,,6,BLE
4e:85:db:43:64:4d,Hrimaan's S25,[WPA2-PSK-CCMP][RSN-PSK-CCMP][ESS],2026-09-26 13:02:39,1,2412,-68,26.188488946971418,91.70200151910402,6.556793212890625,9.935046195983887,,,WIFI
04:16:94:0c:35:22,,Uncategorized;10,2026-09-26 13:02:41,,7936,-102,26.1884885575698,91.70200049620067,6.71502685546875,9.935046195983887,,,BLE
6c:c1:d5:41:fe:47,OnePlus Nord Buds 3r,Uncategorized,2026-09-26 13:02:42,,7936,-91,26.18848751258815,91.70199666177794,6.96710205078125,9.935046195983887,,,BLE
c2:23:6f:f2:ea:ea,,Misc,2026-09-26 13:02:42,,,-102,26.18848751258815,91.70199666177794,6.96710205078125,9.935046195983887,,76,BLE
74:77:d3:0c:38:6a,,Misc,2026-09-26 13:02:42,,,-101,26.18848751258815,91.70199666177794,6.96710205078125,9.935046195983887,,,BLE
0a:27:9e:9c:52:de,,Misc,2026-09-26 13:02:42,,,-83,26.18848751258815,91.70199666177794,6.96710205078125,9.935046195983887,,,BLE
40:01:bc:df:4b:90,,Misc,2026-09-26 13:02:42,,,-101,26.18848751258815,91.70199666177794,6.96710205078125,9.935046195983887,,,BLE
4a:47:26:67:aa:75,,Misc,2026-09-26 13:02:42,,,-102,26.18848751258815,91.70199666177794,6.96710205078125,9.935046195983887,,76,BLE
4a:cb:40:46:b5:a9,,Misc,2026-09-26 13:02:42,,,-96,26.18848751258815,91.70199666177794,6.96710205078125,9.935046195983887,,76,BLE
57:6c:92:8d:d6:1a,,Misc,2026-09-26 13:02:42,,,-105,26.18848751258815,91.70199666177794,6.96710205078125,9.935046195983887,,76,BLE
61:c8:50:e5:d2:6f,,Misc,2026-09-26 13:02:42,,7936,-89,26.18848751258815,91.70199666177794,6.96710205078125,9.935046195983887,,76,BLE
57:55:26:14:28:24,OPPO Enco Buds3 Pro+,Misc,2026-09-26 13:02:42,,,-100,26.18848751258815,91.70199666177794,6.96710205078125,9.935046195983887,,,BLE
5d:a7:62:32:5c:67,,Uncategorized;10,2026-09-26 13:02:43,,7936,-88,26.18848622537336,91.70199111413422,7.17474365234375,9.935046195983887,,76,BLE
45:d3:17:5f:e5:df,,Uncategorized;10,2026-09-26 13:02:43,,7936,-103,26.18848622537336,91.70199111413422,7.17474365234375,9.935046195983887,,,BLE
79:80:3d:e9:21:3e,,Uncategorized;10,2026-09-26 13:02:43,,7936,-89,26.18848622537336,91.70199111413422,7.17474365234375,9.935046195983887,,76,BLE
4a:e9:87:b1:50:87,,Misc,2026-09-26 13:02:44,,7936,-81,26.188485482255597,91.70198312035998,7.200439453125,9.935046195983887,,76,BLE
61:c8:50:e5:d2:6f,,Misc,2026-09-26 13:02:45,,7936,-80,26.18848497698648,91.70197719080439,6.986053466796875,9.935046195983887,,76,BLE
58:fc:12:fe:05:45,,Misc,2026-09-26 13:02:45,,7936,-93,26.18848497698648,91.70197719080439,6.986053466796875,9.935046195983887,,76,BLE
79:80:3d:e9:21:3e,,Uncategorized;10,2026-09-26 13:02:46,,7936,-79,26.188484511292494,91.70197335143199,6.974578857421875,9.935046195983887,,76,BLE
d4:d7:cf:c8:f0:1c,realme 8i,Smartphone;10,2026-09-26 13:02:46,,524,0,26.188484511292494,91.70197335143199,6.974578857421875,9.935046195983887,,,BT
32:3d:0a:e8:3a:c2,,Misc,2026-09-26 13:02:47,,,-94,26.18848429958897,91.70197120460455,7.7379150390625,9.935046195983887,,6,BLE
19:59:de:b5:19:9e,,Misc,2026-09-26 13:02:47,,,-98,26.18848429958897,91.70197120460455,7.7379150390625,9.935046195983887,,6,BLE
f6:d1:36:34:14:11,,Misc,2026-09-26 13:02:47,,,-88,26.18848429958897,91.70197120460455,7.7379150390625,9.935046195983887,,76,BLE
1d:0a:aa:7d:18:52,,Misc,2026-09-26 13:02:47,,,-98,26.18848429958897,91.70197120460455,7.7379150390625,9.935046195983887,,6,BLE
2f:64:46:8f:01:b4,,Misc,2026-09-26 13:02:47,,,-99,26.18848429958897,91.70197120460455,7.7379150390625,9.935046195983887,,6,BLE
07:f9:a8:bd:fc:82,,Misc,2026-09-26 13:02:47,,,-106,26.18848429958897,91.70197120460455,7.7379150390625,9.935046195983887,,6,BLE
43:da:1d:e7:d6:c8,,Misc,2026-09-26 13:02:47,,,-93,26.18848429958897,91.70197120460455,7.7379150390625,9.935046195983887,,76,BLE
45:d3:17:5f:e5:df,,Uncategorized;10,2026-09-26 13:02:47,,7936,-103,26.18848429958897,91.70197120460455,7.7379150390625,9.935046195983887,,76,BLE
25:e7:50:4b:6a:9b,,Uncategorized;10,2026-09-26 13:02:47,,7936,-102,26.18848429958897,91.70197120460455,7.7379150390625,9.935046195983887,,,BLE
64:ba:d6:db:ef:af,,Uncategorized;10,2026-09-26 13:02:51,,7936,-106,26.188476336616226,91.70196707272035,8.01556396484375,10.551209449768066,,,BLE
53:96:86:e7:02:b6,,Misc,2026-09-26 13:02:52,,7936,-102,26.18847441807749,91.70196620490177,8.020599365234375,10.447690963745117,,76,BLE
64:ba:d6:db:ef:af,,Uncategorized;10,2026-09-26 13:02:52,,7936,-106,26.18847441807749,91.70196620490177,8.020599365234375,10.447690963745117,,76,BLE
49:7f:49:bd:b2:3a,,Misc,2026-09-26 13:02:52,,,-97,26.18847441807749,91.70196620490177,8.020599365234375,10.447690963745117,,,BLE
6c:30:71:24:6e:bb,,Uncategorized;10,2026-09-26 13:02:53,,7936,-92,26.18847291651547,91.7019655556382,8.023681640625,10.196782112121582,,,BLE
72:39:e2:fe:e9:a6,,Uncategorized;10,2026-09-26 13:02:56,,7936,-100,26.188470548626746,91.70196532095068,7.914581298828125,10.22402286529541,,,BLE
67:d6:51:92:2a:50,,Misc,2026-09-26 13:02:57,,,-103,26.188470045479455,91.70196540538632,7.917144775390625,10.277684211730957,,76,BLE
63:99:60:51:9b:ea,,Misc,2026-09-26 13:02:57,,,-106,26.188470045479455,91.70196540538632,7.917144775390625,10.277684211730957,,76,BLE
25:e7:50:4b:6a:9b,,Uncategorized;10,2026-09-26 13:02:57,,7936,-97,26.188470045479455,91.70196540538632,7.917144775390625,10.277684211730957,,,BLE
64:ba:d6:db:ef:af,,Uncategorized;10,2026-09-26 13:02:57,,7936,-101,26.188470045479455,91.70196540538632,7.917144775390625,10.277684211730957,,76,BLE
6c:30:71:24:6e:bb,,Uncategorized;10,2026-09-26 13:02:57,,7936,-92,26.188470045479455,91.70196540538632,7.917144775390625,10.277684211730957,,76,BLE
72:39:e2:fe:e9:a6,,Uncategorized;10,2026-09-26 13:02:57,,7936,-99,26.188470045479455,91.70196540538632,7.917144775390625,10.277684211730957,,76,BLE
d7:71:01:b5:08:cd,,Misc,2026-09-26 13:02:57,,,-98,26.188470045479455,91.70196540538632,7.917144775390625,10.277684211730957,,76,BLE
48:06:08:40:62:4a,,Uncategorized;10,2026-09-26 13:03:00,,7936,-101,26.18846934879032,91.70196566194574,7.909759521484375,10.32882308959961,,,BLE
58:fc:12:fe:05:45,,Misc,2026-09-26 13:03:01,,7936,-87,26.188469271134476,91.70196570185267,7.905914306640625,10.31258487701416,,76,BLE
53:96:86:e7:02:b6,,Misc,2026-09-26 13:03:02,,7936,-97,26.18846923863882,91.70196572620674,7.9031982421875,10.456707954406738,,76,BLE
d4:1a:bb:f5:1a:17,,Misc,2026-09-26 13:03:02,,,-102,26.18846923863882,91.70196572620674,7.9031982421875,10.456707954406738,,76,BLE
34:6a:27:68:73:6e,,Misc,2026-09-26 13:03:02,,,-100,26.18846923863882,91.70196572620674,7.9031982421875,10.456707954406738,,,BLE
78:84:55:7e:d2:3e,FLIPP_LEGION,Misc,2026-09-26 13:03:02,,7936,-97,26.18846923863882,91.70196572620674,7.9031982421875,10.456707954406738,,,BLE
07:f9:a8:bd:fc:82,,Misc,2026-09-26 13:03:02,,,-96,26.18846923863882,91.70196572620674,7.9031982421875,10.456707954406738,,6,BLE
6a:d5:94:7d:7c:27,,Uncategorized;10,2026-09-26 13:03:05,,7936,-101,26.18846915775604,91.70196573810786,7.904541015625,10.478020668029785,,,BLE
47:ec:94:70:f4:b6,,Misc,2026-09-26 13:03:07,,,-97,26.18846908569834,91.70196571995764,7.91729736328125,10.622701644897461,,76,BLE
2d:b8:2f:75:17:a9,,Misc,2026-09-26 13:03:07,,,-105,26.18846908569834,91.70196571995764,7.91729736328125,10.622701644897461,,6,BLE
6a:d5:94:7d:7c:27,,Uncategorized;10,2026-09-26 13:03:07,,7936,-101,26.18846908569834,91.70196571995764,7.91729736328125,10.622701644897461,,76,BLE
62:b1:d9:38:73:f1,OnePlus Nord Buds 3r,Misc,2026-09-26 13:03:07,,,-103,26.18846908569834,91.70196571995764,7.91729736328125,10.622701644897461,,,BLE
52:b0:94:ec:31:be,,Uncategorized;10,2026-09-26 13:03:10,,7936,-91,26.1884690166362,91.70196570480647,7.925140380859375,10.632095336914062,,,BLE
c2:07:1d:66:c5:25,,[ESS],2026-09-26 13:03:11,157,5785,-47,26.188468913130013,91.70196532308606,8.010772705078125,10.506875991821289,,,WIFI
64:29:43:99:7d:02,A-231,[WPA2-PSK-CCMP][RSN-PSK-CCMP][ESS],2026-09-26 13:03:11,8,2447,-68,26.188468913130013,91.70196532308606,8.010772705078125,10.506875991821289,,,WIFI
49:5b:00:c9:98:1b,,Misc,2026-09-26 13:03:12,,,-96,26.188468675252352,91.70196470958535,8.009063720703125,10.454208374023438,,,BLE
06:26:b3:7c:0c:dc,,Misc,2026-09-26 13:03:12,,,-88,26.188468675252352,91.70196470958535,8.009063720703125,10.454208374023438,,6,BLE
f7:10:2f:69:b3:08,,Misc,2026-09-26 13:03:12,,,-102,26.188468675252352,91.70196470958535,8.009063720703125,10.454208374023438,,76,BLE
63:e7:f7:fb:c9:8f,realme Buds Air7,Misc,2026-09-26 13:03:12,,,-102,26.188468675252352,91.70196470958535,8.009063720703125,10.454208374023438,,,BLE
04:34:f6:2c:fd:45,Lenovo Tab M10 HD,Smartphone;10,2026-09-26 13:03:13,,524,0,26.188468399836136,91.70196411786478,8.022735595703125,10.403799057006836,,,BT
62:29:50:3c:48:07,,Misc,2026-09-26 13:03:17,,,-105,26.188467235448396,91.70196302333697,8.168243408203125,10.419968605041504,,1946,BLE
e1:54:16:87:cb:a6,,Misc,2026-09-26 13:03:17,,,-97,26.188467235448396,91.70196302333697,8.168243408203125,10.419968605041504,,76,BLE
e6:d9:d6:69:d5:5b,,Misc,2026-09-26 13:03:22,,,-88,26.188463555856064,91.70196104475099,8.116424560546875,10.583090782165527,,76,BLE
